ISO-10303-21;
HEADER;
FILE_DESCRIPTION(('FreeCAD Model'),'2;1');
FILE_NAME('Open CASCADE Shape Model','2025-07-22T21:22:38',(''),(''),
  'Open CASCADE STEP processor 7.9','FreeCAD','Unknown');
FILE_SCHEMA(('AUTOMOTIVE_DESIGN { 1 0 10303 214 1 1 1 1 }'));
ENDSEC;
DATA;
#1 = APPLICATION_PROTOCOL_DEFINITION('international standard',
  'automotive_design',2000,#2);
#2 = APPLICATION_CONTEXT(
  'core data for automotive mechanical design processes');
#3 = SHAPE_DEFINITION_REPRESENTATION(#4,#10);
#4 = PRODUCT_DEFINITION_SHAPE('','',#5);
#5 = PRODUCT_DEFINITION('design','',#6,#9);
#6 = PRODUCT_DEFINITION_FORMATION('','',#7);
#7 = PRODUCT('Idler Support','Idler Support','',(#8));
#8 = PRODUCT_CONTEXT('',#2,'mechanical');
#9 = PRODUCT_DEFINITION_CONTEXT('part definition',#2,'design');
#10 = ADVANCED_BREP_SHAPE_REPRESENTATION('',(#11,#15),#4088);
#11 = AXIS2_PLACEMENT_3D('',#12,#13,#14);
#12 = CARTESIAN_POINT('',(0.,0.,0.));
#13 = DIRECTION('',(0.,0.,1.));
#14 = DIRECTION('',(1.,0.,-0.));
#15 = MANIFOLD_SOLID_BREP('',#16);
#16 = CLOSED_SHELL('',(#17,#50,#75,#373,#506,#593,#617,#641,#894,#951,
    #975,#992,#1016,#1033,#1057,#1310,#1334,#1358,#1382,#1406,#1423,
    #1440,#1509,#1533,#1557,#1574,#1605,#1662,#1719,#1736,#1767,#1824,
    #1881,#1898,#1923,#1954,#1978,#2002,#2019,#2050,#2072,#2094,#2116,
    #2147,#2171,#2195,#2212,#2221,#2238,#2255,#2272,#2289,#2306,#2318,
    #2329,#2403,#2427,#2456,#2468,#2480,#2504,#2571,#2588,#2616,#2628,
    #2702,#2726,#2743,#2805,#2827,#2896,#2965,#2982,#3004,#3021,#3038,
    #3091,#3144,#3156,#3167,#3196,#3220,#3237,#3249,#3261,#3278,#3295,
    #3307,#3329,#3346,#3363,#3375,#3392,#3409,#3426,#3443,#3455,#3472,
    #3489,#3506,#3523,#3535,#3557,#3574,#3591,#3603,#3614,#3625,#3678,
    #3700,#3717,#3734,#3746,#3763,#3785,#3802,#3819,#3831,#3847,#3869,
    #3886,#3903,#3915,#3924,#3946,#3963,#3980,#3992,#4014,#4031,#4048,
    #4060,#4076));
#17 = ADVANCED_FACE('',(#18),#45,.F.);
#18 = FACE_BOUND('',#19,.F.);
#19 = EDGE_LOOP('',(#20,#30,#37,#38));
#20 = ORIENTED_EDGE('',*,*,#21,.F.);
#21 = EDGE_CURVE('',#22,#24,#26,.T.);
#22 = VERTEX_POINT('',#23);
#23 = CARTESIAN_POINT('',(2.5,-1.4E-14,-44.));
#24 = VERTEX_POINT('',#25);
#25 = CARTESIAN_POINT('',(2.5,-19.,-44.));
#26 = LINE('',#27,#28);
#27 = CARTESIAN_POINT('',(2.5,112.05,-44.));
#28 = VECTOR('',#29,1.);
#29 = DIRECTION('',(0.,-1.,0.));
#30 = ORIENTED_EDGE('',*,*,#31,.F.);
#31 = EDGE_CURVE('',#22,#22,#32,.T.);
#32 = CIRCLE('',#33,2.5);
#33 = AXIS2_PLACEMENT_3D('',#34,#35,#36);
#34 = CARTESIAN_POINT('',(3.76E-15,-1.421E-14,-44.));
#35 = DIRECTION('',(-0.,1.,0.));
#36 = DIRECTION('',(1.,0.,0.));
#37 = ORIENTED_EDGE('',*,*,#21,.T.);
#38 = ORIENTED_EDGE('',*,*,#39,.T.);
#39 = EDGE_CURVE('',#24,#24,#40,.T.);
#40 = CIRCLE('',#41,2.5);
#41 = AXIS2_PLACEMENT_3D('',#42,#43,#44);
#42 = CARTESIAN_POINT('',(3.76E-15,-19.,-44.));
#43 = DIRECTION('',(0.,1.,-2.2E-16));
#44 = DIRECTION('',(1.,0.,0.));
#45 = CYLINDRICAL_SURFACE('',#46,2.5);
#46 = AXIS2_PLACEMENT_3D('',#47,#48,#49);
#47 = CARTESIAN_POINT('',(3.76E-15,112.05,-44.));
#48 = DIRECTION('',(0.,1.,0.));
#49 = DIRECTION('',(1.,0.,0.));
#50 = ADVANCED_FACE('',(#51),#70,.F.);
#51 = FACE_BOUND('',#52,.T.);
#52 = EDGE_LOOP('',(#53,#61,#62,#63));
#53 = ORIENTED_EDGE('',*,*,#54,.F.);
#54 = EDGE_CURVE('',#24,#55,#57,.T.);
#55 = VERTEX_POINT('',#56);
#56 = CARTESIAN_POINT('',(3.5,-20.,-44.));
#57 = LINE('',#58,#59);
#58 = CARTESIAN_POINT('',(2.5,-19.,-44.));
#59 = VECTOR('',#60,1.);
#60 = DIRECTION('',(0.707106781187,-0.707106781187,1.6E-16));
#61 = ORIENTED_EDGE('',*,*,#39,.T.);
#62 = ORIENTED_EDGE('',*,*,#54,.T.);
#63 = ORIENTED_EDGE('',*,*,#64,.F.);
#64 = EDGE_CURVE('',#55,#55,#65,.T.);
#65 = CIRCLE('',#66,3.5);
#66 = AXIS2_PLACEMENT_3D('',#67,#68,#69);
#67 = CARTESIAN_POINT('',(3.76E-15,-20.,-44.));
#68 = DIRECTION('',(0.,1.,-2.2E-16));
#69 = DIRECTION('',(1.,0.,0.));
#70 = CONICAL_SURFACE('',#71,2.5,0.785398163397);
#71 = AXIS2_PLACEMENT_3D('',#72,#73,#74);
#72 = CARTESIAN_POINT('',(3.76E-15,-19.,-44.));
#73 = DIRECTION('',(0.,-1.,2.2E-16));
#74 = DIRECTION('',(1.,0.,0.));
#75 = ADVANCED_FACE('',(#76,#286,#320,#323,#357),#368,.T.);
#76 = FACE_BOUND('',#77,.T.);
#77 = EDGE_LOOP('',(#78,#88,#96,#104,#112,#120,#128,#136,#144,#152,#160,
    #168,#176,#184,#192,#200,#208,#216,#224,#232,#240,#248,#256,#264,
    #272,#280));
#78 = ORIENTED_EDGE('',*,*,#79,.F.);
#79 = EDGE_CURVE('',#80,#82,#84,.T.);
#80 = VERTEX_POINT('',#81);
#81 = CARTESIAN_POINT('',(-9.,-2.4E-14,-54.));
#82 = VERTEX_POINT('',#83);
#83 = CARTESIAN_POINT('',(-3.1,-1.E-15,-54.));
#84 = LINE('',#85,#86);
#85 = CARTESIAN_POINT('',(-10.,0.,-54.));
#86 = VECTOR('',#87,1.);
#87 = DIRECTION('',(1.,0.,0.));
#88 = ORIENTED_EDGE('',*,*,#89,.T.);
#89 = EDGE_CURVE('',#80,#90,#92,.T.);
#90 = VERTEX_POINT('',#91);
#91 = CARTESIAN_POINT('',(-10.,-2.4E-14,-53.));
#92 = LINE('',#93,#94);
#93 = CARTESIAN_POINT('',(-18.875,-1.124E-14,-44.125));
#94 = VECTOR('',#95,1.);
#95 = DIRECTION('',(-0.707106781187,1.6E-16,0.707106781187));
#96 = ORIENTED_EDGE('',*,*,#97,.F.);
#97 = EDGE_CURVE('',#98,#90,#100,.T.);
#98 = VERTEX_POINT('',#99);
#99 = CARTESIAN_POINT('',(-10.,-1.E-15,-47.1));
#100 = LINE('',#101,#102);
#101 = CARTESIAN_POINT('',(-10.,0.,41.));
#102 = VECTOR('',#103,1.);
#103 = DIRECTION('',(0.,0.,-1.));
#104 = ORIENTED_EDGE('',*,*,#105,.F.);
#105 = EDGE_CURVE('',#106,#98,#108,.T.);
#106 = VERTEX_POINT('',#107);
#107 = CARTESIAN_POINT('',(-6.5,-1.E-15,-47.1));
#108 = LINE('',#109,#110);
#109 = CARTESIAN_POINT('',(-6.5,-1.E-15,-47.1));
#110 = VECTOR('',#111,1.);
#111 = DIRECTION('',(-1.,0.,-0.));
#112 = ORIENTED_EDGE('',*,*,#113,.F.);
#113 = EDGE_CURVE('',#114,#106,#116,.T.);
#114 = VERTEX_POINT('',#115);
#115 = CARTESIAN_POINT('',(-6.5,-1.E-15,-40.9));
#116 = LINE('',#117,#118);
#117 = CARTESIAN_POINT('',(-6.5,-1.E-15,-40.9));
#118 = VECTOR('',#119,1.);
#119 = DIRECTION('',(0.,0.,-1.));
#120 = ORIENTED_EDGE('',*,*,#121,.F.);
#121 = EDGE_CURVE('',#122,#114,#124,.T.);
#122 = VERTEX_POINT('',#123);
#123 = CARTESIAN_POINT('',(-10.,-1.E-15,-40.9));
#124 = LINE('',#125,#126);
#125 = CARTESIAN_POINT('',(-10.,-1.E-15,-40.9));
#126 = VECTOR('',#127,1.);
#127 = DIRECTION('',(1.,0.,0.));
#128 = ORIENTED_EDGE('',*,*,#129,.F.);
#129 = EDGE_CURVE('',#130,#122,#132,.T.);
#130 = VERTEX_POINT('',#131);
#131 = CARTESIAN_POINT('',(-10.,-1.E-15,-27.1));
#132 = LINE('',#133,#134);
#133 = CARTESIAN_POINT('',(-10.,0.,41.));
#134 = VECTOR('',#135,1.);
#135 = DIRECTION('',(0.,0.,-1.));
#136 = ORIENTED_EDGE('',*,*,#137,.F.);
#137 = EDGE_CURVE('',#138,#130,#140,.T.);
#138 = VERTEX_POINT('',#139);
#139 = CARTESIAN_POINT('',(-6.5,-1.E-15,-27.1));
#140 = LINE('',#141,#142);
#141 = CARTESIAN_POINT('',(-6.5,-1.E-15,-27.1));
#142 = VECTOR('',#143,1.);
#143 = DIRECTION('',(-1.,0.,-0.));
#144 = ORIENTED_EDGE('',*,*,#145,.F.);
#145 = EDGE_CURVE('',#146,#138,#148,.T.);
#146 = VERTEX_POINT('',#147);
#147 = CARTESIAN_POINT('',(-6.5,-1.E-15,-20.9));
#148 = LINE('',#149,#150);
#149 = CARTESIAN_POINT('',(-6.5,-1.E-15,-20.9));
#150 = VECTOR('',#151,1.);
#151 = DIRECTION('',(0.,0.,-1.));
#152 = ORIENTED_EDGE('',*,*,#153,.F.);
#153 = EDGE_CURVE('',#154,#146,#156,.T.);
#154 = VERTEX_POINT('',#155);
#155 = CARTESIAN_POINT('',(-10.,-1.E-15,-20.9));
#156 = LINE('',#157,#158);
#157 = CARTESIAN_POINT('',(-10.,-1.E-15,-20.9));
#158 = VECTOR('',#159,1.);
#159 = DIRECTION('',(1.,0.,0.));
#160 = ORIENTED_EDGE('',*,*,#161,.F.);
#161 = EDGE_CURVE('',#162,#154,#164,.T.);
#162 = VERTEX_POINT('',#163);
#163 = CARTESIAN_POINT('',(-10.,-1.E-15,-13.9));
#164 = LINE('',#165,#166);
#165 = CARTESIAN_POINT('',(-10.,0.,41.));
#166 = VECTOR('',#167,1.);
#167 = DIRECTION('',(0.,0.,-1.));
#168 = ORIENTED_EDGE('',*,*,#169,.F.);
#169 = EDGE_CURVE('',#170,#162,#172,.T.);
#170 = VERTEX_POINT('',#171);
#171 = CARTESIAN_POINT('',(10.,-1.E-15,-13.9));
#172 = LINE('',#173,#174);
#173 = CARTESIAN_POINT('',(10.,-1.E-15,-13.9));
#174 = VECTOR('',#175,1.);
#175 = DIRECTION('',(-1.,0.,-0.));
#176 = ORIENTED_EDGE('',*,*,#177,.F.);
#177 = EDGE_CURVE('',#178,#170,#180,.T.);
#178 = VERTEX_POINT('',#179);
#179 = CARTESIAN_POINT('',(10.,-1.E-15,-20.9));
#180 = LINE('',#181,#182);
#181 = CARTESIAN_POINT('',(10.,0.,-54.));
#182 = VECTOR('',#183,1.);
#183 = DIRECTION('',(0.,0.,1.));
#184 = ORIENTED_EDGE('',*,*,#185,.F.);
#185 = EDGE_CURVE('',#186,#178,#188,.T.);
#186 = VERTEX_POINT('',#187);
#187 = CARTESIAN_POINT('',(6.5,-1.E-15,-20.9));
#188 = LINE('',#189,#190);
#189 = CARTESIAN_POINT('',(6.5,-1.E-15,-20.9));
#190 = VECTOR('',#191,1.);
#191 = DIRECTION('',(1.,0.,0.));
#192 = ORIENTED_EDGE('',*,*,#193,.F.);
#193 = EDGE_CURVE('',#194,#186,#196,.T.);
#194 = VERTEX_POINT('',#195);
#195 = CARTESIAN_POINT('',(6.5,-1.E-15,-27.1));
#196 = LINE('',#197,#198);
#197 = CARTESIAN_POINT('',(6.5,-1.E-15,-27.1));
#198 = VECTOR('',#199,1.);
#199 = DIRECTION('',(0.,0.,1.));
#200 = ORIENTED_EDGE('',*,*,#201,.F.);
#201 = EDGE_CURVE('',#202,#194,#204,.T.);
#202 = VERTEX_POINT('',#203);
#203 = CARTESIAN_POINT('',(10.,-1.E-15,-27.1));
#204 = LINE('',#205,#206);
#205 = CARTESIAN_POINT('',(10.,-1.E-15,-27.1));
#206 = VECTOR('',#207,1.);
#207 = DIRECTION('',(-1.,0.,-0.));
#208 = ORIENTED_EDGE('',*,*,#209,.F.);
#209 = EDGE_CURVE('',#210,#202,#212,.T.);
#210 = VERTEX_POINT('',#211);
#211 = CARTESIAN_POINT('',(10.,-1.E-15,-40.9));
#212 = LINE('',#213,#214);
#213 = CARTESIAN_POINT('',(10.,0.,-54.));
#214 = VECTOR('',#215,1.);
#215 = DIRECTION('',(0.,0.,1.));
#216 = ORIENTED_EDGE('',*,*,#217,.F.);
#217 = EDGE_CURVE('',#218,#210,#220,.T.);
#218 = VERTEX_POINT('',#219);
#219 = CARTESIAN_POINT('',(6.5,-1.E-15,-40.9));
#220 = LINE('',#221,#222);
#221 = CARTESIAN_POINT('',(6.5,-1.E-15,-40.9));
#222 = VECTOR('',#223,1.);
#223 = DIRECTION('',(1.,0.,0.));
#224 = ORIENTED_EDGE('',*,*,#225,.F.);
#225 = EDGE_CURVE('',#226,#218,#228,.T.);
#226 = VERTEX_POINT('',#227);
#227 = CARTESIAN_POINT('',(6.5,-1.E-15,-47.1));
#228 = LINE('',#229,#230);
#229 = CARTESIAN_POINT('',(6.5,-1.E-15,-47.1));
#230 = VECTOR('',#231,1.);
#231 = DIRECTION('',(0.,0.,1.));
#232 = ORIENTED_EDGE('',*,*,#233,.F.);
#233 = EDGE_CURVE('',#234,#226,#236,.T.);
#234 = VERTEX_POINT('',#235);
#235 = CARTESIAN_POINT('',(10.,-1.E-15,-47.1));
#236 = LINE('',#237,#238);
#237 = CARTESIAN_POINT('',(10.,-1.E-15,-47.1));
#238 = VECTOR('',#239,1.);
#239 = DIRECTION('',(-1.,0.,-0.));
#240 = ORIENTED_EDGE('',*,*,#241,.F.);
#241 = EDGE_CURVE('',#242,#234,#244,.T.);
#242 = VERTEX_POINT('',#243);
#243 = CARTESIAN_POINT('',(10.,-2.4E-14,-53.));
#244 = LINE('',#245,#246);
#245 = CARTESIAN_POINT('',(10.,0.,-54.));
#246 = VECTOR('',#247,1.);
#247 = DIRECTION('',(0.,0.,1.));
#248 = ORIENTED_EDGE('',*,*,#249,.F.);
#249 = EDGE_CURVE('',#250,#242,#252,.T.);
#250 = VERTEX_POINT('',#251);
#251 = CARTESIAN_POINT('',(9.,-2.4E-14,-54.));
#252 = LINE('',#253,#254);
#253 = CARTESIAN_POINT('',(18.875,-1.124E-14,-44.125));
#254 = VECTOR('',#255,1.);
#255 = DIRECTION('',(0.707106781187,1.6E-16,0.707106781187));
#256 = ORIENTED_EDGE('',*,*,#257,.F.);
#257 = EDGE_CURVE('',#258,#250,#260,.T.);
#258 = VERTEX_POINT('',#259);
#259 = CARTESIAN_POINT('',(3.1,-1.E-15,-54.));
#260 = LINE('',#261,#262);
#261 = CARTESIAN_POINT('',(-10.,0.,-54.));
#262 = VECTOR('',#263,1.);
#263 = DIRECTION('',(1.,0.,0.));
#264 = ORIENTED_EDGE('',*,*,#265,.F.);
#265 = EDGE_CURVE('',#266,#258,#268,.T.);
#266 = VERTEX_POINT('',#267);
#267 = CARTESIAN_POINT('',(3.1,-1.E-15,-50.5));
#268 = LINE('',#269,#270);
#269 = CARTESIAN_POINT('',(3.1,-1.E-15,-50.5));
#270 = VECTOR('',#271,1.);
#271 = DIRECTION('',(0.,0.,-1.));
#272 = ORIENTED_EDGE('',*,*,#273,.F.);
#273 = EDGE_CURVE('',#274,#266,#276,.T.);
#274 = VERTEX_POINT('',#275);
#275 = CARTESIAN_POINT('',(-3.1,-1.E-15,-50.5));
#276 = LINE('',#277,#278);
#277 = CARTESIAN_POINT('',(-3.1,-1.E-15,-50.5));
#278 = VECTOR('',#279,1.);
#279 = DIRECTION('',(1.,0.,0.));
#280 = ORIENTED_EDGE('',*,*,#281,.F.);
#281 = EDGE_CURVE('',#82,#274,#282,.T.);
#282 = LINE('',#283,#284);
#283 = CARTESIAN_POINT('',(-3.1,-1.E-15,-54.));
#284 = VECTOR('',#285,1.);
#285 = DIRECTION('',(0.,0.,1.));
#286 = FACE_BOUND('',#287,.T.);
#287 = EDGE_LOOP('',(#288,#298,#306,#314));
#288 = ORIENTED_EDGE('',*,*,#289,.F.);
#289 = EDGE_CURVE('',#290,#292,#294,.T.);
#290 = VERTEX_POINT('',#291);
#291 = CARTESIAN_POINT('',(3.1,-1.E-15,-14.1));
#292 = VERTEX_POINT('',#293);
#293 = CARTESIAN_POINT('',(3.1,-1.E-15,-17.5));
#294 = LINE('',#295,#296);
#295 = CARTESIAN_POINT('',(3.1,-1.E-15,-14.1));
#296 = VECTOR('',#297,1.);
#297 = DIRECTION('',(0.,0.,-1.));
#298 = ORIENTED_EDGE('',*,*,#299,.F.);
#299 = EDGE_CURVE('',#300,#290,#302,.T.);
#300 = VERTEX_POINT('',#301);
#301 = CARTESIAN_POINT('',(-3.100000000046,-1.E-15,-14.1));
#302 = LINE('',#303,#304);
#303 = CARTESIAN_POINT('',(-3.100000000046,-1.E-15,-14.1));
#304 = VECTOR('',#305,1.);
#305 = DIRECTION('',(1.,0.,0.));
#306 = ORIENTED_EDGE('',*,*,#307,.F.);
#307 = EDGE_CURVE('',#308,#300,#310,.T.);
#308 = VERTEX_POINT('',#309);
#309 = CARTESIAN_POINT('',(-3.100000000046,-1.E-15,-17.5));
#310 = LINE('',#311,#312);
#311 = CARTESIAN_POINT('',(-3.100000000046,-1.E-15,-17.5));
#312 = VECTOR('',#313,1.);
#313 = DIRECTION('',(0.,0.,1.));
#314 = ORIENTED_EDGE('',*,*,#315,.F.);
#315 = EDGE_CURVE('',#292,#308,#316,.T.);
#316 = LINE('',#317,#318);
#317 = CARTESIAN_POINT('',(3.1,-1.E-15,-17.5));
#318 = VECTOR('',#319,1.);
#319 = DIRECTION('',(-1.,0.,-0.));
#320 = FACE_BOUND('',#321,.T.);
#321 = EDGE_LOOP('',(#322));
#322 = ORIENTED_EDGE('',*,*,#31,.F.);
#323 = FACE_BOUND('',#324,.T.);
#324 = EDGE_LOOP('',(#325,#335,#343,#351));
#325 = ORIENTED_EDGE('',*,*,#326,.F.);
#326 = EDGE_CURVE('',#327,#329,#331,.T.);
#327 = VERTEX_POINT('',#328);
#328 = CARTESIAN_POINT('',(-3.1,-1.E-15,-37.5));
#329 = VERTEX_POINT('',#330);
#330 = CARTESIAN_POINT('',(-3.1,-1.E-15,-30.5));
#331 = LINE('',#332,#333);
#332 = CARTESIAN_POINT('',(-3.1,-1.E-15,-37.5));
#333 = VECTOR('',#334,1.);
#334 = DIRECTION('',(0.,0.,1.));
#335 = ORIENTED_EDGE('',*,*,#336,.F.);
#336 = EDGE_CURVE('',#337,#327,#339,.T.);
#337 = VERTEX_POINT('',#338);
#338 = CARTESIAN_POINT('',(3.1,-1.E-15,-37.5));
#339 = LINE('',#340,#341);
#340 = CARTESIAN_POINT('',(3.1,-1.E-15,-37.5));
#341 = VECTOR('',#342,1.);
#342 = DIRECTION('',(-1.,0.,-0.));
#343 = ORIENTED_EDGE('',*,*,#344,.F.);
#344 = EDGE_CURVE('',#345,#337,#347,.T.);
#345 = VERTEX_POINT('',#346);
#346 = CARTESIAN_POINT('',(3.1,-1.E-15,-30.5));
#347 = LINE('',#348,#349);
#348 = CARTESIAN_POINT('',(3.1,-1.E-15,-30.5));
#349 = VECTOR('',#350,1.);
#350 = DIRECTION('',(0.,0.,-1.));
#351 = ORIENTED_EDGE('',*,*,#352,.F.);
#352 = EDGE_CURVE('',#329,#345,#353,.T.);
#353 = LINE('',#354,#355);
#354 = CARTESIAN_POINT('',(-3.1,-1.E-15,-30.5));
#355 = VECTOR('',#356,1.);
#356 = DIRECTION('',(1.,0.,0.));
#357 = FACE_BOUND('',#358,.T.);
#358 = EDGE_LOOP('',(#359));
#359 = ORIENTED_EDGE('',*,*,#360,.F.);
#360 = EDGE_CURVE('',#361,#361,#363,.T.);
#361 = VERTEX_POINT('',#362);
#362 = CARTESIAN_POINT('',(2.5,0.,-24.));
#363 = CIRCLE('',#364,2.5);
#364 = AXIS2_PLACEMENT_3D('',#365,#366,#367);
#365 = CARTESIAN_POINT('',(-3.E-17,0.,-24.));
#366 = DIRECTION('',(-0.,1.,0.));
#367 = DIRECTION('',(1.,0.,0.));
#368 = PLANE('',#369);
#369 = AXIS2_PLACEMENT_3D('',#370,#371,#372);
#370 = CARTESIAN_POINT('',(0.,-1.44E-15,-6.5));
#371 = DIRECTION('',(0.,1.,0.));
#372 = DIRECTION('',(0.,0.,1.));
#373 = ADVANCED_FACE('',(#374,#408,#442,#476,#487,#498),#501,.F.);
#374 = FACE_BOUND('',#375,.F.);
#375 = EDGE_LOOP('',(#376,#386,#394,#402));
#376 = ORIENTED_EDGE('',*,*,#377,.F.);
#377 = EDGE_CURVE('',#378,#380,#382,.T.);
#378 = VERTEX_POINT('',#379);
#379 = CARTESIAN_POINT('',(8.5,-20.,33.5));
#380 = VERTEX_POINT('',#381);
#381 = CARTESIAN_POINT('',(-8.5,-20.,33.5));
#382 = LINE('',#383,#384);
#383 = CARTESIAN_POINT('',(7.5,-20.,33.5));
#384 = VECTOR('',#385,1.);
#385 = DIRECTION('',(-1.,0.,0.));
#386 = ORIENTED_EDGE('',*,*,#387,.F.);
#387 = EDGE_CURVE('',#388,#378,#390,.T.);
#388 = VERTEX_POINT('',#389);
#389 = CARTESIAN_POINT('',(8.5,-20.,39.5));
#390 = LINE('',#391,#392);
#391 = CARTESIAN_POINT('',(8.5,-20.,38.5));
#392 = VECTOR('',#393,1.);
#393 = DIRECTION('',(0.,-2.2E-16,-1.));
#394 = ORIENTED_EDGE('',*,*,#395,.F.);
#395 = EDGE_CURVE('',#396,#388,#398,.T.);
#396 = VERTEX_POINT('',#397);
#397 = CARTESIAN_POINT('',(-8.5,-20.,39.5));
#398 = LINE('',#399,#400);
#399 = CARTESIAN_POINT('',(-7.5,-20.,39.5));
#400 = VECTOR('',#401,1.);
#401 = DIRECTION('',(1.,0.,0.));
#402 = ORIENTED_EDGE('',*,*,#403,.F.);
#403 = EDGE_CURVE('',#380,#396,#404,.T.);
#404 = LINE('',#405,#406);
#405 = CARTESIAN_POINT('',(-8.5,-20.,34.5));
#406 = VECTOR('',#407,1.);
#407 = DIRECTION('',(0.,2.2E-16,1.));
#408 = FACE_BOUND('',#409,.F.);
#409 = EDGE_LOOP('',(#410,#420,#428,#436));
#410 = ORIENTED_EDGE('',*,*,#411,.F.);
#411 = EDGE_CURVE('',#412,#414,#416,.T.);
#412 = VERTEX_POINT('',#413);
#413 = CARTESIAN_POINT('',(9.,-20.,40.));
#414 = VERTEX_POINT('',#415);
#415 = CARTESIAN_POINT('',(-9.,-20.,40.));
#416 = LINE('',#417,#418);
#417 = CARTESIAN_POINT('',(10.,-20.,40.));
#418 = VECTOR('',#419,1.);
#419 = DIRECTION('',(-1.,0.,0.));
#420 = ORIENTED_EDGE('',*,*,#421,.F.);
#421 = EDGE_CURVE('',#422,#412,#424,.T.);
#422 = VERTEX_POINT('',#423);
#423 = CARTESIAN_POINT('',(9.,-20.,-53.));
#424 = LINE('',#425,#426);
#425 = CARTESIAN_POINT('',(9.,-20.,-54.));
#426 = VECTOR('',#427,1.);
#427 = DIRECTION('',(0.,4.4E-16,1.));
#428 = ORIENTED_EDGE('',*,*,#429,.F.);
#429 = EDGE_CURVE('',#430,#422,#432,.T.);
#430 = VERTEX_POINT('',#431);
#431 = CARTESIAN_POINT('',(-9.,-20.,-53.));
#432 = LINE('',#433,#434);
#433 = CARTESIAN_POINT('',(-10.,-20.,-53.));
#434 = VECTOR('',#435,1.);
#435 = DIRECTION('',(1.,0.,0.));
#436 = ORIENTED_EDGE('',*,*,#437,.F.);
#437 = EDGE_CURVE('',#414,#430,#438,.T.);
#438 = LINE('',#439,#440);
#439 = CARTESIAN_POINT('',(-9.,-20.,41.));
#440 = VECTOR('',#441,1.);
#441 = DIRECTION('',(0.,-4.4E-16,-1.));
#442 = FACE_BOUND('',#443,.F.);
#443 = EDGE_LOOP('',(#444,#454,#462,#470));
#444 = ORIENTED_EDGE('',*,*,#445,.F.);
#445 = EDGE_CURVE('',#446,#448,#450,.T.);
#446 = VERTEX_POINT('',#447);
#447 = CARTESIAN_POINT('',(-8.5,-20.,21.));
#448 = VERTEX_POINT('',#449);
#449 = CARTESIAN_POINT('',(8.5,-20.,21.));
#450 = LINE('',#451,#452);
#451 = CARTESIAN_POINT('',(-7.5,-20.,21.));
#452 = VECTOR('',#453,1.);
#453 = DIRECTION('',(1.,0.,0.));
#454 = ORIENTED_EDGE('',*,*,#455,.F.);
#455 = EDGE_CURVE('',#456,#446,#458,.T.);
#456 = VERTEX_POINT('',#457);
#457 = CARTESIAN_POINT('',(-8.5,-20.,15.));
#458 = LINE('',#459,#460);
#459 = CARTESIAN_POINT('',(-8.5,-20.,16.));
#460 = VECTOR('',#461,1.);
#461 = DIRECTION('',(0.,2.2E-16,1.));
#462 = ORIENTED_EDGE('',*,*,#463,.F.);
#463 = EDGE_CURVE('',#464,#456,#466,.T.);
#464 = VERTEX_POINT('',#465);
#465 = CARTESIAN_POINT('',(8.5,-20.,15.));
#466 = LINE('',#467,#468);
#467 = CARTESIAN_POINT('',(7.5,-20.,15.));
#468 = VECTOR('',#469,1.);
#469 = DIRECTION('',(-1.,0.,0.));
#470 = ORIENTED_EDGE('',*,*,#471,.F.);
#471 = EDGE_CURVE('',#448,#464,#472,.T.);
#472 = LINE('',#473,#474);
#473 = CARTESIAN_POINT('',(8.5,-20.,20.));
#474 = VECTOR('',#475,1.);
#475 = DIRECTION('',(0.,-2.2E-16,-1.));
#476 = FACE_BOUND('',#477,.F.);
#477 = EDGE_LOOP('',(#478));
#478 = ORIENTED_EDGE('',*,*,#479,.T.);
#479 = EDGE_CURVE('',#480,#480,#482,.T.);
#480 = VERTEX_POINT('',#481);
#481 = CARTESIAN_POINT('',(2.8,-20.,27.25));
#482 = CIRCLE('',#483,2.8);
#483 = AXIS2_PLACEMENT_3D('',#484,#485,#486);
#484 = CARTESIAN_POINT('',(1.E-16,-20.,27.25));
#485 = DIRECTION('',(0.,-1.,2.2E-16));
#486 = DIRECTION('',(1.,0.,0.));
#487 = FACE_BOUND('',#488,.F.);
#488 = EDGE_LOOP('',(#489));
#489 = ORIENTED_EDGE('',*,*,#490,.F.);
#490 = EDGE_CURVE('',#491,#491,#493,.T.);
#491 = VERTEX_POINT('',#492);
#492 = CARTESIAN_POINT('',(3.5,-20.,-24.));
#493 = CIRCLE('',#494,3.5);
#494 = AXIS2_PLACEMENT_3D('',#495,#496,#497);
#495 = CARTESIAN_POINT('',(-3.E-17,-20.,-24.));
#496 = DIRECTION('',(0.,1.,-2.2E-16));
#497 = DIRECTION('',(1.,-3.124E-31,-1.42E-15));
#498 = FACE_BOUND('',#499,.F.);
#499 = EDGE_LOOP('',(#500));
#500 = ORIENTED_EDGE('',*,*,#64,.F.);
#501 = PLANE('',#502);
#502 = AXIS2_PLACEMENT_3D('',#503,#504,#505);
#503 = CARTESIAN_POINT('',(0.,-20.,-6.5));
#504 = DIRECTION('',(0.,1.,0.));
#505 = DIRECTION('',(0.,0.,1.));
#506 = ADVANCED_FACE('',(#507),#588,.T.);
#507 = FACE_BOUND('',#508,.T.);
#508 = EDGE_LOOP('',(#509,#510,#518,#526,#534,#543,#551,#559,#565,#566,
    #574,#582));
#509 = ORIENTED_EDGE('',*,*,#79,.T.);
#510 = ORIENTED_EDGE('',*,*,#511,.T.);
#511 = EDGE_CURVE('',#82,#512,#514,.T.);
#512 = VERTEX_POINT('',#513);
#513 = CARTESIAN_POINT('',(-3.1,6.,-54.));
#514 = LINE('',#515,#516);
#515 = CARTESIAN_POINT('',(-3.1,-1.44E-15,-54.));
#516 = VECTOR('',#517,1.);
#517 = DIRECTION('',(0.,1.,0.));
#518 = ORIENTED_EDGE('',*,*,#519,.F.);
#519 = EDGE_CURVE('',#520,#512,#522,.T.);
#520 = VERTEX_POINT('',#521);
#521 = CARTESIAN_POINT('',(-2.499993777015,6.,-54.));
#522 = LINE('',#523,#524);
#523 = CARTESIAN_POINT('',(3.1,6.,-54.));
#524 = VECTOR('',#525,1.);
#525 = DIRECTION('',(-1.,0.,-0.));
#526 = ORIENTED_EDGE('',*,*,#527,.T.);
#527 = EDGE_CURVE('',#520,#528,#530,.T.);
#528 = VERTEX_POINT('',#529);
#529 = CARTESIAN_POINT('',(-2.499993777015,5.,-54.));
#530 = LINE('',#531,#532);
#531 = CARTESIAN_POINT('',(-2.499993777015,5.,-54.));
#532 = VECTOR('',#533,1.);
#533 = DIRECTION('',(0.,-1.,0.));
#534 = ORIENTED_EDGE('',*,*,#535,.T.);
#535 = EDGE_CURVE('',#528,#536,#538,.T.);
#536 = VERTEX_POINT('',#537);
#537 = CARTESIAN_POINT('',(2.499993777015,5.,-54.));
#538 = CIRCLE('',#539,2.499993777015);
#539 = AXIS2_PLACEMENT_3D('',#540,#541,#542);
#540 = CARTESIAN_POINT('',(1.92E-15,5.,-54.));
#541 = DIRECTION('',(0.,2.2E-16,1.));
#542 = DIRECTION('',(-1.,0.,0.));
#543 = ORIENTED_EDGE('',*,*,#544,.F.);
#544 = EDGE_CURVE('',#545,#536,#547,.T.);
#545 = VERTEX_POINT('',#546);
#546 = CARTESIAN_POINT('',(2.499993777015,6.,-54.));
#547 = LINE('',#548,#549);
#548 = CARTESIAN_POINT('',(2.499993777015,5.,-54.));
#549 = VECTOR('',#550,1.);
#550 = DIRECTION('',(0.,-1.,0.));
#551 = ORIENTED_EDGE('',*,*,#552,.F.);
#552 = EDGE_CURVE('',#553,#545,#555,.T.);
#553 = VERTEX_POINT('',#554);
#554 = CARTESIAN_POINT('',(3.1,6.,-54.));
#555 = LINE('',#556,#557);
#556 = CARTESIAN_POINT('',(3.1,6.,-54.));
#557 = VECTOR('',#558,1.);
#558 = DIRECTION('',(-1.,0.,-0.));
#559 = ORIENTED_EDGE('',*,*,#560,.F.);
#560 = EDGE_CURVE('',#258,#553,#561,.T.);
#561 = LINE('',#562,#563);
#562 = CARTESIAN_POINT('',(3.1,-1.44E-15,-54.));
#563 = VECTOR('',#564,1.);
#564 = DIRECTION('',(0.,1.,0.));
#565 = ORIENTED_EDGE('',*,*,#257,.T.);
#566 = ORIENTED_EDGE('',*,*,#567,.T.);
#567 = EDGE_CURVE('',#250,#568,#570,.T.);
#568 = VERTEX_POINT('',#569);
#569 = CARTESIAN_POINT('',(9.,-19.,-54.));
#570 = LINE('',#571,#572);
#571 = CARTESIAN_POINT('',(9.,-2.398E-14,-54.));
#572 = VECTOR('',#573,1.);
#573 = DIRECTION('',(0.,-1.,4.4E-16));
#574 = ORIENTED_EDGE('',*,*,#575,.F.);
#575 = EDGE_CURVE('',#576,#568,#578,.T.);
#576 = VERTEX_POINT('',#577);
#577 = CARTESIAN_POINT('',(-9.,-19.,-54.));
#578 = LINE('',#579,#580);
#579 = CARTESIAN_POINT('',(-10.,-19.,-54.));
#580 = VECTOR('',#581,1.);
#581 = DIRECTION('',(1.,0.,0.));
#582 = ORIENTED_EDGE('',*,*,#583,.F.);
#583 = EDGE_CURVE('',#80,#576,#584,.T.);
#584 = LINE('',#585,#586);
#585 = CARTESIAN_POINT('',(-9.,-2.398E-14,-54.));
#586 = VECTOR('',#587,1.);
#587 = DIRECTION('',(0.,-1.,4.4E-16));
#588 = PLANE('',#589);
#589 = AXIS2_PLACEMENT_3D('',#590,#591,#592);
#590 = CARTESIAN_POINT('',(0.,-7.452075945056,-54.));
#591 = DIRECTION('',(0.,-2.5E-16,-1.));
#592 = DIRECTION('',(0.,1.,-2.5E-16));
#593 = ADVANCED_FACE('',(#594),#612,.T.);
#594 = FACE_BOUND('',#595,.T.);
#595 = EDGE_LOOP('',(#596,#597,#598,#606));
#596 = ORIENTED_EDGE('',*,*,#89,.F.);
#597 = ORIENTED_EDGE('',*,*,#583,.T.);
#598 = ORIENTED_EDGE('',*,*,#599,.T.);
#599 = EDGE_CURVE('',#576,#600,#602,.T.);
#600 = VERTEX_POINT('',#601);
#601 = CARTESIAN_POINT('',(-10.,-19.,-53.));
#602 = LINE('',#603,#604);
#603 = CARTESIAN_POINT('',(-9.25,-19.,-53.75));
#604 = VECTOR('',#605,1.);
#605 = DIRECTION('',(-0.707106781187,7.6E-15,0.707106781187));
#606 = ORIENTED_EDGE('',*,*,#607,.F.);
#607 = EDGE_CURVE('',#90,#600,#608,.T.);
#608 = LINE('',#609,#610);
#609 = CARTESIAN_POINT('',(-10.,-2.354E-14,-53.));
#610 = VECTOR('',#611,1.);
#611 = DIRECTION('',(0.,-1.,4.4E-16));
#612 = PLANE('',#613);
#613 = AXIS2_PLACEMENT_3D('',#614,#615,#616);
#614 = CARTESIAN_POINT('',(-9.5,-2.376E-14,-53.5));
#615 = DIRECTION('',(-0.707106781187,-5.E-16,-0.707106781187));
#616 = DIRECTION('',(1.285533905933E-16,-1.,5.785533905933E-16));
#617 = ADVANCED_FACE('',(#618),#636,.F.);
#618 = FACE_BOUND('',#619,.F.);
#619 = EDGE_LOOP('',(#620,#621,#629,#635));
#620 = ORIENTED_EDGE('',*,*,#511,.T.);
#621 = ORIENTED_EDGE('',*,*,#622,.T.);
#622 = EDGE_CURVE('',#512,#623,#625,.T.);
#623 = VERTEX_POINT('',#624);
#624 = CARTESIAN_POINT('',(-3.1,6.,-50.5));
#625 = LINE('',#626,#627);
#626 = CARTESIAN_POINT('',(-3.1,6.,-54.));
#627 = VECTOR('',#628,1.);
#628 = DIRECTION('',(0.,0.,1.));
#629 = ORIENTED_EDGE('',*,*,#630,.F.);
#630 = EDGE_CURVE('',#274,#623,#631,.T.);
#631 = LINE('',#632,#633);
#632 = CARTESIAN_POINT('',(-3.1,-1.44E-15,-50.5));
#633 = VECTOR('',#634,1.);
#634 = DIRECTION('',(0.,1.,0.));
#635 = ORIENTED_EDGE('',*,*,#281,.F.);
#636 = PLANE('',#637);
#637 = AXIS2_PLACEMENT_3D('',#638,#639,#640);
#638 = CARTESIAN_POINT('',(-3.1,-1.44E-15,-54.));
#639 = DIRECTION('',(1.,0.,0.));
#640 = DIRECTION('',(0.,0.,1.));
#641 = ADVANCED_FACE('',(#642,#770,#804,#838),#889,.T.);
#642 = FACE_BOUND('',#643,.T.);
#643 = EDGE_LOOP('',(#644,#654,#662,#670,#678,#686,#694,#700,#701,#709,
    #717,#723,#724,#732,#740,#746,#747,#748,#756,#764));
#644 = ORIENTED_EDGE('',*,*,#645,.F.);
#645 = EDGE_CURVE('',#646,#648,#650,.T.);
#646 = VERTEX_POINT('',#647);
#647 = CARTESIAN_POINT('',(-10.,-1.E-15,32.));
#648 = VERTEX_POINT('',#649);
#649 = CARTESIAN_POINT('',(-10.,19.,32.));
#650 = LINE('',#651,#652);
#651 = CARTESIAN_POINT('',(-10.,-1.44E-15,32.));
#652 = VECTOR('',#653,1.);
#653 = DIRECTION('',(0.,1.,0.));
#654 = ORIENTED_EDGE('',*,*,#655,.T.);
#655 = EDGE_CURVE('',#646,#656,#658,.T.);
#656 = VERTEX_POINT('',#657);
#657 = CARTESIAN_POINT('',(-10.,-4.,32.));
#658 = LINE('',#659,#660);
#659 = CARTESIAN_POINT('',(-10.,-1.E-15,32.));
#660 = VECTOR('',#661,1.);
#661 = DIRECTION('',(0.,-1.,0.));
#662 = ORIENTED_EDGE('',*,*,#663,.T.);
#663 = EDGE_CURVE('',#656,#664,#666,.T.);
#664 = VERTEX_POINT('',#665);
#665 = CARTESIAN_POINT('',(-10.,-4.,22.5));
#666 = LINE('',#667,#668);
#667 = CARTESIAN_POINT('',(-10.,-4.,41.));
#668 = VECTOR('',#669,1.);
#669 = DIRECTION('',(0.,0.,-1.));
#670 = ORIENTED_EDGE('',*,*,#671,.F.);
#671 = EDGE_CURVE('',#672,#664,#674,.T.);
#672 = VERTEX_POINT('',#673);
#673 = CARTESIAN_POINT('',(-10.,-1.E-15,22.5));
#674 = LINE('',#675,#676);
#675 = CARTESIAN_POINT('',(-10.,-1.E-15,22.5));
#676 = VECTOR('',#677,1.);
#677 = DIRECTION('',(0.,-1.,0.));
#678 = ORIENTED_EDGE('',*,*,#679,.T.);
#679 = EDGE_CURVE('',#672,#680,#682,.T.);
#680 = VERTEX_POINT('',#681);
#681 = CARTESIAN_POINT('',(-10.,19.,22.5));
#682 = LINE('',#683,#684);
#683 = CARTESIAN_POINT('',(-10.,-1.44E-15,22.5));
#684 = VECTOR('',#685,1.);
#685 = DIRECTION('',(0.,1.,0.));
#686 = ORIENTED_EDGE('',*,*,#687,.F.);
#687 = EDGE_CURVE('',#688,#680,#690,.T.);
#688 = VERTEX_POINT('',#689);
#689 = CARTESIAN_POINT('',(-10.,19.,-13.9));
#690 = LINE('',#691,#692);
#691 = CARTESIAN_POINT('',(-10.,19.,-13.9));
#692 = VECTOR('',#693,1.);
#693 = DIRECTION('',(0.,0.,1.));
#694 = ORIENTED_EDGE('',*,*,#695,.F.);
#695 = EDGE_CURVE('',#162,#688,#696,.T.);
#696 = LINE('',#697,#698);
#697 = CARTESIAN_POINT('',(-10.,-1.44E-15,-13.9));
#698 = VECTOR('',#699,1.);
#699 = DIRECTION('',(0.,1.,0.));
#700 = ORIENTED_EDGE('',*,*,#161,.T.);
#701 = ORIENTED_EDGE('',*,*,#702,.T.);
#702 = EDGE_CURVE('',#154,#703,#705,.T.);
#703 = VERTEX_POINT('',#704);
#704 = CARTESIAN_POINT('',(-10.,6.,-20.9));
#705 = LINE('',#706,#707);
#706 = CARTESIAN_POINT('',(-10.,-1.44E-15,-20.9));
#707 = VECTOR('',#708,1.);
#708 = DIRECTION('',(0.,1.,0.));
#709 = ORIENTED_EDGE('',*,*,#710,.F.);
#710 = EDGE_CURVE('',#711,#703,#713,.T.);
#711 = VERTEX_POINT('',#712);
#712 = CARTESIAN_POINT('',(-10.,6.,-27.1));
#713 = LINE('',#714,#715);
#714 = CARTESIAN_POINT('',(-10.,6.,-27.1));
#715 = VECTOR('',#716,1.);
#716 = DIRECTION('',(0.,0.,1.));
#717 = ORIENTED_EDGE('',*,*,#718,.F.);
#718 = EDGE_CURVE('',#130,#711,#719,.T.);
#719 = LINE('',#720,#721);
#720 = CARTESIAN_POINT('',(-10.,-1.44E-15,-27.1));
#721 = VECTOR('',#722,1.);
#722 = DIRECTION('',(0.,1.,0.));
#723 = ORIENTED_EDGE('',*,*,#129,.T.);
#724 = ORIENTED_EDGE('',*,*,#725,.T.);
#725 = EDGE_CURVE('',#122,#726,#728,.T.);
#726 = VERTEX_POINT('',#727);
#727 = CARTESIAN_POINT('',(-10.,6.,-40.9));
#728 = LINE('',#729,#730);
#729 = CARTESIAN_POINT('',(-10.,-1.44E-15,-40.9));
#730 = VECTOR('',#731,1.);
#731 = DIRECTION('',(0.,1.,0.));
#732 = ORIENTED_EDGE('',*,*,#733,.F.);
#733 = EDGE_CURVE('',#734,#726,#736,.T.);
#734 = VERTEX_POINT('',#735);
#735 = CARTESIAN_POINT('',(-10.,6.,-47.1));
#736 = LINE('',#737,#738);
#737 = CARTESIAN_POINT('',(-10.,6.,-47.1));
#738 = VECTOR('',#739,1.);
#739 = DIRECTION('',(0.,0.,1.));
#740 = ORIENTED_EDGE('',*,*,#741,.F.);
#741 = EDGE_CURVE('',#98,#734,#742,.T.);
#742 = LINE('',#743,#744);
#743 = CARTESIAN_POINT('',(-10.,-1.44E-15,-47.1));
#744 = VECTOR('',#745,1.);
#745 = DIRECTION('',(0.,1.,0.));
#746 = ORIENTED_EDGE('',*,*,#97,.T.);
#747 = ORIENTED_EDGE('',*,*,#607,.T.);
#748 = ORIENTED_EDGE('',*,*,#749,.F.);
#749 = EDGE_CURVE('',#750,#600,#752,.T.);
#750 = VERTEX_POINT('',#751);
#751 = CARTESIAN_POINT('',(-10.,-19.,40.));
#752 = LINE('',#753,#754);
#753 = CARTESIAN_POINT('',(-10.,-19.,41.));
#754 = VECTOR('',#755,1.);
#755 = DIRECTION('',(0.,-4.4E-16,-1.));
#756 = ORIENTED_EDGE('',*,*,#757,.F.);
#757 = EDGE_CURVE('',#758,#750,#760,.T.);
#758 = VERTEX_POINT('',#759);
#759 = CARTESIAN_POINT('',(-10.,19.,40.));
#760 = LINE('',#761,#762);
#761 = CARTESIAN_POINT('',(-10.,20.,40.));
#762 = VECTOR('',#763,1.);
#763 = DIRECTION('',(0.,-1.,4.4E-16));
#764 = ORIENTED_EDGE('',*,*,#765,.F.);
#765 = EDGE_CURVE('',#648,#758,#766,.T.);
#766 = LINE('',#767,#768);
#767 = CARTESIAN_POINT('',(-10.,19.,32.));
#768 = VECTOR('',#769,1.);
#769 = DIRECTION('',(0.,0.,1.));
#770 = FACE_BOUND('',#771,.T.);
#771 = EDGE_LOOP('',(#772,#782,#790,#798));
#772 = ORIENTED_EDGE('',*,*,#773,.F.);
#773 = EDGE_CURVE('',#774,#776,#778,.T.);
#774 = VERTEX_POINT('',#775);
#775 = CARTESIAN_POINT('',(-10.,-1.5,20.));
#776 = VERTEX_POINT('',#777);
#777 = CARTESIAN_POINT('',(-10.,16.499999999961,20.));
#778 = LINE('',#779,#780);
#779 = CARTESIAN_POINT('',(-10.,7.582934131717,20.));
#780 = VECTOR('',#781,1.);
#781 = DIRECTION('',(0.,1.,-2.2E-16));
#782 = ORIENTED_EDGE('',*,*,#783,.F.);
#783 = EDGE_CURVE('',#784,#774,#786,.T.);
#784 = VERTEX_POINT('',#785);
#785 = CARTESIAN_POINT('',(-10.,-1.5,16.));
#786 = LINE('',#787,#788);
#787 = CARTESIAN_POINT('',(-10.,-1.5,8.983532934132));
#788 = VECTOR('',#789,1.);
#789 = DIRECTION('',(0.,2.2E-16,1.));
#790 = ORIENTED_EDGE('',*,*,#791,.F.);
#791 = EDGE_CURVE('',#792,#784,#794,.T.);
#792 = VERTEX_POINT('',#793);
#793 = CARTESIAN_POINT('',(-10.,16.499999999961,16.));
#794 = LINE('',#795,#796);
#795 = CARTESIAN_POINT('',(-10.,-1.417065868263,16.));
#796 = VECTOR('',#797,1.);
#797 = DIRECTION('',(0.,-1.,2.2E-16));
#798 = ORIENTED_EDGE('',*,*,#799,.F.);
#799 = EDGE_CURVE('',#776,#792,#800,.T.);
#800 = LINE('',#801,#802);
#801 = CARTESIAN_POINT('',(-10.,16.499999999961,6.983532934132));
#802 = VECTOR('',#803,1.);
#803 = DIRECTION('',(0.,-2.2E-16,-1.));
#804 = FACE_BOUND('',#805,.T.);
#805 = EDGE_LOOP('',(#806,#816,#824,#832));
#806 = ORIENTED_EDGE('',*,*,#807,.F.);
#807 = EDGE_CURVE('',#808,#810,#812,.T.);
#808 = VERTEX_POINT('',#809);
#809 = CARTESIAN_POINT('',(-10.,16.5,38.5));
#810 = VERTEX_POINT('',#811);
#811 = CARTESIAN_POINT('',(-10.,16.5,34.5));
#812 = LINE('',#813,#814);
#813 = CARTESIAN_POINT('',(-10.,16.5,16.233532934132));
#814 = VECTOR('',#815,1.);
#815 = DIRECTION('',(0.,-2.2E-16,-1.));
#816 = ORIENTED_EDGE('',*,*,#817,.F.);
#817 = EDGE_CURVE('',#818,#808,#820,.T.);
#818 = VERTEX_POINT('',#819);
#819 = CARTESIAN_POINT('',(-10.,-1.5,38.5));
#820 = LINE('',#821,#822);
#821 = CARTESIAN_POINT('',(-10.,7.582934131737,38.5));
#822 = VECTOR('',#823,1.);
#823 = DIRECTION('',(0.,1.,-2.2E-16));
#824 = ORIENTED_EDGE('',*,*,#825,.F.);
#825 = EDGE_CURVE('',#826,#818,#828,.T.);
#826 = VERTEX_POINT('',#827);
#827 = CARTESIAN_POINT('',(-10.,-1.5,34.5));
#828 = LINE('',#829,#830);
#829 = CARTESIAN_POINT('',(-10.,-1.5,18.233532934132));
#830 = VECTOR('',#831,1.);
#831 = DIRECTION('',(0.,2.2E-16,1.));
#832 = ORIENTED_EDGE('',*,*,#833,.F.);
#833 = EDGE_CURVE('',#810,#826,#834,.T.);
#834 = LINE('',#835,#836);
#835 = CARTESIAN_POINT('',(-10.,-1.417065868263,34.5));
#836 = VECTOR('',#837,1.);
#837 = DIRECTION('',(0.,-1.,2.2E-16));
#838 = FACE_BOUND('',#839,.T.);
#839 = EDGE_LOOP('',(#840,#850,#858,#866,#874,#882));
#840 = ORIENTED_EDGE('',*,*,#841,.F.);
#841 = EDGE_CURVE('',#842,#844,#846,.T.);
#842 = VERTEX_POINT('',#843);
#843 = CARTESIAN_POINT('',(-10.,16.499999999961,9.));
#844 = VERTEX_POINT('',#845);
#845 = CARTESIAN_POINT('',(-10.,16.499999999961,-5.));
#846 = LINE('',#847,#848);
#847 = CARTESIAN_POINT('',(-10.,16.499999999961,-4.516467065868));
#848 = VECTOR('',#849,1.);
#849 = DIRECTION('',(0.,-2.2E-16,-1.));
#850 = ORIENTED_EDGE('',*,*,#851,.T.);
#851 = EDGE_CURVE('',#842,#852,#854,.T.);
#852 = VERTEX_POINT('',#853);
#853 = CARTESIAN_POINT('',(-10.,12.499999999961,13.));
#854 = LINE('',#855,#856);
#855 = CARTESIAN_POINT('',(-10.,13.799700598773,11.700299401188));
#856 = VECTOR('',#857,1.);
#857 = DIRECTION('',(0.,-0.707106781187,0.707106781187));
#858 = ORIENTED_EDGE('',*,*,#859,.F.);
#859 = EDGE_CURVE('',#860,#852,#862,.T.);
#860 = VERTEX_POINT('',#861);
#861 = CARTESIAN_POINT('',(-10.,-1.5,13.));
#862 = LINE('',#863,#864);
#863 = CARTESIAN_POINT('',(-10.,7.582934131717,13.));
#864 = VECTOR('',#865,1.);
#865 = DIRECTION('',(0.,1.,-2.2E-16));
#866 = ORIENTED_EDGE('',*,*,#867,.F.);
#867 = EDGE_CURVE('',#868,#860,#870,.T.);
#868 = VERTEX_POINT('',#869);
#869 = CARTESIAN_POINT('',(-10.,-1.5,-7.));
#870 = LINE('',#871,#872);
#871 = CARTESIAN_POINT('',(-10.,-1.5,5.483532934132));
#872 = VECTOR('',#873,1.);
#873 = DIRECTION('',(0.,2.2E-16,1.));
#874 = ORIENTED_EDGE('',*,*,#875,.F.);
#875 = EDGE_CURVE('',#876,#868,#878,.T.);
#876 = VERTEX_POINT('',#877);
#877 = CARTESIAN_POINT('',(-10.,14.499999999961,-7.));
#878 = LINE('',#879,#880);
#879 = CARTESIAN_POINT('',(-10.,-1.417065868263,-7.));
#880 = VECTOR('',#881,1.);
#881 = DIRECTION('',(0.,-1.,2.2E-16));
#882 = ORIENTED_EDGE('',*,*,#883,.F.);
#883 = EDGE_CURVE('',#844,#876,#884,.T.);
#884 = CIRCLE('',#885,2.);
#885 = AXIS2_PLACEMENT_3D('',#886,#887,#888);
#886 = CARTESIAN_POINT('',(-10.,14.499999999961,-5.));
#887 = DIRECTION('',(-1.,0.,2.2E-16));
#888 = DIRECTION('',(-2.2E-16,0.,-1.));
#889 = PLANE('',#890);
#890 = AXIS2_PLACEMENT_3D('',#891,#892,#893);
#891 = CARTESIAN_POINT('',(-10.,-1.334131736527,-2.032934131737));
#892 = DIRECTION('',(-1.,0.,0.));
#893 = DIRECTION('',(0.,1.,0.));
#894 = ADVANCED_FACE('',(#895),#946,.F.);
#895 = FACE_BOUND('',#896,.F.);
#896 = EDGE_LOOP('',(#897,#898,#899,#907,#915,#924,#932,#940));
#897 = ORIENTED_EDGE('',*,*,#273,.F.);
#898 = ORIENTED_EDGE('',*,*,#630,.T.);
#899 = ORIENTED_EDGE('',*,*,#900,.T.);
#900 = EDGE_CURVE('',#623,#901,#903,.T.);
#901 = VERTEX_POINT('',#902);
#902 = CARTESIAN_POINT('',(-2.499993777015,6.,-50.5));
#903 = LINE('',#904,#905);
#904 = CARTESIAN_POINT('',(-3.1,6.,-50.5));
#905 = VECTOR('',#906,1.);
#906 = DIRECTION('',(1.,0.,0.));
#907 = ORIENTED_EDGE('',*,*,#908,.F.);
#908 = EDGE_CURVE('',#909,#901,#911,.T.);
#909 = VERTEX_POINT('',#910);
#910 = CARTESIAN_POINT('',(-2.499993777015,5.,-50.5));
#911 = LINE('',#912,#913);
#912 = CARTESIAN_POINT('',(-2.499993777015,5.,-50.5));
#913 = VECTOR('',#914,1.);
#914 = DIRECTION('',(0.,1.,0.));
#915 = ORIENTED_EDGE('',*,*,#916,.T.);
#916 = EDGE_CURVE('',#909,#917,#919,.T.);
#917 = VERTEX_POINT('',#918);
#918 = CARTESIAN_POINT('',(2.499993777015,5.,-50.5));
#919 = CIRCLE('',#920,2.499993777015);
#920 = AXIS2_PLACEMENT_3D('',#921,#922,#923);
#921 = CARTESIAN_POINT('',(1.92E-15,5.,-50.5));
#922 = DIRECTION('',(0.,2.2E-16,1.));
#923 = DIRECTION('',(-1.,0.,0.));
#924 = ORIENTED_EDGE('',*,*,#925,.T.);
#925 = EDGE_CURVE('',#917,#926,#928,.T.);
#926 = VERTEX_POINT('',#927);
#927 = CARTESIAN_POINT('',(2.499993777015,6.,-50.5));
#928 = LINE('',#929,#930);
#929 = CARTESIAN_POINT('',(2.499993777015,5.,-50.5));
#930 = VECTOR('',#931,1.);
#931 = DIRECTION('',(0.,1.,0.));
#932 = ORIENTED_EDGE('',*,*,#933,.T.);
#933 = EDGE_CURVE('',#926,#934,#936,.T.);
#934 = VERTEX_POINT('',#935);
#935 = CARTESIAN_POINT('',(3.1,6.,-50.5));
#936 = LINE('',#937,#938);
#937 = CARTESIAN_POINT('',(-3.1,6.,-50.5));
#938 = VECTOR('',#939,1.);
#939 = DIRECTION('',(1.,0.,0.));
#940 = ORIENTED_EDGE('',*,*,#941,.F.);
#941 = EDGE_CURVE('',#266,#934,#942,.T.);
#942 = LINE('',#943,#944);
#943 = CARTESIAN_POINT('',(3.1,-1.44E-15,-50.5));
#944 = VECTOR('',#945,1.);
#945 = DIRECTION('',(0.,1.,0.));
#946 = PLANE('',#947);
#947 = AXIS2_PLACEMENT_3D('',#948,#949,#950);
#948 = CARTESIAN_POINT('',(-3.1,-1.44E-15,-50.5));
#949 = DIRECTION('',(0.,0.,-1.));
#950 = DIRECTION('',(1.,0.,0.));
#951 = ADVANCED_FACE('',(#952),#970,.F.);
#952 = FACE_BOUND('',#953,.F.);
#953 = EDGE_LOOP('',(#954,#962,#968,#969));
#954 = ORIENTED_EDGE('',*,*,#955,.T.);
#955 = EDGE_CURVE('',#106,#956,#958,.T.);
#956 = VERTEX_POINT('',#957);
#957 = CARTESIAN_POINT('',(-6.5,6.,-47.1));
#958 = LINE('',#959,#960);
#959 = CARTESIAN_POINT('',(-6.5,-1.44E-15,-47.1));
#960 = VECTOR('',#961,1.);
#961 = DIRECTION('',(0.,1.,0.));
#962 = ORIENTED_EDGE('',*,*,#963,.T.);
#963 = EDGE_CURVE('',#956,#734,#964,.T.);
#964 = LINE('',#965,#966);
#965 = CARTESIAN_POINT('',(-6.5,6.,-47.1));
#966 = VECTOR('',#967,1.);
#967 = DIRECTION('',(-1.,0.,-0.));
#968 = ORIENTED_EDGE('',*,*,#741,.F.);
#969 = ORIENTED_EDGE('',*,*,#105,.F.);
#970 = PLANE('',#971);
#971 = AXIS2_PLACEMENT_3D('',#972,#973,#974);
#972 = CARTESIAN_POINT('',(-6.5,-1.44E-15,-47.1));
#973 = DIRECTION('',(0.,0.,1.));
#974 = DIRECTION('',(-1.,0.,0.));
#975 = ADVANCED_FACE('',(#976),#987,.F.);
#976 = FACE_BOUND('',#977,.F.);
#977 = EDGE_LOOP('',(#978,#979,#985,#986));
#978 = ORIENTED_EDGE('',*,*,#941,.T.);
#979 = ORIENTED_EDGE('',*,*,#980,.T.);
#980 = EDGE_CURVE('',#934,#553,#981,.T.);
#981 = LINE('',#982,#983);
#982 = CARTESIAN_POINT('',(3.1,6.,-50.5));
#983 = VECTOR('',#984,1.);
#984 = DIRECTION('',(0.,0.,-1.));
#985 = ORIENTED_EDGE('',*,*,#560,.F.);
#986 = ORIENTED_EDGE('',*,*,#265,.F.);
#987 = PLANE('',#988);
#988 = AXIS2_PLACEMENT_3D('',#989,#990,#991);
#989 = CARTESIAN_POINT('',(3.1,-1.44E-15,-50.5));
#990 = DIRECTION('',(-1.,0.,0.));
#991 = DIRECTION('',(0.,0.,-1.));
#992 = ADVANCED_FACE('',(#993),#1011,.F.);
#993 = FACE_BOUND('',#994,.F.);
#994 = EDGE_LOOP('',(#995,#1003,#1009,#1010));
#995 = ORIENTED_EDGE('',*,*,#996,.T.);
#996 = EDGE_CURVE('',#114,#997,#999,.T.);
#997 = VERTEX_POINT('',#998);
#998 = CARTESIAN_POINT('',(-6.5,6.,-40.9));
#999 = LINE('',#1000,#1001);
#1000 = CARTESIAN_POINT('',(-6.5,-1.44E-15,-40.9));
#1001 = VECTOR('',#1002,1.);
#1002 = DIRECTION('',(0.,1.,0.));
#1003 = ORIENTED_EDGE('',*,*,#1004,.T.);
#1004 = EDGE_CURVE('',#997,#956,#1005,.T.);
#1005 = LINE('',#1006,#1007);
#1006 = CARTESIAN_POINT('',(-6.5,6.,-40.9));
#1007 = VECTOR('',#1008,1.);
#1008 = DIRECTION('',(0.,0.,-1.));
#1009 = ORIENTED_EDGE('',*,*,#955,.F.);
#1010 = ORIENTED_EDGE('',*,*,#113,.F.);
#1011 = PLANE('',#1012);
#1012 = AXIS2_PLACEMENT_3D('',#1013,#1014,#1015);
#1013 = CARTESIAN_POINT('',(-6.5,-1.44E-15,-40.9));
#1014 = DIRECTION('',(-1.,0.,0.));
#1015 = DIRECTION('',(0.,0.,-1.));
#1016 = ADVANCED_FACE('',(#1017),#1028,.F.);
#1017 = FACE_BOUND('',#1018,.F.);
#1018 = EDGE_LOOP('',(#1019,#1020,#1026,#1027));
#1019 = ORIENTED_EDGE('',*,*,#725,.T.);
#1020 = ORIENTED_EDGE('',*,*,#1021,.T.);
#1021 = EDGE_CURVE('',#726,#997,#1022,.T.);
#1022 = LINE('',#1023,#1024);
#1023 = CARTESIAN_POINT('',(-10.,6.,-40.9));
#1024 = VECTOR('',#1025,1.);
#1025 = DIRECTION('',(1.,0.,0.));
#1026 = ORIENTED_EDGE('',*,*,#996,.F.);
#1027 = ORIENTED_EDGE('',*,*,#121,.F.);
#1028 = PLANE('',#1029);
#1029 = AXIS2_PLACEMENT_3D('',#1030,#1031,#1032);
#1030 = CARTESIAN_POINT('',(-10.,-1.44E-15,-40.9));
#1031 = DIRECTION('',(0.,0.,-1.));
#1032 = DIRECTION('',(1.,0.,0.));
#1033 = ADVANCED_FACE('',(#1034),#1052,.T.);
#1034 = FACE_BOUND('',#1035,.F.);
#1035 = EDGE_LOOP('',(#1036,#1037,#1038,#1046));
#1036 = ORIENTED_EDGE('',*,*,#249,.F.);
#1037 = ORIENTED_EDGE('',*,*,#567,.T.);
#1038 = ORIENTED_EDGE('',*,*,#1039,.F.);
#1039 = EDGE_CURVE('',#1040,#568,#1042,.T.);
#1040 = VERTEX_POINT('',#1041);
#1041 = CARTESIAN_POINT('',(10.,-19.,-53.));
#1042 = LINE('',#1043,#1044);
#1043 = CARTESIAN_POINT('',(9.75,-19.,-53.25));
#1044 = VECTOR('',#1045,1.);
#1045 = DIRECTION('',(-0.707106781187,-5.E-15,-0.707106781187));
#1046 = ORIENTED_EDGE('',*,*,#1047,.F.);
#1047 = EDGE_CURVE('',#242,#1040,#1048,.T.);
#1048 = LINE('',#1049,#1050);
#1049 = CARTESIAN_POINT('',(10.,-2.354E-14,-53.));
#1050 = VECTOR('',#1051,1.);
#1051 = DIRECTION('',(0.,-1.,4.4E-16));
#1052 = PLANE('',#1053);
#1053 = AXIS2_PLACEMENT_3D('',#1054,#1055,#1056);
#1054 = CARTESIAN_POINT('',(9.5,-2.376E-14,-53.5));
#1055 = DIRECTION('',(0.707106781187,0.,-0.707106781187));
#1056 = DIRECTION('',(-2.2E-16,1.,-2.2E-16));
#1057 = ADVANCED_FACE('',(#1058,#1186,#1220,#1254),#1305,.T.);
#1058 = FACE_BOUND('',#1059,.T.);
#1059 = EDGE_LOOP('',(#1060,#1061,#1062,#1070,#1078,#1084,#1085,#1093,
    #1101,#1107,#1108,#1116,#1124,#1132,#1140,#1148,#1156,#1164,#1172,
    #1180));
#1060 = ORIENTED_EDGE('',*,*,#1047,.F.);
#1061 = ORIENTED_EDGE('',*,*,#241,.T.);
#1062 = ORIENTED_EDGE('',*,*,#1063,.T.);
#1063 = EDGE_CURVE('',#234,#1064,#1066,.T.);
#1064 = VERTEX_POINT('',#1065);
#1065 = CARTESIAN_POINT('',(10.,6.,-47.1));
#1066 = LINE('',#1067,#1068);
#1067 = CARTESIAN_POINT('',(10.,-1.44E-15,-47.1));
#1068 = VECTOR('',#1069,1.);
#1069 = DIRECTION('',(0.,1.,0.));
#1070 = ORIENTED_EDGE('',*,*,#1071,.F.);
#1071 = EDGE_CURVE('',#1072,#1064,#1074,.T.);
#1072 = VERTEX_POINT('',#1073);
#1073 = CARTESIAN_POINT('',(10.,6.,-40.9));
#1074 = LINE('',#1075,#1076);
#1075 = CARTESIAN_POINT('',(10.,6.,-40.9));
#1076 = VECTOR('',#1077,1.);
#1077 = DIRECTION('',(0.,0.,-1.));
#1078 = ORIENTED_EDGE('',*,*,#1079,.F.);
#1079 = EDGE_CURVE('',#210,#1072,#1080,.T.);
#1080 = LINE('',#1081,#1082);
#1081 = CARTESIAN_POINT('',(10.,-1.44E-15,-40.9));
#1082 = VECTOR('',#1083,1.);
#1083 = DIRECTION('',(0.,1.,0.));
#1084 = ORIENTED_EDGE('',*,*,#209,.T.);
#1085 = ORIENTED_EDGE('',*,*,#1086,.T.);
#1086 = EDGE_CURVE('',#202,#1087,#1089,.T.);
#1087 = VERTEX_POINT('',#1088);
#1088 = CARTESIAN_POINT('',(10.,6.,-27.1));
#1089 = LINE('',#1090,#1091);
#1090 = CARTESIAN_POINT('',(10.,-1.44E-15,-27.1));
#1091 = VECTOR('',#1092,1.);
#1092 = DIRECTION('',(0.,1.,0.));
#1093 = ORIENTED_EDGE('',*,*,#1094,.F.);
#1094 = EDGE_CURVE('',#1095,#1087,#1097,.T.);
#1095 = VERTEX_POINT('',#1096);
#1096 = CARTESIAN_POINT('',(10.,6.,-20.9));
#1097 = LINE('',#1098,#1099);
#1098 = CARTESIAN_POINT('',(10.,6.,-20.9));
#1099 = VECTOR('',#1100,1.);
#1100 = DIRECTION('',(0.,0.,-1.));
#1101 = ORIENTED_EDGE('',*,*,#1102,.F.);
#1102 = EDGE_CURVE('',#178,#1095,#1103,.T.);
#1103 = LINE('',#1104,#1105);
#1104 = CARTESIAN_POINT('',(10.,-1.44E-15,-20.9));
#1105 = VECTOR('',#1106,1.);
#1106 = DIRECTION('',(0.,1.,0.));
#1107 = ORIENTED_EDGE('',*,*,#177,.T.);
#1108 = ORIENTED_EDGE('',*,*,#1109,.T.);
#1109 = EDGE_CURVE('',#170,#1110,#1112,.T.);
#1110 = VERTEX_POINT('',#1111);
#1111 = CARTESIAN_POINT('',(10.,19.,-13.9));
#1112 = LINE('',#1113,#1114);
#1113 = CARTESIAN_POINT('',(10.,-1.44E-15,-13.9));
#1114 = VECTOR('',#1115,1.);
#1115 = DIRECTION('',(0.,1.,0.));
#1116 = ORIENTED_EDGE('',*,*,#1117,.F.);
#1117 = EDGE_CURVE('',#1118,#1110,#1120,.T.);
#1118 = VERTEX_POINT('',#1119);
#1119 = CARTESIAN_POINT('',(10.,19.,22.5));
#1120 = LINE('',#1121,#1122);
#1121 = CARTESIAN_POINT('',(10.,19.,22.5));
#1122 = VECTOR('',#1123,1.);
#1123 = DIRECTION('',(0.,0.,-1.));
#1124 = ORIENTED_EDGE('',*,*,#1125,.F.);
#1125 = EDGE_CURVE('',#1126,#1118,#1128,.T.);
#1126 = VERTEX_POINT('',#1127);
#1127 = CARTESIAN_POINT('',(10.,-1.E-15,22.5));
#1128 = LINE('',#1129,#1130);
#1129 = CARTESIAN_POINT('',(10.,-1.44E-15,22.5));
#1130 = VECTOR('',#1131,1.);
#1131 = DIRECTION('',(0.,1.,0.));
#1132 = ORIENTED_EDGE('',*,*,#1133,.T.);
#1133 = EDGE_CURVE('',#1126,#1134,#1136,.T.);
#1134 = VERTEX_POINT('',#1135);
#1135 = CARTESIAN_POINT('',(10.,-4.,22.5));
#1136 = LINE('',#1137,#1138);
#1137 = CARTESIAN_POINT('',(10.,-1.E-15,22.5));
#1138 = VECTOR('',#1139,1.);
#1139 = DIRECTION('',(0.,-1.,0.));
#1140 = ORIENTED_EDGE('',*,*,#1141,.T.);
#1141 = EDGE_CURVE('',#1134,#1142,#1144,.T.);
#1142 = VERTEX_POINT('',#1143);
#1143 = CARTESIAN_POINT('',(10.,-4.,32.));
#1144 = LINE('',#1145,#1146);
#1145 = CARTESIAN_POINT('',(10.,-4.,-54.));
#1146 = VECTOR('',#1147,1.);
#1147 = DIRECTION('',(0.,0.,1.));
#1148 = ORIENTED_EDGE('',*,*,#1149,.F.);
#1149 = EDGE_CURVE('',#1150,#1142,#1152,.T.);
#1150 = VERTEX_POINT('',#1151);
#1151 = CARTESIAN_POINT('',(10.,-1.E-15,32.));
#1152 = LINE('',#1153,#1154);
#1153 = CARTESIAN_POINT('',(10.,-1.E-15,32.));
#1154 = VECTOR('',#1155,1.);
#1155 = DIRECTION('',(0.,-1.,0.));
#1156 = ORIENTED_EDGE('',*,*,#1157,.T.);
#1157 = EDGE_CURVE('',#1150,#1158,#1160,.T.);
#1158 = VERTEX_POINT('',#1159);
#1159 = CARTESIAN_POINT('',(10.,19.,32.));
#1160 = LINE('',#1161,#1162);
#1161 = CARTESIAN_POINT('',(10.,-1.44E-15,32.));
#1162 = VECTOR('',#1163,1.);
#1163 = DIRECTION('',(0.,1.,0.));
#1164 = ORIENTED_EDGE('',*,*,#1165,.F.);
#1165 = EDGE_CURVE('',#1166,#1158,#1168,.T.);
#1166 = VERTEX_POINT('',#1167);
#1167 = CARTESIAN_POINT('',(10.,19.,40.));
#1168 = LINE('',#1169,#1170);
#1169 = CARTESIAN_POINT('',(10.,19.,41.));
#1170 = VECTOR('',#1171,1.);
#1171 = DIRECTION('',(0.,0.,-1.));
#1172 = ORIENTED_EDGE('',*,*,#1173,.F.);
#1173 = EDGE_CURVE('',#1174,#1166,#1176,.T.);
#1174 = VERTEX_POINT('',#1175);
#1175 = CARTESIAN_POINT('',(10.,-19.,40.));
#1176 = LINE('',#1177,#1178);
#1177 = CARTESIAN_POINT('',(10.,-20.,40.));
#1178 = VECTOR('',#1179,1.);
#1179 = DIRECTION('',(0.,1.,0.));
#1180 = ORIENTED_EDGE('',*,*,#1181,.F.);
#1181 = EDGE_CURVE('',#1040,#1174,#1182,.T.);
#1182 = LINE('',#1183,#1184);
#1183 = CARTESIAN_POINT('',(10.,-19.,-54.));
#1184 = VECTOR('',#1185,1.);
#1185 = DIRECTION('',(0.,4.4E-16,1.));
#1186 = FACE_BOUND('',#1187,.T.);
#1187 = EDGE_LOOP('',(#1188,#1198,#1206,#1214));
#1188 = ORIENTED_EDGE('',*,*,#1189,.F.);
#1189 = EDGE_CURVE('',#1190,#1192,#1194,.T.);
#1190 = VERTEX_POINT('',#1191);
#1191 = CARTESIAN_POINT('',(10.,16.5,34.5));
#1192 = VERTEX_POINT('',#1193);
#1193 = CARTESIAN_POINT('',(10.,16.5,38.5));
#1194 = LINE('',#1195,#1196);
#1195 = CARTESIAN_POINT('',(10.,16.5,34.5));
#1196 = VECTOR('',#1197,1.);
#1197 = DIRECTION('',(0.,0.,1.));
#1198 = ORIENTED_EDGE('',*,*,#1199,.F.);
#1199 = EDGE_CURVE('',#1200,#1190,#1202,.T.);
#1200 = VERTEX_POINT('',#1201);
#1201 = CARTESIAN_POINT('',(10.,-1.5,34.5));
#1202 = LINE('',#1203,#1204);
#1203 = CARTESIAN_POINT('',(10.,-1.5,34.5));
#1204 = VECTOR('',#1205,1.);
#1205 = DIRECTION('',(0.,1.,0.));
#1206 = ORIENTED_EDGE('',*,*,#1207,.F.);
#1207 = EDGE_CURVE('',#1208,#1200,#1210,.T.);
#1208 = VERTEX_POINT('',#1209);
#1209 = CARTESIAN_POINT('',(10.,-1.5,38.5));
#1210 = LINE('',#1211,#1212);
#1211 = CARTESIAN_POINT('',(10.,-1.5,38.5));
#1212 = VECTOR('',#1213,1.);
#1213 = DIRECTION('',(0.,0.,-1.));
#1214 = ORIENTED_EDGE('',*,*,#1215,.F.);
#1215 = EDGE_CURVE('',#1192,#1208,#1216,.T.);
#1216 = LINE('',#1217,#1218);
#1217 = CARTESIAN_POINT('',(10.,16.5,38.5));
#1218 = VECTOR('',#1219,1.);
#1219 = DIRECTION('',(0.,-1.,0.));
#1220 = FACE_BOUND('',#1221,.T.);
#1221 = EDGE_LOOP('',(#1222,#1232,#1240,#1248));
#1222 = ORIENTED_EDGE('',*,*,#1223,.F.);
#1223 = EDGE_CURVE('',#1224,#1226,#1228,.T.);
#1224 = VERTEX_POINT('',#1225);
#1225 = CARTESIAN_POINT('',(10.,16.499999999961,20.));
#1226 = VERTEX_POINT('',#1227);
#1227 = CARTESIAN_POINT('',(10.,-1.5,20.));
#1228 = LINE('',#1229,#1230);
#1229 = CARTESIAN_POINT('',(10.,16.499999999961,20.));
#1230 = VECTOR('',#1231,1.);
#1231 = DIRECTION('',(0.,-1.,0.));
#1232 = ORIENTED_EDGE('',*,*,#1233,.F.);
#1233 = EDGE_CURVE('',#1234,#1224,#1236,.T.);
#1234 = VERTEX_POINT('',#1235);
#1235 = CARTESIAN_POINT('',(10.,16.499999999961,16.));
#1236 = LINE('',#1237,#1238);
#1237 = CARTESIAN_POINT('',(10.,16.499999999961,16.));
#1238 = VECTOR('',#1239,1.);
#1239 = DIRECTION('',(0.,0.,1.));
#1240 = ORIENTED_EDGE('',*,*,#1241,.F.);
#1241 = EDGE_CURVE('',#1242,#1234,#1244,.T.);
#1242 = VERTEX_POINT('',#1243);
#1243 = CARTESIAN_POINT('',(10.,-1.5,16.));
#1244 = LINE('',#1245,#1246);
#1245 = CARTESIAN_POINT('',(10.,-1.5,16.));
#1246 = VECTOR('',#1247,1.);
#1247 = DIRECTION('',(0.,1.,0.));
#1248 = ORIENTED_EDGE('',*,*,#1249,.F.);
#1249 = EDGE_CURVE('',#1226,#1242,#1250,.T.);
#1250 = LINE('',#1251,#1252);
#1251 = CARTESIAN_POINT('',(10.,-1.5,20.));
#1252 = VECTOR('',#1253,1.);
#1253 = DIRECTION('',(0.,0.,-1.));
#1254 = FACE_BOUND('',#1255,.T.);
#1255 = EDGE_LOOP('',(#1256,#1266,#1275,#1283,#1291,#1299));
#1256 = ORIENTED_EDGE('',*,*,#1257,.F.);
#1257 = EDGE_CURVE('',#1258,#1260,#1262,.T.);
#1258 = VERTEX_POINT('',#1259);
#1259 = CARTESIAN_POINT('',(10.,16.499999999961,-5.));
#1260 = VERTEX_POINT('',#1261);
#1261 = CARTESIAN_POINT('',(10.,16.499999999961,9.));
#1262 = LINE('',#1263,#1264);
#1263 = CARTESIAN_POINT('',(10.,16.499999999961,-7.));
#1264 = VECTOR('',#1265,1.);
#1265 = DIRECTION('',(0.,0.,1.));
#1266 = ORIENTED_EDGE('',*,*,#1267,.T.);
#1267 = EDGE_CURVE('',#1258,#1268,#1270,.T.);
#1268 = VERTEX_POINT('',#1269);
#1269 = CARTESIAN_POINT('',(10.,14.499999999961,-7.));
#1270 = CIRCLE('',#1271,2.);
#1271 = AXIS2_PLACEMENT_3D('',#1272,#1273,#1274);
#1272 = CARTESIAN_POINT('',(10.,14.499999999961,-5.));
#1273 = DIRECTION('',(-1.,0.,2.2E-16));
#1274 = DIRECTION('',(-2.2E-16,0.,-1.));
#1275 = ORIENTED_EDGE('',*,*,#1276,.F.);
#1276 = EDGE_CURVE('',#1277,#1268,#1279,.T.);
#1277 = VERTEX_POINT('',#1278);
#1278 = CARTESIAN_POINT('',(10.,-1.5,-7.));
#1279 = LINE('',#1280,#1281);
#1280 = CARTESIAN_POINT('',(10.,-1.5,-7.));
#1281 = VECTOR('',#1282,1.);
#1282 = DIRECTION('',(0.,1.,0.));
#1283 = ORIENTED_EDGE('',*,*,#1284,.F.);
#1284 = EDGE_CURVE('',#1285,#1277,#1287,.T.);
#1285 = VERTEX_POINT('',#1286);
#1286 = CARTESIAN_POINT('',(10.,-1.5,13.));
#1287 = LINE('',#1288,#1289);
#1288 = CARTESIAN_POINT('',(10.,-1.5,13.));
#1289 = VECTOR('',#1290,1.);
#1290 = DIRECTION('',(0.,0.,-1.));
#1291 = ORIENTED_EDGE('',*,*,#1292,.F.);
#1292 = EDGE_CURVE('',#1293,#1285,#1295,.T.);
#1293 = VERTEX_POINT('',#1294);
#1294 = CARTESIAN_POINT('',(10.,12.499999999961,13.));
#1295 = LINE('',#1296,#1297);
#1296 = CARTESIAN_POINT('',(10.,16.499999999961,13.));
#1297 = VECTOR('',#1298,1.);
#1298 = DIRECTION('',(0.,-1.,0.));
#1299 = ORIENTED_EDGE('',*,*,#1300,.F.);
#1300 = EDGE_CURVE('',#1260,#1293,#1301,.T.);
#1301 = LINE('',#1302,#1303);
#1302 = CARTESIAN_POINT('',(10.,13.799700598773,11.700299401188));
#1303 = VECTOR('',#1304,1.);
#1304 = DIRECTION('',(0.,-0.707106781187,0.707106781187));
#1305 = PLANE('',#1306);
#1306 = AXIS2_PLACEMENT_3D('',#1307,#1308,#1309);
#1307 = CARTESIAN_POINT('',(10.,-1.334131736527,-2.032934131737));
#1308 = DIRECTION('',(1.,0.,0.));
#1309 = DIRECTION('',(0.,-1.,0.));
#1310 = ADVANCED_FACE('',(#1311),#1329,.F.);
#1311 = FACE_BOUND('',#1312,.F.);
#1312 = EDGE_LOOP('',(#1313,#1321,#1327,#1328));
#1313 = ORIENTED_EDGE('',*,*,#1314,.T.);
#1314 = EDGE_CURVE('',#138,#1315,#1317,.T.);
#1315 = VERTEX_POINT('',#1316);
#1316 = CARTESIAN_POINT('',(-6.5,6.,-27.1));
#1317 = LINE('',#1318,#1319);
#1318 = CARTESIAN_POINT('',(-6.5,-1.44E-15,-27.1));
#1319 = VECTOR('',#1320,1.);
#1320 = DIRECTION('',(0.,1.,0.));
#1321 = ORIENTED_EDGE('',*,*,#1322,.T.);
#1322 = EDGE_CURVE('',#1315,#711,#1323,.T.);
#1323 = LINE('',#1324,#1325);
#1324 = CARTESIAN_POINT('',(-6.5,6.,-27.1));
#1325 = VECTOR('',#1326,1.);
#1326 = DIRECTION('',(-1.,0.,-0.));
#1327 = ORIENTED_EDGE('',*,*,#718,.F.);
#1328 = ORIENTED_EDGE('',*,*,#137,.F.);
#1329 = PLANE('',#1330);
#1330 = AXIS2_PLACEMENT_3D('',#1331,#1332,#1333);
#1331 = CARTESIAN_POINT('',(-6.5,-1.44E-15,-27.1));
#1332 = DIRECTION('',(0.,0.,1.));
#1333 = DIRECTION('',(-1.,0.,0.));
#1334 = ADVANCED_FACE('',(#1335),#1353,.F.);
#1335 = FACE_BOUND('',#1336,.F.);
#1336 = EDGE_LOOP('',(#1337,#1338,#1346,#1352));
#1337 = ORIENTED_EDGE('',*,*,#1063,.T.);
#1338 = ORIENTED_EDGE('',*,*,#1339,.T.);
#1339 = EDGE_CURVE('',#1064,#1340,#1342,.T.);
#1340 = VERTEX_POINT('',#1341);
#1341 = CARTESIAN_POINT('',(6.5,6.,-47.1));
#1342 = LINE('',#1343,#1344);
#1343 = CARTESIAN_POINT('',(10.,6.,-47.1));
#1344 = VECTOR('',#1345,1.);
#1345 = DIRECTION('',(-1.,0.,-0.));
#1346 = ORIENTED_EDGE('',*,*,#1347,.F.);
#1347 = EDGE_CURVE('',#226,#1340,#1348,.T.);
#1348 = LINE('',#1349,#1350);
#1349 = CARTESIAN_POINT('',(6.5,-1.44E-15,-47.1));
#1350 = VECTOR('',#1351,1.);
#1351 = DIRECTION('',(0.,1.,0.));
#1352 = ORIENTED_EDGE('',*,*,#233,.F.);
#1353 = PLANE('',#1354);
#1354 = AXIS2_PLACEMENT_3D('',#1355,#1356,#1357);
#1355 = CARTESIAN_POINT('',(10.,-1.44E-15,-47.1));
#1356 = DIRECTION('',(0.,0.,1.));
#1357 = DIRECTION('',(-1.,0.,0.));
#1358 = ADVANCED_FACE('',(#1359),#1377,.F.);
#1359 = FACE_BOUND('',#1360,.F.);
#1360 = EDGE_LOOP('',(#1361,#1369,#1375,#1376));
#1361 = ORIENTED_EDGE('',*,*,#1362,.T.);
#1362 = EDGE_CURVE('',#146,#1363,#1365,.T.);
#1363 = VERTEX_POINT('',#1364);
#1364 = CARTESIAN_POINT('',(-6.5,6.,-20.9));
#1365 = LINE('',#1366,#1367);
#1366 = CARTESIAN_POINT('',(-6.5,-1.44E-15,-20.9));
#1367 = VECTOR('',#1368,1.);
#1368 = DIRECTION('',(0.,1.,0.));
#1369 = ORIENTED_EDGE('',*,*,#1370,.T.);
#1370 = EDGE_CURVE('',#1363,#1315,#1371,.T.);
#1371 = LINE('',#1372,#1373);
#1372 = CARTESIAN_POINT('',(-6.5,6.,-20.9));
#1373 = VECTOR('',#1374,1.);
#1374 = DIRECTION('',(0.,0.,-1.));
#1375 = ORIENTED_EDGE('',*,*,#1314,.F.);
#1376 = ORIENTED_EDGE('',*,*,#145,.F.);
#1377 = PLANE('',#1378);
#1378 = AXIS2_PLACEMENT_3D('',#1379,#1380,#1381);
#1379 = CARTESIAN_POINT('',(-6.5,-1.44E-15,-20.9));
#1380 = DIRECTION('',(-1.,0.,0.));
#1381 = DIRECTION('',(0.,0.,-1.));
#1382 = ADVANCED_FACE('',(#1383),#1401,.F.);
#1383 = FACE_BOUND('',#1384,.F.);
#1384 = EDGE_LOOP('',(#1385,#1386,#1394,#1400));
#1385 = ORIENTED_EDGE('',*,*,#1347,.T.);
#1386 = ORIENTED_EDGE('',*,*,#1387,.T.);
#1387 = EDGE_CURVE('',#1340,#1388,#1390,.T.);
#1388 = VERTEX_POINT('',#1389);
#1389 = CARTESIAN_POINT('',(6.5,6.,-40.9));
#1390 = LINE('',#1391,#1392);
#1391 = CARTESIAN_POINT('',(6.5,6.,-47.1));
#1392 = VECTOR('',#1393,1.);
#1393 = DIRECTION('',(0.,0.,1.));
#1394 = ORIENTED_EDGE('',*,*,#1395,.F.);
#1395 = EDGE_CURVE('',#218,#1388,#1396,.T.);
#1396 = LINE('',#1397,#1398);
#1397 = CARTESIAN_POINT('',(6.5,-1.44E-15,-40.9));
#1398 = VECTOR('',#1399,1.);
#1399 = DIRECTION('',(0.,1.,0.));
#1400 = ORIENTED_EDGE('',*,*,#225,.F.);
#1401 = PLANE('',#1402);
#1402 = AXIS2_PLACEMENT_3D('',#1403,#1404,#1405);
#1403 = CARTESIAN_POINT('',(6.5,-1.44E-15,-47.1));
#1404 = DIRECTION('',(1.,0.,0.));
#1405 = DIRECTION('',(0.,0.,1.));
#1406 = ADVANCED_FACE('',(#1407),#1418,.F.);
#1407 = FACE_BOUND('',#1408,.F.);
#1408 = EDGE_LOOP('',(#1409,#1410,#1416,#1417));
#1409 = ORIENTED_EDGE('',*,*,#702,.T.);
#1410 = ORIENTED_EDGE('',*,*,#1411,.T.);
#1411 = EDGE_CURVE('',#703,#1363,#1412,.T.);
#1412 = LINE('',#1413,#1414);
#1413 = CARTESIAN_POINT('',(-10.,6.,-20.9));
#1414 = VECTOR('',#1415,1.);
#1415 = DIRECTION('',(1.,0.,0.));
#1416 = ORIENTED_EDGE('',*,*,#1362,.F.);
#1417 = ORIENTED_EDGE('',*,*,#153,.F.);
#1418 = PLANE('',#1419);
#1419 = AXIS2_PLACEMENT_3D('',#1420,#1421,#1422);
#1420 = CARTESIAN_POINT('',(-10.,-1.44E-15,-20.9));
#1421 = DIRECTION('',(0.,0.,-1.));
#1422 = DIRECTION('',(1.,0.,0.));
#1423 = ADVANCED_FACE('',(#1424),#1435,.F.);
#1424 = FACE_BOUND('',#1425,.F.);
#1425 = EDGE_LOOP('',(#1426,#1427,#1433,#1434));
#1426 = ORIENTED_EDGE('',*,*,#1395,.T.);
#1427 = ORIENTED_EDGE('',*,*,#1428,.T.);
#1428 = EDGE_CURVE('',#1388,#1072,#1429,.T.);
#1429 = LINE('',#1430,#1431);
#1430 = CARTESIAN_POINT('',(6.5,6.,-40.9));
#1431 = VECTOR('',#1432,1.);
#1432 = DIRECTION('',(1.,0.,0.));
#1433 = ORIENTED_EDGE('',*,*,#1079,.F.);
#1434 = ORIENTED_EDGE('',*,*,#217,.F.);
#1435 = PLANE('',#1436);
#1436 = AXIS2_PLACEMENT_3D('',#1437,#1438,#1439);
#1437 = CARTESIAN_POINT('',(6.5,-1.44E-15,-40.9));
#1438 = DIRECTION('',(0.,0.,-1.));
#1439 = DIRECTION('',(1.,0.,0.));
#1440 = ADVANCED_FACE('',(#1441,#1468),#1504,.F.);
#1441 = FACE_BOUND('',#1442,.F.);
#1442 = EDGE_LOOP('',(#1443,#1444,#1452,#1460,#1466,#1467));
#1443 = ORIENTED_EDGE('',*,*,#1109,.T.);
#1444 = ORIENTED_EDGE('',*,*,#1445,.F.);
#1445 = EDGE_CURVE('',#1446,#1110,#1448,.T.);
#1446 = VERTEX_POINT('',#1447);
#1447 = CARTESIAN_POINT('',(9.,20.,-13.9));
#1448 = LINE('',#1449,#1450);
#1449 = CARTESIAN_POINT('',(14.5,14.5,-13.9));
#1450 = VECTOR('',#1451,1.);
#1451 = DIRECTION('',(0.707106781187,-0.707106781187,0.));
#1452 = ORIENTED_EDGE('',*,*,#1453,.T.);
#1453 = EDGE_CURVE('',#1446,#1454,#1456,.T.);
#1454 = VERTEX_POINT('',#1455);
#1455 = CARTESIAN_POINT('',(-9.,20.,-13.9));
#1456 = LINE('',#1457,#1458);
#1457 = CARTESIAN_POINT('',(10.,20.,-13.9));
#1458 = VECTOR('',#1459,1.);
#1459 = DIRECTION('',(-1.,0.,-0.));
#1460 = ORIENTED_EDGE('',*,*,#1461,.T.);
#1461 = EDGE_CURVE('',#1454,#688,#1462,.T.);
#1462 = LINE('',#1463,#1464);
#1463 = CARTESIAN_POINT('',(-9.5,19.5,-13.9));
#1464 = VECTOR('',#1465,1.);
#1465 = DIRECTION('',(-0.707106781187,-0.707106781187,0.));
#1466 = ORIENTED_EDGE('',*,*,#695,.F.);
#1467 = ORIENTED_EDGE('',*,*,#169,.F.);
#1468 = FACE_BOUND('',#1469,.F.);
#1469 = EDGE_LOOP('',(#1470,#1481,#1489,#1498));
#1470 = ORIENTED_EDGE('',*,*,#1471,.F.);
#1471 = EDGE_CURVE('',#1472,#1474,#1476,.T.);
#1472 = VERTEX_POINT('',#1473);
#1473 = CARTESIAN_POINT('',(2.499993777015,10.,-13.9));
#1474 = VERTEX_POINT('',#1475);
#1475 = CARTESIAN_POINT('',(-2.499993777015,10.,-13.9));
#1476 = CIRCLE('',#1477,2.499993777015);
#1477 = AXIS2_PLACEMENT_3D('',#1478,#1479,#1480);
#1478 = CARTESIAN_POINT('',(1.83E-15,10.,-13.9));
#1479 = DIRECTION('',(0.,2.2E-16,1.));
#1480 = DIRECTION('',(-1.,0.,0.));
#1481 = ORIENTED_EDGE('',*,*,#1482,.T.);
#1482 = EDGE_CURVE('',#1472,#1483,#1485,.T.);
#1483 = VERTEX_POINT('',#1484);
#1484 = CARTESIAN_POINT('',(2.499993777015,5.,-13.9));
#1485 = LINE('',#1486,#1487);
#1486 = CARTESIAN_POINT('',(2.499993777015,5.,-13.9));
#1487 = VECTOR('',#1488,1.);
#1488 = DIRECTION('',(0.,-1.,0.));
#1489 = ORIENTED_EDGE('',*,*,#1490,.F.);
#1490 = EDGE_CURVE('',#1491,#1483,#1493,.T.);
#1491 = VERTEX_POINT('',#1492);
#1492 = CARTESIAN_POINT('',(-2.499993777015,5.,-13.9));
#1493 = CIRCLE('',#1494,2.499993777015);
#1494 = AXIS2_PLACEMENT_3D('',#1495,#1496,#1497);
#1495 = CARTESIAN_POINT('',(1.92E-15,5.,-13.9));
#1496 = DIRECTION('',(0.,2.2E-16,1.));
#1497 = DIRECTION('',(-1.,0.,0.));
#1498 = ORIENTED_EDGE('',*,*,#1499,.F.);
#1499 = EDGE_CURVE('',#1474,#1491,#1500,.T.);
#1500 = LINE('',#1501,#1502);
#1501 = CARTESIAN_POINT('',(-2.499993777015,5.,-13.9));
#1502 = VECTOR('',#1503,1.);
#1503 = DIRECTION('',(0.,-1.,0.));
#1504 = PLANE('',#1505);
#1505 = AXIS2_PLACEMENT_3D('',#1506,#1507,#1508);
#1506 = CARTESIAN_POINT('',(10.,-1.44E-15,-13.9));
#1507 = DIRECTION('',(0.,0.,1.));
#1508 = DIRECTION('',(-1.,0.,0.));
#1509 = ADVANCED_FACE('',(#1510),#1528,.F.);
#1510 = FACE_BOUND('',#1511,.F.);
#1511 = EDGE_LOOP('',(#1512,#1513,#1521,#1527));
#1512 = ORIENTED_EDGE('',*,*,#1086,.T.);
#1513 = ORIENTED_EDGE('',*,*,#1514,.T.);
#1514 = EDGE_CURVE('',#1087,#1515,#1517,.T.);
#1515 = VERTEX_POINT('',#1516);
#1516 = CARTESIAN_POINT('',(6.5,6.,-27.1));
#1517 = LINE('',#1518,#1519);
#1518 = CARTESIAN_POINT('',(10.,6.,-27.1));
#1519 = VECTOR('',#1520,1.);
#1520 = DIRECTION('',(-1.,0.,-0.));
#1521 = ORIENTED_EDGE('',*,*,#1522,.F.);
#1522 = EDGE_CURVE('',#194,#1515,#1523,.T.);
#1523 = LINE('',#1524,#1525);
#1524 = CARTESIAN_POINT('',(6.5,-1.44E-15,-27.1));
#1525 = VECTOR('',#1526,1.);
#1526 = DIRECTION('',(0.,1.,0.));
#1527 = ORIENTED_EDGE('',*,*,#201,.F.);
#1528 = PLANE('',#1529);
#1529 = AXIS2_PLACEMENT_3D('',#1530,#1531,#1532);
#1530 = CARTESIAN_POINT('',(10.,-1.44E-15,-27.1));
#1531 = DIRECTION('',(0.,0.,1.));
#1532 = DIRECTION('',(-1.,0.,0.));
#1533 = ADVANCED_FACE('',(#1534),#1552,.F.);
#1534 = FACE_BOUND('',#1535,.F.);
#1535 = EDGE_LOOP('',(#1536,#1537,#1545,#1551));
#1536 = ORIENTED_EDGE('',*,*,#1522,.T.);
#1537 = ORIENTED_EDGE('',*,*,#1538,.T.);
#1538 = EDGE_CURVE('',#1515,#1539,#1541,.T.);
#1539 = VERTEX_POINT('',#1540);
#1540 = CARTESIAN_POINT('',(6.5,6.,-20.9));
#1541 = LINE('',#1542,#1543);
#1542 = CARTESIAN_POINT('',(6.5,6.,-27.1));
#1543 = VECTOR('',#1544,1.);
#1544 = DIRECTION('',(0.,0.,1.));
#1545 = ORIENTED_EDGE('',*,*,#1546,.F.);
#1546 = EDGE_CURVE('',#186,#1539,#1547,.T.);
#1547 = LINE('',#1548,#1549);
#1548 = CARTESIAN_POINT('',(6.5,-1.44E-15,-20.9));
#1549 = VECTOR('',#1550,1.);
#1550 = DIRECTION('',(0.,1.,0.));
#1551 = ORIENTED_EDGE('',*,*,#193,.F.);
#1552 = PLANE('',#1553);
#1553 = AXIS2_PLACEMENT_3D('',#1554,#1555,#1556);
#1554 = CARTESIAN_POINT('',(6.5,-1.44E-15,-27.1));
#1555 = DIRECTION('',(1.,0.,0.));
#1556 = DIRECTION('',(0.,0.,1.));
#1557 = ADVANCED_FACE('',(#1558),#1569,.F.);
#1558 = FACE_BOUND('',#1559,.F.);
#1559 = EDGE_LOOP('',(#1560,#1561,#1567,#1568));
#1560 = ORIENTED_EDGE('',*,*,#1546,.T.);
#1561 = ORIENTED_EDGE('',*,*,#1562,.T.);
#1562 = EDGE_CURVE('',#1539,#1095,#1563,.T.);
#1563 = LINE('',#1564,#1565);
#1564 = CARTESIAN_POINT('',(6.5,6.,-20.9));
#1565 = VECTOR('',#1566,1.);
#1566 = DIRECTION('',(1.,0.,0.));
#1567 = ORIENTED_EDGE('',*,*,#1102,.F.);
#1568 = ORIENTED_EDGE('',*,*,#185,.F.);
#1569 = PLANE('',#1570);
#1570 = AXIS2_PLACEMENT_3D('',#1571,#1572,#1573);
#1571 = CARTESIAN_POINT('',(6.5,-1.44E-15,-20.9));
#1572 = DIRECTION('',(0.,0.,-1.));
#1573 = DIRECTION('',(1.,0.,0.));
#1574 = ADVANCED_FACE('',(#1575),#1600,.F.);
#1575 = FACE_BOUND('',#1576,.F.);
#1576 = EDGE_LOOP('',(#1577,#1585,#1593,#1599));
#1577 = ORIENTED_EDGE('',*,*,#1578,.T.);
#1578 = EDGE_CURVE('',#290,#1579,#1581,.T.);
#1579 = VERTEX_POINT('',#1580);
#1580 = CARTESIAN_POINT('',(3.1,6.,-14.1));
#1581 = LINE('',#1582,#1583);
#1582 = CARTESIAN_POINT('',(3.1,-1.44E-15,-14.1));
#1583 = VECTOR('',#1584,1.);
#1584 = DIRECTION('',(0.,1.,0.));
#1585 = ORIENTED_EDGE('',*,*,#1586,.T.);
#1586 = EDGE_CURVE('',#1579,#1587,#1589,.T.);
#1587 = VERTEX_POINT('',#1588);
#1588 = CARTESIAN_POINT('',(3.1,6.,-17.5));
#1589 = LINE('',#1590,#1591);
#1590 = CARTESIAN_POINT('',(3.1,6.,-14.1));
#1591 = VECTOR('',#1592,1.);
#1592 = DIRECTION('',(0.,0.,-1.));
#1593 = ORIENTED_EDGE('',*,*,#1594,.F.);
#1594 = EDGE_CURVE('',#292,#1587,#1595,.T.);
#1595 = LINE('',#1596,#1597);
#1596 = CARTESIAN_POINT('',(3.1,-1.44E-15,-17.5));
#1597 = VECTOR('',#1598,1.);
#1598 = DIRECTION('',(0.,1.,0.));
#1599 = ORIENTED_EDGE('',*,*,#289,.F.);
#1600 = PLANE('',#1601);
#1601 = AXIS2_PLACEMENT_3D('',#1602,#1603,#1604);
#1602 = CARTESIAN_POINT('',(3.1,-1.44E-15,-14.1));
#1603 = DIRECTION('',(-1.,0.,0.));
#1604 = DIRECTION('',(0.,0.,-1.));
#1605 = ADVANCED_FACE('',(#1606),#1657,.F.);
#1606 = FACE_BOUND('',#1607,.F.);
#1607 = EDGE_LOOP('',(#1608,#1609,#1617,#1625,#1633,#1642,#1650,#1656));
#1608 = ORIENTED_EDGE('',*,*,#299,.F.);
#1609 = ORIENTED_EDGE('',*,*,#1610,.T.);
#1610 = EDGE_CURVE('',#300,#1611,#1613,.T.);
#1611 = VERTEX_POINT('',#1612);
#1612 = CARTESIAN_POINT('',(-3.100000000046,6.,-14.1));
#1613 = LINE('',#1614,#1615);
#1614 = CARTESIAN_POINT('',(-3.100000000046,-1.44E-15,-14.1));
#1615 = VECTOR('',#1616,1.);
#1616 = DIRECTION('',(0.,1.,0.));
#1617 = ORIENTED_EDGE('',*,*,#1618,.T.);
#1618 = EDGE_CURVE('',#1611,#1619,#1621,.T.);
#1619 = VERTEX_POINT('',#1620);
#1620 = CARTESIAN_POINT('',(-2.499993777015,6.,-14.1));
#1621 = LINE('',#1622,#1623);
#1622 = CARTESIAN_POINT('',(-3.100000000046,6.,-14.1));
#1623 = VECTOR('',#1624,1.);
#1624 = DIRECTION('',(1.,0.,0.));
#1625 = ORIENTED_EDGE('',*,*,#1626,.F.);
#1626 = EDGE_CURVE('',#1627,#1619,#1629,.T.);
#1627 = VERTEX_POINT('',#1628);
#1628 = CARTESIAN_POINT('',(-2.499993777015,5.,-14.1));
#1629 = LINE('',#1630,#1631);
#1630 = CARTESIAN_POINT('',(-2.499993777015,5.,-14.1));
#1631 = VECTOR('',#1632,1.);
#1632 = DIRECTION('',(0.,1.,0.));
#1633 = ORIENTED_EDGE('',*,*,#1634,.T.);
#1634 = EDGE_CURVE('',#1627,#1635,#1637,.T.);
#1635 = VERTEX_POINT('',#1636);
#1636 = CARTESIAN_POINT('',(2.499993777015,5.,-14.1));
#1637 = CIRCLE('',#1638,2.499993777015);
#1638 = AXIS2_PLACEMENT_3D('',#1639,#1640,#1641);
#1639 = CARTESIAN_POINT('',(1.92E-15,5.,-14.1));
#1640 = DIRECTION('',(0.,2.2E-16,1.));
#1641 = DIRECTION('',(-1.,0.,0.));
#1642 = ORIENTED_EDGE('',*,*,#1643,.T.);
#1643 = EDGE_CURVE('',#1635,#1644,#1646,.T.);
#1644 = VERTEX_POINT('',#1645);
#1645 = CARTESIAN_POINT('',(2.499993777015,6.,-14.1));
#1646 = LINE('',#1647,#1648);
#1647 = CARTESIAN_POINT('',(2.499993777015,5.,-14.1));
#1648 = VECTOR('',#1649,1.);
#1649 = DIRECTION('',(0.,1.,0.));
#1650 = ORIENTED_EDGE('',*,*,#1651,.T.);
#1651 = EDGE_CURVE('',#1644,#1579,#1652,.T.);
#1652 = LINE('',#1653,#1654);
#1653 = CARTESIAN_POINT('',(-3.100000000046,6.,-14.1));
#1654 = VECTOR('',#1655,1.);
#1655 = DIRECTION('',(1.,0.,0.));
#1656 = ORIENTED_EDGE('',*,*,#1578,.F.);
#1657 = PLANE('',#1658);
#1658 = AXIS2_PLACEMENT_3D('',#1659,#1660,#1661);
#1659 = CARTESIAN_POINT('',(-3.100000000046,-1.44E-15,-14.1));
#1660 = DIRECTION('',(0.,0.,-1.));
#1661 = DIRECTION('',(1.,0.,0.));
#1662 = ADVANCED_FACE('',(#1663),#1714,.F.);
#1663 = FACE_BOUND('',#1664,.F.);
#1664 = EDGE_LOOP('',(#1665,#1666,#1667,#1675,#1683,#1692,#1700,#1708));
#1665 = ORIENTED_EDGE('',*,*,#315,.F.);
#1666 = ORIENTED_EDGE('',*,*,#1594,.T.);
#1667 = ORIENTED_EDGE('',*,*,#1668,.T.);
#1668 = EDGE_CURVE('',#1587,#1669,#1671,.T.);
#1669 = VERTEX_POINT('',#1670);
#1670 = CARTESIAN_POINT('',(2.499993777015,6.,-17.5));
#1671 = LINE('',#1672,#1673);
#1672 = CARTESIAN_POINT('',(3.1,6.,-17.5));
#1673 = VECTOR('',#1674,1.);
#1674 = DIRECTION('',(-1.,0.,-0.));
#1675 = ORIENTED_EDGE('',*,*,#1676,.T.);
#1676 = EDGE_CURVE('',#1669,#1677,#1679,.T.);
#1677 = VERTEX_POINT('',#1678);
#1678 = CARTESIAN_POINT('',(2.499993777015,5.,-17.5));
#1679 = LINE('',#1680,#1681);
#1680 = CARTESIAN_POINT('',(2.499993777015,5.,-17.5));
#1681 = VECTOR('',#1682,1.);
#1682 = DIRECTION('',(0.,-1.,0.));
#1683 = ORIENTED_EDGE('',*,*,#1684,.F.);
#1684 = EDGE_CURVE('',#1685,#1677,#1687,.T.);
#1685 = VERTEX_POINT('',#1686);
#1686 = CARTESIAN_POINT('',(-2.499993777015,5.,-17.5));
#1687 = CIRCLE('',#1688,2.499993777015);
#1688 = AXIS2_PLACEMENT_3D('',#1689,#1690,#1691);
#1689 = CARTESIAN_POINT('',(1.92E-15,5.,-17.5));
#1690 = DIRECTION('',(0.,2.2E-16,1.));
#1691 = DIRECTION('',(-1.,0.,0.));
#1692 = ORIENTED_EDGE('',*,*,#1693,.F.);
#1693 = EDGE_CURVE('',#1694,#1685,#1696,.T.);
#1694 = VERTEX_POINT('',#1695);
#1695 = CARTESIAN_POINT('',(-2.499993777015,6.,-17.5));
#1696 = LINE('',#1697,#1698);
#1697 = CARTESIAN_POINT('',(-2.499993777015,5.,-17.5));
#1698 = VECTOR('',#1699,1.);
#1699 = DIRECTION('',(0.,-1.,0.));
#1700 = ORIENTED_EDGE('',*,*,#1701,.T.);
#1701 = EDGE_CURVE('',#1694,#1702,#1704,.T.);
#1702 = VERTEX_POINT('',#1703);
#1703 = CARTESIAN_POINT('',(-3.100000000046,6.,-17.5));
#1704 = LINE('',#1705,#1706);
#1705 = CARTESIAN_POINT('',(3.1,6.,-17.5));
#1706 = VECTOR('',#1707,1.);
#1707 = DIRECTION('',(-1.,0.,-0.));
#1708 = ORIENTED_EDGE('',*,*,#1709,.F.);
#1709 = EDGE_CURVE('',#308,#1702,#1710,.T.);
#1710 = LINE('',#1711,#1712);
#1711 = CARTESIAN_POINT('',(-3.100000000046,-1.44E-15,-17.5));
#1712 = VECTOR('',#1713,1.);
#1713 = DIRECTION('',(0.,1.,0.));
#1714 = PLANE('',#1715);
#1715 = AXIS2_PLACEMENT_3D('',#1716,#1717,#1718);
#1716 = CARTESIAN_POINT('',(3.1,-1.44E-15,-17.5));
#1717 = DIRECTION('',(0.,0.,1.));
#1718 = DIRECTION('',(-1.,0.,0.));
#1719 = ADVANCED_FACE('',(#1720),#1731,.F.);
#1720 = FACE_BOUND('',#1721,.F.);
#1721 = EDGE_LOOP('',(#1722,#1723,#1729,#1730));
#1722 = ORIENTED_EDGE('',*,*,#1709,.T.);
#1723 = ORIENTED_EDGE('',*,*,#1724,.T.);
#1724 = EDGE_CURVE('',#1702,#1611,#1725,.T.);
#1725 = LINE('',#1726,#1727);
#1726 = CARTESIAN_POINT('',(-3.100000000046,6.,-17.5));
#1727 = VECTOR('',#1728,1.);
#1728 = DIRECTION('',(0.,0.,1.));
#1729 = ORIENTED_EDGE('',*,*,#1610,.F.);
#1730 = ORIENTED_EDGE('',*,*,#307,.F.);
#1731 = PLANE('',#1732);
#1732 = AXIS2_PLACEMENT_3D('',#1733,#1734,#1735);
#1733 = CARTESIAN_POINT('',(-3.100000000046,-1.44E-15,-17.5));
#1734 = DIRECTION('',(1.,0.,0.));
#1735 = DIRECTION('',(0.,0.,1.));
#1736 = ADVANCED_FACE('',(#1737),#1762,.F.);
#1737 = FACE_BOUND('',#1738,.F.);
#1738 = EDGE_LOOP('',(#1739,#1747,#1755,#1761));
#1739 = ORIENTED_EDGE('',*,*,#1740,.T.);
#1740 = EDGE_CURVE('',#327,#1741,#1743,.T.);
#1741 = VERTEX_POINT('',#1742);
#1742 = CARTESIAN_POINT('',(-3.1,6.,-37.5));
#1743 = LINE('',#1744,#1745);
#1744 = CARTESIAN_POINT('',(-3.1,-1.44E-15,-37.5));
#1745 = VECTOR('',#1746,1.);
#1746 = DIRECTION('',(0.,1.,0.));
#1747 = ORIENTED_EDGE('',*,*,#1748,.T.);
#1748 = EDGE_CURVE('',#1741,#1749,#1751,.T.);
#1749 = VERTEX_POINT('',#1750);
#1750 = CARTESIAN_POINT('',(-3.1,6.,-30.5));
#1751 = LINE('',#1752,#1753);
#1752 = CARTESIAN_POINT('',(-3.1,6.,-37.5));
#1753 = VECTOR('',#1754,1.);
#1754 = DIRECTION('',(0.,0.,1.));
#1755 = ORIENTED_EDGE('',*,*,#1756,.F.);
#1756 = EDGE_CURVE('',#329,#1749,#1757,.T.);
#1757 = LINE('',#1758,#1759);
#1758 = CARTESIAN_POINT('',(-3.1,-1.44E-15,-30.5));
#1759 = VECTOR('',#1760,1.);
#1760 = DIRECTION('',(0.,1.,0.));
#1761 = ORIENTED_EDGE('',*,*,#326,.F.);
#1762 = PLANE('',#1763);
#1763 = AXIS2_PLACEMENT_3D('',#1764,#1765,#1766);
#1764 = CARTESIAN_POINT('',(-3.1,-1.44E-15,-37.5));
#1765 = DIRECTION('',(1.,0.,0.));
#1766 = DIRECTION('',(0.,0.,1.));
#1767 = ADVANCED_FACE('',(#1768),#1819,.F.);
#1768 = FACE_BOUND('',#1769,.F.);
#1769 = EDGE_LOOP('',(#1770,#1771,#1779,#1787,#1795,#1804,#1812,#1818));
#1770 = ORIENTED_EDGE('',*,*,#336,.F.);
#1771 = ORIENTED_EDGE('',*,*,#1772,.T.);
#1772 = EDGE_CURVE('',#337,#1773,#1775,.T.);
#1773 = VERTEX_POINT('',#1774);
#1774 = CARTESIAN_POINT('',(3.1,6.,-37.5));
#1775 = LINE('',#1776,#1777);
#1776 = CARTESIAN_POINT('',(3.1,-1.44E-15,-37.5));
#1777 = VECTOR('',#1778,1.);
#1778 = DIRECTION('',(0.,1.,0.));
#1779 = ORIENTED_EDGE('',*,*,#1780,.T.);
#1780 = EDGE_CURVE('',#1773,#1781,#1783,.T.);
#1781 = VERTEX_POINT('',#1782);
#1782 = CARTESIAN_POINT('',(2.499993777015,6.,-37.5));
#1783 = LINE('',#1784,#1785);
#1784 = CARTESIAN_POINT('',(3.1,6.,-37.5));
#1785 = VECTOR('',#1786,1.);
#1786 = DIRECTION('',(-1.,0.,-0.));
#1787 = ORIENTED_EDGE('',*,*,#1788,.T.);
#1788 = EDGE_CURVE('',#1781,#1789,#1791,.T.);
#1789 = VERTEX_POINT('',#1790);
#1790 = CARTESIAN_POINT('',(2.499993777015,5.,-37.5));
#1791 = LINE('',#1792,#1793);
#1792 = CARTESIAN_POINT('',(2.499993777015,5.,-37.5));
#1793 = VECTOR('',#1794,1.);
#1794 = DIRECTION('',(0.,-1.,0.));
#1795 = ORIENTED_EDGE('',*,*,#1796,.F.);
#1796 = EDGE_CURVE('',#1797,#1789,#1799,.T.);
#1797 = VERTEX_POINT('',#1798);
#1798 = CARTESIAN_POINT('',(-2.499993777015,5.,-37.5));
#1799 = CIRCLE('',#1800,2.499993777015);
#1800 = AXIS2_PLACEMENT_3D('',#1801,#1802,#1803);
#1801 = CARTESIAN_POINT('',(1.92E-15,5.,-37.5));
#1802 = DIRECTION('',(0.,2.2E-16,1.));
#1803 = DIRECTION('',(-1.,0.,0.));
#1804 = ORIENTED_EDGE('',*,*,#1805,.F.);
#1805 = EDGE_CURVE('',#1806,#1797,#1808,.T.);
#1806 = VERTEX_POINT('',#1807);
#1807 = CARTESIAN_POINT('',(-2.499993777015,6.,-37.5));
#1808 = LINE('',#1809,#1810);
#1809 = CARTESIAN_POINT('',(-2.499993777015,5.,-37.5));
#1810 = VECTOR('',#1811,1.);
#1811 = DIRECTION('',(0.,-1.,0.));
#1812 = ORIENTED_EDGE('',*,*,#1813,.T.);
#1813 = EDGE_CURVE('',#1806,#1741,#1814,.T.);
#1814 = LINE('',#1815,#1816);
#1815 = CARTESIAN_POINT('',(3.1,6.,-37.5));
#1816 = VECTOR('',#1817,1.);
#1817 = DIRECTION('',(-1.,0.,-0.));
#1818 = ORIENTED_EDGE('',*,*,#1740,.F.);
#1819 = PLANE('',#1820);
#1820 = AXIS2_PLACEMENT_3D('',#1821,#1822,#1823);
#1821 = CARTESIAN_POINT('',(3.1,-1.44E-15,-37.5));
#1822 = DIRECTION('',(0.,0.,1.));
#1823 = DIRECTION('',(-1.,0.,0.));
#1824 = ADVANCED_FACE('',(#1825),#1876,.F.);
#1825 = FACE_BOUND('',#1826,.F.);
#1826 = EDGE_LOOP('',(#1827,#1828,#1829,#1837,#1845,#1854,#1862,#1870));
#1827 = ORIENTED_EDGE('',*,*,#352,.F.);
#1828 = ORIENTED_EDGE('',*,*,#1756,.T.);
#1829 = ORIENTED_EDGE('',*,*,#1830,.T.);
#1830 = EDGE_CURVE('',#1749,#1831,#1833,.T.);
#1831 = VERTEX_POINT('',#1832);
#1832 = CARTESIAN_POINT('',(-2.499993777015,6.,-30.5));
#1833 = LINE('',#1834,#1835);
#1834 = CARTESIAN_POINT('',(-3.1,6.,-30.5));
#1835 = VECTOR('',#1836,1.);
#1836 = DIRECTION('',(1.,0.,0.));
#1837 = ORIENTED_EDGE('',*,*,#1838,.F.);
#1838 = EDGE_CURVE('',#1839,#1831,#1841,.T.);
#1839 = VERTEX_POINT('',#1840);
#1840 = CARTESIAN_POINT('',(-2.499993777015,5.,-30.5));
#1841 = LINE('',#1842,#1843);
#1842 = CARTESIAN_POINT('',(-2.499993777015,5.,-30.5));
#1843 = VECTOR('',#1844,1.);
#1844 = DIRECTION('',(0.,1.,0.));
#1845 = ORIENTED_EDGE('',*,*,#1846,.T.);
#1846 = EDGE_CURVE('',#1839,#1847,#1849,.T.);
#1847 = VERTEX_POINT('',#1848);
#1848 = CARTESIAN_POINT('',(2.499993777015,5.,-30.5));
#1849 = CIRCLE('',#1850,2.499993777015);
#1850 = AXIS2_PLACEMENT_3D('',#1851,#1852,#1853);
#1851 = CARTESIAN_POINT('',(1.92E-15,5.,-30.5));
#1852 = DIRECTION('',(0.,2.2E-16,1.));
#1853 = DIRECTION('',(-1.,0.,0.));
#1854 = ORIENTED_EDGE('',*,*,#1855,.T.);
#1855 = EDGE_CURVE('',#1847,#1856,#1858,.T.);
#1856 = VERTEX_POINT('',#1857);
#1857 = CARTESIAN_POINT('',(2.499993777015,6.,-30.5));
#1858 = LINE('',#1859,#1860);
#1859 = CARTESIAN_POINT('',(2.499993777015,5.,-30.5));
#1860 = VECTOR('',#1861,1.);
#1861 = DIRECTION('',(0.,1.,0.));
#1862 = ORIENTED_EDGE('',*,*,#1863,.T.);
#1863 = EDGE_CURVE('',#1856,#1864,#1866,.T.);
#1864 = VERTEX_POINT('',#1865);
#1865 = CARTESIAN_POINT('',(3.1,6.,-30.5));
#1866 = LINE('',#1867,#1868);
#1867 = CARTESIAN_POINT('',(-3.1,6.,-30.5));
#1868 = VECTOR('',#1869,1.);
#1869 = DIRECTION('',(1.,0.,0.));
#1870 = ORIENTED_EDGE('',*,*,#1871,.F.);
#1871 = EDGE_CURVE('',#345,#1864,#1872,.T.);
#1872 = LINE('',#1873,#1874);
#1873 = CARTESIAN_POINT('',(3.1,-1.44E-15,-30.5));
#1874 = VECTOR('',#1875,1.);
#1875 = DIRECTION('',(0.,1.,0.));
#1876 = PLANE('',#1877);
#1877 = AXIS2_PLACEMENT_3D('',#1878,#1879,#1880);
#1878 = CARTESIAN_POINT('',(-3.1,-1.44E-15,-30.5));
#1879 = DIRECTION('',(0.,0.,-1.));
#1880 = DIRECTION('',(1.,0.,0.));
#1881 = ADVANCED_FACE('',(#1882),#1893,.F.);
#1882 = FACE_BOUND('',#1883,.F.);
#1883 = EDGE_LOOP('',(#1884,#1885,#1891,#1892));
#1884 = ORIENTED_EDGE('',*,*,#1871,.T.);
#1885 = ORIENTED_EDGE('',*,*,#1886,.T.);
#1886 = EDGE_CURVE('',#1864,#1773,#1887,.T.);
#1887 = LINE('',#1888,#1889);
#1888 = CARTESIAN_POINT('',(3.1,6.,-30.5));
#1889 = VECTOR('',#1890,1.);
#1890 = DIRECTION('',(0.,0.,-1.));
#1891 = ORIENTED_EDGE('',*,*,#1772,.F.);
#1892 = ORIENTED_EDGE('',*,*,#344,.F.);
#1893 = PLANE('',#1894);
#1894 = AXIS2_PLACEMENT_3D('',#1895,#1896,#1897);
#1895 = CARTESIAN_POINT('',(3.1,-1.44E-15,-30.5));
#1896 = DIRECTION('',(-1.,0.,0.));
#1897 = DIRECTION('',(0.,0.,-1.));
#1898 = ADVANCED_FACE('',(#1899),#1918,.F.);
#1899 = FACE_BOUND('',#1900,.F.);
#1900 = EDGE_LOOP('',(#1901,#1909,#1910,#1911));
#1901 = ORIENTED_EDGE('',*,*,#1902,.F.);
#1902 = EDGE_CURVE('',#361,#1903,#1905,.T.);
#1903 = VERTEX_POINT('',#1904);
#1904 = CARTESIAN_POINT('',(2.5,-19.,-24.));
#1905 = LINE('',#1906,#1907);
#1906 = CARTESIAN_POINT('',(2.5,112.05,-24.));
#1907 = VECTOR('',#1908,1.);
#1908 = DIRECTION('',(0.,-1.,0.));
#1909 = ORIENTED_EDGE('',*,*,#360,.F.);
#1910 = ORIENTED_EDGE('',*,*,#1902,.T.);
#1911 = ORIENTED_EDGE('',*,*,#1912,.T.);
#1912 = EDGE_CURVE('',#1903,#1903,#1913,.T.);
#1913 = CIRCLE('',#1914,2.5);
#1914 = AXIS2_PLACEMENT_3D('',#1915,#1916,#1917);
#1915 = CARTESIAN_POINT('',(-3.E-17,-19.,-24.));
#1916 = DIRECTION('',(0.,1.,-2.2E-16));
#1917 = DIRECTION('',(1.,-3.124E-31,-1.42E-15));
#1918 = CYLINDRICAL_SURFACE('',#1919,2.5);
#1919 = AXIS2_PLACEMENT_3D('',#1920,#1921,#1922);
#1920 = CARTESIAN_POINT('',(-3.E-17,112.05,-24.));
#1921 = DIRECTION('',(0.,1.,0.));
#1922 = DIRECTION('',(1.,0.,0.));
#1923 = ADVANCED_FACE('',(#1924),#1949,.T.);
#1924 = FACE_BOUND('',#1925,.F.);
#1925 = EDGE_LOOP('',(#1926,#1934,#1935,#1943));
#1926 = ORIENTED_EDGE('',*,*,#1927,.F.);
#1927 = EDGE_CURVE('',#378,#1928,#1930,.T.);
#1928 = VERTEX_POINT('',#1929);
#1929 = CARTESIAN_POINT('',(7.5,-19.,34.5));
#1930 = LINE('',#1931,#1932);
#1931 = CARTESIAN_POINT('',(7.166666666667,-18.66666666666,
    34.833333333333));
#1932 = VECTOR('',#1933,1.);
#1933 = DIRECTION('',(-0.57735026919,0.57735026919,0.57735026919));
#1934 = ORIENTED_EDGE('',*,*,#377,.T.);
#1935 = ORIENTED_EDGE('',*,*,#1936,.T.);
#1936 = EDGE_CURVE('',#380,#1937,#1939,.T.);
#1937 = VERTEX_POINT('',#1938);
#1938 = CARTESIAN_POINT('',(-7.5,-19.,34.5));
#1939 = LINE('',#1940,#1941);
#1940 = CARTESIAN_POINT('',(-5.333333333333,-16.83333333333,
    36.666666666667));
#1941 = VECTOR('',#1942,1.);
#1942 = DIRECTION('',(0.57735026919,0.57735026919,0.57735026919));
#1943 = ORIENTED_EDGE('',*,*,#1944,.F.);
#1944 = EDGE_CURVE('',#1928,#1937,#1945,.T.);
#1945 = LINE('',#1946,#1947);
#1946 = CARTESIAN_POINT('',(7.5,-19.,34.5));
#1947 = VECTOR('',#1948,1.);
#1948 = DIRECTION('',(-1.,0.,0.));
#1949 = PLANE('',#1950);
#1950 = AXIS2_PLACEMENT_3D('',#1951,#1952,#1953);
#1951 = CARTESIAN_POINT('',(7.5,-19.5,34.));
#1952 = DIRECTION('',(0.,-0.707106781187,0.707106781187));
#1953 = DIRECTION('',(1.,0.,0.));
#1954 = ADVANCED_FACE('',(#1955),#1973,.T.);
#1955 = FACE_BOUND('',#1956,.F.);
#1956 = EDGE_LOOP('',(#1957,#1965,#1966,#1967));
#1957 = ORIENTED_EDGE('',*,*,#1958,.F.);
#1958 = EDGE_CURVE('',#388,#1959,#1961,.T.);
#1959 = VERTEX_POINT('',#1960);
#1960 = CARTESIAN_POINT('',(7.5,-19.,38.5));
#1961 = LINE('',#1962,#1963);
#1962 = CARTESIAN_POINT('',(5.333333333333,-16.83333333333,
    36.333333333333));
#1963 = VECTOR('',#1964,1.);
#1964 = DIRECTION('',(-0.57735026919,0.57735026919,-0.57735026919));
#1965 = ORIENTED_EDGE('',*,*,#387,.T.);
#1966 = ORIENTED_EDGE('',*,*,#1927,.T.);
#1967 = ORIENTED_EDGE('',*,*,#1968,.F.);
#1968 = EDGE_CURVE('',#1959,#1928,#1969,.T.);
#1969 = LINE('',#1970,#1971);
#1970 = CARTESIAN_POINT('',(7.5,-19.,38.5));
#1971 = VECTOR('',#1972,1.);
#1972 = DIRECTION('',(0.,-2.2E-16,-1.));
#1973 = PLANE('',#1974);
#1974 = AXIS2_PLACEMENT_3D('',#1975,#1976,#1977);
#1975 = CARTESIAN_POINT('',(8.,-19.5,38.5));
#1976 = DIRECTION('',(-0.707106781187,-0.707106781187,0.));
#1977 = DIRECTION('',(-1.1E-16,1.1E-16,1.));
#1978 = ADVANCED_FACE('',(#1979),#1997,.T.);
#1979 = FACE_BOUND('',#1980,.F.);
#1980 = EDGE_LOOP('',(#1981,#1982,#1983,#1991));
#1981 = ORIENTED_EDGE('',*,*,#1936,.F.);
#1982 = ORIENTED_EDGE('',*,*,#403,.T.);
#1983 = ORIENTED_EDGE('',*,*,#1984,.T.);
#1984 = EDGE_CURVE('',#396,#1985,#1987,.T.);
#1985 = VERTEX_POINT('',#1986);
#1986 = CARTESIAN_POINT('',(-7.5,-19.,38.5));
#1987 = LINE('',#1988,#1989);
#1988 = CARTESIAN_POINT('',(-7.166666666667,-18.66666666666,
    38.166666666667));
#1989 = VECTOR('',#1990,1.);
#1990 = DIRECTION('',(0.57735026919,0.57735026919,-0.57735026919));
#1991 = ORIENTED_EDGE('',*,*,#1992,.F.);
#1992 = EDGE_CURVE('',#1937,#1985,#1993,.T.);
#1993 = LINE('',#1994,#1995);
#1994 = CARTESIAN_POINT('',(-7.5,-19.,34.5));
#1995 = VECTOR('',#1996,1.);
#1996 = DIRECTION('',(0.,2.2E-16,1.));
#1997 = PLANE('',#1998);
#1998 = AXIS2_PLACEMENT_3D('',#1999,#2000,#2001);
#1999 = CARTESIAN_POINT('',(-8.,-19.5,34.5));
#2000 = DIRECTION('',(0.707106781187,-0.707106781187,2.4E-16));
#2001 = DIRECTION('',(5.970562748477E-17,-2.797056274848E-16,-1.));
#2002 = ADVANCED_FACE('',(#2003),#2014,.T.);
#2003 = FACE_BOUND('',#2004,.F.);
#2004 = EDGE_LOOP('',(#2005,#2006,#2007,#2008));
#2005 = ORIENTED_EDGE('',*,*,#1984,.F.);
#2006 = ORIENTED_EDGE('',*,*,#395,.T.);
#2007 = ORIENTED_EDGE('',*,*,#1958,.T.);
#2008 = ORIENTED_EDGE('',*,*,#2009,.F.);
#2009 = EDGE_CURVE('',#1985,#1959,#2010,.T.);
#2010 = LINE('',#2011,#2012);
#2011 = CARTESIAN_POINT('',(-7.5,-19.,38.5));
#2012 = VECTOR('',#2013,1.);
#2013 = DIRECTION('',(1.,0.,0.));
#2014 = PLANE('',#2015);
#2015 = AXIS2_PLACEMENT_3D('',#2016,#2017,#2018);
#2016 = CARTESIAN_POINT('',(-7.5,-19.5,39.));
#2017 = DIRECTION('',(0.,-0.707106781187,-0.707106781187));
#2018 = DIRECTION('',(-1.,-0.,0.));
#2019 = ADVANCED_FACE('',(#2020),#2045,.F.);
#2020 = FACE_BOUND('',#2021,.F.);
#2021 = EDGE_LOOP('',(#2022,#2023,#2031,#2039));
#2022 = ORIENTED_EDGE('',*,*,#411,.T.);
#2023 = ORIENTED_EDGE('',*,*,#2024,.T.);
#2024 = EDGE_CURVE('',#414,#2025,#2027,.T.);
#2025 = VERTEX_POINT('',#2026);
#2026 = CARTESIAN_POINT('',(-9.,-19.,41.));
#2027 = LINE('',#2028,#2029);
#2028 = CARTESIAN_POINT('',(-9.,-19.5,40.5));
#2029 = VECTOR('',#2030,1.);
#2030 = DIRECTION('',(7.4E-15,0.707106781187,0.707106781187));
#2031 = ORIENTED_EDGE('',*,*,#2032,.F.);
#2032 = EDGE_CURVE('',#2033,#2025,#2035,.T.);
#2033 = VERTEX_POINT('',#2034);
#2034 = CARTESIAN_POINT('',(9.,-19.,41.));
#2035 = LINE('',#2036,#2037);
#2036 = CARTESIAN_POINT('',(10.,-19.,41.));
#2037 = VECTOR('',#2038,1.);
#2038 = DIRECTION('',(-1.,0.,0.));
#2039 = ORIENTED_EDGE('',*,*,#2040,.T.);
#2040 = EDGE_CURVE('',#2033,#412,#2041,.T.);
#2041 = LINE('',#2042,#2043);
#2042 = CARTESIAN_POINT('',(9.,-19.5,40.5));
#2043 = VECTOR('',#2044,1.);
#2044 = DIRECTION('',(-5.E-15,-0.707106781187,-0.707106781187));
#2045 = PLANE('',#2046);
#2046 = AXIS2_PLACEMENT_3D('',#2047,#2048,#2049);
#2047 = CARTESIAN_POINT('',(10.,-19.5,40.5));
#2048 = DIRECTION('',(0.,0.707106781187,-0.707106781187));
#2049 = DIRECTION('',(-1.,0.,-0.));
#2050 = ADVANCED_FACE('',(#2051),#2067,.F.);
#2051 = FACE_BOUND('',#2052,.F.);
#2052 = EDGE_LOOP('',(#2053,#2059,#2060,#2066));
#2053 = ORIENTED_EDGE('',*,*,#2054,.T.);
#2054 = EDGE_CURVE('',#1040,#422,#2055,.T.);
#2055 = LINE('',#2056,#2057);
#2056 = CARTESIAN_POINT('',(9.75,-19.25,-53.));
#2057 = VECTOR('',#2058,1.);
#2058 = DIRECTION('',(-0.707106781187,-0.707106781187,7.5E-15));
#2059 = ORIENTED_EDGE('',*,*,#421,.T.);
#2060 = ORIENTED_EDGE('',*,*,#2061,.F.);
#2061 = EDGE_CURVE('',#1174,#412,#2062,.T.);
#2062 = LINE('',#2063,#2064);
#2063 = CARTESIAN_POINT('',(9.75,-19.25,40.));
#2064 = VECTOR('',#2065,1.);
#2065 = DIRECTION('',(-0.707106781187,-0.707106781187,8.85E-15));
#2066 = ORIENTED_EDGE('',*,*,#1181,.F.);
#2067 = PLANE('',#2068);
#2068 = AXIS2_PLACEMENT_3D('',#2069,#2070,#2071);
#2069 = CARTESIAN_POINT('',(9.5,-19.5,-54.));
#2070 = DIRECTION('',(-0.707106781187,0.707106781187,-2.7E-16));
#2071 = DIRECTION('',(2.908116907963E-17,4.109188309204E-16,1.));
#2072 = ADVANCED_FACE('',(#2073),#2089,.F.);
#2073 = FACE_BOUND('',#2074,.F.);
#2074 = EDGE_LOOP('',(#2075,#2081,#2082,#2088));
#2075 = ORIENTED_EDGE('',*,*,#2076,.T.);
#2076 = EDGE_CURVE('',#750,#414,#2077,.T.);
#2077 = LINE('',#2078,#2079);
#2078 = CARTESIAN_POINT('',(-9.75,-19.25,40.));
#2079 = VECTOR('',#2080,1.);
#2080 = DIRECTION('',(0.707106781187,-0.707106781187,-1.25E-15));
#2081 = ORIENTED_EDGE('',*,*,#437,.T.);
#2082 = ORIENTED_EDGE('',*,*,#2083,.T.);
#2083 = EDGE_CURVE('',#430,#600,#2084,.T.);
#2084 = LINE('',#2085,#2086);
#2085 = CARTESIAN_POINT('',(-9.5,-19.5,-53.));
#2086 = VECTOR('',#2087,1.);
#2087 = DIRECTION('',(-0.707106781187,0.707106781187,-7.5E-15));
#2088 = ORIENTED_EDGE('',*,*,#749,.F.);
#2089 = PLANE('',#2090);
#2090 = AXIS2_PLACEMENT_3D('',#2091,#2092,#2093);
#2091 = CARTESIAN_POINT('',(-9.5,-19.5,41.));
#2092 = DIRECTION('',(0.707106781187,0.707106781187,0.));
#2093 = DIRECTION('',(2.2E-16,-2.2E-16,-1.));
#2094 = ADVANCED_FACE('',(#2095),#2111,.F.);
#2095 = FACE_BOUND('',#2096,.T.);
#2096 = EDGE_LOOP('',(#2097,#2103,#2104,#2110));
#2097 = ORIENTED_EDGE('',*,*,#2098,.F.);
#2098 = EDGE_CURVE('',#576,#430,#2099,.T.);
#2099 = LINE('',#2100,#2101);
#2100 = CARTESIAN_POINT('',(-9.,-19.25,-53.75));
#2101 = VECTOR('',#2102,1.);
#2102 = DIRECTION('',(1.51E-14,-0.707106781187,0.707106781187));
#2103 = ORIENTED_EDGE('',*,*,#575,.T.);
#2104 = ORIENTED_EDGE('',*,*,#2105,.T.);
#2105 = EDGE_CURVE('',#568,#422,#2106,.T.);
#2106 = LINE('',#2107,#2108);
#2107 = CARTESIAN_POINT('',(9.,-19.5,-53.5));
#2108 = VECTOR('',#2109,1.);
#2109 = DIRECTION('',(-1.25E-14,-0.707106781187,0.707106781187));
#2110 = ORIENTED_EDGE('',*,*,#429,.F.);
#2111 = PLANE('',#2112);
#2112 = AXIS2_PLACEMENT_3D('',#2113,#2114,#2115);
#2113 = CARTESIAN_POINT('',(-10.,-19.5,-53.5));
#2114 = DIRECTION('',(0.,0.707106781187,0.707106781187));
#2115 = DIRECTION('',(-1.,-0.,0.));
#2116 = ADVANCED_FACE('',(#2117),#2142,.T.);
#2117 = FACE_BOUND('',#2118,.F.);
#2118 = EDGE_LOOP('',(#2119,#2127,#2128,#2136));
#2119 = ORIENTED_EDGE('',*,*,#2120,.F.);
#2120 = EDGE_CURVE('',#446,#2121,#2123,.T.);
#2121 = VERTEX_POINT('',#2122);
#2122 = CARTESIAN_POINT('',(-7.5,-19.,20.));
#2123 = LINE('',#2124,#2125);
#2124 = CARTESIAN_POINT('',(-7.166666666667,-18.66666666666,
    19.666666666667));
#2125 = VECTOR('',#2126,1.);
#2126 = DIRECTION('',(0.57735026919,0.57735026919,-0.57735026919));
#2127 = ORIENTED_EDGE('',*,*,#445,.T.);
#2128 = ORIENTED_EDGE('',*,*,#2129,.T.);
#2129 = EDGE_CURVE('',#448,#2130,#2132,.T.);
#2130 = VERTEX_POINT('',#2131);
#2131 = CARTESIAN_POINT('',(7.5,-19.,20.));
#2132 = LINE('',#2133,#2134);
#2133 = CARTESIAN_POINT('',(5.333333333333,-16.83333333333,
    17.833333333333));
#2134 = VECTOR('',#2135,1.);
#2135 = DIRECTION('',(-0.57735026919,0.57735026919,-0.57735026919));
#2136 = ORIENTED_EDGE('',*,*,#2137,.F.);
#2137 = EDGE_CURVE('',#2121,#2130,#2138,.T.);
#2138 = LINE('',#2139,#2140);
#2139 = CARTESIAN_POINT('',(-7.5,-19.,20.));
#2140 = VECTOR('',#2141,1.);
#2141 = DIRECTION('',(1.,0.,0.));
#2142 = PLANE('',#2143);
#2143 = AXIS2_PLACEMENT_3D('',#2144,#2145,#2146);
#2144 = CARTESIAN_POINT('',(-7.5,-19.5,20.5));
#2145 = DIRECTION('',(0.,-0.707106781187,-0.707106781187));
#2146 = DIRECTION('',(-1.,-0.,0.));
#2147 = ADVANCED_FACE('',(#2148),#2166,.T.);
#2148 = FACE_BOUND('',#2149,.F.);
#2149 = EDGE_LOOP('',(#2150,#2158,#2159,#2160));
#2150 = ORIENTED_EDGE('',*,*,#2151,.F.);
#2151 = EDGE_CURVE('',#456,#2152,#2154,.T.);
#2152 = VERTEX_POINT('',#2153);
#2153 = CARTESIAN_POINT('',(-7.5,-19.,16.));
#2154 = LINE('',#2155,#2156);
#2155 = CARTESIAN_POINT('',(-5.333333333333,-16.83333333333,
    18.166666666667));
#2156 = VECTOR('',#2157,1.);
#2157 = DIRECTION('',(0.57735026919,0.57735026919,0.57735026919));
#2158 = ORIENTED_EDGE('',*,*,#455,.T.);
#2159 = ORIENTED_EDGE('',*,*,#2120,.T.);
#2160 = ORIENTED_EDGE('',*,*,#2161,.F.);
#2161 = EDGE_CURVE('',#2152,#2121,#2162,.T.);
#2162 = LINE('',#2163,#2164);
#2163 = CARTESIAN_POINT('',(-7.5,-19.,16.));
#2164 = VECTOR('',#2165,1.);
#2165 = DIRECTION('',(0.,2.2E-16,1.));
#2166 = PLANE('',#2167);
#2167 = AXIS2_PLACEMENT_3D('',#2168,#2169,#2170);
#2168 = CARTESIAN_POINT('',(-8.,-19.5,16.));
#2169 = DIRECTION('',(0.707106781187,-0.707106781187,0.));
#2170 = DIRECTION('',(-1.1E-16,-1.1E-16,-1.));
#2171 = ADVANCED_FACE('',(#2172),#2190,.T.);
#2172 = FACE_BOUND('',#2173,.F.);
#2173 = EDGE_LOOP('',(#2174,#2175,#2176,#2184));
#2174 = ORIENTED_EDGE('',*,*,#2129,.F.);
#2175 = ORIENTED_EDGE('',*,*,#471,.T.);
#2176 = ORIENTED_EDGE('',*,*,#2177,.T.);
#2177 = EDGE_CURVE('',#464,#2178,#2180,.T.);
#2178 = VERTEX_POINT('',#2179);
#2179 = CARTESIAN_POINT('',(7.5,-19.,16.));
#2180 = LINE('',#2181,#2182);
#2181 = CARTESIAN_POINT('',(7.166666666667,-18.66666666666,
    16.333333333333));
#2182 = VECTOR('',#2183,1.);
#2183 = DIRECTION('',(-0.57735026919,0.57735026919,0.57735026919));
#2184 = ORIENTED_EDGE('',*,*,#2185,.F.);
#2185 = EDGE_CURVE('',#2130,#2178,#2186,.T.);
#2186 = LINE('',#2187,#2188);
#2187 = CARTESIAN_POINT('',(7.5,-19.,20.));
#2188 = VECTOR('',#2189,1.);
#2189 = DIRECTION('',(0.,-2.2E-16,-1.));
#2190 = PLANE('',#2191);
#2191 = AXIS2_PLACEMENT_3D('',#2192,#2193,#2194);
#2192 = CARTESIAN_POINT('',(8.,-19.5,20.));
#2193 = DIRECTION('',(-0.707106781187,-0.707106781187,2.7E-16));
#2194 = DIRECTION('',(8.091883092037E-17,3.009188309204E-16,1.));
#2195 = ADVANCED_FACE('',(#2196),#2207,.T.);
#2196 = FACE_BOUND('',#2197,.F.);
#2197 = EDGE_LOOP('',(#2198,#2199,#2200,#2201));
#2198 = ORIENTED_EDGE('',*,*,#2177,.F.);
#2199 = ORIENTED_EDGE('',*,*,#463,.T.);
#2200 = ORIENTED_EDGE('',*,*,#2151,.T.);
#2201 = ORIENTED_EDGE('',*,*,#2202,.F.);
#2202 = EDGE_CURVE('',#2178,#2152,#2203,.T.);
#2203 = LINE('',#2204,#2205);
#2204 = CARTESIAN_POINT('',(7.5,-19.,16.));
#2205 = VECTOR('',#2206,1.);
#2206 = DIRECTION('',(-1.,0.,0.));
#2207 = PLANE('',#2208);
#2208 = AXIS2_PLACEMENT_3D('',#2209,#2210,#2211);
#2209 = CARTESIAN_POINT('',(7.5,-19.5,15.5));
#2210 = DIRECTION('',(0.,-0.707106781187,0.707106781187));
#2211 = DIRECTION('',(1.,0.,0.));
#2212 = ADVANCED_FACE('',(#2213),#2216,.F.);
#2213 = FACE_BOUND('',#2214,.T.);
#2214 = EDGE_LOOP('',(#2215));
#2215 = ORIENTED_EDGE('',*,*,#479,.T.);
#2216 = PLANE('',#2217);
#2217 = AXIS2_PLACEMENT_3D('',#2218,#2219,#2220);
#2218 = CARTESIAN_POINT('',(-3.662786069302E-16,-20.,27.25));
#2219 = DIRECTION('',(0.,1.,0.));
#2220 = DIRECTION('',(0.,0.,1.));
#2221 = ADVANCED_FACE('',(#2222),#2233,.F.);
#2222 = FACE_BOUND('',#2223,.T.);
#2223 = EDGE_LOOP('',(#2224,#2230,#2231,#2232));
#2224 = ORIENTED_EDGE('',*,*,#2225,.F.);
#2225 = EDGE_CURVE('',#1903,#491,#2226,.T.);
#2226 = LINE('',#2227,#2228);
#2227 = CARTESIAN_POINT('',(2.5,-19.,-24.));
#2228 = VECTOR('',#2229,1.);
#2229 = DIRECTION('',(0.707106781187,-0.707106781187,-8.5E-16));
#2230 = ORIENTED_EDGE('',*,*,#1912,.T.);
#2231 = ORIENTED_EDGE('',*,*,#2225,.T.);
#2232 = ORIENTED_EDGE('',*,*,#490,.F.);
#2233 = CONICAL_SURFACE('',#2234,2.5,0.785398163397);
#2234 = AXIS2_PLACEMENT_3D('',#2235,#2236,#2237);
#2235 = CARTESIAN_POINT('',(-3.E-17,-19.,-24.));
#2236 = DIRECTION('',(0.,-1.,2.2E-16));
#2237 = DIRECTION('',(1.,-3.124E-31,-1.42E-15));
#2238 = ADVANCED_FACE('',(#2239),#2250,.T.);
#2239 = FACE_BOUND('',#2240,.T.);
#2240 = EDGE_LOOP('',(#2241,#2242,#2243,#2244));
#2241 = ORIENTED_EDGE('',*,*,#519,.T.);
#2242 = ORIENTED_EDGE('',*,*,#622,.T.);
#2243 = ORIENTED_EDGE('',*,*,#900,.T.);
#2244 = ORIENTED_EDGE('',*,*,#2245,.F.);
#2245 = EDGE_CURVE('',#520,#901,#2246,.T.);
#2246 = LINE('',#2247,#2248);
#2247 = CARTESIAN_POINT('',(-2.499993777015,6.,3.483835904634));
#2248 = VECTOR('',#2249,1.);
#2249 = DIRECTION('',(0.,0.,1.));
#2250 = PLANE('',#2251);
#2251 = AXIS2_PLACEMENT_3D('',#2252,#2253,#2254);
#2252 = CARTESIAN_POINT('',(-3.06508E-12,6.,-34.03232819073));
#2253 = DIRECTION('',(0.,1.,2.2E-16));
#2254 = DIRECTION('',(0.,-2.2E-16,1.));
#2255 = ADVANCED_FACE('',(#2256),#2267,.F.);
#2256 = FACE_BOUND('',#2257,.F.);
#2257 = EDGE_LOOP('',(#2258,#2259,#2265,#2266));
#2258 = ORIENTED_EDGE('',*,*,#527,.T.);
#2259 = ORIENTED_EDGE('',*,*,#2260,.F.);
#2260 = EDGE_CURVE('',#909,#528,#2261,.T.);
#2261 = LINE('',#2262,#2263);
#2262 = CARTESIAN_POINT('',(-2.499993777015,5.,41.));
#2263 = VECTOR('',#2264,1.);
#2264 = DIRECTION('',(0.,-2.2E-16,-1.));
#2265 = ORIENTED_EDGE('',*,*,#908,.T.);
#2266 = ORIENTED_EDGE('',*,*,#2245,.F.);
#2267 = PLANE('',#2268);
#2268 = AXIS2_PLACEMENT_3D('',#2269,#2270,#2271);
#2269 = CARTESIAN_POINT('',(-2.499993777015,10.,41.));
#2270 = DIRECTION('',(-1.,0.,0.));
#2271 = DIRECTION('',(0.,-1.,2.2E-16));
#2272 = ADVANCED_FACE('',(#2273),#2284,.F.);
#2273 = FACE_BOUND('',#2274,.F.);
#2274 = EDGE_LOOP('',(#2275,#2276,#2277,#2278));
#2275 = ORIENTED_EDGE('',*,*,#916,.F.);
#2276 = ORIENTED_EDGE('',*,*,#2260,.T.);
#2277 = ORIENTED_EDGE('',*,*,#535,.T.);
#2278 = ORIENTED_EDGE('',*,*,#2279,.F.);
#2279 = EDGE_CURVE('',#917,#536,#2280,.T.);
#2280 = LINE('',#2281,#2282);
#2281 = CARTESIAN_POINT('',(2.499993777015,5.,41.));
#2282 = VECTOR('',#2283,1.);
#2283 = DIRECTION('',(0.,-2.2E-16,-1.));
#2284 = CYLINDRICAL_SURFACE('',#2285,2.499993777015);
#2285 = AXIS2_PLACEMENT_3D('',#2286,#2287,#2288);
#2286 = CARTESIAN_POINT('',(1.92E-15,5.,41.));
#2287 = DIRECTION('',(0.,2.2E-16,1.));
#2288 = DIRECTION('',(-1.,0.,0.));
#2289 = ADVANCED_FACE('',(#2290),#2301,.T.);
#2290 = FACE_BOUND('',#2291,.T.);
#2291 = EDGE_LOOP('',(#2292,#2293,#2294,#2295));
#2292 = ORIENTED_EDGE('',*,*,#544,.T.);
#2293 = ORIENTED_EDGE('',*,*,#2279,.F.);
#2294 = ORIENTED_EDGE('',*,*,#925,.T.);
#2295 = ORIENTED_EDGE('',*,*,#2296,.F.);
#2296 = EDGE_CURVE('',#545,#926,#2297,.T.);
#2297 = LINE('',#2298,#2299);
#2298 = CARTESIAN_POINT('',(2.499993777015,6.,3.483835904634));
#2299 = VECTOR('',#2300,1.);
#2300 = DIRECTION('',(0.,0.,1.));
#2301 = PLANE('',#2302);
#2302 = AXIS2_PLACEMENT_3D('',#2303,#2304,#2305);
#2303 = CARTESIAN_POINT('',(2.499993777015,10.,41.));
#2304 = DIRECTION('',(-1.,0.,0.));
#2305 = DIRECTION('',(0.,-1.,2.2E-16));
#2306 = ADVANCED_FACE('',(#2307),#2313,.T.);
#2307 = FACE_BOUND('',#2308,.T.);
#2308 = EDGE_LOOP('',(#2309,#2310,#2311,#2312));
#2309 = ORIENTED_EDGE('',*,*,#552,.T.);
#2310 = ORIENTED_EDGE('',*,*,#2296,.T.);
#2311 = ORIENTED_EDGE('',*,*,#933,.T.);
#2312 = ORIENTED_EDGE('',*,*,#980,.T.);
#2313 = PLANE('',#2314);
#2314 = AXIS2_PLACEMENT_3D('',#2315,#2316,#2317);
#2315 = CARTESIAN_POINT('',(-3.06508E-12,6.,-34.03232819073));
#2316 = DIRECTION('',(0.,1.,2.2E-16));
#2317 = DIRECTION('',(0.,-2.2E-16,1.));
#2318 = ADVANCED_FACE('',(#2319),#2324,.F.);
#2319 = FACE_BOUND('',#2320,.F.);
#2320 = EDGE_LOOP('',(#2321,#2322,#2323));
#2321 = ORIENTED_EDGE('',*,*,#2098,.F.);
#2322 = ORIENTED_EDGE('',*,*,#599,.T.);
#2323 = ORIENTED_EDGE('',*,*,#2083,.F.);
#2324 = PLANE('',#2325);
#2325 = AXIS2_PLACEMENT_3D('',#2326,#2327,#2328);
#2326 = CARTESIAN_POINT('',(-9.,-19.,-54.));
#2327 = DIRECTION('',(0.57735026919,0.57735026919,0.57735026919));
#2328 = DIRECTION('',(-0.707106781187,0.707106781187,-2.775557561563E-17
    ));
#2329 = ADVANCED_FACE('',(#2330,#2362),#2398,.F.);
#2330 = FACE_BOUND('',#2331,.F.);
#2331 = EDGE_LOOP('',(#2332,#2333,#2341,#2349,#2355,#2356));
#2332 = ORIENTED_EDGE('',*,*,#1157,.T.);
#2333 = ORIENTED_EDGE('',*,*,#2334,.F.);
#2334 = EDGE_CURVE('',#2335,#1158,#2337,.T.);
#2335 = VERTEX_POINT('',#2336);
#2336 = CARTESIAN_POINT('',(9.,20.,32.));
#2337 = LINE('',#2338,#2339);
#2338 = CARTESIAN_POINT('',(14.5,14.5,32.));
#2339 = VECTOR('',#2340,1.);
#2340 = DIRECTION('',(0.707106781187,-0.707106781187,0.));
#2341 = ORIENTED_EDGE('',*,*,#2342,.T.);
#2342 = EDGE_CURVE('',#2335,#2343,#2345,.T.);
#2343 = VERTEX_POINT('',#2344);
#2344 = CARTESIAN_POINT('',(-9.,20.,32.));
#2345 = LINE('',#2346,#2347);
#2346 = CARTESIAN_POINT('',(10.,20.,32.));
#2347 = VECTOR('',#2348,1.);
#2348 = DIRECTION('',(-1.,0.,-0.));
#2349 = ORIENTED_EDGE('',*,*,#2350,.T.);
#2350 = EDGE_CURVE('',#2343,#648,#2351,.T.);
#2351 = LINE('',#2352,#2353);
#2352 = CARTESIAN_POINT('',(-9.5,19.5,32.));
#2353 = VECTOR('',#2354,1.);
#2354 = DIRECTION('',(-0.707106781187,-0.707106781187,0.));
#2355 = ORIENTED_EDGE('',*,*,#645,.F.);
#2356 = ORIENTED_EDGE('',*,*,#2357,.F.);
#2357 = EDGE_CURVE('',#1150,#646,#2358,.T.);
#2358 = LINE('',#2359,#2360);
#2359 = CARTESIAN_POINT('',(10.,-1.E-15,32.));
#2360 = VECTOR('',#2361,1.);
#2361 = DIRECTION('',(-1.,0.,-0.));
#2362 = FACE_BOUND('',#2363,.F.);
#2363 = EDGE_LOOP('',(#2364,#2375,#2383,#2392));
#2364 = ORIENTED_EDGE('',*,*,#2365,.F.);
#2365 = EDGE_CURVE('',#2366,#2368,#2370,.T.);
#2366 = VERTEX_POINT('',#2367);
#2367 = CARTESIAN_POINT('',(2.499993777015,10.,32.));
#2368 = VERTEX_POINT('',#2369);
#2369 = CARTESIAN_POINT('',(-2.499993777015,10.,32.));
#2370 = CIRCLE('',#2371,2.499993777015);
#2371 = AXIS2_PLACEMENT_3D('',#2372,#2373,#2374);
#2372 = CARTESIAN_POINT('',(1.83E-15,10.,32.));
#2373 = DIRECTION('',(0.,2.2E-16,1.));
#2374 = DIRECTION('',(-1.,0.,0.));
#2375 = ORIENTED_EDGE('',*,*,#2376,.T.);
#2376 = EDGE_CURVE('',#2366,#2377,#2379,.T.);
#2377 = VERTEX_POINT('',#2378);
#2378 = CARTESIAN_POINT('',(2.499993777015,5.,32.));
#2379 = LINE('',#2380,#2381);
#2380 = CARTESIAN_POINT('',(2.499993777015,5.,32.));
#2381 = VECTOR('',#2382,1.);
#2382 = DIRECTION('',(0.,-1.,0.));
#2383 = ORIENTED_EDGE('',*,*,#2384,.F.);
#2384 = EDGE_CURVE('',#2385,#2377,#2387,.T.);
#2385 = VERTEX_POINT('',#2386);
#2386 = CARTESIAN_POINT('',(-2.499993777015,5.,32.));
#2387 = CIRCLE('',#2388,2.499993777015);
#2388 = AXIS2_PLACEMENT_3D('',#2389,#2390,#2391);
#2389 = CARTESIAN_POINT('',(1.92E-15,5.,32.));
#2390 = DIRECTION('',(0.,2.2E-16,1.));
#2391 = DIRECTION('',(-1.,0.,0.));
#2392 = ORIENTED_EDGE('',*,*,#2393,.F.);
#2393 = EDGE_CURVE('',#2368,#2385,#2394,.T.);
#2394 = LINE('',#2395,#2396);
#2395 = CARTESIAN_POINT('',(-2.499993777015,5.,32.));
#2396 = VECTOR('',#2397,1.);
#2397 = DIRECTION('',(0.,-1.,0.));
#2398 = PLANE('',#2399);
#2399 = AXIS2_PLACEMENT_3D('',#2400,#2401,#2402);
#2400 = CARTESIAN_POINT('',(10.,-1.44E-15,32.));
#2401 = DIRECTION('',(0.,0.,1.));
#2402 = DIRECTION('',(-1.,0.,0.));
#2403 = ADVANCED_FACE('',(#2404),#2422,.T.);
#2404 = FACE_BOUND('',#2405,.F.);
#2405 = EDGE_LOOP('',(#2406,#2407,#2415,#2421));
#2406 = ORIENTED_EDGE('',*,*,#2350,.F.);
#2407 = ORIENTED_EDGE('',*,*,#2408,.T.);
#2408 = EDGE_CURVE('',#2343,#2409,#2411,.T.);
#2409 = VERTEX_POINT('',#2410);
#2410 = CARTESIAN_POINT('',(-9.,20.,40.));
#2411 = LINE('',#2412,#2413);
#2412 = CARTESIAN_POINT('',(-9.,20.,32.));
#2413 = VECTOR('',#2414,1.);
#2414 = DIRECTION('',(0.,0.,1.));
#2415 = ORIENTED_EDGE('',*,*,#2416,.T.);
#2416 = EDGE_CURVE('',#2409,#758,#2417,.T.);
#2417 = LINE('',#2418,#2419);
#2418 = CARTESIAN_POINT('',(-9.25,19.75,40.));
#2419 = VECTOR('',#2420,1.);
#2420 = DIRECTION('',(-0.707106781187,-0.707106781187,0.));
#2421 = ORIENTED_EDGE('',*,*,#765,.F.);
#2422 = PLANE('',#2423);
#2423 = AXIS2_PLACEMENT_3D('',#2424,#2425,#2426);
#2424 = CARTESIAN_POINT('',(-9.5,19.5,32.));
#2425 = DIRECTION('',(-0.707106781187,0.707106781187,0.));
#2426 = DIRECTION('',(0.,0.,-1.));
#2427 = ADVANCED_FACE('',(#2428),#2451,.T.);
#2428 = FACE_BOUND('',#2429,.T.);
#2429 = EDGE_LOOP('',(#2430,#2431,#2437,#2445));
#2430 = ORIENTED_EDGE('',*,*,#757,.T.);
#2431 = ORIENTED_EDGE('',*,*,#2432,.T.);
#2432 = EDGE_CURVE('',#750,#2025,#2433,.T.);
#2433 = LINE('',#2434,#2435);
#2434 = CARTESIAN_POINT('',(-9.75,-19.,40.25));
#2435 = VECTOR('',#2436,1.);
#2436 = DIRECTION('',(0.707106781187,8.65E-15,0.707106781187));
#2437 = ORIENTED_EDGE('',*,*,#2438,.F.);
#2438 = EDGE_CURVE('',#2439,#2025,#2441,.T.);
#2439 = VERTEX_POINT('',#2440);
#2440 = CARTESIAN_POINT('',(-9.,19.,41.));
#2441 = LINE('',#2442,#2443);
#2442 = CARTESIAN_POINT('',(-9.,20.,41.));
#2443 = VECTOR('',#2444,1.);
#2444 = DIRECTION('',(0.,-1.,4.4E-16));
#2445 = ORIENTED_EDGE('',*,*,#2446,.T.);
#2446 = EDGE_CURVE('',#2439,#758,#2447,.T.);
#2447 = LINE('',#2448,#2449);
#2448 = CARTESIAN_POINT('',(-9.5,19.,40.5));
#2449 = VECTOR('',#2450,1.);
#2450 = DIRECTION('',(-0.707106781187,-1.25E-15,-0.707106781187));
#2451 = PLANE('',#2452);
#2452 = AXIS2_PLACEMENT_3D('',#2453,#2454,#2455);
#2453 = CARTESIAN_POINT('',(-9.5,20.,40.5));
#2454 = DIRECTION('',(-0.707106781187,0.,0.707106781187));
#2455 = DIRECTION('',(2.2E-16,-1.,2.2E-16));
#2456 = ADVANCED_FACE('',(#2457),#2463,.T.);
#2457 = FACE_BOUND('',#2458,.T.);
#2458 = EDGE_LOOP('',(#2459,#2460,#2461,#2462));
#2459 = ORIENTED_EDGE('',*,*,#733,.T.);
#2460 = ORIENTED_EDGE('',*,*,#1021,.T.);
#2461 = ORIENTED_EDGE('',*,*,#1004,.T.);
#2462 = ORIENTED_EDGE('',*,*,#963,.T.);
#2463 = PLANE('',#2464);
#2464 = AXIS2_PLACEMENT_3D('',#2465,#2466,#2467);
#2465 = CARTESIAN_POINT('',(-3.06508E-12,6.,-34.03232819073));
#2466 = DIRECTION('',(0.,1.,2.2E-16));
#2467 = DIRECTION('',(0.,-2.2E-16,1.));
#2468 = ADVANCED_FACE('',(#2469),#2475,.T.);
#2469 = FACE_BOUND('',#2470,.T.);
#2470 = EDGE_LOOP('',(#2471,#2472,#2473,#2474));
#2471 = ORIENTED_EDGE('',*,*,#1411,.T.);
#2472 = ORIENTED_EDGE('',*,*,#1370,.T.);
#2473 = ORIENTED_EDGE('',*,*,#1322,.T.);
#2474 = ORIENTED_EDGE('',*,*,#710,.T.);
#2475 = PLANE('',#2476);
#2476 = AXIS2_PLACEMENT_3D('',#2477,#2478,#2479);
#2477 = CARTESIAN_POINT('',(-3.06508E-12,6.,-34.03232819073));
#2478 = DIRECTION('',(0.,1.,2.2E-16));
#2479 = DIRECTION('',(0.,-2.2E-16,1.));
#2480 = ADVANCED_FACE('',(#2481),#2499,.T.);
#2481 = FACE_BOUND('',#2482,.F.);
#2482 = EDGE_LOOP('',(#2483,#2484,#2492,#2498));
#2483 = ORIENTED_EDGE('',*,*,#1461,.F.);
#2484 = ORIENTED_EDGE('',*,*,#2485,.T.);
#2485 = EDGE_CURVE('',#1454,#2486,#2488,.T.);
#2486 = VERTEX_POINT('',#2487);
#2487 = CARTESIAN_POINT('',(-9.,20.,22.5));
#2488 = LINE('',#2489,#2490);
#2489 = CARTESIAN_POINT('',(-9.,20.,-13.9));
#2490 = VECTOR('',#2491,1.);
#2491 = DIRECTION('',(0.,0.,1.));
#2492 = ORIENTED_EDGE('',*,*,#2493,.T.);
#2493 = EDGE_CURVE('',#2486,#680,#2494,.T.);
#2494 = LINE('',#2495,#2496);
#2495 = CARTESIAN_POINT('',(-14.5,14.5,22.5));
#2496 = VECTOR('',#2497,1.);
#2497 = DIRECTION('',(-0.707106781187,-0.707106781187,0.));
#2498 = ORIENTED_EDGE('',*,*,#687,.F.);
#2499 = PLANE('',#2500);
#2500 = AXIS2_PLACEMENT_3D('',#2501,#2502,#2503);
#2501 = CARTESIAN_POINT('',(-9.5,19.5,-13.9));
#2502 = DIRECTION('',(-0.707106781187,0.707106781187,0.));
#2503 = DIRECTION('',(0.,0.,-1.));
#2504 = ADVANCED_FACE('',(#2505,#2530),#2566,.F.);
#2505 = FACE_BOUND('',#2506,.F.);
#2506 = EDGE_LOOP('',(#2507,#2508,#2509,#2517,#2523,#2524));
#2507 = ORIENTED_EDGE('',*,*,#679,.T.);
#2508 = ORIENTED_EDGE('',*,*,#2493,.F.);
#2509 = ORIENTED_EDGE('',*,*,#2510,.T.);
#2510 = EDGE_CURVE('',#2486,#2511,#2513,.T.);
#2511 = VERTEX_POINT('',#2512);
#2512 = CARTESIAN_POINT('',(9.,20.,22.5));
#2513 = LINE('',#2514,#2515);
#2514 = CARTESIAN_POINT('',(-10.,20.,22.5));
#2515 = VECTOR('',#2516,1.);
#2516 = DIRECTION('',(1.,0.,0.));
#2517 = ORIENTED_EDGE('',*,*,#2518,.T.);
#2518 = EDGE_CURVE('',#2511,#1118,#2519,.T.);
#2519 = LINE('',#2520,#2521);
#2520 = CARTESIAN_POINT('',(9.5,19.5,22.5));
#2521 = VECTOR('',#2522,1.);
#2522 = DIRECTION('',(0.707106781187,-0.707106781187,0.));
#2523 = ORIENTED_EDGE('',*,*,#1125,.F.);
#2524 = ORIENTED_EDGE('',*,*,#2525,.F.);
#2525 = EDGE_CURVE('',#672,#1126,#2526,.T.);
#2526 = LINE('',#2527,#2528);
#2527 = CARTESIAN_POINT('',(-10.,-1.E-15,22.5));
#2528 = VECTOR('',#2529,1.);
#2529 = DIRECTION('',(1.,0.,0.));
#2530 = FACE_BOUND('',#2531,.F.);
#2531 = EDGE_LOOP('',(#2532,#2542,#2551,#2559));
#2532 = ORIENTED_EDGE('',*,*,#2533,.T.);
#2533 = EDGE_CURVE('',#2534,#2536,#2538,.T.);
#2534 = VERTEX_POINT('',#2535);
#2535 = CARTESIAN_POINT('',(2.499993777015,5.,22.5));
#2536 = VERTEX_POINT('',#2537);
#2537 = CARTESIAN_POINT('',(2.499993777015,10.,22.5));
#2538 = LINE('',#2539,#2540);
#2539 = CARTESIAN_POINT('',(2.499993777015,5.,22.5));
#2540 = VECTOR('',#2541,1.);
#2541 = DIRECTION('',(0.,1.,0.));
#2542 = ORIENTED_EDGE('',*,*,#2543,.T.);
#2543 = EDGE_CURVE('',#2536,#2544,#2546,.T.);
#2544 = VERTEX_POINT('',#2545);
#2545 = CARTESIAN_POINT('',(-2.499993777015,10.,22.5));
#2546 = CIRCLE('',#2547,2.499993777015);
#2547 = AXIS2_PLACEMENT_3D('',#2548,#2549,#2550);
#2548 = CARTESIAN_POINT('',(1.83E-15,10.,22.5));
#2549 = DIRECTION('',(0.,2.2E-16,1.));
#2550 = DIRECTION('',(-1.,0.,0.));
#2551 = ORIENTED_EDGE('',*,*,#2552,.F.);
#2552 = EDGE_CURVE('',#2553,#2544,#2555,.T.);
#2553 = VERTEX_POINT('',#2554);
#2554 = CARTESIAN_POINT('',(-2.499993777015,5.,22.5));
#2555 = LINE('',#2556,#2557);
#2556 = CARTESIAN_POINT('',(-2.499993777015,5.,22.5));
#2557 = VECTOR('',#2558,1.);
#2558 = DIRECTION('',(0.,1.,0.));
#2559 = ORIENTED_EDGE('',*,*,#2560,.T.);
#2560 = EDGE_CURVE('',#2553,#2534,#2561,.T.);
#2561 = CIRCLE('',#2562,2.499993777015);
#2562 = AXIS2_PLACEMENT_3D('',#2563,#2564,#2565);
#2563 = CARTESIAN_POINT('',(1.92E-15,5.,22.5));
#2564 = DIRECTION('',(0.,2.2E-16,1.));
#2565 = DIRECTION('',(-1.,0.,0.));
#2566 = PLANE('',#2567);
#2567 = AXIS2_PLACEMENT_3D('',#2568,#2569,#2570);
#2568 = CARTESIAN_POINT('',(-10.,-1.44E-15,22.5));
#2569 = DIRECTION('',(0.,0.,-1.));
#2570 = DIRECTION('',(1.,0.,0.));
#2571 = ADVANCED_FACE('',(#2572),#2583,.T.);
#2572 = FACE_BOUND('',#2573,.T.);
#2573 = EDGE_LOOP('',(#2574,#2575,#2581,#2582));
#2574 = ORIENTED_EDGE('',*,*,#671,.T.);
#2575 = ORIENTED_EDGE('',*,*,#2576,.T.);
#2576 = EDGE_CURVE('',#664,#1134,#2577,.T.);
#2577 = LINE('',#2578,#2579);
#2578 = CARTESIAN_POINT('',(-10.,-4.,22.5));
#2579 = VECTOR('',#2580,1.);
#2580 = DIRECTION('',(1.,0.,0.));
#2581 = ORIENTED_EDGE('',*,*,#1133,.F.);
#2582 = ORIENTED_EDGE('',*,*,#2525,.F.);
#2583 = PLANE('',#2584);
#2584 = AXIS2_PLACEMENT_3D('',#2585,#2586,#2587);
#2585 = CARTESIAN_POINT('',(-10.,-1.E-15,22.5));
#2586 = DIRECTION('',(0.,0.,1.));
#2587 = DIRECTION('',(1.,0.,0.));
#2588 = ADVANCED_FACE('',(#2589,#2600),#2611,.T.);
#2589 = FACE_BOUND('',#2590,.T.);
#2590 = EDGE_LOOP('',(#2591,#2592,#2593,#2599));
#2591 = ORIENTED_EDGE('',*,*,#2576,.F.);
#2592 = ORIENTED_EDGE('',*,*,#663,.F.);
#2593 = ORIENTED_EDGE('',*,*,#2594,.F.);
#2594 = EDGE_CURVE('',#1142,#656,#2595,.T.);
#2595 = LINE('',#2596,#2597);
#2596 = CARTESIAN_POINT('',(10.,-4.,32.));
#2597 = VECTOR('',#2598,1.);
#2598 = DIRECTION('',(-1.,0.,-0.));
#2599 = ORIENTED_EDGE('',*,*,#1141,.F.);
#2600 = FACE_BOUND('',#2601,.T.);
#2601 = EDGE_LOOP('',(#2602));
#2602 = ORIENTED_EDGE('',*,*,#2603,.T.);
#2603 = EDGE_CURVE('',#2604,#2604,#2606,.T.);
#2604 = VERTEX_POINT('',#2605);
#2605 = CARTESIAN_POINT('',(2.8,-4.,27.25));
#2606 = CIRCLE('',#2607,2.8);
#2607 = AXIS2_PLACEMENT_3D('',#2608,#2609,#2610);
#2608 = CARTESIAN_POINT('',(0.,-4.,27.25));
#2609 = DIRECTION('',(0.,-1.,2.22044604925E-16));
#2610 = DIRECTION('',(1.,0.,0.));
#2611 = PLANE('',#2612);
#2612 = AXIS2_PLACEMENT_3D('',#2613,#2614,#2615);
#2613 = CARTESIAN_POINT('',(0.,-4.,-6.5));
#2614 = DIRECTION('',(0.,1.,0.));
#2615 = DIRECTION('',(0.,0.,1.));
#2616 = ADVANCED_FACE('',(#2617),#2623,.T.);
#2617 = FACE_BOUND('',#2618,.T.);
#2618 = EDGE_LOOP('',(#2619,#2620,#2621,#2622));
#2619 = ORIENTED_EDGE('',*,*,#1149,.T.);
#2620 = ORIENTED_EDGE('',*,*,#2594,.T.);
#2621 = ORIENTED_EDGE('',*,*,#655,.F.);
#2622 = ORIENTED_EDGE('',*,*,#2357,.F.);
#2623 = PLANE('',#2624);
#2624 = AXIS2_PLACEMENT_3D('',#2625,#2626,#2627);
#2625 = CARTESIAN_POINT('',(10.,-1.E-15,32.));
#2626 = DIRECTION('',(0.,0.,-1.));
#2627 = DIRECTION('',(-1.,0.,0.));
#2628 = ADVANCED_FACE('',(#2629,#2661),#2697,.F.);
#2629 = FACE_BOUND('',#2630,.F.);
#2630 = EDGE_LOOP('',(#2631,#2632,#2638,#2639,#2647,#2655));
#2631 = ORIENTED_EDGE('',*,*,#1223,.F.);
#2632 = ORIENTED_EDGE('',*,*,#2633,.T.);
#2633 = EDGE_CURVE('',#1224,#776,#2634,.T.);
#2634 = LINE('',#2635,#2636);
#2635 = CARTESIAN_POINT('',(10.,16.499999999961,20.));
#2636 = VECTOR('',#2637,1.);
#2637 = DIRECTION('',(-1.,0.,2.2E-16));
#2638 = ORIENTED_EDGE('',*,*,#773,.F.);
#2639 = ORIENTED_EDGE('',*,*,#2640,.F.);
#2640 = EDGE_CURVE('',#2641,#774,#2643,.T.);
#2641 = VERTEX_POINT('',#2642);
#2642 = CARTESIAN_POINT('',(-7.5,-1.5,20.));
#2643 = LINE('',#2644,#2645);
#2644 = CARTESIAN_POINT('',(10.,-1.5,20.));
#2645 = VECTOR('',#2646,1.);
#2646 = DIRECTION('',(-1.,0.,2.2E-16));
#2647 = ORIENTED_EDGE('',*,*,#2648,.F.);
#2648 = EDGE_CURVE('',#2649,#2641,#2651,.T.);
#2649 = VERTEX_POINT('',#2650);
#2650 = CARTESIAN_POINT('',(7.5,-1.5,20.));
#2651 = LINE('',#2652,#2653);
#2652 = CARTESIAN_POINT('',(10.,-1.5,20.));
#2653 = VECTOR('',#2654,1.);
#2654 = DIRECTION('',(-1.,0.,2.2E-16));
#2655 = ORIENTED_EDGE('',*,*,#2656,.F.);
#2656 = EDGE_CURVE('',#1226,#2649,#2657,.T.);
#2657 = LINE('',#2658,#2659);
#2658 = CARTESIAN_POINT('',(10.,-1.5,20.));
#2659 = VECTOR('',#2660,1.);
#2660 = DIRECTION('',(-1.,0.,2.2E-16));
#2661 = FACE_BOUND('',#2662,.F.);
#2662 = EDGE_LOOP('',(#2663,#2673,#2682,#2690));
#2663 = ORIENTED_EDGE('',*,*,#2664,.F.);
#2664 = EDGE_CURVE('',#2665,#2667,#2669,.T.);
#2665 = VERTEX_POINT('',#2666);
#2666 = CARTESIAN_POINT('',(2.499993777015,5.,20.));
#2667 = VERTEX_POINT('',#2668);
#2668 = CARTESIAN_POINT('',(2.499993777015,10.,20.));
#2669 = LINE('',#2670,#2671);
#2670 = CARTESIAN_POINT('',(2.499993777015,13.24999999998,20.));
#2671 = VECTOR('',#2672,1.);
#2672 = DIRECTION('',(0.,1.,-2.2E-16));
#2673 = ORIENTED_EDGE('',*,*,#2674,.F.);
#2674 = EDGE_CURVE('',#2675,#2665,#2677,.T.);
#2675 = VERTEX_POINT('',#2676);
#2676 = CARTESIAN_POINT('',(-2.499993777015,5.,20.));
#2677 = CIRCLE('',#2678,2.499993777015);
#2678 = AXIS2_PLACEMENT_3D('',#2679,#2680,#2681);
#2679 = CARTESIAN_POINT('',(1.92E-15,5.,20.));
#2680 = DIRECTION('',(0.,4.4E-16,1.));
#2681 = DIRECTION('',(-1.,0.,0.));
#2682 = ORIENTED_EDGE('',*,*,#2683,.T.);
#2683 = EDGE_CURVE('',#2675,#2684,#2686,.T.);
#2684 = VERTEX_POINT('',#2685);
#2685 = CARTESIAN_POINT('',(-2.499993777015,10.,20.));
#2686 = LINE('',#2687,#2688);
#2687 = CARTESIAN_POINT('',(-2.499993777015,13.24999999998,20.));
#2688 = VECTOR('',#2689,1.);
#2689 = DIRECTION('',(0.,1.,-2.2E-16));
#2690 = ORIENTED_EDGE('',*,*,#2691,.F.);
#2691 = EDGE_CURVE('',#2667,#2684,#2692,.T.);
#2692 = CIRCLE('',#2693,2.499993777015);
#2693 = AXIS2_PLACEMENT_3D('',#2694,#2695,#2696);
#2694 = CARTESIAN_POINT('',(1.83E-15,10.,20.));
#2695 = DIRECTION('',(0.,4.4E-16,1.));
#2696 = DIRECTION('',(-1.,0.,0.));
#2697 = PLANE('',#2698);
#2698 = AXIS2_PLACEMENT_3D('',#2699,#2700,#2701);
#2699 = CARTESIAN_POINT('',(10.,16.499999999961,20.));
#2700 = DIRECTION('',(2.2E-16,2.2E-16,1.));
#2701 = DIRECTION('',(0.,-1.,2.2E-16));
#2702 = ADVANCED_FACE('',(#2703),#2721,.F.);
#2703 = FACE_BOUND('',#2704,.F.);
#2704 = EDGE_LOOP('',(#2705,#2713,#2714,#2715));
#2705 = ORIENTED_EDGE('',*,*,#2706,.T.);
#2706 = EDGE_CURVE('',#2707,#2641,#2709,.T.);
#2707 = VERTEX_POINT('',#2708);
#2708 = CARTESIAN_POINT('',(-7.5,-1.5,16.));
#2709 = LINE('',#2710,#2711);
#2710 = CARTESIAN_POINT('',(-7.5,-1.5,16.));
#2711 = VECTOR('',#2712,1.);
#2712 = DIRECTION('',(0.,0.,1.));
#2713 = ORIENTED_EDGE('',*,*,#2640,.T.);
#2714 = ORIENTED_EDGE('',*,*,#783,.F.);
#2715 = ORIENTED_EDGE('',*,*,#2716,.F.);
#2716 = EDGE_CURVE('',#2707,#784,#2717,.T.);
#2717 = LINE('',#2718,#2719);
#2718 = CARTESIAN_POINT('',(10.,-1.5,16.));
#2719 = VECTOR('',#2720,1.);
#2720 = DIRECTION('',(-1.,0.,2.2E-16));
#2721 = PLANE('',#2722);
#2722 = AXIS2_PLACEMENT_3D('',#2723,#2724,#2725);
#2723 = CARTESIAN_POINT('',(10.,-1.5,20.));
#2724 = DIRECTION('',(0.,-1.,2.2E-16));
#2725 = DIRECTION('',(-2.2E-16,-2.2E-16,-1.));
#2726 = ADVANCED_FACE('',(#2727),#2738,.F.);
#2727 = FACE_BOUND('',#2728,.F.);
#2728 = EDGE_LOOP('',(#2729,#2730,#2736,#2737));
#2729 = ORIENTED_EDGE('',*,*,#1233,.F.);
#2730 = ORIENTED_EDGE('',*,*,#2731,.T.);
#2731 = EDGE_CURVE('',#1234,#792,#2732,.T.);
#2732 = LINE('',#2733,#2734);
#2733 = CARTESIAN_POINT('',(10.,16.499999999961,16.));
#2734 = VECTOR('',#2735,1.);
#2735 = DIRECTION('',(-1.,0.,2.2E-16));
#2736 = ORIENTED_EDGE('',*,*,#799,.F.);
#2737 = ORIENTED_EDGE('',*,*,#2633,.F.);
#2738 = PLANE('',#2739);
#2739 = AXIS2_PLACEMENT_3D('',#2740,#2741,#2742);
#2740 = CARTESIAN_POINT('',(10.,16.499999999961,16.));
#2741 = DIRECTION('',(0.,1.,-2.2E-16));
#2742 = DIRECTION('',(2.2E-16,2.2E-16,1.));
#2743 = ADVANCED_FACE('',(#2744,#2764),#2800,.F.);
#2744 = FACE_BOUND('',#2745,.F.);
#2745 = EDGE_LOOP('',(#2746,#2747,#2755,#2761,#2762,#2763));
#2746 = ORIENTED_EDGE('',*,*,#1241,.F.);
#2747 = ORIENTED_EDGE('',*,*,#2748,.T.);
#2748 = EDGE_CURVE('',#1242,#2749,#2751,.T.);
#2749 = VERTEX_POINT('',#2750);
#2750 = CARTESIAN_POINT('',(7.5,-1.5,16.));
#2751 = LINE('',#2752,#2753);
#2752 = CARTESIAN_POINT('',(10.,-1.5,16.));
#2753 = VECTOR('',#2754,1.);
#2754 = DIRECTION('',(-1.,0.,2.2E-16));
#2755 = ORIENTED_EDGE('',*,*,#2756,.T.);
#2756 = EDGE_CURVE('',#2749,#2707,#2757,.T.);
#2757 = LINE('',#2758,#2759);
#2758 = CARTESIAN_POINT('',(10.,-1.5,16.));
#2759 = VECTOR('',#2760,1.);
#2760 = DIRECTION('',(-1.,0.,2.2E-16));
#2761 = ORIENTED_EDGE('',*,*,#2716,.T.);
#2762 = ORIENTED_EDGE('',*,*,#791,.F.);
#2763 = ORIENTED_EDGE('',*,*,#2731,.F.);
#2764 = FACE_BOUND('',#2765,.F.);
#2765 = EDGE_LOOP('',(#2766,#2776,#2785,#2793));
#2766 = ORIENTED_EDGE('',*,*,#2767,.F.);
#2767 = EDGE_CURVE('',#2768,#2770,#2772,.T.);
#2768 = VERTEX_POINT('',#2769);
#2769 = CARTESIAN_POINT('',(2.499993777015,10.,16.));
#2770 = VERTEX_POINT('',#2771);
#2771 = CARTESIAN_POINT('',(2.499993777015,5.,16.));
#2772 = LINE('',#2773,#2774);
#2773 = CARTESIAN_POINT('',(2.499993777015,4.25,16.));
#2774 = VECTOR('',#2775,1.);
#2775 = DIRECTION('',(0.,-1.,2.2E-16));
#2776 = ORIENTED_EDGE('',*,*,#2777,.T.);
#2777 = EDGE_CURVE('',#2768,#2778,#2780,.T.);
#2778 = VERTEX_POINT('',#2779);
#2779 = CARTESIAN_POINT('',(-2.499993777015,10.,16.));
#2780 = CIRCLE('',#2781,2.499993777015);
#2781 = AXIS2_PLACEMENT_3D('',#2782,#2783,#2784);
#2782 = CARTESIAN_POINT('',(1.83E-15,10.,16.));
#2783 = DIRECTION('',(0.,4.4E-16,1.));
#2784 = DIRECTION('',(-1.,0.,0.));
#2785 = ORIENTED_EDGE('',*,*,#2786,.T.);
#2786 = EDGE_CURVE('',#2778,#2787,#2789,.T.);
#2787 = VERTEX_POINT('',#2788);
#2788 = CARTESIAN_POINT('',(-2.499993777015,5.,16.));
#2789 = LINE('',#2790,#2791);
#2790 = CARTESIAN_POINT('',(-2.499993777015,4.25,16.));
#2791 = VECTOR('',#2792,1.);
#2792 = DIRECTION('',(0.,-1.,2.2E-16));
#2793 = ORIENTED_EDGE('',*,*,#2794,.T.);
#2794 = EDGE_CURVE('',#2787,#2770,#2795,.T.);
#2795 = CIRCLE('',#2796,2.499993777015);
#2796 = AXIS2_PLACEMENT_3D('',#2797,#2798,#2799);
#2797 = CARTESIAN_POINT('',(1.92E-15,5.,16.));
#2798 = DIRECTION('',(0.,4.4E-16,1.));
#2799 = DIRECTION('',(-1.,0.,0.));
#2800 = PLANE('',#2801);
#2801 = AXIS2_PLACEMENT_3D('',#2802,#2803,#2804);
#2802 = CARTESIAN_POINT('',(10.,-1.5,16.));
#2803 = DIRECTION('',(-2.2E-16,-2.2E-16,-1.));
#2804 = DIRECTION('',(0.,1.,-2.2E-16));
#2805 = ADVANCED_FACE('',(#2806),#2822,.F.);
#2806 = FACE_BOUND('',#2807,.F.);
#2807 = EDGE_LOOP('',(#2808,#2809,#2815,#2816));
#2808 = ORIENTED_EDGE('',*,*,#1189,.F.);
#2809 = ORIENTED_EDGE('',*,*,#2810,.T.);
#2810 = EDGE_CURVE('',#1190,#810,#2811,.T.);
#2811 = LINE('',#2812,#2813);
#2812 = CARTESIAN_POINT('',(10.,16.5,34.5));
#2813 = VECTOR('',#2814,1.);
#2814 = DIRECTION('',(-1.,0.,2.2E-16));
#2815 = ORIENTED_EDGE('',*,*,#807,.F.);
#2816 = ORIENTED_EDGE('',*,*,#2817,.F.);
#2817 = EDGE_CURVE('',#1192,#808,#2818,.T.);
#2818 = LINE('',#2819,#2820);
#2819 = CARTESIAN_POINT('',(10.,16.5,38.5));
#2820 = VECTOR('',#2821,1.);
#2821 = DIRECTION('',(-1.,0.,2.2E-16));
#2822 = PLANE('',#2823);
#2823 = AXIS2_PLACEMENT_3D('',#2824,#2825,#2826);
#2824 = CARTESIAN_POINT('',(10.,16.5,34.5));
#2825 = DIRECTION('',(0.,1.,-2.2E-16));
#2826 = DIRECTION('',(2.2E-16,2.2E-16,1.));
#2827 = ADVANCED_FACE('',(#2828,#2855),#2891,.F.);
#2828 = FACE_BOUND('',#2829,.F.);
#2829 = EDGE_LOOP('',(#2830,#2831,#2832,#2833,#2841,#2849));
#2830 = ORIENTED_EDGE('',*,*,#1215,.F.);
#2831 = ORIENTED_EDGE('',*,*,#2817,.T.);
#2832 = ORIENTED_EDGE('',*,*,#817,.F.);
#2833 = ORIENTED_EDGE('',*,*,#2834,.F.);
#2834 = EDGE_CURVE('',#2835,#818,#2837,.T.);
#2835 = VERTEX_POINT('',#2836);
#2836 = CARTESIAN_POINT('',(-7.5,-1.5,38.5));
#2837 = LINE('',#2838,#2839);
#2838 = CARTESIAN_POINT('',(10.,-1.5,38.5));
#2839 = VECTOR('',#2840,1.);
#2840 = DIRECTION('',(-1.,0.,2.2E-16));
#2841 = ORIENTED_EDGE('',*,*,#2842,.F.);
#2842 = EDGE_CURVE('',#2843,#2835,#2845,.T.);
#2843 = VERTEX_POINT('',#2844);
#2844 = CARTESIAN_POINT('',(7.5,-1.5,38.5));
#2845 = LINE('',#2846,#2847);
#2846 = CARTESIAN_POINT('',(10.,-1.5,38.5));
#2847 = VECTOR('',#2848,1.);
#2848 = DIRECTION('',(-1.,0.,2.2E-16));
#2849 = ORIENTED_EDGE('',*,*,#2850,.F.);
#2850 = EDGE_CURVE('',#1208,#2843,#2851,.T.);
#2851 = LINE('',#2852,#2853);
#2852 = CARTESIAN_POINT('',(10.,-1.5,38.5));
#2853 = VECTOR('',#2854,1.);
#2854 = DIRECTION('',(-1.,0.,2.2E-16));
#2855 = FACE_BOUND('',#2856,.F.);
#2856 = EDGE_LOOP('',(#2857,#2868,#2876,#2885));
#2857 = ORIENTED_EDGE('',*,*,#2858,.F.);
#2858 = EDGE_CURVE('',#2859,#2861,#2863,.T.);
#2859 = VERTEX_POINT('',#2860);
#2860 = CARTESIAN_POINT('',(2.499993777015,10.,38.5));
#2861 = VERTEX_POINT('',#2862);
#2862 = CARTESIAN_POINT('',(-2.499993777015,10.,38.5));
#2863 = CIRCLE('',#2864,2.499993777015);
#2864 = AXIS2_PLACEMENT_3D('',#2865,#2866,#2867);
#2865 = CARTESIAN_POINT('',(1.83E-15,10.,38.5));
#2866 = DIRECTION('',(0.,4.4E-16,1.));
#2867 = DIRECTION('',(-1.,0.,0.));
#2868 = ORIENTED_EDGE('',*,*,#2869,.F.);
#2869 = EDGE_CURVE('',#2870,#2859,#2872,.T.);
#2870 = VERTEX_POINT('',#2871);
#2871 = CARTESIAN_POINT('',(2.499993777015,5.,38.5));
#2872 = LINE('',#2873,#2874);
#2873 = CARTESIAN_POINT('',(2.499993777015,13.25,38.5));
#2874 = VECTOR('',#2875,1.);
#2875 = DIRECTION('',(0.,1.,-2.2E-16));
#2876 = ORIENTED_EDGE('',*,*,#2877,.F.);
#2877 = EDGE_CURVE('',#2878,#2870,#2880,.T.);
#2878 = VERTEX_POINT('',#2879);
#2879 = CARTESIAN_POINT('',(-2.499993777015,5.,38.5));
#2880 = CIRCLE('',#2881,2.499993777015);
#2881 = AXIS2_PLACEMENT_3D('',#2882,#2883,#2884);
#2882 = CARTESIAN_POINT('',(1.92E-15,5.,38.5));
#2883 = DIRECTION('',(0.,4.4E-16,1.));
#2884 = DIRECTION('',(-1.,0.,0.));
#2885 = ORIENTED_EDGE('',*,*,#2886,.T.);
#2886 = EDGE_CURVE('',#2878,#2861,#2887,.T.);
#2887 = LINE('',#2888,#2889);
#2888 = CARTESIAN_POINT('',(-2.499993777015,13.25,38.5));
#2889 = VECTOR('',#2890,1.);
#2890 = DIRECTION('',(0.,1.,-2.2E-16));
#2891 = PLANE('',#2892);
#2892 = AXIS2_PLACEMENT_3D('',#2893,#2894,#2895);
#2893 = CARTESIAN_POINT('',(10.,16.5,38.5));
#2894 = DIRECTION('',(2.2E-16,2.2E-16,1.));
#2895 = DIRECTION('',(0.,-1.,2.2E-16));
#2896 = ADVANCED_FACE('',(#2897,#2924),#2960,.F.);
#2897 = FACE_BOUND('',#2898,.F.);
#2898 = EDGE_LOOP('',(#2899,#2900,#2908,#2916,#2922,#2923));
#2899 = ORIENTED_EDGE('',*,*,#1199,.F.);
#2900 = ORIENTED_EDGE('',*,*,#2901,.T.);
#2901 = EDGE_CURVE('',#1200,#2902,#2904,.T.);
#2902 = VERTEX_POINT('',#2903);
#2903 = CARTESIAN_POINT('',(7.5,-1.5,34.5));
#2904 = LINE('',#2905,#2906);
#2905 = CARTESIAN_POINT('',(10.,-1.5,34.5));
#2906 = VECTOR('',#2907,1.);
#2907 = DIRECTION('',(-1.,0.,2.2E-16));
#2908 = ORIENTED_EDGE('',*,*,#2909,.T.);
#2909 = EDGE_CURVE('',#2902,#2910,#2912,.T.);
#2910 = VERTEX_POINT('',#2911);
#2911 = CARTESIAN_POINT('',(-7.5,-1.5,34.5));
#2912 = LINE('',#2913,#2914);
#2913 = CARTESIAN_POINT('',(10.,-1.5,34.5));
#2914 = VECTOR('',#2915,1.);
#2915 = DIRECTION('',(-1.,0.,2.2E-16));
#2916 = ORIENTED_EDGE('',*,*,#2917,.T.);
#2917 = EDGE_CURVE('',#2910,#826,#2918,.T.);
#2918 = LINE('',#2919,#2920);
#2919 = CARTESIAN_POINT('',(10.,-1.5,34.5));
#2920 = VECTOR('',#2921,1.);
#2921 = DIRECTION('',(-1.,0.,2.2E-16));
#2922 = ORIENTED_EDGE('',*,*,#833,.F.);
#2923 = ORIENTED_EDGE('',*,*,#2810,.F.);
#2924 = FACE_BOUND('',#2925,.F.);
#2925 = EDGE_LOOP('',(#2926,#2936,#2945,#2953));
#2926 = ORIENTED_EDGE('',*,*,#2927,.F.);
#2927 = EDGE_CURVE('',#2928,#2930,#2932,.T.);
#2928 = VERTEX_POINT('',#2929);
#2929 = CARTESIAN_POINT('',(2.499993777015,10.,34.5));
#2930 = VERTEX_POINT('',#2931);
#2931 = CARTESIAN_POINT('',(2.499993777015,5.,34.5));
#2932 = LINE('',#2933,#2934);
#2933 = CARTESIAN_POINT('',(2.499993777015,4.25,34.5));
#2934 = VECTOR('',#2935,1.);
#2935 = DIRECTION('',(0.,-1.,2.2E-16));
#2936 = ORIENTED_EDGE('',*,*,#2937,.T.);
#2937 = EDGE_CURVE('',#2928,#2938,#2940,.T.);
#2938 = VERTEX_POINT('',#2939);
#2939 = CARTESIAN_POINT('',(-2.499993777015,10.,34.5));
#2940 = CIRCLE('',#2941,2.499993777015);
#2941 = AXIS2_PLACEMENT_3D('',#2942,#2943,#2944);
#2942 = CARTESIAN_POINT('',(1.83E-15,10.,34.5));
#2943 = DIRECTION('',(0.,4.4E-16,1.));
#2944 = DIRECTION('',(-1.,0.,0.));
#2945 = ORIENTED_EDGE('',*,*,#2946,.T.);
#2946 = EDGE_CURVE('',#2938,#2947,#2949,.T.);
#2947 = VERTEX_POINT('',#2948);
#2948 = CARTESIAN_POINT('',(-2.499993777015,5.,34.5));
#2949 = LINE('',#2950,#2951);
#2950 = CARTESIAN_POINT('',(-2.499993777015,4.25,34.5));
#2951 = VECTOR('',#2952,1.);
#2952 = DIRECTION('',(0.,-1.,2.2E-16));
#2953 = ORIENTED_EDGE('',*,*,#2954,.T.);
#2954 = EDGE_CURVE('',#2947,#2930,#2955,.T.);
#2955 = CIRCLE('',#2956,2.499993777015);
#2956 = AXIS2_PLACEMENT_3D('',#2957,#2958,#2959);
#2957 = CARTESIAN_POINT('',(1.92E-15,5.,34.5));
#2958 = DIRECTION('',(0.,4.4E-16,1.));
#2959 = DIRECTION('',(-1.,0.,0.));
#2960 = PLANE('',#2961);
#2961 = AXIS2_PLACEMENT_3D('',#2962,#2963,#2964);
#2962 = CARTESIAN_POINT('',(10.,-1.5,34.5));
#2963 = DIRECTION('',(-2.2E-16,-2.2E-16,-1.));
#2964 = DIRECTION('',(0.,1.,-2.2E-16));
#2965 = ADVANCED_FACE('',(#2966),#2977,.F.);
#2966 = FACE_BOUND('',#2967,.F.);
#2967 = EDGE_LOOP('',(#2968,#2974,#2975,#2976));
#2968 = ORIENTED_EDGE('',*,*,#2969,.T.);
#2969 = EDGE_CURVE('',#2910,#2835,#2970,.T.);
#2970 = LINE('',#2971,#2972);
#2971 = CARTESIAN_POINT('',(-7.5,-1.5,34.5));
#2972 = VECTOR('',#2973,1.);
#2973 = DIRECTION('',(0.,0.,1.));
#2974 = ORIENTED_EDGE('',*,*,#2834,.T.);
#2975 = ORIENTED_EDGE('',*,*,#825,.F.);
#2976 = ORIENTED_EDGE('',*,*,#2917,.F.);
#2977 = PLANE('',#2978);
#2978 = AXIS2_PLACEMENT_3D('',#2979,#2980,#2981);
#2979 = CARTESIAN_POINT('',(10.,-1.5,38.5));
#2980 = DIRECTION('',(0.,-1.,2.2E-16));
#2981 = DIRECTION('',(-2.2E-16,-2.2E-16,-1.));
#2982 = ADVANCED_FACE('',(#2983),#2999,.F.);
#2983 = FACE_BOUND('',#2984,.F.);
#2984 = EDGE_LOOP('',(#2985,#2986,#2992,#2993));
#2985 = ORIENTED_EDGE('',*,*,#1257,.F.);
#2986 = ORIENTED_EDGE('',*,*,#2987,.T.);
#2987 = EDGE_CURVE('',#1258,#844,#2988,.T.);
#2988 = LINE('',#2989,#2990);
#2989 = CARTESIAN_POINT('',(10.,16.499999999961,-5.));
#2990 = VECTOR('',#2991,1.);
#2991 = DIRECTION('',(-1.,0.,2.2E-16));
#2992 = ORIENTED_EDGE('',*,*,#841,.F.);
#2993 = ORIENTED_EDGE('',*,*,#2994,.F.);
#2994 = EDGE_CURVE('',#1260,#842,#2995,.T.);
#2995 = LINE('',#2996,#2997);
#2996 = CARTESIAN_POINT('',(10.,16.499999999961,9.));
#2997 = VECTOR('',#2998,1.);
#2998 = DIRECTION('',(-1.,0.,2.2E-16));
#2999 = PLANE('',#3000);
#3000 = AXIS2_PLACEMENT_3D('',#3001,#3002,#3003);
#3001 = CARTESIAN_POINT('',(10.,16.499999999961,-7.));
#3002 = DIRECTION('',(0.,1.,-2.2E-16));
#3003 = DIRECTION('',(2.2E-16,2.2E-16,1.));
#3004 = ADVANCED_FACE('',(#3005),#3016,.F.);
#3005 = FACE_BOUND('',#3006,.F.);
#3006 = EDGE_LOOP('',(#3007,#3008,#3014,#3015));
#3007 = ORIENTED_EDGE('',*,*,#1267,.T.);
#3008 = ORIENTED_EDGE('',*,*,#3009,.T.);
#3009 = EDGE_CURVE('',#1268,#876,#3010,.T.);
#3010 = LINE('',#3011,#3012);
#3011 = CARTESIAN_POINT('',(10.,14.499999999961,-7.));
#3012 = VECTOR('',#3013,1.);
#3013 = DIRECTION('',(-1.,0.,2.2E-16));
#3014 = ORIENTED_EDGE('',*,*,#883,.F.);
#3015 = ORIENTED_EDGE('',*,*,#2987,.F.);
#3016 = CYLINDRICAL_SURFACE('',#3017,2.);
#3017 = AXIS2_PLACEMENT_3D('',#3018,#3019,#3020);
#3018 = CARTESIAN_POINT('',(10.,14.499999999961,-5.));
#3019 = DIRECTION('',(-1.,0.,2.2E-16));
#3020 = DIRECTION('',(-4.84E-32,1.,-2.2E-16));
#3021 = ADVANCED_FACE('',(#3022),#3033,.F.);
#3022 = FACE_BOUND('',#3023,.F.);
#3023 = EDGE_LOOP('',(#3024,#3025,#3026,#3027));
#3024 = ORIENTED_EDGE('',*,*,#1300,.F.);
#3025 = ORIENTED_EDGE('',*,*,#2994,.T.);
#3026 = ORIENTED_EDGE('',*,*,#851,.T.);
#3027 = ORIENTED_EDGE('',*,*,#3028,.F.);
#3028 = EDGE_CURVE('',#1293,#852,#3029,.T.);
#3029 = LINE('',#3030,#3031);
#3030 = CARTESIAN_POINT('',(10.,12.499999999961,13.));
#3031 = VECTOR('',#3032,1.);
#3032 = DIRECTION('',(-1.,0.,2.2E-16));
#3033 = PLANE('',#3034);
#3034 = AXIS2_PLACEMENT_3D('',#3035,#3036,#3037);
#3035 = CARTESIAN_POINT('',(10.,14.499999999961,11.));
#3036 = DIRECTION('',(0.,0.707106781187,0.707106781187));
#3037 = DIRECTION('',(-1.,-1.1E-16,1.1E-16));
#3038 = ADVANCED_FACE('',(#3039,#3050),#3086,.F.);
#3039 = FACE_BOUND('',#3040,.F.);
#3040 = EDGE_LOOP('',(#3041,#3042,#3048,#3049));
#3041 = ORIENTED_EDGE('',*,*,#1276,.F.);
#3042 = ORIENTED_EDGE('',*,*,#3043,.T.);
#3043 = EDGE_CURVE('',#1277,#868,#3044,.T.);
#3044 = LINE('',#3045,#3046);
#3045 = CARTESIAN_POINT('',(10.,-1.5,-7.));
#3046 = VECTOR('',#3047,1.);
#3047 = DIRECTION('',(-1.,0.,2.2E-16));
#3048 = ORIENTED_EDGE('',*,*,#875,.F.);
#3049 = ORIENTED_EDGE('',*,*,#3009,.F.);
#3050 = FACE_BOUND('',#3051,.F.);
#3051 = EDGE_LOOP('',(#3052,#3062,#3071,#3079));
#3052 = ORIENTED_EDGE('',*,*,#3053,.F.);
#3053 = EDGE_CURVE('',#3054,#3056,#3058,.T.);
#3054 = VERTEX_POINT('',#3055);
#3055 = CARTESIAN_POINT('',(2.499993777015,10.,-7.));
#3056 = VERTEX_POINT('',#3057);
#3057 = CARTESIAN_POINT('',(2.499993777015,5.,-7.));
#3058 = LINE('',#3059,#3060);
#3059 = CARTESIAN_POINT('',(2.499993777015,4.25,-7.));
#3060 = VECTOR('',#3061,1.);
#3061 = DIRECTION('',(0.,-1.,2.2E-16));
#3062 = ORIENTED_EDGE('',*,*,#3063,.T.);
#3063 = EDGE_CURVE('',#3054,#3064,#3066,.T.);
#3064 = VERTEX_POINT('',#3065);
#3065 = CARTESIAN_POINT('',(-2.499993777015,10.,-7.));
#3066 = CIRCLE('',#3067,2.499993777015);
#3067 = AXIS2_PLACEMENT_3D('',#3068,#3069,#3070);
#3068 = CARTESIAN_POINT('',(1.83E-15,10.,-7.));
#3069 = DIRECTION('',(0.,4.4E-16,1.));
#3070 = DIRECTION('',(-1.,0.,0.));
#3071 = ORIENTED_EDGE('',*,*,#3072,.T.);
#3072 = EDGE_CURVE('',#3064,#3073,#3075,.T.);
#3073 = VERTEX_POINT('',#3074);
#3074 = CARTESIAN_POINT('',(-2.499993777015,5.,-7.));
#3075 = LINE('',#3076,#3077);
#3076 = CARTESIAN_POINT('',(-2.499993777015,4.25,-7.));
#3077 = VECTOR('',#3078,1.);
#3078 = DIRECTION('',(0.,-1.,2.2E-16));
#3079 = ORIENTED_EDGE('',*,*,#3080,.T.);
#3080 = EDGE_CURVE('',#3073,#3056,#3081,.T.);
#3081 = CIRCLE('',#3082,2.499993777015);
#3082 = AXIS2_PLACEMENT_3D('',#3083,#3084,#3085);
#3083 = CARTESIAN_POINT('',(1.92E-15,5.,-7.));
#3084 = DIRECTION('',(0.,4.4E-16,1.));
#3085 = DIRECTION('',(-1.,0.,0.));
#3086 = PLANE('',#3087);
#3087 = AXIS2_PLACEMENT_3D('',#3088,#3089,#3090);
#3088 = CARTESIAN_POINT('',(10.,-1.5,-7.));
#3089 = DIRECTION('',(-2.2E-16,-2.2E-16,-1.));
#3090 = DIRECTION('',(0.,1.,-2.2E-16));
#3091 = ADVANCED_FACE('',(#3092,#3103),#3139,.F.);
#3092 = FACE_BOUND('',#3093,.F.);
#3093 = EDGE_LOOP('',(#3094,#3095,#3096,#3097));
#3094 = ORIENTED_EDGE('',*,*,#1292,.F.);
#3095 = ORIENTED_EDGE('',*,*,#3028,.T.);
#3096 = ORIENTED_EDGE('',*,*,#859,.F.);
#3097 = ORIENTED_EDGE('',*,*,#3098,.F.);
#3098 = EDGE_CURVE('',#1285,#860,#3099,.T.);
#3099 = LINE('',#3100,#3101);
#3100 = CARTESIAN_POINT('',(10.,-1.5,13.));
#3101 = VECTOR('',#3102,1.);
#3102 = DIRECTION('',(-1.,0.,2.2E-16));
#3103 = FACE_BOUND('',#3104,.F.);
#3104 = EDGE_LOOP('',(#3105,#3116,#3124,#3133));
#3105 = ORIENTED_EDGE('',*,*,#3106,.F.);
#3106 = EDGE_CURVE('',#3107,#3109,#3111,.T.);
#3107 = VERTEX_POINT('',#3108);
#3108 = CARTESIAN_POINT('',(2.499993777015,10.,13.));
#3109 = VERTEX_POINT('',#3110);
#3110 = CARTESIAN_POINT('',(-2.499993777015,10.,13.));
#3111 = CIRCLE('',#3112,2.499993777015);
#3112 = AXIS2_PLACEMENT_3D('',#3113,#3114,#3115);
#3113 = CARTESIAN_POINT('',(1.83E-15,10.,13.));
#3114 = DIRECTION('',(0.,4.4E-16,1.));
#3115 = DIRECTION('',(-1.,0.,0.));
#3116 = ORIENTED_EDGE('',*,*,#3117,.F.);
#3117 = EDGE_CURVE('',#3118,#3107,#3120,.T.);
#3118 = VERTEX_POINT('',#3119);
#3119 = CARTESIAN_POINT('',(2.499993777015,5.,13.));
#3120 = LINE('',#3121,#3122);
#3121 = CARTESIAN_POINT('',(2.499993777015,13.24999999998,13.));
#3122 = VECTOR('',#3123,1.);
#3123 = DIRECTION('',(0.,1.,-2.2E-16));
#3124 = ORIENTED_EDGE('',*,*,#3125,.F.);
#3125 = EDGE_CURVE('',#3126,#3118,#3128,.T.);
#3126 = VERTEX_POINT('',#3127);
#3127 = CARTESIAN_POINT('',(-2.499993777015,5.,13.));
#3128 = CIRCLE('',#3129,2.499993777015);
#3129 = AXIS2_PLACEMENT_3D('',#3130,#3131,#3132);
#3130 = CARTESIAN_POINT('',(1.92E-15,5.,13.));
#3131 = DIRECTION('',(0.,4.4E-16,1.));
#3132 = DIRECTION('',(-1.,0.,0.));
#3133 = ORIENTED_EDGE('',*,*,#3134,.T.);
#3134 = EDGE_CURVE('',#3126,#3109,#3135,.T.);
#3135 = LINE('',#3136,#3137);
#3136 = CARTESIAN_POINT('',(-2.499993777015,13.24999999998,13.));
#3137 = VECTOR('',#3138,1.);
#3138 = DIRECTION('',(0.,1.,-2.2E-16));
#3139 = PLANE('',#3140);
#3140 = AXIS2_PLACEMENT_3D('',#3141,#3142,#3143);
#3141 = CARTESIAN_POINT('',(10.,16.499999999961,13.));
#3142 = DIRECTION('',(2.2E-16,2.2E-16,1.));
#3143 = DIRECTION('',(0.,-1.,2.2E-16));
#3144 = ADVANCED_FACE('',(#3145),#3151,.F.);
#3145 = FACE_BOUND('',#3146,.F.);
#3146 = EDGE_LOOP('',(#3147,#3148,#3149,#3150));
#3147 = ORIENTED_EDGE('',*,*,#1284,.F.);
#3148 = ORIENTED_EDGE('',*,*,#3098,.T.);
#3149 = ORIENTED_EDGE('',*,*,#867,.F.);
#3150 = ORIENTED_EDGE('',*,*,#3043,.F.);
#3151 = PLANE('',#3152);
#3152 = AXIS2_PLACEMENT_3D('',#3153,#3154,#3155);
#3153 = CARTESIAN_POINT('',(10.,-1.5,13.));
#3154 = DIRECTION('',(0.,-1.,2.2E-16));
#3155 = DIRECTION('',(-2.2E-16,-2.2E-16,-1.));
#3156 = ADVANCED_FACE('',(#3157),#3162,.T.);
#3157 = FACE_BOUND('',#3158,.T.);
#3158 = EDGE_LOOP('',(#3159,#3160,#3161));
#3159 = ORIENTED_EDGE('',*,*,#1039,.F.);
#3160 = ORIENTED_EDGE('',*,*,#2054,.T.);
#3161 = ORIENTED_EDGE('',*,*,#2105,.F.);
#3162 = PLANE('',#3163);
#3163 = AXIS2_PLACEMENT_3D('',#3164,#3165,#3166);
#3164 = CARTESIAN_POINT('',(10.,-19.,-53.));
#3165 = DIRECTION('',(0.57735026919,-0.57735026919,-0.57735026919));
#3166 = DIRECTION('',(-7.632783294298E-15,-0.707106781187,0.707106781187
    ));
#3167 = ADVANCED_FACE('',(#3168),#3191,.T.);
#3168 = FACE_BOUND('',#3169,.T.);
#3169 = EDGE_LOOP('',(#3170,#3176,#3177,#3185));
#3170 = ORIENTED_EDGE('',*,*,#3171,.F.);
#3171 = EDGE_CURVE('',#1174,#2033,#3172,.T.);
#3172 = LINE('',#3173,#3174);
#3173 = CARTESIAN_POINT('',(9.75,-19.,40.25));
#3174 = VECTOR('',#3175,1.);
#3175 = DIRECTION('',(-0.707106781187,-1.385E-14,0.707106781187));
#3176 = ORIENTED_EDGE('',*,*,#1173,.T.);
#3177 = ORIENTED_EDGE('',*,*,#3178,.F.);
#3178 = EDGE_CURVE('',#3179,#1166,#3181,.T.);
#3179 = VERTEX_POINT('',#3180);
#3180 = CARTESIAN_POINT('',(9.,19.,41.));
#3181 = LINE('',#3182,#3183);
#3182 = CARTESIAN_POINT('',(9.5,19.,40.5));
#3183 = VECTOR('',#3184,1.);
#3184 = DIRECTION('',(0.707106781187,-5.E-15,-0.707106781187));
#3185 = ORIENTED_EDGE('',*,*,#3186,.F.);
#3186 = EDGE_CURVE('',#2033,#3179,#3187,.T.);
#3187 = LINE('',#3188,#3189);
#3188 = CARTESIAN_POINT('',(9.,-20.,41.));
#3189 = VECTOR('',#3190,1.);
#3190 = DIRECTION('',(0.,1.,0.));
#3191 = PLANE('',#3192);
#3192 = AXIS2_PLACEMENT_3D('',#3193,#3194,#3195);
#3193 = CARTESIAN_POINT('',(9.5,-20.,40.5));
#3194 = DIRECTION('',(0.707106781187,0.,0.707106781187));
#3195 = DIRECTION('',(0.,1.,0.));
#3196 = ADVANCED_FACE('',(#3197),#3215,.T.);
#3197 = FACE_BOUND('',#3198,.F.);
#3198 = EDGE_LOOP('',(#3199,#3207,#3213,#3214));
#3199 = ORIENTED_EDGE('',*,*,#3200,.F.);
#3200 = EDGE_CURVE('',#3201,#1166,#3203,.T.);
#3201 = VERTEX_POINT('',#3202);
#3202 = CARTESIAN_POINT('',(9.,20.,40.));
#3203 = LINE('',#3204,#3205);
#3204 = CARTESIAN_POINT('',(9.25,19.75,40.));
#3205 = VECTOR('',#3206,1.);
#3206 = DIRECTION('',(0.707106781187,-0.707106781187,0.));
#3207 = ORIENTED_EDGE('',*,*,#3208,.T.);
#3208 = EDGE_CURVE('',#3201,#2335,#3209,.T.);
#3209 = LINE('',#3210,#3211);
#3210 = CARTESIAN_POINT('',(9.,20.,41.));
#3211 = VECTOR('',#3212,1.);
#3212 = DIRECTION('',(0.,0.,-1.));
#3213 = ORIENTED_EDGE('',*,*,#2334,.T.);
#3214 = ORIENTED_EDGE('',*,*,#1165,.F.);
#3215 = PLANE('',#3216);
#3216 = AXIS2_PLACEMENT_3D('',#3217,#3218,#3219);
#3217 = CARTESIAN_POINT('',(9.5,19.5,41.));
#3218 = DIRECTION('',(0.707106781187,0.707106781187,0.));
#3219 = DIRECTION('',(0.,0.,1.));
#3220 = ADVANCED_FACE('',(#3221),#3232,.T.);
#3221 = FACE_BOUND('',#3222,.F.);
#3222 = EDGE_LOOP('',(#3223,#3224,#3230,#3231));
#3223 = ORIENTED_EDGE('',*,*,#2518,.F.);
#3224 = ORIENTED_EDGE('',*,*,#3225,.T.);
#3225 = EDGE_CURVE('',#2511,#1446,#3226,.T.);
#3226 = LINE('',#3227,#3228);
#3227 = CARTESIAN_POINT('',(9.,20.,22.5));
#3228 = VECTOR('',#3229,1.);
#3229 = DIRECTION('',(0.,0.,-1.));
#3230 = ORIENTED_EDGE('',*,*,#1445,.T.);
#3231 = ORIENTED_EDGE('',*,*,#1117,.F.);
#3232 = PLANE('',#3233);
#3233 = AXIS2_PLACEMENT_3D('',#3234,#3235,#3236);
#3234 = CARTESIAN_POINT('',(9.5,19.5,22.5));
#3235 = DIRECTION('',(0.707106781187,0.707106781187,-2.4E-16));
#3236 = DIRECTION('',(1.697056274848E-16,1.697056274848E-16,1.));
#3237 = ADVANCED_FACE('',(#3238),#3244,.T.);
#3238 = FACE_BOUND('',#3239,.T.);
#3239 = EDGE_LOOP('',(#3240,#3241,#3242,#3243));
#3240 = ORIENTED_EDGE('',*,*,#1514,.T.);
#3241 = ORIENTED_EDGE('',*,*,#1538,.T.);
#3242 = ORIENTED_EDGE('',*,*,#1562,.T.);
#3243 = ORIENTED_EDGE('',*,*,#1094,.T.);
#3244 = PLANE('',#3245);
#3245 = AXIS2_PLACEMENT_3D('',#3246,#3247,#3248);
#3246 = CARTESIAN_POINT('',(-3.06508E-12,6.,-34.03232819073));
#3247 = DIRECTION('',(0.,1.,2.2E-16));
#3248 = DIRECTION('',(0.,-2.2E-16,1.));
#3249 = ADVANCED_FACE('',(#3250),#3256,.T.);
#3250 = FACE_BOUND('',#3251,.T.);
#3251 = EDGE_LOOP('',(#3252,#3253,#3254,#3255));
#3252 = ORIENTED_EDGE('',*,*,#1339,.T.);
#3253 = ORIENTED_EDGE('',*,*,#1387,.T.);
#3254 = ORIENTED_EDGE('',*,*,#1428,.T.);
#3255 = ORIENTED_EDGE('',*,*,#1071,.T.);
#3256 = PLANE('',#3257);
#3257 = AXIS2_PLACEMENT_3D('',#3258,#3259,#3260);
#3258 = CARTESIAN_POINT('',(-3.06508E-12,6.,-34.03232819073));
#3259 = DIRECTION('',(0.,1.,2.2E-16));
#3260 = DIRECTION('',(0.,-2.2E-16,1.));
#3261 = ADVANCED_FACE('',(#3262),#3273,.F.);
#3262 = FACE_BOUND('',#3263,.F.);
#3263 = EDGE_LOOP('',(#3264,#3265,#3266,#3272));
#3264 = ORIENTED_EDGE('',*,*,#1207,.F.);
#3265 = ORIENTED_EDGE('',*,*,#2850,.T.);
#3266 = ORIENTED_EDGE('',*,*,#3267,.T.);
#3267 = EDGE_CURVE('',#2843,#2902,#3268,.T.);
#3268 = LINE('',#3269,#3270);
#3269 = CARTESIAN_POINT('',(7.5,-1.5,38.5));
#3270 = VECTOR('',#3271,1.);
#3271 = DIRECTION('',(0.,0.,-1.));
#3272 = ORIENTED_EDGE('',*,*,#2901,.F.);
#3273 = PLANE('',#3274);
#3274 = AXIS2_PLACEMENT_3D('',#3275,#3276,#3277);
#3275 = CARTESIAN_POINT('',(10.,-1.5,38.5));
#3276 = DIRECTION('',(0.,-1.,2.2E-16));
#3277 = DIRECTION('',(-2.2E-16,-2.2E-16,-1.));
#3278 = ADVANCED_FACE('',(#3279),#3290,.F.);
#3279 = FACE_BOUND('',#3280,.F.);
#3280 = EDGE_LOOP('',(#3281,#3282,#3283,#3289));
#3281 = ORIENTED_EDGE('',*,*,#1249,.F.);
#3282 = ORIENTED_EDGE('',*,*,#2656,.T.);
#3283 = ORIENTED_EDGE('',*,*,#3284,.T.);
#3284 = EDGE_CURVE('',#2649,#2749,#3285,.T.);
#3285 = LINE('',#3286,#3287);
#3286 = CARTESIAN_POINT('',(7.5,-1.5,20.));
#3287 = VECTOR('',#3288,1.);
#3288 = DIRECTION('',(0.,0.,-1.));
#3289 = ORIENTED_EDGE('',*,*,#2748,.F.);
#3290 = PLANE('',#3291);
#3291 = AXIS2_PLACEMENT_3D('',#3292,#3293,#3294);
#3292 = CARTESIAN_POINT('',(10.,-1.5,20.));
#3293 = DIRECTION('',(0.,-1.,2.2E-16));
#3294 = DIRECTION('',(-2.2E-16,-2.2E-16,-1.));
#3295 = ADVANCED_FACE('',(#3296),#3302,.T.);
#3296 = FACE_BOUND('',#3297,.T.);
#3297 = EDGE_LOOP('',(#3298,#3299,#3300,#3301));
#3298 = ORIENTED_EDGE('',*,*,#2510,.T.);
#3299 = ORIENTED_EDGE('',*,*,#3225,.T.);
#3300 = ORIENTED_EDGE('',*,*,#1453,.T.);
#3301 = ORIENTED_EDGE('',*,*,#2485,.T.);
#3302 = PLANE('',#3303);
#3303 = AXIS2_PLACEMENT_3D('',#3304,#3305,#3306);
#3304 = CARTESIAN_POINT('',(1.E-15,20.,15.234426229508));
#3305 = DIRECTION('',(0.,1.,0.));
#3306 = DIRECTION('',(0.,0.,1.));
#3307 = ADVANCED_FACE('',(#3308),#3324,.F.);
#3308 = FACE_BOUND('',#3309,.F.);
#3309 = EDGE_LOOP('',(#3310,#3311,#3317,#3318));
#3310 = ORIENTED_EDGE('',*,*,#3063,.F.);
#3311 = ORIENTED_EDGE('',*,*,#3312,.T.);
#3312 = EDGE_CURVE('',#3054,#1472,#3313,.T.);
#3313 = LINE('',#3314,#3315);
#3314 = CARTESIAN_POINT('',(2.499993777015,10.,41.));
#3315 = VECTOR('',#3316,1.);
#3316 = DIRECTION('',(0.,-2.2E-16,-1.));
#3317 = ORIENTED_EDGE('',*,*,#1471,.T.);
#3318 = ORIENTED_EDGE('',*,*,#3319,.F.);
#3319 = EDGE_CURVE('',#3064,#1474,#3320,.T.);
#3320 = LINE('',#3321,#3322);
#3321 = CARTESIAN_POINT('',(-2.499993777015,10.,41.));
#3322 = VECTOR('',#3323,1.);
#3323 = DIRECTION('',(0.,-2.2E-16,-1.));
#3324 = CYLINDRICAL_SURFACE('',#3325,2.499993777015);
#3325 = AXIS2_PLACEMENT_3D('',#3326,#3327,#3328);
#3326 = CARTESIAN_POINT('',(1.83E-15,10.,41.));
#3327 = DIRECTION('',(0.,2.2E-16,1.));
#3328 = DIRECTION('',(-1.,0.,0.));
#3329 = ADVANCED_FACE('',(#3330),#3341,.F.);
#3330 = FACE_BOUND('',#3331,.F.);
#3331 = EDGE_LOOP('',(#3332,#3338,#3339,#3340));
#3332 = ORIENTED_EDGE('',*,*,#3333,.F.);
#3333 = EDGE_CURVE('',#3073,#1491,#3334,.T.);
#3334 = LINE('',#3335,#3336);
#3335 = CARTESIAN_POINT('',(-2.499993777015,5.,41.));
#3336 = VECTOR('',#3337,1.);
#3337 = DIRECTION('',(0.,-2.2E-16,-1.));
#3338 = ORIENTED_EDGE('',*,*,#3072,.F.);
#3339 = ORIENTED_EDGE('',*,*,#3319,.T.);
#3340 = ORIENTED_EDGE('',*,*,#1499,.T.);
#3341 = PLANE('',#3342);
#3342 = AXIS2_PLACEMENT_3D('',#3343,#3344,#3345);
#3343 = CARTESIAN_POINT('',(-2.499993777015,10.,41.));
#3344 = DIRECTION('',(-1.,0.,0.));
#3345 = DIRECTION('',(0.,-1.,2.2E-16));
#3346 = ADVANCED_FACE('',(#3347),#3358,.F.);
#3347 = FACE_BOUND('',#3348,.F.);
#3348 = EDGE_LOOP('',(#3349,#3350,#3351,#3352));
#3349 = ORIENTED_EDGE('',*,*,#3080,.F.);
#3350 = ORIENTED_EDGE('',*,*,#3333,.T.);
#3351 = ORIENTED_EDGE('',*,*,#1490,.T.);
#3352 = ORIENTED_EDGE('',*,*,#3353,.F.);
#3353 = EDGE_CURVE('',#3056,#1483,#3354,.T.);
#3354 = LINE('',#3355,#3356);
#3355 = CARTESIAN_POINT('',(2.499993777015,5.,41.));
#3356 = VECTOR('',#3357,1.);
#3357 = DIRECTION('',(0.,-2.2E-16,-1.));
#3358 = CYLINDRICAL_SURFACE('',#3359,2.499993777015);
#3359 = AXIS2_PLACEMENT_3D('',#3360,#3361,#3362);
#3360 = CARTESIAN_POINT('',(1.92E-15,5.,41.));
#3361 = DIRECTION('',(0.,2.2E-16,1.));
#3362 = DIRECTION('',(-1.,0.,0.));
#3363 = ADVANCED_FACE('',(#3364),#3370,.T.);
#3364 = FACE_BOUND('',#3365,.T.);
#3365 = EDGE_LOOP('',(#3366,#3367,#3368,#3369));
#3366 = ORIENTED_EDGE('',*,*,#3353,.F.);
#3367 = ORIENTED_EDGE('',*,*,#3053,.F.);
#3368 = ORIENTED_EDGE('',*,*,#3312,.T.);
#3369 = ORIENTED_EDGE('',*,*,#1482,.T.);
#3370 = PLANE('',#3371);
#3371 = AXIS2_PLACEMENT_3D('',#3372,#3373,#3374);
#3372 = CARTESIAN_POINT('',(2.499993777015,10.,41.));
#3373 = DIRECTION('',(-1.,0.,0.));
#3374 = DIRECTION('',(0.,-1.,2.2E-16));
#3375 = ADVANCED_FACE('',(#3376),#3387,.T.);
#3376 = FACE_BOUND('',#3377,.T.);
#3377 = EDGE_LOOP('',(#3378,#3379,#3380,#3381));
#3378 = ORIENTED_EDGE('',*,*,#1651,.T.);
#3379 = ORIENTED_EDGE('',*,*,#1586,.T.);
#3380 = ORIENTED_EDGE('',*,*,#1668,.T.);
#3381 = ORIENTED_EDGE('',*,*,#3382,.T.);
#3382 = EDGE_CURVE('',#1669,#1644,#3383,.T.);
#3383 = LINE('',#3384,#3385);
#3384 = CARTESIAN_POINT('',(2.499993777015,6.,3.483835904634));
#3385 = VECTOR('',#3386,1.);
#3386 = DIRECTION('',(0.,0.,1.));
#3387 = PLANE('',#3388);
#3388 = AXIS2_PLACEMENT_3D('',#3389,#3390,#3391);
#3389 = CARTESIAN_POINT('',(-3.06508E-12,6.,-34.03232819073));
#3390 = DIRECTION('',(0.,1.,2.2E-16));
#3391 = DIRECTION('',(0.,-2.2E-16,1.));
#3392 = ADVANCED_FACE('',(#3393),#3404,.T.);
#3393 = FACE_BOUND('',#3394,.T.);
#3394 = EDGE_LOOP('',(#3395,#3401,#3402,#3403));
#3395 = ORIENTED_EDGE('',*,*,#3396,.F.);
#3396 = EDGE_CURVE('',#1635,#1677,#3397,.T.);
#3397 = LINE('',#3398,#3399);
#3398 = CARTESIAN_POINT('',(2.499993777015,5.,41.));
#3399 = VECTOR('',#3400,1.);
#3400 = DIRECTION('',(0.,-2.2E-16,-1.));
#3401 = ORIENTED_EDGE('',*,*,#1643,.T.);
#3402 = ORIENTED_EDGE('',*,*,#3382,.F.);
#3403 = ORIENTED_EDGE('',*,*,#1676,.T.);
#3404 = PLANE('',#3405);
#3405 = AXIS2_PLACEMENT_3D('',#3406,#3407,#3408);
#3406 = CARTESIAN_POINT('',(2.499993777015,10.,41.));
#3407 = DIRECTION('',(-1.,0.,0.));
#3408 = DIRECTION('',(0.,-1.,2.2E-16));
#3409 = ADVANCED_FACE('',(#3410),#3421,.F.);
#3410 = FACE_BOUND('',#3411,.F.);
#3411 = EDGE_LOOP('',(#3412,#3413,#3419,#3420));
#3412 = ORIENTED_EDGE('',*,*,#1634,.F.);
#3413 = ORIENTED_EDGE('',*,*,#3414,.T.);
#3414 = EDGE_CURVE('',#1627,#1685,#3415,.T.);
#3415 = LINE('',#3416,#3417);
#3416 = CARTESIAN_POINT('',(-2.499993777015,5.,41.));
#3417 = VECTOR('',#3418,1.);
#3418 = DIRECTION('',(0.,-2.2E-16,-1.));
#3419 = ORIENTED_EDGE('',*,*,#1684,.T.);
#3420 = ORIENTED_EDGE('',*,*,#3396,.F.);
#3421 = CYLINDRICAL_SURFACE('',#3422,2.499993777015);
#3422 = AXIS2_PLACEMENT_3D('',#3423,#3424,#3425);
#3423 = CARTESIAN_POINT('',(1.92E-15,5.,41.));
#3424 = DIRECTION('',(0.,2.2E-16,1.));
#3425 = DIRECTION('',(-1.,0.,0.));
#3426 = ADVANCED_FACE('',(#3427),#3438,.F.);
#3427 = FACE_BOUND('',#3428,.F.);
#3428 = EDGE_LOOP('',(#3429,#3430,#3431,#3437));
#3429 = ORIENTED_EDGE('',*,*,#3414,.F.);
#3430 = ORIENTED_EDGE('',*,*,#1626,.T.);
#3431 = ORIENTED_EDGE('',*,*,#3432,.F.);
#3432 = EDGE_CURVE('',#1694,#1619,#3433,.T.);
#3433 = LINE('',#3434,#3435);
#3434 = CARTESIAN_POINT('',(-2.499993777015,6.,3.483835904634));
#3435 = VECTOR('',#3436,1.);
#3436 = DIRECTION('',(0.,0.,1.));
#3437 = ORIENTED_EDGE('',*,*,#1693,.T.);
#3438 = PLANE('',#3439);
#3439 = AXIS2_PLACEMENT_3D('',#3440,#3441,#3442);
#3440 = CARTESIAN_POINT('',(-2.499993777015,10.,41.));
#3441 = DIRECTION('',(-1.,0.,0.));
#3442 = DIRECTION('',(0.,-1.,2.2E-16));
#3443 = ADVANCED_FACE('',(#3444),#3450,.T.);
#3444 = FACE_BOUND('',#3445,.T.);
#3445 = EDGE_LOOP('',(#3446,#3447,#3448,#3449));
#3446 = ORIENTED_EDGE('',*,*,#1618,.T.);
#3447 = ORIENTED_EDGE('',*,*,#3432,.F.);
#3448 = ORIENTED_EDGE('',*,*,#1701,.T.);
#3449 = ORIENTED_EDGE('',*,*,#1724,.T.);
#3450 = PLANE('',#3451);
#3451 = AXIS2_PLACEMENT_3D('',#3452,#3453,#3454);
#3452 = CARTESIAN_POINT('',(-3.06508E-12,6.,-34.03232819073));
#3453 = DIRECTION('',(0.,1.,2.2E-16));
#3454 = DIRECTION('',(0.,-2.2E-16,1.));
#3455 = ADVANCED_FACE('',(#3456),#3467,.T.);
#3456 = FACE_BOUND('',#3457,.T.);
#3457 = EDGE_LOOP('',(#3458,#3459,#3460,#3461));
#3458 = ORIENTED_EDGE('',*,*,#1813,.T.);
#3459 = ORIENTED_EDGE('',*,*,#1748,.T.);
#3460 = ORIENTED_EDGE('',*,*,#1830,.T.);
#3461 = ORIENTED_EDGE('',*,*,#3462,.F.);
#3462 = EDGE_CURVE('',#1806,#1831,#3463,.T.);
#3463 = LINE('',#3464,#3465);
#3464 = CARTESIAN_POINT('',(-2.499993777015,6.,3.483835904634));
#3465 = VECTOR('',#3466,1.);
#3466 = DIRECTION('',(0.,0.,1.));
#3467 = PLANE('',#3468);
#3468 = AXIS2_PLACEMENT_3D('',#3469,#3470,#3471);
#3469 = CARTESIAN_POINT('',(-3.06508E-12,6.,-34.03232819073));
#3470 = DIRECTION('',(0.,1.,2.2E-16));
#3471 = DIRECTION('',(0.,-2.2E-16,1.));
#3472 = ADVANCED_FACE('',(#3473),#3484,.F.);
#3473 = FACE_BOUND('',#3474,.F.);
#3474 = EDGE_LOOP('',(#3475,#3481,#3482,#3483));
#3475 = ORIENTED_EDGE('',*,*,#3476,.F.);
#3476 = EDGE_CURVE('',#1839,#1797,#3477,.T.);
#3477 = LINE('',#3478,#3479);
#3478 = CARTESIAN_POINT('',(-2.499993777015,5.,41.));
#3479 = VECTOR('',#3480,1.);
#3480 = DIRECTION('',(0.,-2.2E-16,-1.));
#3481 = ORIENTED_EDGE('',*,*,#1838,.T.);
#3482 = ORIENTED_EDGE('',*,*,#3462,.F.);
#3483 = ORIENTED_EDGE('',*,*,#1805,.T.);
#3484 = PLANE('',#3485);
#3485 = AXIS2_PLACEMENT_3D('',#3486,#3487,#3488);
#3486 = CARTESIAN_POINT('',(-2.499993777015,10.,41.));
#3487 = DIRECTION('',(-1.,0.,0.));
#3488 = DIRECTION('',(0.,-1.,2.2E-16));
#3489 = ADVANCED_FACE('',(#3490),#3501,.F.);
#3490 = FACE_BOUND('',#3491,.F.);
#3491 = EDGE_LOOP('',(#3492,#3493,#3494,#3495));
#3492 = ORIENTED_EDGE('',*,*,#1846,.F.);
#3493 = ORIENTED_EDGE('',*,*,#3476,.T.);
#3494 = ORIENTED_EDGE('',*,*,#1796,.T.);
#3495 = ORIENTED_EDGE('',*,*,#3496,.F.);
#3496 = EDGE_CURVE('',#1847,#1789,#3497,.T.);
#3497 = LINE('',#3498,#3499);
#3498 = CARTESIAN_POINT('',(2.499993777015,5.,41.));
#3499 = VECTOR('',#3500,1.);
#3500 = DIRECTION('',(0.,-2.2E-16,-1.));
#3501 = CYLINDRICAL_SURFACE('',#3502,2.499993777015);
#3502 = AXIS2_PLACEMENT_3D('',#3503,#3504,#3505);
#3503 = CARTESIAN_POINT('',(1.92E-15,5.,41.));
#3504 = DIRECTION('',(0.,2.2E-16,1.));
#3505 = DIRECTION('',(-1.,0.,0.));
#3506 = ADVANCED_FACE('',(#3507),#3518,.T.);
#3507 = FACE_BOUND('',#3508,.T.);
#3508 = EDGE_LOOP('',(#3509,#3510,#3511,#3517));
#3509 = ORIENTED_EDGE('',*,*,#3496,.F.);
#3510 = ORIENTED_EDGE('',*,*,#1855,.T.);
#3511 = ORIENTED_EDGE('',*,*,#3512,.F.);
#3512 = EDGE_CURVE('',#1781,#1856,#3513,.T.);
#3513 = LINE('',#3514,#3515);
#3514 = CARTESIAN_POINT('',(2.499993777015,6.,3.483835904634));
#3515 = VECTOR('',#3516,1.);
#3516 = DIRECTION('',(0.,0.,1.));
#3517 = ORIENTED_EDGE('',*,*,#1788,.T.);
#3518 = PLANE('',#3519);
#3519 = AXIS2_PLACEMENT_3D('',#3520,#3521,#3522);
#3520 = CARTESIAN_POINT('',(2.499993777015,10.,41.));
#3521 = DIRECTION('',(-1.,0.,0.));
#3522 = DIRECTION('',(0.,-1.,2.2E-16));
#3523 = ADVANCED_FACE('',(#3524),#3530,.T.);
#3524 = FACE_BOUND('',#3525,.T.);
#3525 = EDGE_LOOP('',(#3526,#3527,#3528,#3529));
#3526 = ORIENTED_EDGE('',*,*,#1780,.T.);
#3527 = ORIENTED_EDGE('',*,*,#3512,.T.);
#3528 = ORIENTED_EDGE('',*,*,#1863,.T.);
#3529 = ORIENTED_EDGE('',*,*,#1886,.T.);
#3530 = PLANE('',#3531);
#3531 = AXIS2_PLACEMENT_3D('',#3532,#3533,#3534);
#3532 = CARTESIAN_POINT('',(-3.06508E-12,6.,-34.03232819073));
#3533 = DIRECTION('',(0.,1.,2.2E-16));
#3534 = DIRECTION('',(0.,-2.2E-16,1.));
#3535 = ADVANCED_FACE('',(#3536),#3552,.F.);
#3536 = FACE_BOUND('',#3537,.F.);
#3537 = EDGE_LOOP('',(#3538,#3544,#3545,#3551));
#3538 = ORIENTED_EDGE('',*,*,#3539,.F.);
#3539 = EDGE_CURVE('',#2910,#1937,#3540,.T.);
#3540 = LINE('',#3541,#3542);
#3541 = CARTESIAN_POINT('',(-7.5,-1.5,34.5));
#3542 = VECTOR('',#3543,1.);
#3543 = DIRECTION('',(0.,-1.,0.));
#3544 = ORIENTED_EDGE('',*,*,#2909,.F.);
#3545 = ORIENTED_EDGE('',*,*,#3546,.T.);
#3546 = EDGE_CURVE('',#2902,#1928,#3547,.T.);
#3547 = LINE('',#3548,#3549);
#3548 = CARTESIAN_POINT('',(7.5,-1.5,34.5));
#3549 = VECTOR('',#3550,1.);
#3550 = DIRECTION('',(0.,-1.,0.));
#3551 = ORIENTED_EDGE('',*,*,#1944,.T.);
#3552 = PLANE('',#3553);
#3553 = AXIS2_PLACEMENT_3D('',#3554,#3555,#3556);
#3554 = CARTESIAN_POINT('',(7.5,-1.5,34.5));
#3555 = DIRECTION('',(0.,0.,-1.));
#3556 = DIRECTION('',(-1.,0.,0.));
#3557 = ADVANCED_FACE('',(#3558),#3569,.F.);
#3558 = FACE_BOUND('',#3559,.F.);
#3559 = EDGE_LOOP('',(#3560,#3561,#3562,#3568));
#3560 = ORIENTED_EDGE('',*,*,#3546,.F.);
#3561 = ORIENTED_EDGE('',*,*,#3267,.F.);
#3562 = ORIENTED_EDGE('',*,*,#3563,.T.);
#3563 = EDGE_CURVE('',#2843,#1959,#3564,.T.);
#3564 = LINE('',#3565,#3566);
#3565 = CARTESIAN_POINT('',(7.5,-1.5,38.5));
#3566 = VECTOR('',#3567,1.);
#3567 = DIRECTION('',(0.,-1.,0.));
#3568 = ORIENTED_EDGE('',*,*,#1968,.T.);
#3569 = PLANE('',#3570);
#3570 = AXIS2_PLACEMENT_3D('',#3571,#3572,#3573);
#3571 = CARTESIAN_POINT('',(7.5,-1.5,38.5));
#3572 = DIRECTION('',(1.,0.,0.));
#3573 = DIRECTION('',(0.,0.,-1.));
#3574 = ADVANCED_FACE('',(#3575),#3586,.F.);
#3575 = FACE_BOUND('',#3576,.F.);
#3576 = EDGE_LOOP('',(#3577,#3583,#3584,#3585));
#3577 = ORIENTED_EDGE('',*,*,#3578,.F.);
#3578 = EDGE_CURVE('',#2835,#1985,#3579,.T.);
#3579 = LINE('',#3580,#3581);
#3580 = CARTESIAN_POINT('',(-7.5,-1.5,38.5));
#3581 = VECTOR('',#3582,1.);
#3582 = DIRECTION('',(0.,-1.,0.));
#3583 = ORIENTED_EDGE('',*,*,#2969,.F.);
#3584 = ORIENTED_EDGE('',*,*,#3539,.T.);
#3585 = ORIENTED_EDGE('',*,*,#1992,.T.);
#3586 = PLANE('',#3587);
#3587 = AXIS2_PLACEMENT_3D('',#3588,#3589,#3590);
#3588 = CARTESIAN_POINT('',(-7.5,-1.5,34.5));
#3589 = DIRECTION('',(-1.,0.,0.));
#3590 = DIRECTION('',(0.,0.,1.));
#3591 = ADVANCED_FACE('',(#3592),#3598,.F.);
#3592 = FACE_BOUND('',#3593,.F.);
#3593 = EDGE_LOOP('',(#3594,#3595,#3596,#3597));
#3594 = ORIENTED_EDGE('',*,*,#3563,.F.);
#3595 = ORIENTED_EDGE('',*,*,#2842,.T.);
#3596 = ORIENTED_EDGE('',*,*,#3578,.T.);
#3597 = ORIENTED_EDGE('',*,*,#2009,.T.);
#3598 = PLANE('',#3599);
#3599 = AXIS2_PLACEMENT_3D('',#3600,#3601,#3602);
#3600 = CARTESIAN_POINT('',(-7.5,-1.5,38.5));
#3601 = DIRECTION('',(0.,0.,1.));
#3602 = DIRECTION('',(1.,0.,0.));
#3603 = ADVANCED_FACE('',(#3604),#3609,.F.);
#3604 = FACE_BOUND('',#3605,.F.);
#3605 = EDGE_LOOP('',(#3606,#3607,#3608));
#3606 = ORIENTED_EDGE('',*,*,#3171,.F.);
#3607 = ORIENTED_EDGE('',*,*,#2061,.T.);
#3608 = ORIENTED_EDGE('',*,*,#2040,.F.);
#3609 = PLANE('',#3610);
#3610 = AXIS2_PLACEMENT_3D('',#3611,#3612,#3613);
#3611 = CARTESIAN_POINT('',(10.,-19.,40.));
#3612 = DIRECTION('',(-0.57735026919,0.57735026919,-0.57735026919));
#3613 = DIRECTION('',(0.,-0.707106781187,-0.707106781187));
#3614 = ADVANCED_FACE('',(#3615),#3620,.F.);
#3615 = FACE_BOUND('',#3616,.F.);
#3616 = EDGE_LOOP('',(#3617,#3618,#3619));
#3617 = ORIENTED_EDGE('',*,*,#2076,.F.);
#3618 = ORIENTED_EDGE('',*,*,#2432,.T.);
#3619 = ORIENTED_EDGE('',*,*,#2024,.F.);
#3620 = PLANE('',#3621);
#3621 = AXIS2_PLACEMENT_3D('',#3622,#3623,#3624);
#3622 = CARTESIAN_POINT('',(-10.,-19.,40.));
#3623 = DIRECTION('',(0.57735026919,0.57735026919,-0.57735026919));
#3624 = DIRECTION('',(7.49400541622E-15,0.707106781187,0.707106781187));
#3625 = ADVANCED_FACE('',(#3626,#3637),#3673,.T.);
#3626 = FACE_BOUND('',#3627,.T.);
#3627 = EDGE_LOOP('',(#3628,#3629,#3630,#3636));
#3628 = ORIENTED_EDGE('',*,*,#2032,.F.);
#3629 = ORIENTED_EDGE('',*,*,#3186,.T.);
#3630 = ORIENTED_EDGE('',*,*,#3631,.F.);
#3631 = EDGE_CURVE('',#2439,#3179,#3632,.T.);
#3632 = LINE('',#3633,#3634);
#3633 = CARTESIAN_POINT('',(-10.,19.,41.));
#3634 = VECTOR('',#3635,1.);
#3635 = DIRECTION('',(1.,0.,0.));
#3636 = ORIENTED_EDGE('',*,*,#2438,.T.);
#3637 = FACE_BOUND('',#3638,.T.);
#3638 = EDGE_LOOP('',(#3639,#3649,#3658,#3666));
#3639 = ORIENTED_EDGE('',*,*,#3640,.T.);
#3640 = EDGE_CURVE('',#3641,#3643,#3645,.T.);
#3641 = VERTEX_POINT('',#3642);
#3642 = CARTESIAN_POINT('',(2.499993777015,10.,41.));
#3643 = VERTEX_POINT('',#3644);
#3644 = CARTESIAN_POINT('',(2.499993777015,5.,41.));
#3645 = LINE('',#3646,#3647);
#3646 = CARTESIAN_POINT('',(2.499993777015,10.,41.));
#3647 = VECTOR('',#3648,1.);
#3648 = DIRECTION('',(-0.,-1.,0.));
#3649 = ORIENTED_EDGE('',*,*,#3650,.F.);
#3650 = EDGE_CURVE('',#3651,#3643,#3653,.T.);
#3651 = VERTEX_POINT('',#3652);
#3652 = CARTESIAN_POINT('',(-2.499993777015,5.,41.));
#3653 = CIRCLE('',#3654,2.499993777015);
#3654 = AXIS2_PLACEMENT_3D('',#3655,#3656,#3657);
#3655 = CARTESIAN_POINT('',(1.92E-15,5.,41.));
#3656 = DIRECTION('',(0.,0.,1.));
#3657 = DIRECTION('',(-1.,0.,0.));
#3658 = ORIENTED_EDGE('',*,*,#3659,.F.);
#3659 = EDGE_CURVE('',#3660,#3651,#3662,.T.);
#3660 = VERTEX_POINT('',#3661);
#3661 = CARTESIAN_POINT('',(-2.499993777015,10.,41.));
#3662 = LINE('',#3663,#3664);
#3663 = CARTESIAN_POINT('',(-2.499993777015,10.,41.));
#3664 = VECTOR('',#3665,1.);
#3665 = DIRECTION('',(-0.,-1.,0.));
#3666 = ORIENTED_EDGE('',*,*,#3667,.F.);
#3667 = EDGE_CURVE('',#3641,#3660,#3668,.T.);
#3668 = CIRCLE('',#3669,2.499993777015);
#3669 = AXIS2_PLACEMENT_3D('',#3670,#3671,#3672);
#3670 = CARTESIAN_POINT('',(1.83E-15,10.,41.));
#3671 = DIRECTION('',(0.,0.,1.));
#3672 = DIRECTION('',(-1.,0.,0.));
#3673 = PLANE('',#3674);
#3674 = AXIS2_PLACEMENT_3D('',#3675,#3676,#3677);
#3675 = CARTESIAN_POINT('',(4.7E-16,2.84E-15,41.));
#3676 = DIRECTION('',(0.,0.,1.));
#3677 = DIRECTION('',(0.,-1.,0.));
#3678 = ADVANCED_FACE('',(#3679),#3695,.F.);
#3679 = FACE_BOUND('',#3680,.F.);
#3680 = EDGE_LOOP('',(#3681,#3687,#3688,#3694));
#3681 = ORIENTED_EDGE('',*,*,#3682,.F.);
#3682 = EDGE_CURVE('',#2649,#2130,#3683,.T.);
#3683 = LINE('',#3684,#3685);
#3684 = CARTESIAN_POINT('',(7.5,-1.5,20.));
#3685 = VECTOR('',#3686,1.);
#3686 = DIRECTION('',(0.,-1.,0.));
#3687 = ORIENTED_EDGE('',*,*,#2648,.T.);
#3688 = ORIENTED_EDGE('',*,*,#3689,.T.);
#3689 = EDGE_CURVE('',#2641,#2121,#3690,.T.);
#3690 = LINE('',#3691,#3692);
#3691 = CARTESIAN_POINT('',(-7.5,-1.5,20.));
#3692 = VECTOR('',#3693,1.);
#3693 = DIRECTION('',(0.,-1.,0.));
#3694 = ORIENTED_EDGE('',*,*,#2137,.T.);
#3695 = PLANE('',#3696);
#3696 = AXIS2_PLACEMENT_3D('',#3697,#3698,#3699);
#3697 = CARTESIAN_POINT('',(-7.5,-1.5,20.));
#3698 = DIRECTION('',(0.,0.,1.));
#3699 = DIRECTION('',(1.,0.,0.));
#3700 = ADVANCED_FACE('',(#3701),#3712,.F.);
#3701 = FACE_BOUND('',#3702,.F.);
#3702 = EDGE_LOOP('',(#3703,#3704,#3705,#3711));
#3703 = ORIENTED_EDGE('',*,*,#3689,.F.);
#3704 = ORIENTED_EDGE('',*,*,#2706,.F.);
#3705 = ORIENTED_EDGE('',*,*,#3706,.T.);
#3706 = EDGE_CURVE('',#2707,#2152,#3707,.T.);
#3707 = LINE('',#3708,#3709);
#3708 = CARTESIAN_POINT('',(-7.5,-1.5,16.));
#3709 = VECTOR('',#3710,1.);
#3710 = DIRECTION('',(0.,-1.,0.));
#3711 = ORIENTED_EDGE('',*,*,#2161,.T.);
#3712 = PLANE('',#3713);
#3713 = AXIS2_PLACEMENT_3D('',#3714,#3715,#3716);
#3714 = CARTESIAN_POINT('',(-7.5,-1.5,16.));
#3715 = DIRECTION('',(-1.,0.,0.));
#3716 = DIRECTION('',(0.,0.,1.));
#3717 = ADVANCED_FACE('',(#3718),#3729,.F.);
#3718 = FACE_BOUND('',#3719,.F.);
#3719 = EDGE_LOOP('',(#3720,#3726,#3727,#3728));
#3720 = ORIENTED_EDGE('',*,*,#3721,.F.);
#3721 = EDGE_CURVE('',#2749,#2178,#3722,.T.);
#3722 = LINE('',#3723,#3724);
#3723 = CARTESIAN_POINT('',(7.5,-1.5,16.));
#3724 = VECTOR('',#3725,1.);
#3725 = DIRECTION('',(0.,-1.,0.));
#3726 = ORIENTED_EDGE('',*,*,#3284,.F.);
#3727 = ORIENTED_EDGE('',*,*,#3682,.T.);
#3728 = ORIENTED_EDGE('',*,*,#2185,.T.);
#3729 = PLANE('',#3730);
#3730 = AXIS2_PLACEMENT_3D('',#3731,#3732,#3733);
#3731 = CARTESIAN_POINT('',(7.5,-1.5,20.));
#3732 = DIRECTION('',(1.,0.,0.));
#3733 = DIRECTION('',(0.,0.,-1.));
#3734 = ADVANCED_FACE('',(#3735),#3741,.F.);
#3735 = FACE_BOUND('',#3736,.F.);
#3736 = EDGE_LOOP('',(#3737,#3738,#3739,#3740));
#3737 = ORIENTED_EDGE('',*,*,#3706,.F.);
#3738 = ORIENTED_EDGE('',*,*,#2756,.F.);
#3739 = ORIENTED_EDGE('',*,*,#3721,.T.);
#3740 = ORIENTED_EDGE('',*,*,#2202,.T.);
#3741 = PLANE('',#3742);
#3742 = AXIS2_PLACEMENT_3D('',#3743,#3744,#3745);
#3743 = CARTESIAN_POINT('',(7.5,-1.5,16.));
#3744 = DIRECTION('',(0.,0.,-1.));
#3745 = DIRECTION('',(-1.,0.,0.));
#3746 = ADVANCED_FACE('',(#3747),#3758,.T.);
#3747 = FACE_BOUND('',#3748,.T.);
#3748 = EDGE_LOOP('',(#3749,#3750,#3751,#3757));
#3749 = ORIENTED_EDGE('',*,*,#2342,.T.);
#3750 = ORIENTED_EDGE('',*,*,#2408,.T.);
#3751 = ORIENTED_EDGE('',*,*,#3752,.T.);
#3752 = EDGE_CURVE('',#2409,#3201,#3753,.T.);
#3753 = LINE('',#3754,#3755);
#3754 = CARTESIAN_POINT('',(-10.,20.,40.));
#3755 = VECTOR('',#3756,1.);
#3756 = DIRECTION('',(1.,0.,0.));
#3757 = ORIENTED_EDGE('',*,*,#3208,.T.);
#3758 = PLANE('',#3759);
#3759 = AXIS2_PLACEMENT_3D('',#3760,#3761,#3762);
#3760 = CARTESIAN_POINT('',(1.E-15,20.,15.234426229508));
#3761 = DIRECTION('',(0.,1.,0.));
#3762 = DIRECTION('',(0.,0.,1.));
#3763 = ADVANCED_FACE('',(#3764),#3780,.F.);
#3764 = FACE_BOUND('',#3765,.F.);
#3765 = EDGE_LOOP('',(#3766,#3767,#3773,#3774));
#3766 = ORIENTED_EDGE('',*,*,#2937,.F.);
#3767 = ORIENTED_EDGE('',*,*,#3768,.T.);
#3768 = EDGE_CURVE('',#2928,#2366,#3769,.T.);
#3769 = LINE('',#3770,#3771);
#3770 = CARTESIAN_POINT('',(2.499993777015,10.,41.));
#3771 = VECTOR('',#3772,1.);
#3772 = DIRECTION('',(0.,-2.2E-16,-1.));
#3773 = ORIENTED_EDGE('',*,*,#2365,.T.);
#3774 = ORIENTED_EDGE('',*,*,#3775,.F.);
#3775 = EDGE_CURVE('',#2938,#2368,#3776,.T.);
#3776 = LINE('',#3777,#3778);
#3777 = CARTESIAN_POINT('',(-2.499993777015,10.,41.));
#3778 = VECTOR('',#3779,1.);
#3779 = DIRECTION('',(0.,-2.2E-16,-1.));
#3780 = CYLINDRICAL_SURFACE('',#3781,2.499993777015);
#3781 = AXIS2_PLACEMENT_3D('',#3782,#3783,#3784);
#3782 = CARTESIAN_POINT('',(1.83E-15,10.,41.));
#3783 = DIRECTION('',(0.,2.2E-16,1.));
#3784 = DIRECTION('',(-1.,0.,0.));
#3785 = ADVANCED_FACE('',(#3786),#3797,.F.);
#3786 = FACE_BOUND('',#3787,.F.);
#3787 = EDGE_LOOP('',(#3788,#3789,#3790,#3791));
#3788 = ORIENTED_EDGE('',*,*,#2946,.F.);
#3789 = ORIENTED_EDGE('',*,*,#3775,.T.);
#3790 = ORIENTED_EDGE('',*,*,#2393,.T.);
#3791 = ORIENTED_EDGE('',*,*,#3792,.F.);
#3792 = EDGE_CURVE('',#2947,#2385,#3793,.T.);
#3793 = LINE('',#3794,#3795);
#3794 = CARTESIAN_POINT('',(-2.499993777015,5.,41.));
#3795 = VECTOR('',#3796,1.);
#3796 = DIRECTION('',(0.,-2.2E-16,-1.));
#3797 = PLANE('',#3798);
#3798 = AXIS2_PLACEMENT_3D('',#3799,#3800,#3801);
#3799 = CARTESIAN_POINT('',(-2.499993777015,10.,41.));
#3800 = DIRECTION('',(-1.,0.,0.));
#3801 = DIRECTION('',(0.,-1.,2.2E-16));
#3802 = ADVANCED_FACE('',(#3803),#3814,.F.);
#3803 = FACE_BOUND('',#3804,.F.);
#3804 = EDGE_LOOP('',(#3805,#3806,#3807,#3808));
#3805 = ORIENTED_EDGE('',*,*,#2954,.F.);
#3806 = ORIENTED_EDGE('',*,*,#3792,.T.);
#3807 = ORIENTED_EDGE('',*,*,#2384,.T.);
#3808 = ORIENTED_EDGE('',*,*,#3809,.F.);
#3809 = EDGE_CURVE('',#2930,#2377,#3810,.T.);
#3810 = LINE('',#3811,#3812);
#3811 = CARTESIAN_POINT('',(2.499993777015,5.,41.));
#3812 = VECTOR('',#3813,1.);
#3813 = DIRECTION('',(0.,-2.2E-16,-1.));
#3814 = CYLINDRICAL_SURFACE('',#3815,2.499993777015);
#3815 = AXIS2_PLACEMENT_3D('',#3816,#3817,#3818);
#3816 = CARTESIAN_POINT('',(1.92E-15,5.,41.));
#3817 = DIRECTION('',(0.,2.2E-16,1.));
#3818 = DIRECTION('',(-1.,0.,0.));
#3819 = ADVANCED_FACE('',(#3820),#3826,.T.);
#3820 = FACE_BOUND('',#3821,.T.);
#3821 = EDGE_LOOP('',(#3822,#3823,#3824,#3825));
#3822 = ORIENTED_EDGE('',*,*,#2927,.F.);
#3823 = ORIENTED_EDGE('',*,*,#3768,.T.);
#3824 = ORIENTED_EDGE('',*,*,#2376,.T.);
#3825 = ORIENTED_EDGE('',*,*,#3809,.F.);
#3826 = PLANE('',#3827);
#3827 = AXIS2_PLACEMENT_3D('',#3828,#3829,#3830);
#3828 = CARTESIAN_POINT('',(2.499993777015,10.,41.));
#3829 = DIRECTION('',(-1.,0.,0.));
#3830 = DIRECTION('',(0.,-1.,2.2E-16));
#3831 = ADVANCED_FACE('',(#3832),#3842,.T.);
#3832 = FACE_BOUND('',#3833,.T.);
#3833 = EDGE_LOOP('',(#3834,#3840,#3841));
#3834 = ORIENTED_EDGE('',*,*,#3835,.F.);
#3835 = EDGE_CURVE('',#2409,#2439,#3836,.T.);
#3836 = LINE('',#3837,#3838);
#3837 = CARTESIAN_POINT('',(-9.,19.75,40.25));
#3838 = VECTOR('',#3839,1.);
#3839 = DIRECTION('',(-1.25E-15,-0.707106781187,0.707106781187));
#3840 = ORIENTED_EDGE('',*,*,#2416,.T.);
#3841 = ORIENTED_EDGE('',*,*,#2446,.F.);
#3842 = PLANE('',#3843);
#3843 = AXIS2_PLACEMENT_3D('',#3844,#3845,#3846);
#3844 = CARTESIAN_POINT('',(-9.,20.,40.));
#3845 = DIRECTION('',(-0.57735026919,0.57735026919,0.57735026919));
#3846 = DIRECTION('',(-0.707106781187,-2.498001805407E-15,
    -0.707106781187));
#3847 = ADVANCED_FACE('',(#3848),#3864,.T.);
#3848 = FACE_BOUND('',#3849,.T.);
#3849 = EDGE_LOOP('',(#3850,#3856,#3857,#3863));
#3850 = ORIENTED_EDGE('',*,*,#3851,.F.);
#3851 = EDGE_CURVE('',#2534,#2665,#3852,.T.);
#3852 = LINE('',#3853,#3854);
#3853 = CARTESIAN_POINT('',(2.499993777015,5.,41.));
#3854 = VECTOR('',#3855,1.);
#3855 = DIRECTION('',(0.,-2.2E-16,-1.));
#3856 = ORIENTED_EDGE('',*,*,#2533,.T.);
#3857 = ORIENTED_EDGE('',*,*,#3858,.T.);
#3858 = EDGE_CURVE('',#2536,#2667,#3859,.T.);
#3859 = LINE('',#3860,#3861);
#3860 = CARTESIAN_POINT('',(2.499993777015,10.,41.));
#3861 = VECTOR('',#3862,1.);
#3862 = DIRECTION('',(0.,-2.2E-16,-1.));
#3863 = ORIENTED_EDGE('',*,*,#2664,.F.);
#3864 = PLANE('',#3865);
#3865 = AXIS2_PLACEMENT_3D('',#3866,#3867,#3868);
#3866 = CARTESIAN_POINT('',(2.499993777015,10.,41.));
#3867 = DIRECTION('',(-1.,0.,0.));
#3868 = DIRECTION('',(0.,-1.,2.2E-16));
#3869 = ADVANCED_FACE('',(#3870),#3881,.F.);
#3870 = FACE_BOUND('',#3871,.F.);
#3871 = EDGE_LOOP('',(#3872,#3873,#3879,#3880));
#3872 = ORIENTED_EDGE('',*,*,#2560,.F.);
#3873 = ORIENTED_EDGE('',*,*,#3874,.T.);
#3874 = EDGE_CURVE('',#2553,#2675,#3875,.T.);
#3875 = LINE('',#3876,#3877);
#3876 = CARTESIAN_POINT('',(-2.499993777015,5.,41.));
#3877 = VECTOR('',#3878,1.);
#3878 = DIRECTION('',(0.,-2.2E-16,-1.));
#3879 = ORIENTED_EDGE('',*,*,#2674,.T.);
#3880 = ORIENTED_EDGE('',*,*,#3851,.F.);
#3881 = CYLINDRICAL_SURFACE('',#3882,2.499993777015);
#3882 = AXIS2_PLACEMENT_3D('',#3883,#3884,#3885);
#3883 = CARTESIAN_POINT('',(1.92E-15,5.,41.));
#3884 = DIRECTION('',(0.,2.2E-16,1.));
#3885 = DIRECTION('',(-1.,0.,0.));
#3886 = ADVANCED_FACE('',(#3887),#3898,.F.);
#3887 = FACE_BOUND('',#3888,.F.);
#3888 = EDGE_LOOP('',(#3889,#3890,#3891,#3897));
#3889 = ORIENTED_EDGE('',*,*,#3874,.F.);
#3890 = ORIENTED_EDGE('',*,*,#2552,.T.);
#3891 = ORIENTED_EDGE('',*,*,#3892,.T.);
#3892 = EDGE_CURVE('',#2544,#2684,#3893,.T.);
#3893 = LINE('',#3894,#3895);
#3894 = CARTESIAN_POINT('',(-2.499993777015,10.,41.));
#3895 = VECTOR('',#3896,1.);
#3896 = DIRECTION('',(0.,-2.2E-16,-1.));
#3897 = ORIENTED_EDGE('',*,*,#2683,.F.);
#3898 = PLANE('',#3899);
#3899 = AXIS2_PLACEMENT_3D('',#3900,#3901,#3902);
#3900 = CARTESIAN_POINT('',(-2.499993777015,10.,41.));
#3901 = DIRECTION('',(-1.,0.,0.));
#3902 = DIRECTION('',(0.,-1.,2.2E-16));
#3903 = ADVANCED_FACE('',(#3904),#3910,.F.);
#3904 = FACE_BOUND('',#3905,.F.);
#3905 = EDGE_LOOP('',(#3906,#3907,#3908,#3909));
#3906 = ORIENTED_EDGE('',*,*,#2543,.F.);
#3907 = ORIENTED_EDGE('',*,*,#3858,.T.);
#3908 = ORIENTED_EDGE('',*,*,#2691,.T.);
#3909 = ORIENTED_EDGE('',*,*,#3892,.F.);
#3910 = CYLINDRICAL_SURFACE('',#3911,2.499993777015);
#3911 = AXIS2_PLACEMENT_3D('',#3912,#3913,#3914);
#3912 = CARTESIAN_POINT('',(1.83E-15,10.,41.));
#3913 = DIRECTION('',(0.,2.2E-16,1.));
#3914 = DIRECTION('',(-1.,0.,0.));
#3915 = ADVANCED_FACE('',(#3916),#3919,.T.);
#3916 = FACE_BOUND('',#3917,.T.);
#3917 = EDGE_LOOP('',(#3918));
#3918 = ORIENTED_EDGE('',*,*,#2603,.F.);
#3919 = PLANE('',#3920);
#3920 = AXIS2_PLACEMENT_3D('',#3921,#3922,#3923);
#3921 = CARTESIAN_POINT('',(0.,-4.,-6.5));
#3922 = DIRECTION('',(0.,1.,0.));
#3923 = DIRECTION('',(0.,0.,1.));
#3924 = ADVANCED_FACE('',(#3925),#3941,.T.);
#3925 = FACE_BOUND('',#3926,.T.);
#3926 = EDGE_LOOP('',(#3927,#3933,#3934,#3940));
#3927 = ORIENTED_EDGE('',*,*,#3928,.F.);
#3928 = EDGE_CURVE('',#2770,#3118,#3929,.T.);
#3929 = LINE('',#3930,#3931);
#3930 = CARTESIAN_POINT('',(2.499993777015,5.,41.));
#3931 = VECTOR('',#3932,1.);
#3932 = DIRECTION('',(0.,-2.2E-16,-1.));
#3933 = ORIENTED_EDGE('',*,*,#2767,.F.);
#3934 = ORIENTED_EDGE('',*,*,#3935,.T.);
#3935 = EDGE_CURVE('',#2768,#3107,#3936,.T.);
#3936 = LINE('',#3937,#3938);
#3937 = CARTESIAN_POINT('',(2.499993777015,10.,41.));
#3938 = VECTOR('',#3939,1.);
#3939 = DIRECTION('',(0.,-2.2E-16,-1.));
#3940 = ORIENTED_EDGE('',*,*,#3117,.F.);
#3941 = PLANE('',#3942);
#3942 = AXIS2_PLACEMENT_3D('',#3943,#3944,#3945);
#3943 = CARTESIAN_POINT('',(2.499993777015,10.,41.));
#3944 = DIRECTION('',(-1.,0.,0.));
#3945 = DIRECTION('',(0.,-1.,2.2E-16));
#3946 = ADVANCED_FACE('',(#3947),#3958,.F.);
#3947 = FACE_BOUND('',#3948,.F.);
#3948 = EDGE_LOOP('',(#3949,#3950,#3956,#3957));
#3949 = ORIENTED_EDGE('',*,*,#2794,.F.);
#3950 = ORIENTED_EDGE('',*,*,#3951,.T.);
#3951 = EDGE_CURVE('',#2787,#3126,#3952,.T.);
#3952 = LINE('',#3953,#3954);
#3953 = CARTESIAN_POINT('',(-2.499993777015,5.,41.));
#3954 = VECTOR('',#3955,1.);
#3955 = DIRECTION('',(0.,-2.2E-16,-1.));
#3956 = ORIENTED_EDGE('',*,*,#3125,.T.);
#3957 = ORIENTED_EDGE('',*,*,#3928,.F.);
#3958 = CYLINDRICAL_SURFACE('',#3959,2.499993777015);
#3959 = AXIS2_PLACEMENT_3D('',#3960,#3961,#3962);
#3960 = CARTESIAN_POINT('',(1.92E-15,5.,41.));
#3961 = DIRECTION('',(0.,2.2E-16,1.));
#3962 = DIRECTION('',(-1.,0.,0.));
#3963 = ADVANCED_FACE('',(#3964),#3975,.F.);
#3964 = FACE_BOUND('',#3965,.F.);
#3965 = EDGE_LOOP('',(#3966,#3967,#3968,#3974));
#3966 = ORIENTED_EDGE('',*,*,#3951,.F.);
#3967 = ORIENTED_EDGE('',*,*,#2786,.F.);
#3968 = ORIENTED_EDGE('',*,*,#3969,.T.);
#3969 = EDGE_CURVE('',#2778,#3109,#3970,.T.);
#3970 = LINE('',#3971,#3972);
#3971 = CARTESIAN_POINT('',(-2.499993777015,10.,41.));
#3972 = VECTOR('',#3973,1.);
#3973 = DIRECTION('',(0.,-2.2E-16,-1.));
#3974 = ORIENTED_EDGE('',*,*,#3134,.F.);
#3975 = PLANE('',#3976);
#3976 = AXIS2_PLACEMENT_3D('',#3977,#3978,#3979);
#3977 = CARTESIAN_POINT('',(-2.499993777015,10.,41.));
#3978 = DIRECTION('',(-1.,0.,0.));
#3979 = DIRECTION('',(0.,-1.,2.2E-16));
#3980 = ADVANCED_FACE('',(#3981),#3987,.F.);
#3981 = FACE_BOUND('',#3982,.F.);
#3982 = EDGE_LOOP('',(#3983,#3984,#3985,#3986));
#3983 = ORIENTED_EDGE('',*,*,#2777,.F.);
#3984 = ORIENTED_EDGE('',*,*,#3935,.T.);
#3985 = ORIENTED_EDGE('',*,*,#3106,.T.);
#3986 = ORIENTED_EDGE('',*,*,#3969,.F.);
#3987 = CYLINDRICAL_SURFACE('',#3988,2.499993777015);
#3988 = AXIS2_PLACEMENT_3D('',#3989,#3990,#3991);
#3989 = CARTESIAN_POINT('',(1.83E-15,10.,41.));
#3990 = DIRECTION('',(0.,2.2E-16,1.));
#3991 = DIRECTION('',(-1.,0.,0.));
#3992 = ADVANCED_FACE('',(#3993),#4009,.F.);
#3993 = FACE_BOUND('',#3994,.F.);
#3994 = EDGE_LOOP('',(#3995,#3996,#4002,#4003));
#3995 = ORIENTED_EDGE('',*,*,#3667,.F.);
#3996 = ORIENTED_EDGE('',*,*,#3997,.T.);
#3997 = EDGE_CURVE('',#3641,#2859,#3998,.T.);
#3998 = LINE('',#3999,#4000);
#3999 = CARTESIAN_POINT('',(2.499993777015,10.,41.));
#4000 = VECTOR('',#4001,1.);
#4001 = DIRECTION('',(0.,-2.2E-16,-1.));
#4002 = ORIENTED_EDGE('',*,*,#2858,.T.);
#4003 = ORIENTED_EDGE('',*,*,#4004,.F.);
#4004 = EDGE_CURVE('',#3660,#2861,#4005,.T.);
#4005 = LINE('',#4006,#4007);
#4006 = CARTESIAN_POINT('',(-2.499993777015,10.,41.));
#4007 = VECTOR('',#4008,1.);
#4008 = DIRECTION('',(0.,-2.2E-16,-1.));
#4009 = CYLINDRICAL_SURFACE('',#4010,2.499993777015);
#4010 = AXIS2_PLACEMENT_3D('',#4011,#4012,#4013);
#4011 = CARTESIAN_POINT('',(1.83E-15,10.,41.));
#4012 = DIRECTION('',(0.,2.2E-16,1.));
#4013 = DIRECTION('',(-1.,0.,0.));
#4014 = ADVANCED_FACE('',(#4015),#4026,.F.);
#4015 = FACE_BOUND('',#4016,.F.);
#4016 = EDGE_LOOP('',(#4017,#4018,#4019,#4020));
#4017 = ORIENTED_EDGE('',*,*,#3659,.F.);
#4018 = ORIENTED_EDGE('',*,*,#4004,.T.);
#4019 = ORIENTED_EDGE('',*,*,#2886,.F.);
#4020 = ORIENTED_EDGE('',*,*,#4021,.F.);
#4021 = EDGE_CURVE('',#3651,#2878,#4022,.T.);
#4022 = LINE('',#4023,#4024);
#4023 = CARTESIAN_POINT('',(-2.499993777015,5.,41.));
#4024 = VECTOR('',#4025,1.);
#4025 = DIRECTION('',(0.,-2.2E-16,-1.));
#4026 = PLANE('',#4027);
#4027 = AXIS2_PLACEMENT_3D('',#4028,#4029,#4030);
#4028 = CARTESIAN_POINT('',(-2.499993777015,10.,41.));
#4029 = DIRECTION('',(-1.,0.,0.));
#4030 = DIRECTION('',(0.,-1.,2.2E-16));
#4031 = ADVANCED_FACE('',(#4032),#4043,.F.);
#4032 = FACE_BOUND('',#4033,.F.);
#4033 = EDGE_LOOP('',(#4034,#4035,#4036,#4037));
#4034 = ORIENTED_EDGE('',*,*,#3650,.F.);
#4035 = ORIENTED_EDGE('',*,*,#4021,.T.);
#4036 = ORIENTED_EDGE('',*,*,#2877,.T.);
#4037 = ORIENTED_EDGE('',*,*,#4038,.F.);
#4038 = EDGE_CURVE('',#3643,#2870,#4039,.T.);
#4039 = LINE('',#4040,#4041);
#4040 = CARTESIAN_POINT('',(2.499993777015,5.,41.));
#4041 = VECTOR('',#4042,1.);
#4042 = DIRECTION('',(0.,-2.2E-16,-1.));
#4043 = CYLINDRICAL_SURFACE('',#4044,2.499993777015);
#4044 = AXIS2_PLACEMENT_3D('',#4045,#4046,#4047);
#4045 = CARTESIAN_POINT('',(1.92E-15,5.,41.));
#4046 = DIRECTION('',(0.,2.2E-16,1.));
#4047 = DIRECTION('',(-1.,0.,0.));
#4048 = ADVANCED_FACE('',(#4049),#4055,.T.);
#4049 = FACE_BOUND('',#4050,.T.);
#4050 = EDGE_LOOP('',(#4051,#4052,#4053,#4054));
#4051 = ORIENTED_EDGE('',*,*,#3640,.F.);
#4052 = ORIENTED_EDGE('',*,*,#3997,.T.);
#4053 = ORIENTED_EDGE('',*,*,#2869,.F.);
#4054 = ORIENTED_EDGE('',*,*,#4038,.F.);
#4055 = PLANE('',#4056);
#4056 = AXIS2_PLACEMENT_3D('',#4057,#4058,#4059);
#4057 = CARTESIAN_POINT('',(2.499993777015,10.,41.));
#4058 = DIRECTION('',(-1.,0.,0.));
#4059 = DIRECTION('',(0.,-1.,2.2E-16));
#4060 = ADVANCED_FACE('',(#4061),#4071,.F.);
#4061 = FACE_BOUND('',#4062,.F.);
#4062 = EDGE_LOOP('',(#4063,#4069,#4070));
#4063 = ORIENTED_EDGE('',*,*,#4064,.F.);
#4064 = EDGE_CURVE('',#3201,#3179,#4065,.T.);
#4065 = LINE('',#4066,#4067);
#4066 = CARTESIAN_POINT('',(9.,19.75,40.25));
#4067 = VECTOR('',#4068,1.);
#4068 = DIRECTION('',(5.E-15,-0.707106781187,0.707106781187));
#4069 = ORIENTED_EDGE('',*,*,#3200,.T.);
#4070 = ORIENTED_EDGE('',*,*,#3178,.F.);
#4071 = PLANE('',#4072);
#4072 = AXIS2_PLACEMENT_3D('',#4073,#4074,#4075);
#4073 = CARTESIAN_POINT('',(9.,20.,40.));
#4074 = DIRECTION('',(-0.57735026919,-0.57735026919,-0.57735026919));
#4075 = DIRECTION('',(0.707106781187,-2.581268532253E-15,-0.707106781187
    ));
#4076 = ADVANCED_FACE('',(#4077),#4083,.T.);
#4077 = FACE_BOUND('',#4078,.F.);
#4078 = EDGE_LOOP('',(#4079,#4080,#4081,#4082));
#4079 = ORIENTED_EDGE('',*,*,#3835,.F.);
#4080 = ORIENTED_EDGE('',*,*,#3752,.T.);
#4081 = ORIENTED_EDGE('',*,*,#4064,.T.);
#4082 = ORIENTED_EDGE('',*,*,#3631,.F.);
#4083 = PLANE('',#4084);
#4084 = AXIS2_PLACEMENT_3D('',#4085,#4086,#4087);
#4085 = CARTESIAN_POINT('',(-10.,19.5,40.5));
#4086 = DIRECTION('',(0.,0.707106781187,0.707106781187));
#4087 = DIRECTION('',(-1.,-0.,0.));
#4088 = ( GEOMETRIC_REPRESENTATION_CONTEXT(3) 
GLOBAL_UNCERTAINTY_ASSIGNED_CONTEXT((#4092)) 
GLOBAL_UNIT_ASSIGNED_CONTEXT((#4089,#4090,#4091)) REPRESENTATION_CONTEXT
('Context #1','3D Context with UNIT and UNCERTAINTY') );
#4089 = ( LENGTH_UNIT() NAMED_UNIT(*) SI_UNIT(.MILLI.,.METRE.) );
#4090 = ( NAMED_UNIT(*) PLANE_ANGLE_UNIT() SI_UNIT($,.RADIAN.) );
#4091 = ( NAMED_UNIT(*) SI_UNIT($,.STERADIAN.) SOLID_ANGLE_UNIT() );
#4092 = UNCERTAINTY_MEASURE_WITH_UNIT(LENGTH_MEASURE(5.E-05),#4089,
  'distance_accuracy_value','confusion accuracy');
#4093 = PRODUCT_RELATED_PRODUCT_CATEGORY('part',$,(#7));
#4094 = MECHANICAL_DESIGN_GEOMETRIC_PRESENTATION_REPRESENTATION('',(
    #4095),#4088);
#4095 = STYLED_ITEM('color',(#4096),#15);
#4096 = PRESENTATION_STYLE_ASSIGNMENT((#4097,#4103));
#4097 = SURFACE_STYLE_USAGE(.BOTH.,#4098);
#4098 = SURFACE_SIDE_STYLE('',(#4099));
#4099 = SURFACE_STYLE_FILL_AREA(#4100);
#4100 = FILL_AREA_STYLE('',(#4101));
#4101 = FILL_AREA_STYLE_COLOUR('',#4102);
#4102 = COLOUR_RGB('',0.800000010877,0.658823550289,0.352941187348);
#4103 = CURVE_STYLE('',#4104,POSITIVE_LENGTH_MEASURE(0.1),#4105);
#4104 = DRAUGHTING_PRE_DEFINED_CURVE_FONT('continuous');
#4105 = COLOUR_RGB('',9.803921802644E-02,9.803921802644E-02,
  9.803921802644E-02);
ENDSEC;
END-ISO-10303-21;
