ISO-10303-21;
HEADER;
FILE_DESCRIPTION(('FreeCAD Model'),'2;1');
FILE_NAME('Open CASCADE Shape Model','2025-07-22T09:51:46',(''),(''),
  'Open CASCADE STEP processor 7.8','FreeCAD','Unknown');
FILE_SCHEMA(('AUTOMOTIVE_DESIGN { 1 0 10303 214 1 1 1 1 }'));
ENDSEC;
DATA;
#1 = APPLICATION_PROTOCOL_DEFINITION('international standard',
  'automotive_design',2000,#2);
#2 = APPLICATION_CONTEXT(
  'core data for automotive mechanical design processes');
#3 = SHAPE_DEFINITION_REPRESENTATION(#4,#10);
#4 = PRODUCT_DEFINITION_SHAPE('','',#5);
#5 = PRODUCT_DEFINITION('design','',#6,#9);
#6 = PRODUCT_DEFINITION_FORMATION('','',#7);
#7 = PRODUCT('MotorHolderX2','MotorHolderX2','',(#8));
#8 = PRODUCT_CONTEXT('',#2,'mechanical');
#9 = PRODUCT_DEFINITION_CONTEXT('part definition',#2,'design');
#10 = ADVANCED_BREP_SHAPE_REPRESENTATION('',(#11,#15),#3774);
#11 = AXIS2_PLACEMENT_3D('',#12,#13,#14);
#12 = CARTESIAN_POINT('',(0.,0.,0.));
#13 = DIRECTION('',(0.,0.,1.));
#14 = DIRECTION('',(1.,0.,-0.));
#15 = MANIFOLD_SOLID_BREP('',#16);
#16 = CLOSED_SHELL('',(#17,#57,#227,#258,#305,#322,#353,#429,#455,#479,
    #519,#588,#605,#637,#661,#686,#825,#885,#1025,#1049,#1073,#1097,
    #1121,#1138,#1163,#1263,#1355,#1444,#1461,#1495,#1521,#1547,#1564,
    #1590,#1616,#1628,#1696,#1803,#1856,#1873,#1926,#1938,#1969,#2052,
    #2135,#2147,#2178,#2261,#2344,#2356,#2378,#2395,#2412,#2424,#2441,
    #2458,#2478,#2490,#2548,#2565,#2618,#2630,#2688,#2705,#2758,#2770,
    #2792,#2809,#2826,#2838,#2860,#2877,#2894,#2906,#2926,#2946,#2966,
    #2986,#3003,#3020,#3037,#3054,#3070,#3097,#3114,#3136,#3148,#3173,
    #3195,#3217,#3234,#3251,#3273,#3290,#3307,#3319,#3341,#3358,#3375,
    #3387,#3399,#3411,#3442,#3467,#3492,#3509,#3521,#3533,#3564,#3589,
    #3613,#3631,#3662,#3687,#3711,#3729,#3738,#3750,#3762));
#17 = ADVANCED_FACE('',(#18),#52,.F.);
#18 = FACE_BOUND('',#19,.F.);
#19 = EDGE_LOOP('',(#20,#30,#38,#46));
#20 = ORIENTED_EDGE('',*,*,#21,.F.);
#21 = EDGE_CURVE('',#22,#24,#26,.T.);
#22 = VERTEX_POINT('',#23);
#23 = CARTESIAN_POINT('',(24.,24.45,27.));
#24 = VERTEX_POINT('',#25);
#25 = CARTESIAN_POINT('',(24.,28.9,27.));
#26 = LINE('',#27,#28);
#27 = CARTESIAN_POINT('',(24.,24.45,27.));
#28 = VECTOR('',#29,1.);
#29 = DIRECTION('',(0.,1.,0.));
#30 = ORIENTED_EDGE('',*,*,#31,.T.);
#31 = EDGE_CURVE('',#22,#32,#34,.T.);
#32 = VERTEX_POINT('',#33);
#33 = CARTESIAN_POINT('',(0.,24.45,27.));
#34 = LINE('',#35,#36);
#35 = CARTESIAN_POINT('',(24.,24.45,27.));
#36 = VECTOR('',#37,1.);
#37 = DIRECTION('',(-1.,-0.,-0.));
#38 = ORIENTED_EDGE('',*,*,#39,.T.);
#39 = EDGE_CURVE('',#32,#40,#42,.T.);
#40 = VERTEX_POINT('',#41);
#41 = CARTESIAN_POINT('',(0.,28.9,27.));
#42 = LINE('',#43,#44);
#43 = CARTESIAN_POINT('',(4.4E-16,24.45,27.));
#44 = VECTOR('',#45,1.);
#45 = DIRECTION('',(0.,1.,0.));
#46 = ORIENTED_EDGE('',*,*,#47,.F.);
#47 = EDGE_CURVE('',#24,#40,#48,.T.);
#48 = LINE('',#49,#50);
#49 = CARTESIAN_POINT('',(24.,28.9,27.));
#50 = VECTOR('',#51,1.);
#51 = DIRECTION('',(-1.,-0.,-0.));
#52 = PLANE('',#53);
#53 = AXIS2_PLACEMENT_3D('',#54,#55,#56);
#54 = CARTESIAN_POINT('',(24.,24.45,27.));
#55 = DIRECTION('',(0.,0.,-1.));
#56 = DIRECTION('',(0.,1.,0.));
#57 = ADVANCED_FACE('',(#58,#211),#222,.T.);
#58 = FACE_BOUND('',#59,.T.);
#59 = EDGE_LOOP('',(#60,#70,#78,#86,#94,#102,#110,#118,#126,#132,#133,
    #141,#149,#157,#165,#173,#181,#189,#197,#205));
#60 = ORIENTED_EDGE('',*,*,#61,.F.);
#61 = EDGE_CURVE('',#62,#64,#66,.T.);
#62 = VERTEX_POINT('',#63);
#63 = CARTESIAN_POINT('',(24.,4.45,13.999999999995));
#64 = VERTEX_POINT('',#65);
#65 = CARTESIAN_POINT('',(24.,4.45,7.));
#66 = LINE('',#67,#68);
#67 = CARTESIAN_POINT('',(24.,4.45,13.999999999995));
#68 = VECTOR('',#69,1.);
#69 = DIRECTION('',(0.,0.,-1.));
#70 = ORIENTED_EDGE('',*,*,#71,.F.);
#71 = EDGE_CURVE('',#72,#62,#74,.T.);
#72 = VERTEX_POINT('',#73);
#73 = CARTESIAN_POINT('',(24.,7.45,13.999999999995));
#74 = LINE('',#75,#76);
#75 = CARTESIAN_POINT('',(24.,7.45,13.999999999995));
#76 = VECTOR('',#77,1.);
#77 = DIRECTION('',(0.,-1.,0.));
#78 = ORIENTED_EDGE('',*,*,#79,.F.);
#79 = EDGE_CURVE('',#80,#72,#82,.T.);
#80 = VERTEX_POINT('',#81);
#81 = CARTESIAN_POINT('',(24.,7.45,19.999999999995));
#82 = LINE('',#83,#84);
#83 = CARTESIAN_POINT('',(24.,7.45,19.999999999995));
#84 = VECTOR('',#85,1.);
#85 = DIRECTION('',(0.,0.,-1.));
#86 = ORIENTED_EDGE('',*,*,#87,.F.);
#87 = EDGE_CURVE('',#88,#80,#90,.T.);
#88 = VERTEX_POINT('',#89);
#89 = CARTESIAN_POINT('',(24.,4.45,19.999999999995));
#90 = LINE('',#91,#92);
#91 = CARTESIAN_POINT('',(24.,4.45,19.999999999995));
#92 = VECTOR('',#93,1.);
#93 = DIRECTION('',(0.,1.,0.));
#94 = ORIENTED_EDGE('',*,*,#95,.F.);
#95 = EDGE_CURVE('',#96,#88,#98,.T.);
#96 = VERTEX_POINT('',#97);
#97 = CARTESIAN_POINT('',(24.,4.45,27.));
#98 = LINE('',#99,#100);
#99 = CARTESIAN_POINT('',(24.,4.45,27.));
#100 = VECTOR('',#101,1.);
#101 = DIRECTION('',(0.,0.,-1.));
#102 = ORIENTED_EDGE('',*,*,#103,.F.);
#103 = EDGE_CURVE('',#104,#96,#106,.T.);
#104 = VERTEX_POINT('',#105);
#105 = CARTESIAN_POINT('',(24.,0.,27.));
#106 = LINE('',#107,#108);
#107 = CARTESIAN_POINT('',(24.,0.,27.));
#108 = VECTOR('',#109,1.);
#109 = DIRECTION('',(0.,1.,0.));
#110 = ORIENTED_EDGE('',*,*,#111,.T.);
#111 = EDGE_CURVE('',#104,#112,#114,.T.);
#112 = VERTEX_POINT('',#113);
#113 = CARTESIAN_POINT('',(24.,0.,39.6));
#114 = LINE('',#115,#116);
#115 = CARTESIAN_POINT('',(24.,0.,27.));
#116 = VECTOR('',#117,1.);
#117 = DIRECTION('',(0.,0.,1.));
#118 = ORIENTED_EDGE('',*,*,#119,.F.);
#119 = EDGE_CURVE('',#120,#112,#122,.T.);
#120 = VERTEX_POINT('',#121);
#121 = CARTESIAN_POINT('',(24.,28.9,39.6));
#122 = LINE('',#123,#124);
#123 = CARTESIAN_POINT('',(24.,28.9,39.6));
#124 = VECTOR('',#125,1.);
#125 = DIRECTION('',(0.,-1.,2.2E-16));
#126 = ORIENTED_EDGE('',*,*,#127,.F.);
#127 = EDGE_CURVE('',#24,#120,#128,.T.);
#128 = LINE('',#129,#130);
#129 = CARTESIAN_POINT('',(24.,28.9,37.));
#130 = VECTOR('',#131,1.);
#131 = DIRECTION('',(0.,0.,1.));
#132 = ORIENTED_EDGE('',*,*,#21,.F.);
#133 = ORIENTED_EDGE('',*,*,#134,.F.);
#134 = EDGE_CURVE('',#135,#22,#137,.T.);
#135 = VERTEX_POINT('',#136);
#136 = CARTESIAN_POINT('',(24.,24.45,19.999999999995));
#137 = LINE('',#138,#139);
#138 = CARTESIAN_POINT('',(24.,24.45,19.999999999995));
#139 = VECTOR('',#140,1.);
#140 = DIRECTION('',(0.,0.,1.));
#141 = ORIENTED_EDGE('',*,*,#142,.F.);
#142 = EDGE_CURVE('',#143,#135,#145,.T.);
#143 = VERTEX_POINT('',#144);
#144 = CARTESIAN_POINT('',(24.,21.45,19.999999999995));
#145 = LINE('',#146,#147);
#146 = CARTESIAN_POINT('',(24.,21.45,19.999999999995));
#147 = VECTOR('',#148,1.);
#148 = DIRECTION('',(0.,1.,0.));
#149 = ORIENTED_EDGE('',*,*,#150,.F.);
#150 = EDGE_CURVE('',#151,#143,#153,.T.);
#151 = VERTEX_POINT('',#152);
#152 = CARTESIAN_POINT('',(24.,21.45,14.000000000005));
#153 = LINE('',#154,#155);
#154 = CARTESIAN_POINT('',(24.,21.45,14.000000000005));
#155 = VECTOR('',#156,1.);
#156 = DIRECTION('',(0.,0.,1.));
#157 = ORIENTED_EDGE('',*,*,#158,.F.);
#158 = EDGE_CURVE('',#159,#151,#161,.T.);
#159 = VERTEX_POINT('',#160);
#160 = CARTESIAN_POINT('',(24.,24.45,14.000000000005));
#161 = LINE('',#162,#163);
#162 = CARTESIAN_POINT('',(24.,24.45,14.000000000005));
#163 = VECTOR('',#164,1.);
#164 = DIRECTION('',(0.,-1.,0.));
#165 = ORIENTED_EDGE('',*,*,#166,.F.);
#166 = EDGE_CURVE('',#167,#159,#169,.T.);
#167 = VERTEX_POINT('',#168);
#168 = CARTESIAN_POINT('',(24.,24.45,7.));
#169 = LINE('',#170,#171);
#170 = CARTESIAN_POINT('',(24.,24.45,7.));
#171 = VECTOR('',#172,1.);
#172 = DIRECTION('',(0.,0.,1.));
#173 = ORIENTED_EDGE('',*,*,#174,.F.);
#174 = EDGE_CURVE('',#175,#167,#177,.T.);
#175 = VERTEX_POINT('',#176);
#176 = CARTESIAN_POINT('',(24.,16.45,7.));
#177 = LINE('',#178,#179);
#178 = CARTESIAN_POINT('',(24.,0.,7.));
#179 = VECTOR('',#180,1.);
#180 = DIRECTION('',(0.,1.,0.));
#181 = ORIENTED_EDGE('',*,*,#182,.F.);
#182 = EDGE_CURVE('',#183,#175,#185,.T.);
#183 = VERTEX_POINT('',#184);
#184 = CARTESIAN_POINT('',(24.,16.45,10.));
#185 = LINE('',#186,#187);
#186 = CARTESIAN_POINT('',(24.,16.45,10.));
#187 = VECTOR('',#188,1.);
#188 = DIRECTION('',(0.,0.,-1.));
#189 = ORIENTED_EDGE('',*,*,#190,.F.);
#190 = EDGE_CURVE('',#191,#183,#193,.T.);
#191 = VERTEX_POINT('',#192);
#192 = CARTESIAN_POINT('',(24.,12.45,10.));
#193 = LINE('',#194,#195);
#194 = CARTESIAN_POINT('',(24.,12.45,10.));
#195 = VECTOR('',#196,1.);
#196 = DIRECTION('',(0.,1.,0.));
#197 = ORIENTED_EDGE('',*,*,#198,.F.);
#198 = EDGE_CURVE('',#199,#191,#201,.T.);
#199 = VERTEX_POINT('',#200);
#200 = CARTESIAN_POINT('',(24.,12.45,7.));
#201 = LINE('',#202,#203);
#202 = CARTESIAN_POINT('',(24.,12.45,7.));
#203 = VECTOR('',#204,1.);
#204 = DIRECTION('',(0.,0.,1.));
#205 = ORIENTED_EDGE('',*,*,#206,.F.);
#206 = EDGE_CURVE('',#64,#199,#207,.T.);
#207 = LINE('',#208,#209);
#208 = CARTESIAN_POINT('',(24.,0.,7.));
#209 = VECTOR('',#210,1.);
#210 = DIRECTION('',(0.,1.,0.));
#211 = FACE_BOUND('',#212,.T.);
#212 = EDGE_LOOP('',(#213));
#213 = ORIENTED_EDGE('',*,*,#214,.F.);
#214 = EDGE_CURVE('',#215,#215,#217,.T.);
#215 = VERTEX_POINT('',#216);
#216 = CARTESIAN_POINT('',(24.,14.45,14.25));
#217 = CIRCLE('',#218,2.75);
#218 = AXIS2_PLACEMENT_3D('',#219,#220,#221);
#219 = CARTESIAN_POINT('',(24.,14.45,17.));
#220 = DIRECTION('',(-1.,-0.,-0.));
#221 = DIRECTION('',(0.,0.,-1.));
#222 = PLANE('',#223);
#223 = AXIS2_PLACEMENT_3D('',#224,#225,#226);
#224 = CARTESIAN_POINT('',(24.,14.45,33.091403699673));
#225 = DIRECTION('',(-1.,-0.,-0.));
#226 = DIRECTION('',(0.,0.,-1.));
#227 = ADVANCED_FACE('',(#228),#253,.F.);
#228 = FACE_BOUND('',#229,.F.);
#229 = EDGE_LOOP('',(#230,#238,#246,#252));
#230 = ORIENTED_EDGE('',*,*,#231,.T.);
#231 = EDGE_CURVE('',#40,#232,#234,.T.);
#232 = VERTEX_POINT('',#233);
#233 = CARTESIAN_POINT('',(0.,38.9,27.));
#234 = LINE('',#235,#236);
#235 = CARTESIAN_POINT('',(0.,28.9,27.));
#236 = VECTOR('',#237,1.);
#237 = DIRECTION('',(0.,1.,-2.2E-16));
#238 = ORIENTED_EDGE('',*,*,#239,.T.);
#239 = EDGE_CURVE('',#232,#240,#242,.T.);
#240 = VERTEX_POINT('',#241);
#241 = CARTESIAN_POINT('',(24.,38.9,27.));
#242 = LINE('',#243,#244);
#243 = CARTESIAN_POINT('',(0.,38.9,27.));
#244 = VECTOR('',#245,1.);
#245 = DIRECTION('',(1.,0.,0.));
#246 = ORIENTED_EDGE('',*,*,#247,.F.);
#247 = EDGE_CURVE('',#24,#240,#248,.T.);
#248 = LINE('',#249,#250);
#249 = CARTESIAN_POINT('',(24.,28.9,27.));
#250 = VECTOR('',#251,1.);
#251 = DIRECTION('',(0.,1.,-2.2E-16));
#252 = ORIENTED_EDGE('',*,*,#47,.T.);
#253 = PLANE('',#254);
#254 = AXIS2_PLACEMENT_3D('',#255,#256,#257);
#255 = CARTESIAN_POINT('',(0.,28.9,27.));
#256 = DIRECTION('',(0.,-2.2E-16,-1.));
#257 = DIRECTION('',(1.,0.,0.));
#258 = ADVANCED_FACE('',(#259),#300,.F.);
#259 = FACE_BOUND('',#260,.F.);
#260 = EDGE_LOOP('',(#261,#262,#270,#278,#286,#294));
#261 = ORIENTED_EDGE('',*,*,#39,.F.);
#262 = ORIENTED_EDGE('',*,*,#263,.T.);
#263 = EDGE_CURVE('',#32,#264,#266,.T.);
#264 = VERTEX_POINT('',#265);
#265 = CARTESIAN_POINT('',(0.,24.45,19.999999999995));
#266 = LINE('',#267,#268);
#267 = CARTESIAN_POINT('',(4.4E-16,24.45,27.));
#268 = VECTOR('',#269,1.);
#269 = DIRECTION('',(-0.,-0.,-1.));
#270 = ORIENTED_EDGE('',*,*,#271,.T.);
#271 = EDGE_CURVE('',#264,#272,#274,.T.);
#272 = VERTEX_POINT('',#273);
#273 = CARTESIAN_POINT('',(0.,24.45,14.000000000005));
#274 = LINE('',#275,#276);
#275 = CARTESIAN_POINT('',(4.4E-16,24.45,27.));
#276 = VECTOR('',#277,1.);
#277 = DIRECTION('',(-0.,-0.,-1.));
#278 = ORIENTED_EDGE('',*,*,#279,.T.);
#279 = EDGE_CURVE('',#272,#280,#282,.T.);
#280 = VERTEX_POINT('',#281);
#281 = CARTESIAN_POINT('',(0.,24.45,7.));
#282 = LINE('',#283,#284);
#283 = CARTESIAN_POINT('',(4.4E-16,24.45,27.));
#284 = VECTOR('',#285,1.);
#285 = DIRECTION('',(-0.,-0.,-1.));
#286 = ORIENTED_EDGE('',*,*,#287,.F.);
#287 = EDGE_CURVE('',#288,#280,#290,.T.);
#288 = VERTEX_POINT('',#289);
#289 = CARTESIAN_POINT('',(0.,28.9,7.));
#290 = LINE('',#291,#292);
#291 = CARTESIAN_POINT('',(2.2E-16,19.45,7.));
#292 = VECTOR('',#293,1.);
#293 = DIRECTION('',(0.,-1.,0.));
#294 = ORIENTED_EDGE('',*,*,#295,.F.);
#295 = EDGE_CURVE('',#40,#288,#296,.T.);
#296 = LINE('',#297,#298);
#297 = CARTESIAN_POINT('',(4.4E-16,28.9,27.));
#298 = VECTOR('',#299,1.);
#299 = DIRECTION('',(-0.,-0.,-1.));
#300 = PLANE('',#301);
#301 = AXIS2_PLACEMENT_3D('',#302,#303,#304);
#302 = CARTESIAN_POINT('',(4.4E-16,24.45,27.));
#303 = DIRECTION('',(1.,0.,0.));
#304 = DIRECTION('',(0.,1.,0.));
#305 = ADVANCED_FACE('',(#306),#317,.F.);
#306 = FACE_BOUND('',#307,.F.);
#307 = EDGE_LOOP('',(#308,#309,#315,#316));
#308 = ORIENTED_EDGE('',*,*,#134,.F.);
#309 = ORIENTED_EDGE('',*,*,#310,.T.);
#310 = EDGE_CURVE('',#135,#264,#311,.T.);
#311 = LINE('',#312,#313);
#312 = CARTESIAN_POINT('',(24.,24.45,19.999999999995));
#313 = VECTOR('',#314,1.);
#314 = DIRECTION('',(-1.,-0.,-0.));
#315 = ORIENTED_EDGE('',*,*,#263,.F.);
#316 = ORIENTED_EDGE('',*,*,#31,.F.);
#317 = PLANE('',#318);
#318 = AXIS2_PLACEMENT_3D('',#319,#320,#321);
#319 = CARTESIAN_POINT('',(24.,24.45,19.999999999995));
#320 = DIRECTION('',(0.,1.,0.));
#321 = DIRECTION('',(0.,0.,1.));
#322 = ADVANCED_FACE('',(#323),#348,.F.);
#323 = FACE_BOUND('',#324,.F.);
#324 = EDGE_LOOP('',(#325,#326,#334,#342));
#325 = ORIENTED_EDGE('',*,*,#61,.F.);
#326 = ORIENTED_EDGE('',*,*,#327,.T.);
#327 = EDGE_CURVE('',#62,#328,#330,.T.);
#328 = VERTEX_POINT('',#329);
#329 = CARTESIAN_POINT('',(-4.,4.45,13.999999999995));
#330 = LINE('',#331,#332);
#331 = CARTESIAN_POINT('',(24.,4.45,13.999999999995));
#332 = VECTOR('',#333,1.);
#333 = DIRECTION('',(-1.,-0.,-0.));
#334 = ORIENTED_EDGE('',*,*,#335,.T.);
#335 = EDGE_CURVE('',#328,#336,#338,.T.);
#336 = VERTEX_POINT('',#337);
#337 = CARTESIAN_POINT('',(-4.,4.45,7.));
#338 = LINE('',#339,#340);
#339 = CARTESIAN_POINT('',(-4.,4.45,8.749999999997));
#340 = VECTOR('',#341,1.);
#341 = DIRECTION('',(0.,0.,-1.));
#342 = ORIENTED_EDGE('',*,*,#343,.F.);
#343 = EDGE_CURVE('',#64,#336,#344,.T.);
#344 = LINE('',#345,#346);
#345 = CARTESIAN_POINT('',(24.,4.45,7.));
#346 = VECTOR('',#347,1.);
#347 = DIRECTION('',(-1.,-0.,-0.));
#348 = PLANE('',#349);
#349 = AXIS2_PLACEMENT_3D('',#350,#351,#352);
#350 = CARTESIAN_POINT('',(24.,4.45,13.999999999995));
#351 = DIRECTION('',(0.,-1.,0.));
#352 = DIRECTION('',(0.,0.,-1.));
#353 = ADVANCED_FACE('',(#354,#388,#406),#424,.T.);
#354 = FACE_BOUND('',#355,.T.);
#355 = EDGE_LOOP('',(#356,#366,#372,#373,#374,#382));
#356 = ORIENTED_EDGE('',*,*,#357,.T.);
#357 = EDGE_CURVE('',#358,#360,#362,.T.);
#358 = VERTEX_POINT('',#359);
#359 = CARTESIAN_POINT('',(2.499999977226,12.45,7.));
#360 = VERTEX_POINT('',#361);
#361 = CARTESIAN_POINT('',(-4.,12.45,7.));
#362 = LINE('',#363,#364);
#363 = CARTESIAN_POINT('',(24.,12.45,7.));
#364 = VECTOR('',#365,1.);
#365 = DIRECTION('',(-1.,-0.,-0.));
#366 = ORIENTED_EDGE('',*,*,#367,.T.);
#367 = EDGE_CURVE('',#360,#336,#368,.T.);
#368 = LINE('',#369,#370);
#369 = CARTESIAN_POINT('',(-4.,28.9,7.));
#370 = VECTOR('',#371,1.);
#371 = DIRECTION('',(0.,-1.,0.));
#372 = ORIENTED_EDGE('',*,*,#343,.F.);
#373 = ORIENTED_EDGE('',*,*,#206,.T.);
#374 = ORIENTED_EDGE('',*,*,#375,.T.);
#375 = EDGE_CURVE('',#199,#376,#378,.T.);
#376 = VERTEX_POINT('',#377);
#377 = CARTESIAN_POINT('',(17.5,12.45,7.));
#378 = LINE('',#379,#380);
#379 = CARTESIAN_POINT('',(24.,12.45,7.));
#380 = VECTOR('',#381,1.);
#381 = DIRECTION('',(-1.,-0.,-0.));
#382 = ORIENTED_EDGE('',*,*,#383,.T.);
#383 = EDGE_CURVE('',#376,#358,#384,.T.);
#384 = LINE('',#385,#386);
#385 = CARTESIAN_POINT('',(24.,12.45,7.));
#386 = VECTOR('',#387,1.);
#387 = DIRECTION('',(-1.,-0.,-0.));
#388 = FACE_BOUND('',#389,.T.);
#389 = EDGE_LOOP('',(#390,#399));
#390 = ORIENTED_EDGE('',*,*,#391,.F.);
#391 = EDGE_CURVE('',#358,#392,#394,.T.);
#392 = VERTEX_POINT('',#393);
#393 = CARTESIAN_POINT('',(5.5,9.45,7.));
#394 = CIRCLE('',#395,3.);
#395 = AXIS2_PLACEMENT_3D('',#396,#397,#398);
#396 = CARTESIAN_POINT('',(2.5,9.45,7.));
#397 = DIRECTION('',(0.,0.,1.));
#398 = DIRECTION('',(1.,0.,0.));
#399 = ORIENTED_EDGE('',*,*,#400,.F.);
#400 = EDGE_CURVE('',#392,#358,#401,.T.);
#401 = CIRCLE('',#402,3.);
#402 = AXIS2_PLACEMENT_3D('',#403,#404,#405);
#403 = CARTESIAN_POINT('',(2.5,9.45,7.));
#404 = DIRECTION('',(0.,0.,1.));
#405 = DIRECTION('',(1.,0.,0.));
#406 = FACE_BOUND('',#407,.T.);
#407 = EDGE_LOOP('',(#408,#417));
#408 = ORIENTED_EDGE('',*,*,#409,.F.);
#409 = EDGE_CURVE('',#376,#410,#412,.T.);
#410 = VERTEX_POINT('',#411);
#411 = CARTESIAN_POINT('',(20.5,9.45,7.));
#412 = CIRCLE('',#413,3.);
#413 = AXIS2_PLACEMENT_3D('',#414,#415,#416);
#414 = CARTESIAN_POINT('',(17.5,9.45,7.));
#415 = DIRECTION('',(0.,0.,1.));
#416 = DIRECTION('',(1.,0.,0.));
#417 = ORIENTED_EDGE('',*,*,#418,.F.);
#418 = EDGE_CURVE('',#410,#376,#419,.T.);
#419 = CIRCLE('',#420,3.);
#420 = AXIS2_PLACEMENT_3D('',#421,#422,#423);
#421 = CARTESIAN_POINT('',(17.5,9.45,7.));
#422 = DIRECTION('',(0.,0.,1.));
#423 = DIRECTION('',(1.,0.,0.));
#424 = PLANE('',#425);
#425 = AXIS2_PLACEMENT_3D('',#426,#427,#428);
#426 = CARTESIAN_POINT('',(10.,14.45,7.));
#427 = DIRECTION('',(0.,0.,1.));
#428 = DIRECTION('',(1.,0.,0.));
#429 = ADVANCED_FACE('',(#430),#450,.F.);
#430 = FACE_BOUND('',#431,.F.);
#431 = EDGE_LOOP('',(#432,#433,#434,#435,#436,#444));
#432 = ORIENTED_EDGE('',*,*,#198,.F.);
#433 = ORIENTED_EDGE('',*,*,#375,.T.);
#434 = ORIENTED_EDGE('',*,*,#383,.T.);
#435 = ORIENTED_EDGE('',*,*,#357,.T.);
#436 = ORIENTED_EDGE('',*,*,#437,.T.);
#437 = EDGE_CURVE('',#360,#438,#440,.T.);
#438 = VERTEX_POINT('',#439);
#439 = CARTESIAN_POINT('',(-4.,12.45,10.));
#440 = LINE('',#441,#442);
#441 = CARTESIAN_POINT('',(-4.,12.45,5.25));
#442 = VECTOR('',#443,1.);
#443 = DIRECTION('',(0.,0.,1.));
#444 = ORIENTED_EDGE('',*,*,#445,.F.);
#445 = EDGE_CURVE('',#191,#438,#446,.T.);
#446 = LINE('',#447,#448);
#447 = CARTESIAN_POINT('',(24.,12.45,10.));
#448 = VECTOR('',#449,1.);
#449 = DIRECTION('',(-1.,-0.,-0.));
#450 = PLANE('',#451);
#451 = AXIS2_PLACEMENT_3D('',#452,#453,#454);
#452 = CARTESIAN_POINT('',(24.,12.45,7.));
#453 = DIRECTION('',(0.,1.,0.));
#454 = DIRECTION('',(0.,0.,1.));
#455 = ADVANCED_FACE('',(#456),#474,.F.);
#456 = FACE_BOUND('',#457,.F.);
#457 = EDGE_LOOP('',(#458,#459,#460,#468));
#458 = ORIENTED_EDGE('',*,*,#190,.F.);
#459 = ORIENTED_EDGE('',*,*,#445,.T.);
#460 = ORIENTED_EDGE('',*,*,#461,.T.);
#461 = EDGE_CURVE('',#438,#462,#464,.T.);
#462 = VERTEX_POINT('',#463);
#463 = CARTESIAN_POINT('',(-4.,16.45,10.));
#464 = LINE('',#465,#466);
#465 = CARTESIAN_POINT('',(-4.,13.45,10.));
#466 = VECTOR('',#467,1.);
#467 = DIRECTION('',(0.,1.,0.));
#468 = ORIENTED_EDGE('',*,*,#469,.F.);
#469 = EDGE_CURVE('',#183,#462,#470,.T.);
#470 = LINE('',#471,#472);
#471 = CARTESIAN_POINT('',(24.,16.45,10.));
#472 = VECTOR('',#473,1.);
#473 = DIRECTION('',(-1.,-0.,-0.));
#474 = PLANE('',#475);
#475 = AXIS2_PLACEMENT_3D('',#476,#477,#478);
#476 = CARTESIAN_POINT('',(24.,12.45,10.));
#477 = DIRECTION('',(0.,0.,-1.));
#478 = DIRECTION('',(0.,1.,0.));
#479 = ADVANCED_FACE('',(#480),#514,.F.);
#480 = FACE_BOUND('',#481,.F.);
#481 = EDGE_LOOP('',(#482,#483,#484,#492,#500,#508));
#482 = ORIENTED_EDGE('',*,*,#182,.F.);
#483 = ORIENTED_EDGE('',*,*,#469,.T.);
#484 = ORIENTED_EDGE('',*,*,#485,.T.);
#485 = EDGE_CURVE('',#462,#486,#488,.T.);
#486 = VERTEX_POINT('',#487);
#487 = CARTESIAN_POINT('',(-4.,16.45,7.));
#488 = LINE('',#489,#490);
#489 = CARTESIAN_POINT('',(-4.,16.45,6.75));
#490 = VECTOR('',#491,1.);
#491 = DIRECTION('',(0.,0.,-1.));
#492 = ORIENTED_EDGE('',*,*,#493,.F.);
#493 = EDGE_CURVE('',#494,#486,#496,.T.);
#494 = VERTEX_POINT('',#495);
#495 = CARTESIAN_POINT('',(2.499999985925,16.45,7.));
#496 = LINE('',#497,#498);
#497 = CARTESIAN_POINT('',(24.,16.45,7.));
#498 = VECTOR('',#499,1.);
#499 = DIRECTION('',(-1.,-0.,-0.));
#500 = ORIENTED_EDGE('',*,*,#501,.F.);
#501 = EDGE_CURVE('',#502,#494,#504,.T.);
#502 = VERTEX_POINT('',#503);
#503 = CARTESIAN_POINT('',(17.5,16.45,7.));
#504 = LINE('',#505,#506);
#505 = CARTESIAN_POINT('',(24.,16.45,7.));
#506 = VECTOR('',#507,1.);
#507 = DIRECTION('',(-1.,-0.,-0.));
#508 = ORIENTED_EDGE('',*,*,#509,.F.);
#509 = EDGE_CURVE('',#175,#502,#510,.T.);
#510 = LINE('',#511,#512);
#511 = CARTESIAN_POINT('',(24.,16.45,7.));
#512 = VECTOR('',#513,1.);
#513 = DIRECTION('',(-1.,-0.,-0.));
#514 = PLANE('',#515);
#515 = AXIS2_PLACEMENT_3D('',#516,#517,#518);
#516 = CARTESIAN_POINT('',(24.,16.45,10.));
#517 = DIRECTION('',(0.,-1.,0.));
#518 = DIRECTION('',(0.,0.,-1.));
#519 = ADVANCED_FACE('',(#520,#547,#565),#583,.T.);
#520 = FACE_BOUND('',#521,.T.);
#521 = EDGE_LOOP('',(#522,#523,#531,#537,#538,#539,#540,#541));
#522 = ORIENTED_EDGE('',*,*,#287,.F.);
#523 = ORIENTED_EDGE('',*,*,#524,.T.);
#524 = EDGE_CURVE('',#288,#525,#527,.T.);
#525 = VERTEX_POINT('',#526);
#526 = CARTESIAN_POINT('',(-4.,28.9,7.));
#527 = LINE('',#528,#529);
#528 = CARTESIAN_POINT('',(24.,28.9,7.));
#529 = VECTOR('',#530,1.);
#530 = DIRECTION('',(-1.,0.,0.));
#531 = ORIENTED_EDGE('',*,*,#532,.T.);
#532 = EDGE_CURVE('',#525,#486,#533,.T.);
#533 = LINE('',#534,#535);
#534 = CARTESIAN_POINT('',(-4.,28.9,7.));
#535 = VECTOR('',#536,1.);
#536 = DIRECTION('',(0.,-1.,0.));
#537 = ORIENTED_EDGE('',*,*,#493,.F.);
#538 = ORIENTED_EDGE('',*,*,#501,.F.);
#539 = ORIENTED_EDGE('',*,*,#509,.F.);
#540 = ORIENTED_EDGE('',*,*,#174,.T.);
#541 = ORIENTED_EDGE('',*,*,#542,.T.);
#542 = EDGE_CURVE('',#167,#280,#543,.T.);
#543 = LINE('',#544,#545);
#544 = CARTESIAN_POINT('',(24.,24.45,7.));
#545 = VECTOR('',#546,1.);
#546 = DIRECTION('',(-1.,-0.,-0.));
#547 = FACE_BOUND('',#548,.T.);
#548 = EDGE_LOOP('',(#549,#558));
#549 = ORIENTED_EDGE('',*,*,#550,.F.);
#550 = EDGE_CURVE('',#494,#551,#553,.T.);
#551 = VERTEX_POINT('',#552);
#552 = CARTESIAN_POINT('',(5.5,19.45,7.));
#553 = CIRCLE('',#554,3.);
#554 = AXIS2_PLACEMENT_3D('',#555,#556,#557);
#555 = CARTESIAN_POINT('',(2.5,19.45,7.));
#556 = DIRECTION('',(0.,0.,1.));
#557 = DIRECTION('',(1.,0.,0.));
#558 = ORIENTED_EDGE('',*,*,#559,.F.);
#559 = EDGE_CURVE('',#551,#494,#560,.T.);
#560 = CIRCLE('',#561,3.);
#561 = AXIS2_PLACEMENT_3D('',#562,#563,#564);
#562 = CARTESIAN_POINT('',(2.5,19.45,7.));
#563 = DIRECTION('',(0.,0.,1.));
#564 = DIRECTION('',(1.,0.,0.));
#565 = FACE_BOUND('',#566,.T.);
#566 = EDGE_LOOP('',(#567,#576));
#567 = ORIENTED_EDGE('',*,*,#568,.F.);
#568 = EDGE_CURVE('',#502,#569,#571,.T.);
#569 = VERTEX_POINT('',#570);
#570 = CARTESIAN_POINT('',(20.5,19.45,7.));
#571 = CIRCLE('',#572,3.);
#572 = AXIS2_PLACEMENT_3D('',#573,#574,#575);
#573 = CARTESIAN_POINT('',(17.5,19.45,7.));
#574 = DIRECTION('',(0.,0.,1.));
#575 = DIRECTION('',(1.,0.,0.));
#576 = ORIENTED_EDGE('',*,*,#577,.F.);
#577 = EDGE_CURVE('',#569,#502,#578,.T.);
#578 = CIRCLE('',#579,3.);
#579 = AXIS2_PLACEMENT_3D('',#580,#581,#582);
#580 = CARTESIAN_POINT('',(17.5,19.45,7.));
#581 = DIRECTION('',(0.,0.,1.));
#582 = DIRECTION('',(1.,0.,0.));
#583 = PLANE('',#584);
#584 = AXIS2_PLACEMENT_3D('',#585,#586,#587);
#585 = CARTESIAN_POINT('',(8.679851668727,21.354851668727,7.));
#586 = DIRECTION('',(0.,0.,1.));
#587 = DIRECTION('',(1.,0.,0.));
#588 = ADVANCED_FACE('',(#589),#600,.F.);
#589 = FACE_BOUND('',#590,.F.);
#590 = EDGE_LOOP('',(#591,#592,#593,#594));
#591 = ORIENTED_EDGE('',*,*,#166,.F.);
#592 = ORIENTED_EDGE('',*,*,#542,.T.);
#593 = ORIENTED_EDGE('',*,*,#279,.F.);
#594 = ORIENTED_EDGE('',*,*,#595,.F.);
#595 = EDGE_CURVE('',#159,#272,#596,.T.);
#596 = LINE('',#597,#598);
#597 = CARTESIAN_POINT('',(24.,24.45,14.000000000005));
#598 = VECTOR('',#599,1.);
#599 = DIRECTION('',(-1.,-0.,-0.));
#600 = PLANE('',#601);
#601 = AXIS2_PLACEMENT_3D('',#602,#603,#604);
#602 = CARTESIAN_POINT('',(24.,24.45,7.));
#603 = DIRECTION('',(0.,1.,0.));
#604 = DIRECTION('',(0.,0.,1.));
#605 = ADVANCED_FACE('',(#606),#632,.F.);
#606 = FACE_BOUND('',#607,.F.);
#607 = EDGE_LOOP('',(#608,#609,#610,#618,#626));
#608 = ORIENTED_EDGE('',*,*,#158,.F.);
#609 = ORIENTED_EDGE('',*,*,#595,.T.);
#610 = ORIENTED_EDGE('',*,*,#611,.T.);
#611 = EDGE_CURVE('',#272,#612,#614,.T.);
#612 = VERTEX_POINT('',#613);
#613 = CARTESIAN_POINT('',(-4.,24.45,14.000000000005));
#614 = LINE('',#615,#616);
#615 = CARTESIAN_POINT('',(24.,24.45,14.000000000005));
#616 = VECTOR('',#617,1.);
#617 = DIRECTION('',(-1.,-0.,-0.));
#618 = ORIENTED_EDGE('',*,*,#619,.T.);
#619 = EDGE_CURVE('',#612,#620,#622,.T.);
#620 = VERTEX_POINT('',#621);
#621 = CARTESIAN_POINT('',(-4.,21.45,14.000000000005));
#622 = LINE('',#623,#624);
#623 = CARTESIAN_POINT('',(-4.,19.45,14.000000000005));
#624 = VECTOR('',#625,1.);
#625 = DIRECTION('',(0.,-1.,0.));
#626 = ORIENTED_EDGE('',*,*,#627,.F.);
#627 = EDGE_CURVE('',#151,#620,#628,.T.);
#628 = LINE('',#629,#630);
#629 = CARTESIAN_POINT('',(24.,21.45,14.000000000005));
#630 = VECTOR('',#631,1.);
#631 = DIRECTION('',(-1.,-0.,-0.));
#632 = PLANE('',#633);
#633 = AXIS2_PLACEMENT_3D('',#634,#635,#636);
#634 = CARTESIAN_POINT('',(24.,24.45,14.000000000005));
#635 = DIRECTION('',(0.,0.,1.));
#636 = DIRECTION('',(0.,-1.,0.));
#637 = ADVANCED_FACE('',(#638),#656,.F.);
#638 = FACE_BOUND('',#639,.F.);
#639 = EDGE_LOOP('',(#640,#641,#642,#650));
#640 = ORIENTED_EDGE('',*,*,#150,.F.);
#641 = ORIENTED_EDGE('',*,*,#627,.T.);
#642 = ORIENTED_EDGE('',*,*,#643,.T.);
#643 = EDGE_CURVE('',#620,#644,#646,.T.);
#644 = VERTEX_POINT('',#645);
#645 = CARTESIAN_POINT('',(-4.,21.45,19.999999999995));
#646 = LINE('',#647,#648);
#647 = CARTESIAN_POINT('',(-4.,21.45,8.750000000003));
#648 = VECTOR('',#649,1.);
#649 = DIRECTION('',(0.,0.,1.));
#650 = ORIENTED_EDGE('',*,*,#651,.F.);
#651 = EDGE_CURVE('',#143,#644,#652,.T.);
#652 = LINE('',#653,#654);
#653 = CARTESIAN_POINT('',(24.,21.45,19.999999999995));
#654 = VECTOR('',#655,1.);
#655 = DIRECTION('',(-1.,-0.,-0.));
#656 = PLANE('',#657);
#657 = AXIS2_PLACEMENT_3D('',#658,#659,#660);
#658 = CARTESIAN_POINT('',(24.,21.45,14.000000000005));
#659 = DIRECTION('',(0.,1.,0.));
#660 = DIRECTION('',(0.,0.,1.));
#661 = ADVANCED_FACE('',(#662),#681,.F.);
#662 = FACE_BOUND('',#663,.F.);
#663 = EDGE_LOOP('',(#664,#665,#666,#674,#680));
#664 = ORIENTED_EDGE('',*,*,#142,.F.);
#665 = ORIENTED_EDGE('',*,*,#651,.T.);
#666 = ORIENTED_EDGE('',*,*,#667,.T.);
#667 = EDGE_CURVE('',#644,#668,#670,.T.);
#668 = VERTEX_POINT('',#669);
#669 = CARTESIAN_POINT('',(-4.,24.45,19.999999999995));
#670 = LINE('',#671,#672);
#671 = CARTESIAN_POINT('',(-4.,17.95,19.999999999995));
#672 = VECTOR('',#673,1.);
#673 = DIRECTION('',(0.,1.,0.));
#674 = ORIENTED_EDGE('',*,*,#675,.F.);
#675 = EDGE_CURVE('',#264,#668,#676,.T.);
#676 = LINE('',#677,#678);
#677 = CARTESIAN_POINT('',(24.,24.45,19.999999999995));
#678 = VECTOR('',#679,1.);
#679 = DIRECTION('',(-1.,-0.,-0.));
#680 = ORIENTED_EDGE('',*,*,#310,.F.);
#681 = PLANE('',#682);
#682 = AXIS2_PLACEMENT_3D('',#683,#684,#685);
#683 = CARTESIAN_POINT('',(24.,21.45,19.999999999995));
#684 = DIRECTION('',(0.,0.,-1.));
#685 = DIRECTION('',(0.,1.,0.));
#686 = ADVANCED_FACE('',(#687,#752,#786),#820,.T.);
#687 = FACE_BOUND('',#688,.T.);
#688 = EDGE_LOOP('',(#689,#699,#705,#706,#714,#722,#730,#738,#746));
#689 = ORIENTED_EDGE('',*,*,#690,.F.);
#690 = EDGE_CURVE('',#691,#693,#695,.T.);
#691 = VERTEX_POINT('',#692);
#692 = CARTESIAN_POINT('',(24.,28.9,0.));
#693 = VERTEX_POINT('',#694);
#694 = CARTESIAN_POINT('',(49.,28.9,0.));
#695 = LINE('',#696,#697);
#696 = CARTESIAN_POINT('',(34.,28.9,0.));
#697 = VECTOR('',#698,1.);
#698 = DIRECTION('',(1.,0.,0.));
#699 = ORIENTED_EDGE('',*,*,#700,.F.);
#700 = EDGE_CURVE('',#24,#691,#701,.T.);
#701 = LINE('',#702,#703);
#702 = CARTESIAN_POINT('',(24.,28.9,27.));
#703 = VECTOR('',#704,1.);
#704 = DIRECTION('',(0.,0.,-1.));
#705 = ORIENTED_EDGE('',*,*,#127,.T.);
#706 = ORIENTED_EDGE('',*,*,#707,.F.);
#707 = EDGE_CURVE('',#708,#120,#710,.T.);
#708 = VERTEX_POINT('',#709);
#709 = CARTESIAN_POINT('',(44.,28.9,39.6));
#710 = LINE('',#711,#712);
#711 = CARTESIAN_POINT('',(44.,28.9,39.6));
#712 = VECTOR('',#713,1.);
#713 = DIRECTION('',(-1.,0.,0.));
#714 = ORIENTED_EDGE('',*,*,#715,.F.);
#715 = EDGE_CURVE('',#716,#708,#718,.T.);
#716 = VERTEX_POINT('',#717);
#717 = CARTESIAN_POINT('',(44.,28.9,49.1));
#718 = LINE('',#719,#720);
#719 = CARTESIAN_POINT('',(44.,28.9,49.1));
#720 = VECTOR('',#721,1.);
#721 = DIRECTION('',(0.,0.,-1.));
#722 = ORIENTED_EDGE('',*,*,#723,.F.);
#723 = EDGE_CURVE('',#724,#716,#726,.T.);
#724 = VERTEX_POINT('',#725);
#725 = CARTESIAN_POINT('',(24.,28.9,49.1));
#726 = LINE('',#727,#728);
#727 = CARTESIAN_POINT('',(24.,28.9,49.1));
#728 = VECTOR('',#729,1.);
#729 = DIRECTION('',(1.,0.,0.));
#730 = ORIENTED_EDGE('',*,*,#731,.T.);
#731 = EDGE_CURVE('',#724,#732,#734,.T.);
#732 = VERTEX_POINT('',#733);
#733 = CARTESIAN_POINT('',(24.,28.9,61.));
#734 = LINE('',#735,#736);
#735 = CARTESIAN_POINT('',(24.,28.9,37.));
#736 = VECTOR('',#737,1.);
#737 = DIRECTION('',(0.,0.,1.));
#738 = ORIENTED_EDGE('',*,*,#739,.T.);
#739 = EDGE_CURVE('',#732,#740,#742,.T.);
#740 = VERTEX_POINT('',#741);
#741 = CARTESIAN_POINT('',(49.,28.9,61.));
#742 = LINE('',#743,#744);
#743 = CARTESIAN_POINT('',(24.,28.9,61.));
#744 = VECTOR('',#745,1.);
#745 = DIRECTION('',(1.,0.,0.));
#746 = ORIENTED_EDGE('',*,*,#747,.F.);
#747 = EDGE_CURVE('',#693,#740,#748,.T.);
#748 = LINE('',#749,#750);
#749 = CARTESIAN_POINT('',(49.,28.9,37.));
#750 = VECTOR('',#751,1.);
#751 = DIRECTION('',(0.,0.,1.));
#752 = FACE_BOUND('',#753,.T.);
#753 = EDGE_LOOP('',(#754,#764,#772,#780));
#754 = ORIENTED_EDGE('',*,*,#755,.F.);
#755 = EDGE_CURVE('',#756,#758,#760,.T.);
#756 = VERTEX_POINT('',#757);
#757 = CARTESIAN_POINT('',(45.5,28.9,37.1));
#758 = VERTEX_POINT('',#759);
#759 = CARTESIAN_POINT('',(45.5,28.9,33.1));
#760 = LINE('',#761,#762);
#761 = CARTESIAN_POINT('',(45.5,28.9,37.1));
#762 = VECTOR('',#763,1.);
#763 = DIRECTION('',(0.,0.,-1.));
#764 = ORIENTED_EDGE('',*,*,#765,.F.);
#765 = EDGE_CURVE('',#766,#756,#768,.T.);
#766 = VERTEX_POINT('',#767);
#767 = CARTESIAN_POINT('',(27.5,28.9,37.1));
#768 = LINE('',#769,#770);
#769 = CARTESIAN_POINT('',(27.5,28.9,37.1));
#770 = VECTOR('',#771,1.);
#771 = DIRECTION('',(1.,0.,0.));
#772 = ORIENTED_EDGE('',*,*,#773,.F.);
#773 = EDGE_CURVE('',#774,#766,#776,.T.);
#774 = VERTEX_POINT('',#775);
#775 = CARTESIAN_POINT('',(27.5,28.9,33.1));
#776 = LINE('',#777,#778);
#777 = CARTESIAN_POINT('',(27.5,28.9,33.1));
#778 = VECTOR('',#779,1.);
#779 = DIRECTION('',(0.,0.,1.));
#780 = ORIENTED_EDGE('',*,*,#781,.F.);
#781 = EDGE_CURVE('',#758,#774,#782,.T.);
#782 = LINE('',#783,#784);
#783 = CARTESIAN_POINT('',(45.5,28.9,33.1));
#784 = VECTOR('',#785,1.);
#785 = DIRECTION('',(-1.,0.,0.));
#786 = FACE_BOUND('',#787,.T.);
#787 = EDGE_LOOP('',(#788,#798,#806,#814));
#788 = ORIENTED_EDGE('',*,*,#789,.F.);
#789 = EDGE_CURVE('',#790,#792,#794,.T.);
#790 = VERTEX_POINT('',#791);
#791 = CARTESIAN_POINT('',(45.500000000011,28.9,55.6));
#792 = VERTEX_POINT('',#793);
#793 = CARTESIAN_POINT('',(45.500000000011,28.9,51.6));
#794 = LINE('',#795,#796);
#795 = CARTESIAN_POINT('',(45.500000000011,28.9,55.6));
#796 = VECTOR('',#797,1.);
#797 = DIRECTION('',(0.,0.,-1.));
#798 = ORIENTED_EDGE('',*,*,#799,.F.);
#799 = EDGE_CURVE('',#800,#790,#802,.T.);
#800 = VERTEX_POINT('',#801);
#801 = CARTESIAN_POINT('',(27.5,28.9,55.6));
#802 = LINE('',#803,#804);
#803 = CARTESIAN_POINT('',(27.5,28.9,55.6));
#804 = VECTOR('',#805,1.);
#805 = DIRECTION('',(1.,0.,0.));
#806 = ORIENTED_EDGE('',*,*,#807,.F.);
#807 = EDGE_CURVE('',#808,#800,#810,.T.);
#808 = VERTEX_POINT('',#809);
#809 = CARTESIAN_POINT('',(27.5,28.9,51.6));
#810 = LINE('',#811,#812);
#811 = CARTESIAN_POINT('',(27.5,28.9,51.6));
#812 = VECTOR('',#813,1.);
#813 = DIRECTION('',(0.,0.,1.));
#814 = ORIENTED_EDGE('',*,*,#815,.F.);
#815 = EDGE_CURVE('',#792,#808,#816,.T.);
#816 = LINE('',#817,#818);
#817 = CARTESIAN_POINT('',(45.500000000011,28.9,51.6));
#818 = VECTOR('',#819,1.);
#819 = DIRECTION('',(-1.,0.,0.));
#820 = PLANE('',#821);
#821 = AXIS2_PLACEMENT_3D('',#822,#823,#824);
#822 = CARTESIAN_POINT('',(27.026315789474,28.9,25.973684210526));
#823 = DIRECTION('',(0.,1.,0.));
#824 = DIRECTION('',(0.,0.,1.));
#825 = ADVANCED_FACE('',(#826,#844),#880,.F.);
#826 = FACE_BOUND('',#827,.F.);
#827 = EDGE_LOOP('',(#828,#829,#837,#843));
#828 = ORIENTED_EDGE('',*,*,#707,.F.);
#829 = ORIENTED_EDGE('',*,*,#830,.T.);
#830 = EDGE_CURVE('',#708,#831,#833,.T.);
#831 = VERTEX_POINT('',#832);
#832 = CARTESIAN_POINT('',(44.,0.,39.6));
#833 = LINE('',#834,#835);
#834 = CARTESIAN_POINT('',(44.,28.9,39.6));
#835 = VECTOR('',#836,1.);
#836 = DIRECTION('',(0.,-1.,2.2E-16));
#837 = ORIENTED_EDGE('',*,*,#838,.F.);
#838 = EDGE_CURVE('',#112,#831,#839,.T.);
#839 = LINE('',#840,#841);
#840 = CARTESIAN_POINT('',(35.337719298246,0.,39.6));
#841 = VECTOR('',#842,1.);
#842 = DIRECTION('',(1.,0.,0.));
#843 = ORIENTED_EDGE('',*,*,#119,.F.);
#844 = FACE_BOUND('',#845,.F.);
#845 = EDGE_LOOP('',(#846,#856,#865,#873));
#846 = ORIENTED_EDGE('',*,*,#847,.T.);
#847 = EDGE_CURVE('',#848,#850,#852,.T.);
#848 = VERTEX_POINT('',#849);
#849 = CARTESIAN_POINT('',(36.000000000001,16.950000000001,39.6));
#850 = VERTEX_POINT('',#851);
#851 = CARTESIAN_POINT('',(30.999999999995,16.950000000001,39.6));
#852 = LINE('',#853,#854);
#853 = CARTESIAN_POINT('',(37.499999999998,16.950000000002,39.6));
#854 = VECTOR('',#855,1.);
#855 = DIRECTION('',(-1.,-2.984E-14,0.));
#856 = ORIENTED_EDGE('',*,*,#857,.T.);
#857 = EDGE_CURVE('',#850,#858,#860,.T.);
#858 = VERTEX_POINT('',#859);
#859 = CARTESIAN_POINT('',(31.,11.95,39.6));
#860 = CIRCLE('',#861,2.5);
#861 = AXIS2_PLACEMENT_3D('',#862,#863,#864);
#862 = CARTESIAN_POINT('',(31.,14.45,39.6));
#863 = DIRECTION('',(0.,0.,1.));
#864 = DIRECTION('',(1.,0.,0.));
#865 = ORIENTED_EDGE('',*,*,#866,.F.);
#866 = EDGE_CURVE('',#867,#858,#869,.T.);
#867 = VERTEX_POINT('',#868);
#868 = CARTESIAN_POINT('',(36.000000000001,11.95,39.6));
#869 = LINE('',#870,#871);
#870 = CARTESIAN_POINT('',(37.5,11.95,39.6));
#871 = VECTOR('',#872,1.);
#872 = DIRECTION('',(-1.,0.,0.));
#873 = ORIENTED_EDGE('',*,*,#874,.T.);
#874 = EDGE_CURVE('',#867,#848,#875,.T.);
#875 = CIRCLE('',#876,2.5);
#876 = AXIS2_PLACEMENT_3D('',#877,#878,#879);
#877 = CARTESIAN_POINT('',(36.000000000001,14.45,39.6));
#878 = DIRECTION('',(0.,0.,1.));
#879 = DIRECTION('',(1.,0.,0.));
#880 = PLANE('',#881);
#881 = AXIS2_PLACEMENT_3D('',#882,#883,#884);
#882 = CARTESIAN_POINT('',(44.,28.9,39.6));
#883 = DIRECTION('',(-0.,-2.2E-16,-1.));
#884 = DIRECTION('',(-1.,0.,0.));
#885 = ADVANCED_FACE('',(#886,#952,#986),#1020,.T.);
#886 = FACE_BOUND('',#887,.T.);
#887 = EDGE_LOOP('',(#888,#898,#906,#914,#922,#930,#938,#944,#945,#946)
  );
#888 = ORIENTED_EDGE('',*,*,#889,.F.);
#889 = EDGE_CURVE('',#890,#892,#894,.T.);
#890 = VERTEX_POINT('',#891);
#891 = CARTESIAN_POINT('',(-4.,0.,0.));
#892 = VERTEX_POINT('',#893);
#893 = CARTESIAN_POINT('',(-4.,0.,27.));
#894 = LINE('',#895,#896);
#895 = CARTESIAN_POINT('',(-4.,0.,5.25));
#896 = VECTOR('',#897,1.);
#897 = DIRECTION('',(0.,0.,1.));
#898 = ORIENTED_EDGE('',*,*,#899,.T.);
#899 = EDGE_CURVE('',#890,#900,#902,.T.);
#900 = VERTEX_POINT('',#901);
#901 = CARTESIAN_POINT('',(49.,0.,0.));
#902 = LINE('',#903,#904);
#903 = CARTESIAN_POINT('',(24.,0.,0.));
#904 = VECTOR('',#905,1.);
#905 = DIRECTION('',(1.,0.,0.));
#906 = ORIENTED_EDGE('',*,*,#907,.F.);
#907 = EDGE_CURVE('',#908,#900,#910,.T.);
#908 = VERTEX_POINT('',#909);
#909 = CARTESIAN_POINT('',(49.,0.,61.));
#910 = LINE('',#911,#912);
#911 = CARTESIAN_POINT('',(49.,0.,27.));
#912 = VECTOR('',#913,1.);
#913 = DIRECTION('',(0.,0.,-1.));
#914 = ORIENTED_EDGE('',*,*,#915,.F.);
#915 = EDGE_CURVE('',#916,#908,#918,.T.);
#916 = VERTEX_POINT('',#917);
#917 = CARTESIAN_POINT('',(24.,0.,61.));
#918 = LINE('',#919,#920);
#919 = CARTESIAN_POINT('',(34.,0.,61.));
#920 = VECTOR('',#921,1.);
#921 = DIRECTION('',(1.,0.,0.));
#922 = ORIENTED_EDGE('',*,*,#923,.F.);
#923 = EDGE_CURVE('',#924,#916,#926,.T.);
#924 = VERTEX_POINT('',#925);
#925 = CARTESIAN_POINT('',(24.,0.,49.1));
#926 = LINE('',#927,#928);
#927 = CARTESIAN_POINT('',(24.,0.,27.));
#928 = VECTOR('',#929,1.);
#929 = DIRECTION('',(0.,0.,1.));
#930 = ORIENTED_EDGE('',*,*,#931,.F.);
#931 = EDGE_CURVE('',#932,#924,#934,.T.);
#932 = VERTEX_POINT('',#933);
#933 = CARTESIAN_POINT('',(44.,0.,49.1));
#934 = LINE('',#935,#936);
#935 = CARTESIAN_POINT('',(25.337719298246,0.,49.1));
#936 = VECTOR('',#937,1.);
#937 = DIRECTION('',(-1.,0.,0.));
#938 = ORIENTED_EDGE('',*,*,#939,.F.);
#939 = EDGE_CURVE('',#831,#932,#940,.T.);
#940 = LINE('',#941,#942);
#941 = CARTESIAN_POINT('',(44.,0.,37.712280701754));
#942 = VECTOR('',#943,1.);
#943 = DIRECTION('',(0.,0.,1.));
#944 = ORIENTED_EDGE('',*,*,#838,.F.);
#945 = ORIENTED_EDGE('',*,*,#111,.F.);
#946 = ORIENTED_EDGE('',*,*,#947,.T.);
#947 = EDGE_CURVE('',#104,#892,#948,.T.);
#948 = LINE('',#949,#950);
#949 = CARTESIAN_POINT('',(24.,0.,27.));
#950 = VECTOR('',#951,1.);
#951 = DIRECTION('',(-1.,-0.,-0.));
#952 = FACE_BOUND('',#953,.T.);
#953 = EDGE_LOOP('',(#954,#964,#972,#980));
#954 = ORIENTED_EDGE('',*,*,#955,.F.);
#955 = EDGE_CURVE('',#956,#958,#960,.T.);
#956 = VERTEX_POINT('',#957);
#957 = CARTESIAN_POINT('',(45.5,0.,33.1));
#958 = VERTEX_POINT('',#959);
#959 = CARTESIAN_POINT('',(45.5,0.,37.1));
#960 = LINE('',#961,#962);
#961 = CARTESIAN_POINT('',(45.5,0.,31.712280701754));
#962 = VECTOR('',#963,1.);
#963 = DIRECTION('',(0.,0.,1.));
#964 = ORIENTED_EDGE('',*,*,#965,.F.);
#965 = EDGE_CURVE('',#966,#956,#968,.T.);
#966 = VERTEX_POINT('',#967);
#967 = CARTESIAN_POINT('',(27.5,0.,33.1));
#968 = LINE('',#969,#970);
#969 = CARTESIAN_POINT('',(36.087719298246,0.,33.1));
#970 = VECTOR('',#971,1.);
#971 = DIRECTION('',(1.,0.,0.));
#972 = ORIENTED_EDGE('',*,*,#973,.F.);
#973 = EDGE_CURVE('',#974,#966,#976,.T.);
#974 = VERTEX_POINT('',#975);
#975 = CARTESIAN_POINT('',(27.5,0.,37.1));
#976 = LINE('',#977,#978);
#977 = CARTESIAN_POINT('',(27.5,0.,29.712280701754));
#978 = VECTOR('',#979,1.);
#979 = DIRECTION('',(0.,0.,-1.));
#980 = ORIENTED_EDGE('',*,*,#981,.F.);
#981 = EDGE_CURVE('',#958,#974,#982,.T.);
#982 = LINE('',#983,#984);
#983 = CARTESIAN_POINT('',(27.087719298246,0.,37.1));
#984 = VECTOR('',#985,1.);
#985 = DIRECTION('',(-1.,0.,0.));
#986 = FACE_BOUND('',#987,.T.);
#987 = EDGE_LOOP('',(#988,#998,#1006,#1014));
#988 = ORIENTED_EDGE('',*,*,#989,.F.);
#989 = EDGE_CURVE('',#990,#992,#994,.T.);
#990 = VERTEX_POINT('',#991);
#991 = CARTESIAN_POINT('',(45.500000000011,0.,51.6));
#992 = VERTEX_POINT('',#993);
#993 = CARTESIAN_POINT('',(45.500000000011,0.,55.6));
#994 = LINE('',#995,#996);
#995 = CARTESIAN_POINT('',(45.500000000011,0.,40.962280701754));
#996 = VECTOR('',#997,1.);
#997 = DIRECTION('',(0.,0.,1.));
#998 = ORIENTED_EDGE('',*,*,#999,.F.);
#999 = EDGE_CURVE('',#1000,#990,#1002,.T.);
#1000 = VERTEX_POINT('',#1001);
#1001 = CARTESIAN_POINT('',(27.5,0.,51.6));
#1002 = LINE('',#1003,#1004);
#1003 = CARTESIAN_POINT('',(36.087719298251,0.,51.6));
#1004 = VECTOR('',#1005,1.);
#1005 = DIRECTION('',(1.,0.,0.));
#1006 = ORIENTED_EDGE('',*,*,#1007,.F.);
#1007 = EDGE_CURVE('',#1008,#1000,#1010,.T.);
#1008 = VERTEX_POINT('',#1009);
#1009 = CARTESIAN_POINT('',(27.5,0.,55.6));
#1010 = LINE('',#1011,#1012);
#1011 = CARTESIAN_POINT('',(27.5,0.,38.962280701754));
#1012 = VECTOR('',#1013,1.);
#1013 = DIRECTION('',(0.,0.,-1.));
#1014 = ORIENTED_EDGE('',*,*,#1015,.F.);
#1015 = EDGE_CURVE('',#992,#1008,#1016,.T.);
#1016 = LINE('',#1017,#1018);
#1017 = CARTESIAN_POINT('',(27.087719298246,0.,55.6));
#1018 = VECTOR('',#1019,1.);
#1019 = DIRECTION('',(-1.,0.,0.));
#1020 = PLANE('',#1021);
#1021 = AXIS2_PLACEMENT_3D('',#1022,#1023,#1024);
#1022 = CARTESIAN_POINT('',(26.675438596491,0.,26.324561403509));
#1023 = DIRECTION('',(-0.,-1.,-0.));
#1024 = DIRECTION('',(0.,0.,-1.));
#1025 = ADVANCED_FACE('',(#1026),#1044,.F.);
#1026 = FACE_BOUND('',#1027,.F.);
#1027 = EDGE_LOOP('',(#1028,#1029,#1030,#1038));
#1028 = ORIENTED_EDGE('',*,*,#103,.F.);
#1029 = ORIENTED_EDGE('',*,*,#947,.T.);
#1030 = ORIENTED_EDGE('',*,*,#1031,.T.);
#1031 = EDGE_CURVE('',#892,#1032,#1034,.T.);
#1032 = VERTEX_POINT('',#1033);
#1033 = CARTESIAN_POINT('',(-4.,4.45,27.));
#1034 = LINE('',#1035,#1036);
#1035 = CARTESIAN_POINT('',(-4.,7.225,27.));
#1036 = VECTOR('',#1037,1.);
#1037 = DIRECTION('',(0.,1.,0.));
#1038 = ORIENTED_EDGE('',*,*,#1039,.F.);
#1039 = EDGE_CURVE('',#96,#1032,#1040,.T.);
#1040 = LINE('',#1041,#1042);
#1041 = CARTESIAN_POINT('',(24.,4.45,27.));
#1042 = VECTOR('',#1043,1.);
#1043 = DIRECTION('',(-1.,-0.,-0.));
#1044 = PLANE('',#1045);
#1045 = AXIS2_PLACEMENT_3D('',#1046,#1047,#1048);
#1046 = CARTESIAN_POINT('',(24.,0.,27.));
#1047 = DIRECTION('',(0.,0.,-1.));
#1048 = DIRECTION('',(0.,1.,0.));
#1049 = ADVANCED_FACE('',(#1050),#1068,.F.);
#1050 = FACE_BOUND('',#1051,.F.);
#1051 = EDGE_LOOP('',(#1052,#1053,#1054,#1062));
#1052 = ORIENTED_EDGE('',*,*,#95,.F.);
#1053 = ORIENTED_EDGE('',*,*,#1039,.T.);
#1054 = ORIENTED_EDGE('',*,*,#1055,.T.);
#1055 = EDGE_CURVE('',#1032,#1056,#1058,.T.);
#1056 = VERTEX_POINT('',#1057);
#1057 = CARTESIAN_POINT('',(-4.,4.45,19.999999999995));
#1058 = LINE('',#1059,#1060);
#1059 = CARTESIAN_POINT('',(-4.,4.45,15.25));
#1060 = VECTOR('',#1061,1.);
#1061 = DIRECTION('',(0.,0.,-1.));
#1062 = ORIENTED_EDGE('',*,*,#1063,.F.);
#1063 = EDGE_CURVE('',#88,#1056,#1064,.T.);
#1064 = LINE('',#1065,#1066);
#1065 = CARTESIAN_POINT('',(24.,4.45,19.999999999995));
#1066 = VECTOR('',#1067,1.);
#1067 = DIRECTION('',(-1.,-0.,-0.));
#1068 = PLANE('',#1069);
#1069 = AXIS2_PLACEMENT_3D('',#1070,#1071,#1072);
#1070 = CARTESIAN_POINT('',(24.,4.45,27.));
#1071 = DIRECTION('',(0.,-1.,0.));
#1072 = DIRECTION('',(0.,0.,-1.));
#1073 = ADVANCED_FACE('',(#1074),#1092,.F.);
#1074 = FACE_BOUND('',#1075,.F.);
#1075 = EDGE_LOOP('',(#1076,#1077,#1078,#1086));
#1076 = ORIENTED_EDGE('',*,*,#87,.F.);
#1077 = ORIENTED_EDGE('',*,*,#1063,.T.);
#1078 = ORIENTED_EDGE('',*,*,#1079,.T.);
#1079 = EDGE_CURVE('',#1056,#1080,#1082,.T.);
#1080 = VERTEX_POINT('',#1081);
#1081 = CARTESIAN_POINT('',(-4.,7.45,19.999999999995));
#1082 = LINE('',#1083,#1084);
#1083 = CARTESIAN_POINT('',(-4.,9.45,19.999999999995));
#1084 = VECTOR('',#1085,1.);
#1085 = DIRECTION('',(0.,1.,0.));
#1086 = ORIENTED_EDGE('',*,*,#1087,.F.);
#1087 = EDGE_CURVE('',#80,#1080,#1088,.T.);
#1088 = LINE('',#1089,#1090);
#1089 = CARTESIAN_POINT('',(24.,7.45,19.999999999995));
#1090 = VECTOR('',#1091,1.);
#1091 = DIRECTION('',(-1.,-0.,-0.));
#1092 = PLANE('',#1093);
#1093 = AXIS2_PLACEMENT_3D('',#1094,#1095,#1096);
#1094 = CARTESIAN_POINT('',(24.,4.45,19.999999999995));
#1095 = DIRECTION('',(0.,0.,-1.));
#1096 = DIRECTION('',(0.,1.,0.));
#1097 = ADVANCED_FACE('',(#1098),#1116,.F.);
#1098 = FACE_BOUND('',#1099,.F.);
#1099 = EDGE_LOOP('',(#1100,#1101,#1102,#1110));
#1100 = ORIENTED_EDGE('',*,*,#79,.F.);
#1101 = ORIENTED_EDGE('',*,*,#1087,.T.);
#1102 = ORIENTED_EDGE('',*,*,#1103,.T.);
#1103 = EDGE_CURVE('',#1080,#1104,#1106,.T.);
#1104 = VERTEX_POINT('',#1105);
#1105 = CARTESIAN_POINT('',(-4.,7.45,13.999999999995));
#1106 = LINE('',#1107,#1108);
#1107 = CARTESIAN_POINT('',(-4.,7.45,11.749999999997));
#1108 = VECTOR('',#1109,1.);
#1109 = DIRECTION('',(0.,0.,-1.));
#1110 = ORIENTED_EDGE('',*,*,#1111,.F.);
#1111 = EDGE_CURVE('',#72,#1104,#1112,.T.);
#1112 = LINE('',#1113,#1114);
#1113 = CARTESIAN_POINT('',(24.,7.45,13.999999999995));
#1114 = VECTOR('',#1115,1.);
#1115 = DIRECTION('',(-1.,-0.,-0.));
#1116 = PLANE('',#1117);
#1117 = AXIS2_PLACEMENT_3D('',#1118,#1119,#1120);
#1118 = CARTESIAN_POINT('',(24.,7.45,19.999999999995));
#1119 = DIRECTION('',(0.,-1.,0.));
#1120 = DIRECTION('',(0.,0.,-1.));
#1121 = ADVANCED_FACE('',(#1122),#1133,.F.);
#1122 = FACE_BOUND('',#1123,.F.);
#1123 = EDGE_LOOP('',(#1124,#1125,#1126,#1132));
#1124 = ORIENTED_EDGE('',*,*,#71,.F.);
#1125 = ORIENTED_EDGE('',*,*,#1111,.T.);
#1126 = ORIENTED_EDGE('',*,*,#1127,.T.);
#1127 = EDGE_CURVE('',#1104,#328,#1128,.T.);
#1128 = LINE('',#1129,#1130);
#1129 = CARTESIAN_POINT('',(-4.,10.95,13.999999999995));
#1130 = VECTOR('',#1131,1.);
#1131 = DIRECTION('',(0.,-1.,0.));
#1132 = ORIENTED_EDGE('',*,*,#327,.F.);
#1133 = PLANE('',#1134);
#1134 = AXIS2_PLACEMENT_3D('',#1135,#1136,#1137);
#1135 = CARTESIAN_POINT('',(24.,7.45,13.999999999995));
#1136 = DIRECTION('',(0.,0.,1.));
#1137 = DIRECTION('',(0.,-1.,0.));
#1138 = ADVANCED_FACE('',(#1139),#1158,.F.);
#1139 = FACE_BOUND('',#1140,.T.);
#1140 = EDGE_LOOP('',(#1141,#1149,#1156,#1157));
#1141 = ORIENTED_EDGE('',*,*,#1142,.F.);
#1142 = EDGE_CURVE('',#1143,#215,#1145,.T.);
#1143 = VERTEX_POINT('',#1144);
#1144 = CARTESIAN_POINT('',(28.6,14.45,14.25));
#1145 = LINE('',#1146,#1147);
#1146 = CARTESIAN_POINT('',(28.6,14.45,14.25));
#1147 = VECTOR('',#1148,1.);
#1148 = DIRECTION('',(-1.,0.,5.E-17));
#1149 = ORIENTED_EDGE('',*,*,#1150,.T.);
#1150 = EDGE_CURVE('',#1143,#1143,#1151,.T.);
#1151 = CIRCLE('',#1152,2.75);
#1152 = AXIS2_PLACEMENT_3D('',#1153,#1154,#1155);
#1153 = CARTESIAN_POINT('',(28.6,14.45,17.));
#1154 = DIRECTION('',(1.,-0.,0.));
#1155 = DIRECTION('',(0.,0.,-1.));
#1156 = ORIENTED_EDGE('',*,*,#1142,.T.);
#1157 = ORIENTED_EDGE('',*,*,#214,.T.);
#1158 = CYLINDRICAL_SURFACE('',#1159,2.75);
#1159 = AXIS2_PLACEMENT_3D('',#1160,#1161,#1162);
#1160 = CARTESIAN_POINT('',(28.6,14.45,17.));
#1161 = DIRECTION('',(-1.,-0.,-0.));
#1162 = DIRECTION('',(0.,0.,-1.));
#1163 = ADVANCED_FACE('',(#1164,#1190,#1224),#1258,.F.);
#1164 = FACE_BOUND('',#1165,.F.);
#1165 = EDGE_LOOP('',(#1166,#1176,#1182,#1183,#1184));
#1166 = ORIENTED_EDGE('',*,*,#1167,.T.);
#1167 = EDGE_CURVE('',#1168,#1170,#1172,.T.);
#1168 = VERTEX_POINT('',#1169);
#1169 = CARTESIAN_POINT('',(0.,28.9,0.));
#1170 = VERTEX_POINT('',#1171);
#1171 = CARTESIAN_POINT('',(0.,38.9,-2.E-15));
#1172 = LINE('',#1173,#1174);
#1173 = CARTESIAN_POINT('',(0.,28.9,0.));
#1174 = VECTOR('',#1175,1.);
#1175 = DIRECTION('',(0.,1.,-2.2E-16));
#1176 = ORIENTED_EDGE('',*,*,#1177,.T.);
#1177 = EDGE_CURVE('',#1170,#232,#1178,.T.);
#1178 = LINE('',#1179,#1180);
#1179 = CARTESIAN_POINT('',(0.,38.9,-2.E-15));
#1180 = VECTOR('',#1181,1.);
#1181 = DIRECTION('',(0.,0.,1.));
#1182 = ORIENTED_EDGE('',*,*,#231,.F.);
#1183 = ORIENTED_EDGE('',*,*,#295,.T.);
#1184 = ORIENTED_EDGE('',*,*,#1185,.F.);
#1185 = EDGE_CURVE('',#1168,#288,#1186,.T.);
#1186 = LINE('',#1187,#1188);
#1187 = CARTESIAN_POINT('',(0.,28.9,0.));
#1188 = VECTOR('',#1189,1.);
#1189 = DIRECTION('',(0.,0.,1.));
#1190 = FACE_BOUND('',#1191,.F.);
#1191 = EDGE_LOOP('',(#1192,#1202,#1210,#1218));
#1192 = ORIENTED_EDGE('',*,*,#1193,.F.);
#1193 = EDGE_CURVE('',#1194,#1196,#1198,.T.);
#1194 = VERTEX_POINT('',#1195);
#1195 = CARTESIAN_POINT('',(0.,32.7,9.738254402485));
#1196 = VERTEX_POINT('',#1197);
#1197 = CARTESIAN_POINT('',(0.,32.7,3.438254402485));
#1198 = LINE('',#1199,#1200);
#1199 = CARTESIAN_POINT('',(0.,32.7,4.869127201243));
#1200 = VECTOR('',#1201,1.);
#1201 = DIRECTION('',(0.,0.,-1.));
#1202 = ORIENTED_EDGE('',*,*,#1203,.F.);
#1203 = EDGE_CURVE('',#1204,#1194,#1206,.T.);
#1204 = VERTEX_POINT('',#1205);
#1205 = CARTESIAN_POINT('',(0.,35.9,9.738254402485));
#1206 = LINE('',#1207,#1208);
#1207 = CARTESIAN_POINT('',(0.,32.4,9.738254402485));
#1208 = VECTOR('',#1209,1.);
#1209 = DIRECTION('',(0.,-1.,0.));
#1210 = ORIENTED_EDGE('',*,*,#1211,.F.);
#1211 = EDGE_CURVE('',#1212,#1204,#1214,.T.);
#1212 = VERTEX_POINT('',#1213);
#1213 = CARTESIAN_POINT('',(0.,35.9,3.438254402485));
#1214 = LINE('',#1215,#1216);
#1215 = CARTESIAN_POINT('',(0.,35.9,1.719127201243));
#1216 = VECTOR('',#1217,1.);
#1217 = DIRECTION('',(0.,0.,1.));
#1218 = ORIENTED_EDGE('',*,*,#1219,.F.);
#1219 = EDGE_CURVE('',#1196,#1212,#1220,.T.);
#1220 = LINE('',#1221,#1222);
#1221 = CARTESIAN_POINT('',(0.,30.8,3.438254402485));
#1222 = VECTOR('',#1223,1.);
#1223 = DIRECTION('',(0.,1.,0.));
#1224 = FACE_BOUND('',#1225,.F.);
#1225 = EDGE_LOOP('',(#1226,#1236,#1244,#1252));
#1226 = ORIENTED_EDGE('',*,*,#1227,.F.);
#1227 = EDGE_CURVE('',#1228,#1230,#1232,.T.);
#1228 = VERTEX_POINT('',#1229);
#1229 = CARTESIAN_POINT('',(0.,32.7,24.978254402485));
#1230 = VERTEX_POINT('',#1231);
#1231 = CARTESIAN_POINT('',(0.,32.7,18.678254402485));
#1232 = LINE('',#1233,#1234);
#1233 = CARTESIAN_POINT('',(0.,32.7,12.489127201243));
#1234 = VECTOR('',#1235,1.);
#1235 = DIRECTION('',(0.,0.,-1.));
#1236 = ORIENTED_EDGE('',*,*,#1237,.F.);
#1237 = EDGE_CURVE('',#1238,#1228,#1240,.T.);
#1238 = VERTEX_POINT('',#1239);
#1239 = CARTESIAN_POINT('',(0.,35.9,24.978254402485));
#1240 = LINE('',#1241,#1242);
#1241 = CARTESIAN_POINT('',(0.,32.4,24.978254402485));
#1242 = VECTOR('',#1243,1.);
#1243 = DIRECTION('',(0.,-1.,0.));
#1244 = ORIENTED_EDGE('',*,*,#1245,.F.);
#1245 = EDGE_CURVE('',#1246,#1238,#1248,.T.);
#1246 = VERTEX_POINT('',#1247);
#1247 = CARTESIAN_POINT('',(0.,35.9,18.678254402485));
#1248 = LINE('',#1249,#1250);
#1249 = CARTESIAN_POINT('',(0.,35.9,9.339127201243));
#1250 = VECTOR('',#1251,1.);
#1251 = DIRECTION('',(0.,0.,1.));
#1252 = ORIENTED_EDGE('',*,*,#1253,.F.);
#1253 = EDGE_CURVE('',#1230,#1246,#1254,.T.);
#1254 = LINE('',#1255,#1256);
#1255 = CARTESIAN_POINT('',(0.,30.8,18.678254402485));
#1256 = VECTOR('',#1257,1.);
#1257 = DIRECTION('',(0.,1.,0.));
#1258 = PLANE('',#1259);
#1259 = AXIS2_PLACEMENT_3D('',#1260,#1261,#1262);
#1260 = CARTESIAN_POINT('',(0.,28.9,0.));
#1261 = DIRECTION('',(1.,0.,0.));
#1262 = DIRECTION('',(0.,2.2E-16,1.));
#1263 = ADVANCED_FACE('',(#1264,#1282,#1316),#1350,.F.);
#1264 = FACE_BOUND('',#1265,.F.);
#1265 = EDGE_LOOP('',(#1266,#1267,#1275,#1281));
#1266 = ORIENTED_EDGE('',*,*,#247,.T.);
#1267 = ORIENTED_EDGE('',*,*,#1268,.T.);
#1268 = EDGE_CURVE('',#240,#1269,#1271,.T.);
#1269 = VERTEX_POINT('',#1270);
#1270 = CARTESIAN_POINT('',(24.,38.9,-2.E-15));
#1271 = LINE('',#1272,#1273);
#1272 = CARTESIAN_POINT('',(24.,38.9,27.));
#1273 = VECTOR('',#1274,1.);
#1274 = DIRECTION('',(0.,0.,-1.));
#1275 = ORIENTED_EDGE('',*,*,#1276,.F.);
#1276 = EDGE_CURVE('',#691,#1269,#1277,.T.);
#1277 = LINE('',#1278,#1279);
#1278 = CARTESIAN_POINT('',(24.,28.9,0.));
#1279 = VECTOR('',#1280,1.);
#1280 = DIRECTION('',(0.,1.,-2.2E-16));
#1281 = ORIENTED_EDGE('',*,*,#700,.F.);
#1282 = FACE_BOUND('',#1283,.F.);
#1283 = EDGE_LOOP('',(#1284,#1294,#1302,#1310));
#1284 = ORIENTED_EDGE('',*,*,#1285,.T.);
#1285 = EDGE_CURVE('',#1286,#1288,#1290,.T.);
#1286 = VERTEX_POINT('',#1287);
#1287 = CARTESIAN_POINT('',(24.,35.9,9.738254402485));
#1288 = VERTEX_POINT('',#1289);
#1289 = CARTESIAN_POINT('',(24.,32.7,9.738254402485));
#1290 = LINE('',#1291,#1292);
#1291 = CARTESIAN_POINT('',(24.,35.9,9.738254402485));
#1292 = VECTOR('',#1293,1.);
#1293 = DIRECTION('',(0.,-1.,0.));
#1294 = ORIENTED_EDGE('',*,*,#1295,.T.);
#1295 = EDGE_CURVE('',#1288,#1296,#1298,.T.);
#1296 = VERTEX_POINT('',#1297);
#1297 = CARTESIAN_POINT('',(24.,32.7,3.438254402485));
#1298 = LINE('',#1299,#1300);
#1299 = CARTESIAN_POINT('',(24.,32.7,9.738254402485));
#1300 = VECTOR('',#1301,1.);
#1301 = DIRECTION('',(0.,0.,-1.));
#1302 = ORIENTED_EDGE('',*,*,#1303,.T.);
#1303 = EDGE_CURVE('',#1296,#1304,#1306,.T.);
#1304 = VERTEX_POINT('',#1305);
#1305 = CARTESIAN_POINT('',(24.,35.9,3.438254402485));
#1306 = LINE('',#1307,#1308);
#1307 = CARTESIAN_POINT('',(24.,32.7,3.438254402485));
#1308 = VECTOR('',#1309,1.);
#1309 = DIRECTION('',(0.,1.,0.));
#1310 = ORIENTED_EDGE('',*,*,#1311,.T.);
#1311 = EDGE_CURVE('',#1304,#1286,#1312,.T.);
#1312 = LINE('',#1313,#1314);
#1313 = CARTESIAN_POINT('',(24.,35.9,3.438254402485));
#1314 = VECTOR('',#1315,1.);
#1315 = DIRECTION('',(0.,0.,1.));
#1316 = FACE_BOUND('',#1317,.F.);
#1317 = EDGE_LOOP('',(#1318,#1328,#1336,#1344));
#1318 = ORIENTED_EDGE('',*,*,#1319,.T.);
#1319 = EDGE_CURVE('',#1320,#1322,#1324,.T.);
#1320 = VERTEX_POINT('',#1321);
#1321 = CARTESIAN_POINT('',(24.,35.9,24.978254402485));
#1322 = VERTEX_POINT('',#1323);
#1323 = CARTESIAN_POINT('',(24.,32.7,24.978254402485));
#1324 = LINE('',#1325,#1326);
#1325 = CARTESIAN_POINT('',(24.,35.9,24.978254402485));
#1326 = VECTOR('',#1327,1.);
#1327 = DIRECTION('',(0.,-1.,0.));
#1328 = ORIENTED_EDGE('',*,*,#1329,.T.);
#1329 = EDGE_CURVE('',#1322,#1330,#1332,.T.);
#1330 = VERTEX_POINT('',#1331);
#1331 = CARTESIAN_POINT('',(24.,32.7,18.678254402485));
#1332 = LINE('',#1333,#1334);
#1333 = CARTESIAN_POINT('',(24.,32.7,24.978254402485));
#1334 = VECTOR('',#1335,1.);
#1335 = DIRECTION('',(0.,0.,-1.));
#1336 = ORIENTED_EDGE('',*,*,#1337,.T.);
#1337 = EDGE_CURVE('',#1330,#1338,#1340,.T.);
#1338 = VERTEX_POINT('',#1339);
#1339 = CARTESIAN_POINT('',(24.,35.9,18.678254402485));
#1340 = LINE('',#1341,#1342);
#1341 = CARTESIAN_POINT('',(24.,32.7,18.678254402485));
#1342 = VECTOR('',#1343,1.);
#1343 = DIRECTION('',(0.,1.,0.));
#1344 = ORIENTED_EDGE('',*,*,#1345,.T.);
#1345 = EDGE_CURVE('',#1338,#1320,#1346,.T.);
#1346 = LINE('',#1347,#1348);
#1347 = CARTESIAN_POINT('',(24.,35.9,18.678254402485));
#1348 = VECTOR('',#1349,1.);
#1349 = DIRECTION('',(0.,0.,1.));
#1350 = PLANE('',#1351);
#1351 = AXIS2_PLACEMENT_3D('',#1352,#1353,#1354);
#1352 = CARTESIAN_POINT('',(24.,28.9,27.));
#1353 = DIRECTION('',(-1.,0.,0.));
#1354 = DIRECTION('',(0.,-2.2E-16,-1.));
#1355 = ADVANCED_FACE('',(#1356,#1367,#1403),#1439,.T.);
#1356 = FACE_BOUND('',#1357,.T.);
#1357 = EDGE_LOOP('',(#1358,#1359,#1365,#1366));
#1358 = ORIENTED_EDGE('',*,*,#1268,.T.);
#1359 = ORIENTED_EDGE('',*,*,#1360,.T.);
#1360 = EDGE_CURVE('',#1269,#1170,#1361,.T.);
#1361 = LINE('',#1362,#1363);
#1362 = CARTESIAN_POINT('',(24.,38.9,-2.E-15));
#1363 = VECTOR('',#1364,1.);
#1364 = DIRECTION('',(-1.,0.,0.));
#1365 = ORIENTED_EDGE('',*,*,#1177,.T.);
#1366 = ORIENTED_EDGE('',*,*,#239,.T.);
#1367 = FACE_BOUND('',#1368,.T.);
#1368 = EDGE_LOOP('',(#1369,#1380,#1388,#1397));
#1369 = ORIENTED_EDGE('',*,*,#1370,.F.);
#1370 = EDGE_CURVE('',#1371,#1373,#1375,.T.);
#1371 = VERTEX_POINT('',#1372);
#1372 = CARTESIAN_POINT('',(15.,38.9,8.188254402485));
#1373 = VERTEX_POINT('',#1374);
#1374 = CARTESIAN_POINT('',(15.,38.9,4.988254402485));
#1375 = CIRCLE('',#1376,1.6);
#1376 = AXIS2_PLACEMENT_3D('',#1377,#1378,#1379);
#1377 = CARTESIAN_POINT('',(15.,38.9,6.588254402485));
#1378 = DIRECTION('',(0.,1.,-0.));
#1379 = DIRECTION('',(-1.,0.,0.));
#1380 = ORIENTED_EDGE('',*,*,#1381,.T.);
#1381 = EDGE_CURVE('',#1371,#1382,#1384,.T.);
#1382 = VERTEX_POINT('',#1383);
#1383 = CARTESIAN_POINT('',(5.,38.9,8.188254402485));
#1384 = LINE('',#1385,#1386);
#1385 = CARTESIAN_POINT('',(15.,38.9,8.188254402485));
#1386 = VECTOR('',#1387,1.);
#1387 = DIRECTION('',(-1.,0.,0.));
#1388 = ORIENTED_EDGE('',*,*,#1389,.F.);
#1389 = EDGE_CURVE('',#1390,#1382,#1392,.T.);
#1390 = VERTEX_POINT('',#1391);
#1391 = CARTESIAN_POINT('',(5.,38.9,4.988254402485));
#1392 = CIRCLE('',#1393,1.6);
#1393 = AXIS2_PLACEMENT_3D('',#1394,#1395,#1396);
#1394 = CARTESIAN_POINT('',(5.,38.9,6.588254402485));
#1395 = DIRECTION('',(0.,1.,-0.));
#1396 = DIRECTION('',(-1.,0.,0.));
#1397 = ORIENTED_EDGE('',*,*,#1398,.F.);
#1398 = EDGE_CURVE('',#1373,#1390,#1399,.T.);
#1399 = LINE('',#1400,#1401);
#1400 = CARTESIAN_POINT('',(15.,38.9,4.988254402485));
#1401 = VECTOR('',#1402,1.);
#1402 = DIRECTION('',(-1.,0.,-5.95E-15));
#1403 = FACE_BOUND('',#1404,.T.);
#1404 = EDGE_LOOP('',(#1405,#1416,#1424,#1433));
#1405 = ORIENTED_EDGE('',*,*,#1406,.F.);
#1406 = EDGE_CURVE('',#1407,#1409,#1411,.T.);
#1407 = VERTEX_POINT('',#1408);
#1408 = CARTESIAN_POINT('',(15.,38.9,23.428254402485));
#1409 = VERTEX_POINT('',#1410);
#1410 = CARTESIAN_POINT('',(15.,38.9,20.228254402485));
#1411 = CIRCLE('',#1412,1.6);
#1412 = AXIS2_PLACEMENT_3D('',#1413,#1414,#1415);
#1413 = CARTESIAN_POINT('',(15.,38.9,21.828254402485));
#1414 = DIRECTION('',(0.,1.,-0.));
#1415 = DIRECTION('',(-1.,0.,0.));
#1416 = ORIENTED_EDGE('',*,*,#1417,.T.);
#1417 = EDGE_CURVE('',#1407,#1418,#1420,.T.);
#1418 = VERTEX_POINT('',#1419);
#1419 = CARTESIAN_POINT('',(5.,38.9,23.428254402485));
#1420 = LINE('',#1421,#1422);
#1421 = CARTESIAN_POINT('',(15.,38.9,23.428254402485));
#1422 = VECTOR('',#1423,1.);
#1423 = DIRECTION('',(-1.,0.,0.));
#1424 = ORIENTED_EDGE('',*,*,#1425,.F.);
#1425 = EDGE_CURVE('',#1426,#1418,#1428,.T.);
#1426 = VERTEX_POINT('',#1427);
#1427 = CARTESIAN_POINT('',(5.,38.9,20.228254402485));
#1428 = CIRCLE('',#1429,1.6);
#1429 = AXIS2_PLACEMENT_3D('',#1430,#1431,#1432);
#1430 = CARTESIAN_POINT('',(5.,38.9,21.828254402485));
#1431 = DIRECTION('',(0.,1.,-0.));
#1432 = DIRECTION('',(-1.,0.,0.));
#1433 = ORIENTED_EDGE('',*,*,#1434,.F.);
#1434 = EDGE_CURVE('',#1409,#1426,#1435,.T.);
#1435 = LINE('',#1436,#1437);
#1436 = CARTESIAN_POINT('',(15.,38.9,20.228254402485));
#1437 = VECTOR('',#1438,1.);
#1438 = DIRECTION('',(-1.,0.,-5.68E-15));
#1439 = PLANE('',#1440);
#1440 = AXIS2_PLACEMENT_3D('',#1441,#1442,#1443);
#1441 = CARTESIAN_POINT('',(12.,38.9,13.5));
#1442 = DIRECTION('',(0.,1.,-2.6E-16));
#1443 = DIRECTION('',(0.,2.6E-16,1.));
#1444 = ADVANCED_FACE('',(#1445),#1456,.F.);
#1445 = FACE_BOUND('',#1446,.F.);
#1446 = EDGE_LOOP('',(#1447,#1448,#1449,#1455));
#1447 = ORIENTED_EDGE('',*,*,#271,.F.);
#1448 = ORIENTED_EDGE('',*,*,#675,.T.);
#1449 = ORIENTED_EDGE('',*,*,#1450,.T.);
#1450 = EDGE_CURVE('',#668,#612,#1451,.T.);
#1451 = LINE('',#1452,#1453);
#1452 = CARTESIAN_POINT('',(-4.,24.45,27.));
#1453 = VECTOR('',#1454,1.);
#1454 = DIRECTION('',(-0.,-0.,-1.));
#1455 = ORIENTED_EDGE('',*,*,#611,.F.);
#1456 = PLANE('',#1457);
#1457 = AXIS2_PLACEMENT_3D('',#1458,#1459,#1460);
#1458 = CARTESIAN_POINT('',(-4.,24.45,27.));
#1459 = DIRECTION('',(0.,-1.,0.));
#1460 = DIRECTION('',(1.,0.,0.));
#1461 = ADVANCED_FACE('',(#1462),#1490,.T.);
#1462 = FACE_BOUND('',#1463,.T.);
#1463 = EDGE_LOOP('',(#1464,#1472,#1473,#1474,#1475,#1476,#1477,#1478,
    #1479,#1480,#1481,#1482,#1483,#1484));
#1464 = ORIENTED_EDGE('',*,*,#1465,.T.);
#1465 = EDGE_CURVE('',#1466,#890,#1468,.T.);
#1466 = VERTEX_POINT('',#1467);
#1467 = CARTESIAN_POINT('',(-4.,28.9,0.));
#1468 = LINE('',#1469,#1470);
#1469 = CARTESIAN_POINT('',(-4.,28.9,0.));
#1470 = VECTOR('',#1471,1.);
#1471 = DIRECTION('',(0.,-1.,0.));
#1472 = ORIENTED_EDGE('',*,*,#889,.T.);
#1473 = ORIENTED_EDGE('',*,*,#1031,.T.);
#1474 = ORIENTED_EDGE('',*,*,#1055,.T.);
#1475 = ORIENTED_EDGE('',*,*,#1079,.T.);
#1476 = ORIENTED_EDGE('',*,*,#1103,.T.);
#1477 = ORIENTED_EDGE('',*,*,#1127,.T.);
#1478 = ORIENTED_EDGE('',*,*,#335,.T.);
#1479 = ORIENTED_EDGE('',*,*,#367,.F.);
#1480 = ORIENTED_EDGE('',*,*,#437,.T.);
#1481 = ORIENTED_EDGE('',*,*,#461,.T.);
#1482 = ORIENTED_EDGE('',*,*,#485,.T.);
#1483 = ORIENTED_EDGE('',*,*,#532,.F.);
#1484 = ORIENTED_EDGE('',*,*,#1485,.F.);
#1485 = EDGE_CURVE('',#1466,#525,#1486,.T.);
#1486 = LINE('',#1487,#1488);
#1487 = CARTESIAN_POINT('',(-4.,28.9,5.));
#1488 = VECTOR('',#1489,1.);
#1489 = DIRECTION('',(0.,0.,1.));
#1490 = PLANE('',#1491);
#1491 = AXIS2_PLACEMENT_3D('',#1492,#1493,#1494);
#1492 = CARTESIAN_POINT('',(-4.,10.23352180937,9.574313408723));
#1493 = DIRECTION('',(-1.,-0.,-0.));
#1494 = DIRECTION('',(0.,0.,-1.));
#1495 = ADVANCED_FACE('',(#1496),#1516,.F.);
#1496 = FACE_BOUND('',#1497,.T.);
#1497 = EDGE_LOOP('',(#1498,#1499,#1507,#1514,#1515));
#1498 = ORIENTED_EDGE('',*,*,#391,.T.);
#1499 = ORIENTED_EDGE('',*,*,#1500,.T.);
#1500 = EDGE_CURVE('',#392,#1501,#1503,.T.);
#1501 = VERTEX_POINT('',#1502);
#1502 = CARTESIAN_POINT('',(5.5,9.45,3.6));
#1503 = LINE('',#1504,#1505);
#1504 = CARTESIAN_POINT('',(5.5,9.45,7.));
#1505 = VECTOR('',#1506,1.);
#1506 = DIRECTION('',(0.,0.,-1.));
#1507 = ORIENTED_EDGE('',*,*,#1508,.F.);
#1508 = EDGE_CURVE('',#1501,#1501,#1509,.T.);
#1509 = CIRCLE('',#1510,3.);
#1510 = AXIS2_PLACEMENT_3D('',#1511,#1512,#1513);
#1511 = CARTESIAN_POINT('',(2.5,9.45,3.6));
#1512 = DIRECTION('',(0.,0.,1.));
#1513 = DIRECTION('',(1.,0.,0.));
#1514 = ORIENTED_EDGE('',*,*,#1500,.F.);
#1515 = ORIENTED_EDGE('',*,*,#400,.T.);
#1516 = CYLINDRICAL_SURFACE('',#1517,3.);
#1517 = AXIS2_PLACEMENT_3D('',#1518,#1519,#1520);
#1518 = CARTESIAN_POINT('',(2.5,9.45,7.));
#1519 = DIRECTION('',(-0.,-0.,-1.));
#1520 = DIRECTION('',(1.,0.,0.));
#1521 = ADVANCED_FACE('',(#1522),#1542,.F.);
#1522 = FACE_BOUND('',#1523,.T.);
#1523 = EDGE_LOOP('',(#1524,#1525,#1533,#1540,#1541));
#1524 = ORIENTED_EDGE('',*,*,#409,.T.);
#1525 = ORIENTED_EDGE('',*,*,#1526,.T.);
#1526 = EDGE_CURVE('',#410,#1527,#1529,.T.);
#1527 = VERTEX_POINT('',#1528);
#1528 = CARTESIAN_POINT('',(20.5,9.45,3.6));
#1529 = LINE('',#1530,#1531);
#1530 = CARTESIAN_POINT('',(20.5,9.45,7.));
#1531 = VECTOR('',#1532,1.);
#1532 = DIRECTION('',(0.,0.,-1.));
#1533 = ORIENTED_EDGE('',*,*,#1534,.F.);
#1534 = EDGE_CURVE('',#1527,#1527,#1535,.T.);
#1535 = CIRCLE('',#1536,3.);
#1536 = AXIS2_PLACEMENT_3D('',#1537,#1538,#1539);
#1537 = CARTESIAN_POINT('',(17.5,9.45,3.6));
#1538 = DIRECTION('',(0.,0.,1.));
#1539 = DIRECTION('',(1.,0.,0.));
#1540 = ORIENTED_EDGE('',*,*,#1526,.F.);
#1541 = ORIENTED_EDGE('',*,*,#418,.T.);
#1542 = CYLINDRICAL_SURFACE('',#1543,3.);
#1543 = AXIS2_PLACEMENT_3D('',#1544,#1545,#1546);
#1544 = CARTESIAN_POINT('',(17.5,9.45,7.));
#1545 = DIRECTION('',(-0.,-0.,-1.));
#1546 = DIRECTION('',(1.,0.,0.));
#1547 = ADVANCED_FACE('',(#1548),#1559,.T.);
#1548 = FACE_BOUND('',#1549,.T.);
#1549 = EDGE_LOOP('',(#1550,#1556,#1557,#1558));
#1550 = ORIENTED_EDGE('',*,*,#1551,.F.);
#1551 = EDGE_CURVE('',#1466,#1168,#1552,.T.);
#1552 = LINE('',#1553,#1554);
#1553 = CARTESIAN_POINT('',(34.,28.9,0.));
#1554 = VECTOR('',#1555,1.);
#1555 = DIRECTION('',(1.,0.,0.));
#1556 = ORIENTED_EDGE('',*,*,#1485,.T.);
#1557 = ORIENTED_EDGE('',*,*,#524,.F.);
#1558 = ORIENTED_EDGE('',*,*,#1185,.F.);
#1559 = PLANE('',#1560);
#1560 = AXIS2_PLACEMENT_3D('',#1561,#1562,#1563);
#1561 = CARTESIAN_POINT('',(27.026315789474,28.9,25.973684210526));
#1562 = DIRECTION('',(0.,1.,0.));
#1563 = DIRECTION('',(0.,0.,1.));
#1564 = ADVANCED_FACE('',(#1565),#1585,.F.);
#1565 = FACE_BOUND('',#1566,.T.);
#1566 = EDGE_LOOP('',(#1567,#1568,#1576,#1583,#1584));
#1567 = ORIENTED_EDGE('',*,*,#550,.T.);
#1568 = ORIENTED_EDGE('',*,*,#1569,.T.);
#1569 = EDGE_CURVE('',#551,#1570,#1572,.T.);
#1570 = VERTEX_POINT('',#1571);
#1571 = CARTESIAN_POINT('',(5.5,19.45,3.6));
#1572 = LINE('',#1573,#1574);
#1573 = CARTESIAN_POINT('',(5.5,19.45,7.));
#1574 = VECTOR('',#1575,1.);
#1575 = DIRECTION('',(0.,0.,-1.));
#1576 = ORIENTED_EDGE('',*,*,#1577,.F.);
#1577 = EDGE_CURVE('',#1570,#1570,#1578,.T.);
#1578 = CIRCLE('',#1579,3.);
#1579 = AXIS2_PLACEMENT_3D('',#1580,#1581,#1582);
#1580 = CARTESIAN_POINT('',(2.5,19.45,3.6));
#1581 = DIRECTION('',(0.,0.,1.));
#1582 = DIRECTION('',(1.,0.,0.));
#1583 = ORIENTED_EDGE('',*,*,#1569,.F.);
#1584 = ORIENTED_EDGE('',*,*,#559,.T.);
#1585 = CYLINDRICAL_SURFACE('',#1586,3.);
#1586 = AXIS2_PLACEMENT_3D('',#1587,#1588,#1589);
#1587 = CARTESIAN_POINT('',(2.5,19.45,7.));
#1588 = DIRECTION('',(-0.,-0.,-1.));
#1589 = DIRECTION('',(1.,0.,0.));
#1590 = ADVANCED_FACE('',(#1591),#1611,.F.);
#1591 = FACE_BOUND('',#1592,.T.);
#1592 = EDGE_LOOP('',(#1593,#1594,#1602,#1609,#1610));
#1593 = ORIENTED_EDGE('',*,*,#568,.T.);
#1594 = ORIENTED_EDGE('',*,*,#1595,.T.);
#1595 = EDGE_CURVE('',#569,#1596,#1598,.T.);
#1596 = VERTEX_POINT('',#1597);
#1597 = CARTESIAN_POINT('',(20.5,19.45,3.6));
#1598 = LINE('',#1599,#1600);
#1599 = CARTESIAN_POINT('',(20.5,19.45,7.));
#1600 = VECTOR('',#1601,1.);
#1601 = DIRECTION('',(0.,0.,-1.));
#1602 = ORIENTED_EDGE('',*,*,#1603,.F.);
#1603 = EDGE_CURVE('',#1596,#1596,#1604,.T.);
#1604 = CIRCLE('',#1605,3.);
#1605 = AXIS2_PLACEMENT_3D('',#1606,#1607,#1608);
#1606 = CARTESIAN_POINT('',(17.5,19.45,3.6));
#1607 = DIRECTION('',(0.,0.,1.));
#1608 = DIRECTION('',(1.,0.,0.));
#1609 = ORIENTED_EDGE('',*,*,#1595,.F.);
#1610 = ORIENTED_EDGE('',*,*,#577,.T.);
#1611 = CYLINDRICAL_SURFACE('',#1612,3.);
#1612 = AXIS2_PLACEMENT_3D('',#1613,#1614,#1615);
#1613 = CARTESIAN_POINT('',(17.5,19.45,7.));
#1614 = DIRECTION('',(-0.,-0.,-1.));
#1615 = DIRECTION('',(1.,0.,0.));
#1616 = ADVANCED_FACE('',(#1617),#1623,.T.);
#1617 = FACE_BOUND('',#1618,.T.);
#1618 = EDGE_LOOP('',(#1619,#1620,#1621,#1622));
#1619 = ORIENTED_EDGE('',*,*,#1450,.T.);
#1620 = ORIENTED_EDGE('',*,*,#619,.T.);
#1621 = ORIENTED_EDGE('',*,*,#643,.T.);
#1622 = ORIENTED_EDGE('',*,*,#667,.T.);
#1623 = PLANE('',#1624);
#1624 = AXIS2_PLACEMENT_3D('',#1625,#1626,#1627);
#1625 = CARTESIAN_POINT('',(-4.,14.45,3.5));
#1626 = DIRECTION('',(-1.,-0.,-0.));
#1627 = DIRECTION('',(0.,0.,-1.));
#1628 = ADVANCED_FACE('',(#1629,#1647,#1658,#1669,#1680),#1691,.T.);
#1629 = FACE_BOUND('',#1630,.T.);
#1630 = EDGE_LOOP('',(#1631,#1632,#1633,#1639,#1640,#1646));
#1631 = ORIENTED_EDGE('',*,*,#1465,.F.);
#1632 = ORIENTED_EDGE('',*,*,#1551,.T.);
#1633 = ORIENTED_EDGE('',*,*,#1634,.T.);
#1634 = EDGE_CURVE('',#1168,#691,#1635,.T.);
#1635 = LINE('',#1636,#1637);
#1636 = CARTESIAN_POINT('',(34.,28.9,0.));
#1637 = VECTOR('',#1638,1.);
#1638 = DIRECTION('',(1.,0.,0.));
#1639 = ORIENTED_EDGE('',*,*,#690,.T.);
#1640 = ORIENTED_EDGE('',*,*,#1641,.F.);
#1641 = EDGE_CURVE('',#900,#693,#1642,.T.);
#1642 = LINE('',#1643,#1644);
#1643 = CARTESIAN_POINT('',(49.,0.,0.));
#1644 = VECTOR('',#1645,1.);
#1645 = DIRECTION('',(0.,1.,0.));
#1646 = ORIENTED_EDGE('',*,*,#899,.F.);
#1647 = FACE_BOUND('',#1648,.T.);
#1648 = EDGE_LOOP('',(#1649));
#1649 = ORIENTED_EDGE('',*,*,#1650,.F.);
#1650 = EDGE_CURVE('',#1651,#1651,#1653,.T.);
#1651 = VERTEX_POINT('',#1652);
#1652 = CARTESIAN_POINT('',(4.2,9.45,0.));
#1653 = CIRCLE('',#1654,1.7);
#1654 = AXIS2_PLACEMENT_3D('',#1655,#1656,#1657);
#1655 = CARTESIAN_POINT('',(2.5,9.45,0.));
#1656 = DIRECTION('',(0.,0.,-1.));
#1657 = DIRECTION('',(1.,0.,0.));
#1658 = FACE_BOUND('',#1659,.T.);
#1659 = EDGE_LOOP('',(#1660));
#1660 = ORIENTED_EDGE('',*,*,#1661,.F.);
#1661 = EDGE_CURVE('',#1662,#1662,#1664,.T.);
#1662 = VERTEX_POINT('',#1663);
#1663 = CARTESIAN_POINT('',(4.2,19.45,0.));
#1664 = CIRCLE('',#1665,1.7);
#1665 = AXIS2_PLACEMENT_3D('',#1666,#1667,#1668);
#1666 = CARTESIAN_POINT('',(2.5,19.45,0.));
#1667 = DIRECTION('',(0.,0.,-1.));
#1668 = DIRECTION('',(1.,0.,0.));
#1669 = FACE_BOUND('',#1670,.T.);
#1670 = EDGE_LOOP('',(#1671));
#1671 = ORIENTED_EDGE('',*,*,#1672,.F.);
#1672 = EDGE_CURVE('',#1673,#1673,#1675,.T.);
#1673 = VERTEX_POINT('',#1674);
#1674 = CARTESIAN_POINT('',(19.2,9.45,0.));
#1675 = CIRCLE('',#1676,1.7);
#1676 = AXIS2_PLACEMENT_3D('',#1677,#1678,#1679);
#1677 = CARTESIAN_POINT('',(17.5,9.45,0.));
#1678 = DIRECTION('',(0.,0.,-1.));
#1679 = DIRECTION('',(1.,0.,0.));
#1680 = FACE_BOUND('',#1681,.T.);
#1681 = EDGE_LOOP('',(#1682));
#1682 = ORIENTED_EDGE('',*,*,#1683,.F.);
#1683 = EDGE_CURVE('',#1684,#1684,#1686,.T.);
#1684 = VERTEX_POINT('',#1685);
#1685 = CARTESIAN_POINT('',(19.2,19.45,0.));
#1686 = CIRCLE('',#1687,1.7);
#1687 = AXIS2_PLACEMENT_3D('',#1688,#1689,#1690);
#1688 = CARTESIAN_POINT('',(17.5,19.45,0.));
#1689 = DIRECTION('',(0.,0.,-1.));
#1690 = DIRECTION('',(1.,0.,0.));
#1691 = PLANE('',#1692);
#1692 = AXIS2_PLACEMENT_3D('',#1693,#1694,#1695);
#1693 = CARTESIAN_POINT('',(22.5,14.45,0.));
#1694 = DIRECTION('',(-0.,-0.,-1.));
#1695 = DIRECTION('',(-1.,0.,0.));
#1696 = ADVANCED_FACE('',(#1697,#1708,#1719,#1753,#1764),#1798,.T.);
#1697 = FACE_BOUND('',#1698,.T.);
#1698 = EDGE_LOOP('',(#1699,#1700,#1701,#1702));
#1699 = ORIENTED_EDGE('',*,*,#907,.T.);
#1700 = ORIENTED_EDGE('',*,*,#1641,.T.);
#1701 = ORIENTED_EDGE('',*,*,#747,.T.);
#1702 = ORIENTED_EDGE('',*,*,#1703,.T.);
#1703 = EDGE_CURVE('',#740,#908,#1704,.T.);
#1704 = LINE('',#1705,#1706);
#1705 = CARTESIAN_POINT('',(49.,28.9,61.));
#1706 = VECTOR('',#1707,1.);
#1707 = DIRECTION('',(0.,-1.,0.));
#1708 = FACE_BOUND('',#1709,.T.);
#1709 = EDGE_LOOP('',(#1710));
#1710 = ORIENTED_EDGE('',*,*,#1711,.F.);
#1711 = EDGE_CURVE('',#1712,#1712,#1714,.T.);
#1712 = VERTEX_POINT('',#1713);
#1713 = CARTESIAN_POINT('',(49.,14.45,12.));
#1714 = CIRCLE('',#1715,5.);
#1715 = AXIS2_PLACEMENT_3D('',#1716,#1717,#1718);
#1716 = CARTESIAN_POINT('',(49.,14.45,17.));
#1717 = DIRECTION('',(1.,-0.,0.));
#1718 = DIRECTION('',(0.,0.,-1.));
#1719 = FACE_BOUND('',#1720,.T.);
#1720 = EDGE_LOOP('',(#1721,#1731,#1739,#1747));
#1721 = ORIENTED_EDGE('',*,*,#1722,.F.);
#1722 = EDGE_CURVE('',#1723,#1725,#1727,.T.);
#1723 = VERTEX_POINT('',#1724);
#1724 = CARTESIAN_POINT('',(49.,22.450000000021,37.1));
#1725 = VERTEX_POINT('',#1726);
#1726 = CARTESIAN_POINT('',(49.,6.45,37.1));
#1727 = LINE('',#1728,#1729);
#1728 = CARTESIAN_POINT('',(49.,22.450000000021,37.1));
#1729 = VECTOR('',#1730,1.);
#1730 = DIRECTION('',(0.,-1.,0.));
#1731 = ORIENTED_EDGE('',*,*,#1732,.F.);
#1732 = EDGE_CURVE('',#1733,#1723,#1735,.T.);
#1733 = VERTEX_POINT('',#1734);
#1734 = CARTESIAN_POINT('',(49.,22.450000000021,33.1));
#1735 = LINE('',#1736,#1737);
#1736 = CARTESIAN_POINT('',(49.,22.450000000021,33.1));
#1737 = VECTOR('',#1738,1.);
#1738 = DIRECTION('',(0.,0.,1.));
#1739 = ORIENTED_EDGE('',*,*,#1740,.F.);
#1740 = EDGE_CURVE('',#1741,#1733,#1743,.T.);
#1741 = VERTEX_POINT('',#1742);
#1742 = CARTESIAN_POINT('',(49.,6.45,33.1));
#1743 = LINE('',#1744,#1745);
#1744 = CARTESIAN_POINT('',(49.,6.45,33.1));
#1745 = VECTOR('',#1746,1.);
#1746 = DIRECTION('',(0.,1.,0.));
#1747 = ORIENTED_EDGE('',*,*,#1748,.F.);
#1748 = EDGE_CURVE('',#1725,#1741,#1749,.T.);
#1749 = LINE('',#1750,#1751);
#1750 = CARTESIAN_POINT('',(49.,6.45,37.1));
#1751 = VECTOR('',#1752,1.);
#1752 = DIRECTION('',(0.,0.,-1.));
#1753 = FACE_BOUND('',#1754,.T.);
#1754 = EDGE_LOOP('',(#1755));
#1755 = ORIENTED_EDGE('',*,*,#1756,.F.);
#1756 = EDGE_CURVE('',#1757,#1757,#1759,.T.);
#1757 = VERTEX_POINT('',#1758);
#1758 = CARTESIAN_POINT('',(49.,15.95,44.35));
#1759 = CIRCLE('',#1760,1.5);
#1760 = AXIS2_PLACEMENT_3D('',#1761,#1762,#1763);
#1761 = CARTESIAN_POINT('',(49.,14.45,44.35));
#1762 = DIRECTION('',(1.,0.,0.));
#1763 = DIRECTION('',(0.,1.,0.));
#1764 = FACE_BOUND('',#1765,.T.);
#1765 = EDGE_LOOP('',(#1766,#1776,#1784,#1792));
#1766 = ORIENTED_EDGE('',*,*,#1767,.F.);
#1767 = EDGE_CURVE('',#1768,#1770,#1772,.T.);
#1768 = VERTEX_POINT('',#1769);
#1769 = CARTESIAN_POINT('',(49.,6.45,55.6));
#1770 = VERTEX_POINT('',#1771);
#1771 = CARTESIAN_POINT('',(49.,6.45,51.6));
#1772 = LINE('',#1773,#1774);
#1773 = CARTESIAN_POINT('',(49.,6.45,55.6));
#1774 = VECTOR('',#1775,1.);
#1775 = DIRECTION('',(0.,0.,-1.));
#1776 = ORIENTED_EDGE('',*,*,#1777,.F.);
#1777 = EDGE_CURVE('',#1778,#1768,#1780,.T.);
#1778 = VERTEX_POINT('',#1779);
#1779 = CARTESIAN_POINT('',(49.,22.45,55.6));
#1780 = LINE('',#1781,#1782);
#1781 = CARTESIAN_POINT('',(49.,22.45,55.6));
#1782 = VECTOR('',#1783,1.);
#1783 = DIRECTION('',(0.,-1.,0.));
#1784 = ORIENTED_EDGE('',*,*,#1785,.F.);
#1785 = EDGE_CURVE('',#1786,#1778,#1788,.T.);
#1786 = VERTEX_POINT('',#1787);
#1787 = CARTESIAN_POINT('',(49.,22.45,51.6));
#1788 = LINE('',#1789,#1790);
#1789 = CARTESIAN_POINT('',(49.,22.45,51.6));
#1790 = VECTOR('',#1791,1.);
#1791 = DIRECTION('',(0.,0.,1.));
#1792 = ORIENTED_EDGE('',*,*,#1793,.F.);
#1793 = EDGE_CURVE('',#1770,#1786,#1794,.T.);
#1794 = LINE('',#1795,#1796);
#1795 = CARTESIAN_POINT('',(49.,6.45,51.6));
#1796 = VECTOR('',#1797,1.);
#1797 = DIRECTION('',(0.,1.,0.));
#1798 = PLANE('',#1799);
#1799 = AXIS2_PLACEMENT_3D('',#1800,#1801,#1802);
#1800 = CARTESIAN_POINT('',(49.,14.45,30.5));
#1801 = DIRECTION('',(1.,0.,0.));
#1802 = DIRECTION('',(0.,0.,1.));
#1803 = ADVANCED_FACE('',(#1804,#1815),#1851,.T.);
#1804 = FACE_BOUND('',#1805,.T.);
#1805 = EDGE_LOOP('',(#1806,#1807,#1813,#1814));
#1806 = ORIENTED_EDGE('',*,*,#739,.F.);
#1807 = ORIENTED_EDGE('',*,*,#1808,.F.);
#1808 = EDGE_CURVE('',#916,#732,#1809,.T.);
#1809 = LINE('',#1810,#1811);
#1810 = CARTESIAN_POINT('',(24.,24.45,61.));
#1811 = VECTOR('',#1812,1.);
#1812 = DIRECTION('',(0.,1.,0.));
#1813 = ORIENTED_EDGE('',*,*,#915,.T.);
#1814 = ORIENTED_EDGE('',*,*,#1703,.F.);
#1815 = FACE_BOUND('',#1816,.T.);
#1816 = EDGE_LOOP('',(#1817,#1828,#1836,#1845));
#1817 = ORIENTED_EDGE('',*,*,#1818,.F.);
#1818 = EDGE_CURVE('',#1819,#1821,#1823,.T.);
#1819 = VERTEX_POINT('',#1820);
#1820 = CARTESIAN_POINT('',(30.999999999995,16.950000000001,61.));
#1821 = VERTEX_POINT('',#1822);
#1822 = CARTESIAN_POINT('',(31.,11.95,61.));
#1823 = CIRCLE('',#1824,2.5);
#1824 = AXIS2_PLACEMENT_3D('',#1825,#1826,#1827);
#1825 = CARTESIAN_POINT('',(31.,14.45,61.));
#1826 = DIRECTION('',(0.,0.,1.));
#1827 = DIRECTION('',(1.,0.,0.));
#1828 = ORIENTED_EDGE('',*,*,#1829,.T.);
#1829 = EDGE_CURVE('',#1819,#1830,#1832,.T.);
#1830 = VERTEX_POINT('',#1831);
#1831 = CARTESIAN_POINT('',(36.000000000001,16.950000000001,61.));
#1832 = LINE('',#1833,#1834);
#1833 = CARTESIAN_POINT('',(33.749999999998,16.950000000002,61.));
#1834 = VECTOR('',#1835,1.);
#1835 = DIRECTION('',(1.,2.984E-14,0.));
#1836 = ORIENTED_EDGE('',*,*,#1837,.F.);
#1837 = EDGE_CURVE('',#1838,#1830,#1840,.T.);
#1838 = VERTEX_POINT('',#1839);
#1839 = CARTESIAN_POINT('',(36.000000000001,11.95,61.));
#1840 = CIRCLE('',#1841,2.5);
#1841 = AXIS2_PLACEMENT_3D('',#1842,#1843,#1844);
#1842 = CARTESIAN_POINT('',(36.000000000001,14.45,61.));
#1843 = DIRECTION('',(0.,0.,1.));
#1844 = DIRECTION('',(1.,0.,0.));
#1845 = ORIENTED_EDGE('',*,*,#1846,.F.);
#1846 = EDGE_CURVE('',#1821,#1838,#1847,.T.);
#1847 = LINE('',#1848,#1849);
#1848 = CARTESIAN_POINT('',(33.75,11.95,61.));
#1849 = VECTOR('',#1850,1.);
#1850 = DIRECTION('',(1.,0.,0.));
#1851 = PLANE('',#1852);
#1852 = AXIS2_PLACEMENT_3D('',#1853,#1854,#1855);
#1853 = CARTESIAN_POINT('',(36.5,14.45,61.));
#1854 = DIRECTION('',(0.,0.,1.));
#1855 = DIRECTION('',(1.,0.,0.));
#1856 = ADVANCED_FACE('',(#1857),#1868,.T.);
#1857 = FACE_BOUND('',#1858,.T.);
#1858 = EDGE_LOOP('',(#1859,#1865,#1866,#1867));
#1859 = ORIENTED_EDGE('',*,*,#1860,.T.);
#1860 = EDGE_CURVE('',#724,#924,#1861,.T.);
#1861 = LINE('',#1862,#1863);
#1862 = CARTESIAN_POINT('',(24.,28.9,49.1));
#1863 = VECTOR('',#1864,1.);
#1864 = DIRECTION('',(0.,-1.,2.2E-16));
#1865 = ORIENTED_EDGE('',*,*,#923,.T.);
#1866 = ORIENTED_EDGE('',*,*,#1808,.T.);
#1867 = ORIENTED_EDGE('',*,*,#731,.F.);
#1868 = PLANE('',#1869);
#1869 = AXIS2_PLACEMENT_3D('',#1870,#1871,#1872);
#1870 = CARTESIAN_POINT('',(24.,14.45,33.091403699673));
#1871 = DIRECTION('',(-1.,-0.,-0.));
#1872 = DIRECTION('',(0.,0.,-1.));
#1873 = ADVANCED_FACE('',(#1874,#1885),#1921,.F.);
#1874 = FACE_BOUND('',#1875,.F.);
#1875 = EDGE_LOOP('',(#1876,#1877,#1878,#1879));
#1876 = ORIENTED_EDGE('',*,*,#723,.F.);
#1877 = ORIENTED_EDGE('',*,*,#1860,.T.);
#1878 = ORIENTED_EDGE('',*,*,#931,.F.);
#1879 = ORIENTED_EDGE('',*,*,#1880,.F.);
#1880 = EDGE_CURVE('',#716,#932,#1881,.T.);
#1881 = LINE('',#1882,#1883);
#1882 = CARTESIAN_POINT('',(44.,28.9,49.1));
#1883 = VECTOR('',#1884,1.);
#1884 = DIRECTION('',(0.,-1.,2.2E-16));
#1885 = FACE_BOUND('',#1886,.F.);
#1886 = EDGE_LOOP('',(#1887,#1898,#1906,#1915));
#1887 = ORIENTED_EDGE('',*,*,#1888,.F.);
#1888 = EDGE_CURVE('',#1889,#1891,#1893,.T.);
#1889 = VERTEX_POINT('',#1890);
#1890 = CARTESIAN_POINT('',(30.999999999995,16.950000000001,49.1));
#1891 = VERTEX_POINT('',#1892);
#1892 = CARTESIAN_POINT('',(31.,11.95,49.1));
#1893 = CIRCLE('',#1894,2.5);
#1894 = AXIS2_PLACEMENT_3D('',#1895,#1896,#1897);
#1895 = CARTESIAN_POINT('',(31.,14.45,49.1));
#1896 = DIRECTION('',(0.,0.,1.));
#1897 = DIRECTION('',(1.,0.,0.));
#1898 = ORIENTED_EDGE('',*,*,#1899,.T.);
#1899 = EDGE_CURVE('',#1889,#1900,#1902,.T.);
#1900 = VERTEX_POINT('',#1901);
#1901 = CARTESIAN_POINT('',(36.000000000001,16.950000000001,49.1));
#1902 = LINE('',#1903,#1904);
#1903 = CARTESIAN_POINT('',(27.499999999998,16.950000000002,49.1));
#1904 = VECTOR('',#1905,1.);
#1905 = DIRECTION('',(1.,2.984E-14,0.));
#1906 = ORIENTED_EDGE('',*,*,#1907,.F.);
#1907 = EDGE_CURVE('',#1908,#1900,#1910,.T.);
#1908 = VERTEX_POINT('',#1909);
#1909 = CARTESIAN_POINT('',(36.000000000001,11.95,49.1));
#1910 = CIRCLE('',#1911,2.5);
#1911 = AXIS2_PLACEMENT_3D('',#1912,#1913,#1914);
#1912 = CARTESIAN_POINT('',(36.000000000001,14.45,49.1));
#1913 = DIRECTION('',(0.,0.,1.));
#1914 = DIRECTION('',(1.,0.,0.));
#1915 = ORIENTED_EDGE('',*,*,#1916,.F.);
#1916 = EDGE_CURVE('',#1891,#1908,#1917,.T.);
#1917 = LINE('',#1918,#1919);
#1918 = CARTESIAN_POINT('',(27.5,11.95,49.1));
#1919 = VECTOR('',#1920,1.);
#1920 = DIRECTION('',(1.,0.,0.));
#1921 = PLANE('',#1922);
#1922 = AXIS2_PLACEMENT_3D('',#1923,#1924,#1925);
#1923 = CARTESIAN_POINT('',(24.,28.9,49.1));
#1924 = DIRECTION('',(0.,2.2E-16,1.));
#1925 = DIRECTION('',(1.,0.,0.));
#1926 = ADVANCED_FACE('',(#1927),#1933,.F.);
#1927 = FACE_BOUND('',#1928,.F.);
#1928 = EDGE_LOOP('',(#1929,#1930,#1931,#1932));
#1929 = ORIENTED_EDGE('',*,*,#715,.F.);
#1930 = ORIENTED_EDGE('',*,*,#1880,.T.);
#1931 = ORIENTED_EDGE('',*,*,#939,.F.);
#1932 = ORIENTED_EDGE('',*,*,#830,.F.);
#1933 = PLANE('',#1934);
#1934 = AXIS2_PLACEMENT_3D('',#1935,#1936,#1937);
#1935 = CARTESIAN_POINT('',(44.,28.9,49.1));
#1936 = DIRECTION('',(1.,0.,0.));
#1937 = DIRECTION('',(0.,-2.2E-16,-1.));
#1938 = ADVANCED_FACE('',(#1939),#1964,.F.);
#1939 = FACE_BOUND('',#1940,.F.);
#1940 = EDGE_LOOP('',(#1941,#1942,#1950,#1958));
#1941 = ORIENTED_EDGE('',*,*,#755,.F.);
#1942 = ORIENTED_EDGE('',*,*,#1943,.T.);
#1943 = EDGE_CURVE('',#756,#1944,#1946,.T.);
#1944 = VERTEX_POINT('',#1945);
#1945 = CARTESIAN_POINT('',(45.5,22.450000000021,37.1));
#1946 = LINE('',#1947,#1948);
#1947 = CARTESIAN_POINT('',(45.5,28.9,37.1));
#1948 = VECTOR('',#1949,1.);
#1949 = DIRECTION('',(0.,-1.,2.2E-16));
#1950 = ORIENTED_EDGE('',*,*,#1951,.F.);
#1951 = EDGE_CURVE('',#1952,#1944,#1954,.T.);
#1952 = VERTEX_POINT('',#1953);
#1953 = CARTESIAN_POINT('',(45.5,22.450000000021,33.1));
#1954 = LINE('',#1955,#1956);
#1955 = CARTESIAN_POINT('',(45.5,22.450000000021,35.1));
#1956 = VECTOR('',#1957,1.);
#1957 = DIRECTION('',(0.,0.,1.));
#1958 = ORIENTED_EDGE('',*,*,#1959,.F.);
#1959 = EDGE_CURVE('',#758,#1952,#1960,.T.);
#1960 = LINE('',#1961,#1962);
#1961 = CARTESIAN_POINT('',(45.5,28.9,33.1));
#1962 = VECTOR('',#1963,1.);
#1963 = DIRECTION('',(0.,-1.,2.2E-16));
#1964 = PLANE('',#1965);
#1965 = AXIS2_PLACEMENT_3D('',#1966,#1967,#1968);
#1966 = CARTESIAN_POINT('',(45.5,28.9,37.1));
#1967 = DIRECTION('',(1.,0.,0.));
#1968 = DIRECTION('',(0.,-2.2E-16,-1.));
#1969 = ADVANCED_FACE('',(#1970,#2011),#2047,.F.);
#1970 = FACE_BOUND('',#1971,.F.);
#1971 = EDGE_LOOP('',(#1972,#1973,#1979,#1980,#1988,#1996,#2004,#2010));
#1972 = ORIENTED_EDGE('',*,*,#765,.F.);
#1973 = ORIENTED_EDGE('',*,*,#1974,.T.);
#1974 = EDGE_CURVE('',#766,#974,#1975,.T.);
#1975 = LINE('',#1976,#1977);
#1976 = CARTESIAN_POINT('',(27.5,28.9,37.1));
#1977 = VECTOR('',#1978,1.);
#1978 = DIRECTION('',(0.,-1.,2.2E-16));
#1979 = ORIENTED_EDGE('',*,*,#981,.F.);
#1980 = ORIENTED_EDGE('',*,*,#1981,.F.);
#1981 = EDGE_CURVE('',#1982,#958,#1984,.T.);
#1982 = VERTEX_POINT('',#1983);
#1983 = CARTESIAN_POINT('',(45.5,6.45,37.1));
#1984 = LINE('',#1985,#1986);
#1985 = CARTESIAN_POINT('',(45.5,28.9,37.1));
#1986 = VECTOR('',#1987,1.);
#1987 = DIRECTION('',(0.,-1.,2.2E-16));
#1988 = ORIENTED_EDGE('',*,*,#1989,.T.);
#1989 = EDGE_CURVE('',#1982,#1990,#1992,.T.);
#1990 = VERTEX_POINT('',#1991);
#1991 = CARTESIAN_POINT('',(44.,6.45,37.1));
#1992 = LINE('',#1993,#1994);
#1993 = CARTESIAN_POINT('',(49.,6.45,37.1));
#1994 = VECTOR('',#1995,1.);
#1995 = DIRECTION('',(-1.,-0.,-0.));
#1996 = ORIENTED_EDGE('',*,*,#1997,.F.);
#1997 = EDGE_CURVE('',#1998,#1990,#2000,.T.);
#1998 = VERTEX_POINT('',#1999);
#1999 = CARTESIAN_POINT('',(44.,22.450000000021,37.1));
#2000 = LINE('',#2001,#2002);
#2001 = CARTESIAN_POINT('',(44.,22.450000000021,37.1));
#2002 = VECTOR('',#2003,1.);
#2003 = DIRECTION('',(0.,-1.,0.));
#2004 = ORIENTED_EDGE('',*,*,#2005,.F.);
#2005 = EDGE_CURVE('',#1944,#1998,#2006,.T.);
#2006 = LINE('',#2007,#2008);
#2007 = CARTESIAN_POINT('',(49.,22.450000000021,37.1));
#2008 = VECTOR('',#2009,1.);
#2009 = DIRECTION('',(-1.,-0.,-0.));
#2010 = ORIENTED_EDGE('',*,*,#1943,.F.);
#2011 = FACE_BOUND('',#2012,.F.);
#2012 = EDGE_LOOP('',(#2013,#2024,#2032,#2041));
#2013 = ORIENTED_EDGE('',*,*,#2014,.F.);
#2014 = EDGE_CURVE('',#2015,#2017,#2019,.T.);
#2015 = VERTEX_POINT('',#2016);
#2016 = CARTESIAN_POINT('',(30.999999999995,16.950000000001,37.1));
#2017 = VERTEX_POINT('',#2018);
#2018 = CARTESIAN_POINT('',(31.,11.95,37.1));
#2019 = CIRCLE('',#2020,2.5);
#2020 = AXIS2_PLACEMENT_3D('',#2021,#2022,#2023);
#2021 = CARTESIAN_POINT('',(31.,14.45,37.1));
#2022 = DIRECTION('',(0.,0.,1.));
#2023 = DIRECTION('',(1.,0.,0.));
#2024 = ORIENTED_EDGE('',*,*,#2025,.T.);
#2025 = EDGE_CURVE('',#2015,#2026,#2028,.T.);
#2026 = VERTEX_POINT('',#2027);
#2027 = CARTESIAN_POINT('',(36.000000000001,16.950000000001,37.1));
#2028 = LINE('',#2029,#2030);
#2029 = CARTESIAN_POINT('',(29.249999999998,16.950000000002,37.1));
#2030 = VECTOR('',#2031,1.);
#2031 = DIRECTION('',(1.,2.984E-14,0.));
#2032 = ORIENTED_EDGE('',*,*,#2033,.F.);
#2033 = EDGE_CURVE('',#2034,#2026,#2036,.T.);
#2034 = VERTEX_POINT('',#2035);
#2035 = CARTESIAN_POINT('',(36.000000000001,11.95,37.1));
#2036 = CIRCLE('',#2037,2.5);
#2037 = AXIS2_PLACEMENT_3D('',#2038,#2039,#2040);
#2038 = CARTESIAN_POINT('',(36.000000000001,14.45,37.1));
#2039 = DIRECTION('',(0.,0.,1.));
#2040 = DIRECTION('',(1.,0.,0.));
#2041 = ORIENTED_EDGE('',*,*,#2042,.F.);
#2042 = EDGE_CURVE('',#2017,#2034,#2043,.T.);
#2043 = LINE('',#2044,#2045);
#2044 = CARTESIAN_POINT('',(29.25,11.95,37.1));
#2045 = VECTOR('',#2046,1.);
#2046 = DIRECTION('',(1.,0.,0.));
#2047 = PLANE('',#2048);
#2048 = AXIS2_PLACEMENT_3D('',#2049,#2050,#2051);
#2049 = CARTESIAN_POINT('',(27.5,28.9,37.1));
#2050 = DIRECTION('',(0.,2.2E-16,1.));
#2051 = DIRECTION('',(1.,0.,0.));
#2052 = ADVANCED_FACE('',(#2053,#2094),#2130,.F.);
#2053 = FACE_BOUND('',#2054,.F.);
#2054 = EDGE_LOOP('',(#2055,#2056,#2057,#2065,#2073,#2081,#2087,#2088));
#2055 = ORIENTED_EDGE('',*,*,#781,.F.);
#2056 = ORIENTED_EDGE('',*,*,#1959,.T.);
#2057 = ORIENTED_EDGE('',*,*,#2058,.T.);
#2058 = EDGE_CURVE('',#1952,#2059,#2061,.T.);
#2059 = VERTEX_POINT('',#2060);
#2060 = CARTESIAN_POINT('',(44.,22.450000000021,33.1));
#2061 = LINE('',#2062,#2063);
#2062 = CARTESIAN_POINT('',(49.,22.450000000021,33.1));
#2063 = VECTOR('',#2064,1.);
#2064 = DIRECTION('',(-1.,-0.,-0.));
#2065 = ORIENTED_EDGE('',*,*,#2066,.F.);
#2066 = EDGE_CURVE('',#2067,#2059,#2069,.T.);
#2067 = VERTEX_POINT('',#2068);
#2068 = CARTESIAN_POINT('',(44.,6.45,33.1));
#2069 = LINE('',#2070,#2071);
#2070 = CARTESIAN_POINT('',(44.,6.45,33.1));
#2071 = VECTOR('',#2072,1.);
#2072 = DIRECTION('',(0.,1.,0.));
#2073 = ORIENTED_EDGE('',*,*,#2074,.F.);
#2074 = EDGE_CURVE('',#2075,#2067,#2077,.T.);
#2075 = VERTEX_POINT('',#2076);
#2076 = CARTESIAN_POINT('',(45.5,6.45,33.1));
#2077 = LINE('',#2078,#2079);
#2078 = CARTESIAN_POINT('',(49.,6.45,33.1));
#2079 = VECTOR('',#2080,1.);
#2080 = DIRECTION('',(-1.,-0.,-0.));
#2081 = ORIENTED_EDGE('',*,*,#2082,.T.);
#2082 = EDGE_CURVE('',#2075,#956,#2083,.T.);
#2083 = LINE('',#2084,#2085);
#2084 = CARTESIAN_POINT('',(45.5,28.9,33.1));
#2085 = VECTOR('',#2086,1.);
#2086 = DIRECTION('',(0.,-1.,2.2E-16));
#2087 = ORIENTED_EDGE('',*,*,#965,.F.);
#2088 = ORIENTED_EDGE('',*,*,#2089,.F.);
#2089 = EDGE_CURVE('',#774,#966,#2090,.T.);
#2090 = LINE('',#2091,#2092);
#2091 = CARTESIAN_POINT('',(27.5,28.9,33.1));
#2092 = VECTOR('',#2093,1.);
#2093 = DIRECTION('',(0.,-1.,2.2E-16));
#2094 = FACE_BOUND('',#2095,.F.);
#2095 = EDGE_LOOP('',(#2096,#2106,#2115,#2123));
#2096 = ORIENTED_EDGE('',*,*,#2097,.T.);
#2097 = EDGE_CURVE('',#2098,#2100,#2102,.T.);
#2098 = VERTEX_POINT('',#2099);
#2099 = CARTESIAN_POINT('',(36.000000000001,16.950000000001,33.1));
#2100 = VERTEX_POINT('',#2101);
#2101 = CARTESIAN_POINT('',(30.999999999995,16.950000000001,33.1));
#2102 = LINE('',#2103,#2104);
#2103 = CARTESIAN_POINT('',(38.249999999998,16.950000000003,33.1));
#2104 = VECTOR('',#2105,1.);
#2105 = DIRECTION('',(-1.,-2.984E-14,0.));
#2106 = ORIENTED_EDGE('',*,*,#2107,.T.);
#2107 = EDGE_CURVE('',#2100,#2108,#2110,.T.);
#2108 = VERTEX_POINT('',#2109);
#2109 = CARTESIAN_POINT('',(31.,11.95,33.1));
#2110 = CIRCLE('',#2111,2.5);
#2111 = AXIS2_PLACEMENT_3D('',#2112,#2113,#2114);
#2112 = CARTESIAN_POINT('',(31.,14.45,33.1));
#2113 = DIRECTION('',(0.,0.,1.));
#2114 = DIRECTION('',(1.,0.,0.));
#2115 = ORIENTED_EDGE('',*,*,#2116,.F.);
#2116 = EDGE_CURVE('',#2117,#2108,#2119,.T.);
#2117 = VERTEX_POINT('',#2118);
#2118 = CARTESIAN_POINT('',(36.000000000001,11.95,33.1));
#2119 = LINE('',#2120,#2121);
#2120 = CARTESIAN_POINT('',(38.25,11.95,33.1));
#2121 = VECTOR('',#2122,1.);
#2122 = DIRECTION('',(-1.,0.,0.));
#2123 = ORIENTED_EDGE('',*,*,#2124,.T.);
#2124 = EDGE_CURVE('',#2117,#2098,#2125,.T.);
#2125 = CIRCLE('',#2126,2.5);
#2126 = AXIS2_PLACEMENT_3D('',#2127,#2128,#2129);
#2127 = CARTESIAN_POINT('',(36.000000000001,14.45,33.1));
#2128 = DIRECTION('',(0.,0.,1.));
#2129 = DIRECTION('',(1.,0.,0.));
#2130 = PLANE('',#2131);
#2131 = AXIS2_PLACEMENT_3D('',#2132,#2133,#2134);
#2132 = CARTESIAN_POINT('',(45.5,28.9,33.1));
#2133 = DIRECTION('',(-0.,-2.2E-16,-1.));
#2134 = DIRECTION('',(-1.,0.,0.));
#2135 = ADVANCED_FACE('',(#2136),#2142,.F.);
#2136 = FACE_BOUND('',#2137,.F.);
#2137 = EDGE_LOOP('',(#2138,#2139,#2140,#2141));
#2138 = ORIENTED_EDGE('',*,*,#773,.F.);
#2139 = ORIENTED_EDGE('',*,*,#2089,.T.);
#2140 = ORIENTED_EDGE('',*,*,#973,.F.);
#2141 = ORIENTED_EDGE('',*,*,#1974,.F.);
#2142 = PLANE('',#2143);
#2143 = AXIS2_PLACEMENT_3D('',#2144,#2145,#2146);
#2144 = CARTESIAN_POINT('',(27.5,28.9,33.1));
#2145 = DIRECTION('',(-1.,0.,0.));
#2146 = DIRECTION('',(0.,2.2E-16,1.));
#2147 = ADVANCED_FACE('',(#2148),#2173,.F.);
#2148 = FACE_BOUND('',#2149,.F.);
#2149 = EDGE_LOOP('',(#2150,#2151,#2159,#2167));
#2150 = ORIENTED_EDGE('',*,*,#789,.F.);
#2151 = ORIENTED_EDGE('',*,*,#2152,.T.);
#2152 = EDGE_CURVE('',#790,#2153,#2155,.T.);
#2153 = VERTEX_POINT('',#2154);
#2154 = CARTESIAN_POINT('',(45.500000000011,22.45,55.6));
#2155 = LINE('',#2156,#2157);
#2156 = CARTESIAN_POINT('',(45.500000000011,28.9,55.6));
#2157 = VECTOR('',#2158,1.);
#2158 = DIRECTION('',(0.,-1.,2.2E-16));
#2159 = ORIENTED_EDGE('',*,*,#2160,.F.);
#2160 = EDGE_CURVE('',#2161,#2153,#2163,.T.);
#2161 = VERTEX_POINT('',#2162);
#2162 = CARTESIAN_POINT('',(45.500000000011,22.45,51.6));
#2163 = LINE('',#2164,#2165);
#2164 = CARTESIAN_POINT('',(45.500000000011,22.45,53.6));
#2165 = VECTOR('',#2166,1.);
#2166 = DIRECTION('',(0.,0.,1.));
#2167 = ORIENTED_EDGE('',*,*,#2168,.F.);
#2168 = EDGE_CURVE('',#792,#2161,#2169,.T.);
#2169 = LINE('',#2170,#2171);
#2170 = CARTESIAN_POINT('',(45.500000000011,28.9,51.6));
#2171 = VECTOR('',#2172,1.);
#2172 = DIRECTION('',(0.,-1.,2.2E-16));
#2173 = PLANE('',#2174);
#2174 = AXIS2_PLACEMENT_3D('',#2175,#2176,#2177);
#2175 = CARTESIAN_POINT('',(45.500000000011,28.9,55.6));
#2176 = DIRECTION('',(1.,0.,0.));
#2177 = DIRECTION('',(0.,-2.2E-16,-1.));
#2178 = ADVANCED_FACE('',(#2179,#2220),#2256,.F.);
#2179 = FACE_BOUND('',#2180,.F.);
#2180 = EDGE_LOOP('',(#2181,#2182,#2188,#2189,#2197,#2205,#2213,#2219));
#2181 = ORIENTED_EDGE('',*,*,#799,.F.);
#2182 = ORIENTED_EDGE('',*,*,#2183,.T.);
#2183 = EDGE_CURVE('',#800,#1008,#2184,.T.);
#2184 = LINE('',#2185,#2186);
#2185 = CARTESIAN_POINT('',(27.5,28.9,55.6));
#2186 = VECTOR('',#2187,1.);
#2187 = DIRECTION('',(0.,-1.,2.2E-16));
#2188 = ORIENTED_EDGE('',*,*,#1015,.F.);
#2189 = ORIENTED_EDGE('',*,*,#2190,.F.);
#2190 = EDGE_CURVE('',#2191,#992,#2193,.T.);
#2191 = VERTEX_POINT('',#2192);
#2192 = CARTESIAN_POINT('',(45.500000000011,6.45,55.6));
#2193 = LINE('',#2194,#2195);
#2194 = CARTESIAN_POINT('',(45.500000000011,28.9,55.6));
#2195 = VECTOR('',#2196,1.);
#2196 = DIRECTION('',(0.,-1.,2.2E-16));
#2197 = ORIENTED_EDGE('',*,*,#2198,.T.);
#2198 = EDGE_CURVE('',#2191,#2199,#2201,.T.);
#2199 = VERTEX_POINT('',#2200);
#2200 = CARTESIAN_POINT('',(44.,6.45,55.6));
#2201 = LINE('',#2202,#2203);
#2202 = CARTESIAN_POINT('',(49.,6.45,55.6));
#2203 = VECTOR('',#2204,1.);
#2204 = DIRECTION('',(-1.,-0.,-0.));
#2205 = ORIENTED_EDGE('',*,*,#2206,.F.);
#2206 = EDGE_CURVE('',#2207,#2199,#2209,.T.);
#2207 = VERTEX_POINT('',#2208);
#2208 = CARTESIAN_POINT('',(44.,22.45,55.6));
#2209 = LINE('',#2210,#2211);
#2210 = CARTESIAN_POINT('',(44.,22.45,55.6));
#2211 = VECTOR('',#2212,1.);
#2212 = DIRECTION('',(0.,-1.,0.));
#2213 = ORIENTED_EDGE('',*,*,#2214,.F.);
#2214 = EDGE_CURVE('',#2153,#2207,#2215,.T.);
#2215 = LINE('',#2216,#2217);
#2216 = CARTESIAN_POINT('',(49.,22.45,55.6));
#2217 = VECTOR('',#2218,1.);
#2218 = DIRECTION('',(-1.,-0.,-0.));
#2219 = ORIENTED_EDGE('',*,*,#2152,.F.);
#2220 = FACE_BOUND('',#2221,.F.);
#2221 = EDGE_LOOP('',(#2222,#2233,#2241,#2250));
#2222 = ORIENTED_EDGE('',*,*,#2223,.F.);
#2223 = EDGE_CURVE('',#2224,#2226,#2228,.T.);
#2224 = VERTEX_POINT('',#2225);
#2225 = CARTESIAN_POINT('',(30.999999999995,16.950000000001,55.6));
#2226 = VERTEX_POINT('',#2227);
#2227 = CARTESIAN_POINT('',(31.,11.95,55.6));
#2228 = CIRCLE('',#2229,2.5);
#2229 = AXIS2_PLACEMENT_3D('',#2230,#2231,#2232);
#2230 = CARTESIAN_POINT('',(31.,14.45,55.6));
#2231 = DIRECTION('',(0.,0.,1.));
#2232 = DIRECTION('',(1.,0.,0.));
#2233 = ORIENTED_EDGE('',*,*,#2234,.T.);
#2234 = EDGE_CURVE('',#2224,#2235,#2237,.T.);
#2235 = VERTEX_POINT('',#2236);
#2236 = CARTESIAN_POINT('',(36.000000000001,16.950000000001,55.6));
#2237 = LINE('',#2238,#2239);
#2238 = CARTESIAN_POINT('',(29.249999999998,16.950000000002,55.6));
#2239 = VECTOR('',#2240,1.);
#2240 = DIRECTION('',(1.,2.984E-14,0.));
#2241 = ORIENTED_EDGE('',*,*,#2242,.F.);
#2242 = EDGE_CURVE('',#2243,#2235,#2245,.T.);
#2243 = VERTEX_POINT('',#2244);
#2244 = CARTESIAN_POINT('',(36.000000000001,11.95,55.6));
#2245 = CIRCLE('',#2246,2.5);
#2246 = AXIS2_PLACEMENT_3D('',#2247,#2248,#2249);
#2247 = CARTESIAN_POINT('',(36.000000000001,14.45,55.6));
#2248 = DIRECTION('',(0.,0.,1.));
#2249 = DIRECTION('',(1.,0.,0.));
#2250 = ORIENTED_EDGE('',*,*,#2251,.F.);
#2251 = EDGE_CURVE('',#2226,#2243,#2252,.T.);
#2252 = LINE('',#2253,#2254);
#2253 = CARTESIAN_POINT('',(29.25,11.95,55.6));
#2254 = VECTOR('',#2255,1.);
#2255 = DIRECTION('',(1.,0.,0.));
#2256 = PLANE('',#2257);
#2257 = AXIS2_PLACEMENT_3D('',#2258,#2259,#2260);
#2258 = CARTESIAN_POINT('',(27.5,28.9,55.6));
#2259 = DIRECTION('',(0.,2.2E-16,1.));
#2260 = DIRECTION('',(1.,0.,0.));
#2261 = ADVANCED_FACE('',(#2262,#2303),#2339,.F.);
#2262 = FACE_BOUND('',#2263,.F.);
#2263 = EDGE_LOOP('',(#2264,#2265,#2266,#2274,#2282,#2290,#2296,#2297));
#2264 = ORIENTED_EDGE('',*,*,#815,.F.);
#2265 = ORIENTED_EDGE('',*,*,#2168,.T.);
#2266 = ORIENTED_EDGE('',*,*,#2267,.T.);
#2267 = EDGE_CURVE('',#2161,#2268,#2270,.T.);
#2268 = VERTEX_POINT('',#2269);
#2269 = CARTESIAN_POINT('',(44.,22.45,51.6));
#2270 = LINE('',#2271,#2272);
#2271 = CARTESIAN_POINT('',(49.,22.45,51.6));
#2272 = VECTOR('',#2273,1.);
#2273 = DIRECTION('',(-1.,-0.,-0.));
#2274 = ORIENTED_EDGE('',*,*,#2275,.F.);
#2275 = EDGE_CURVE('',#2276,#2268,#2278,.T.);
#2276 = VERTEX_POINT('',#2277);
#2277 = CARTESIAN_POINT('',(44.,6.45,51.6));
#2278 = LINE('',#2279,#2280);
#2279 = CARTESIAN_POINT('',(44.,6.45,51.6));
#2280 = VECTOR('',#2281,1.);
#2281 = DIRECTION('',(0.,1.,0.));
#2282 = ORIENTED_EDGE('',*,*,#2283,.F.);
#2283 = EDGE_CURVE('',#2284,#2276,#2286,.T.);
#2284 = VERTEX_POINT('',#2285);
#2285 = CARTESIAN_POINT('',(45.500000000011,6.45,51.6));
#2286 = LINE('',#2287,#2288);
#2287 = CARTESIAN_POINT('',(49.,6.45,51.6));
#2288 = VECTOR('',#2289,1.);
#2289 = DIRECTION('',(-1.,-0.,-0.));
#2290 = ORIENTED_EDGE('',*,*,#2291,.T.);
#2291 = EDGE_CURVE('',#2284,#990,#2292,.T.);
#2292 = LINE('',#2293,#2294);
#2293 = CARTESIAN_POINT('',(45.500000000011,28.9,51.6));
#2294 = VECTOR('',#2295,1.);
#2295 = DIRECTION('',(0.,-1.,2.2E-16));
#2296 = ORIENTED_EDGE('',*,*,#999,.F.);
#2297 = ORIENTED_EDGE('',*,*,#2298,.F.);
#2298 = EDGE_CURVE('',#808,#1000,#2299,.T.);
#2299 = LINE('',#2300,#2301);
#2300 = CARTESIAN_POINT('',(27.5,28.9,51.6));
#2301 = VECTOR('',#2302,1.);
#2302 = DIRECTION('',(0.,-1.,2.2E-16));
#2303 = FACE_BOUND('',#2304,.F.);
#2304 = EDGE_LOOP('',(#2305,#2315,#2324,#2332));
#2305 = ORIENTED_EDGE('',*,*,#2306,.T.);
#2306 = EDGE_CURVE('',#2307,#2309,#2311,.T.);
#2307 = VERTEX_POINT('',#2308);
#2308 = CARTESIAN_POINT('',(36.000000000001,16.950000000001,51.6));
#2309 = VERTEX_POINT('',#2310);
#2310 = CARTESIAN_POINT('',(30.999999999995,16.950000000001,51.6));
#2311 = LINE('',#2312,#2313);
#2312 = CARTESIAN_POINT('',(38.250000000003,16.950000000003,51.6));
#2313 = VECTOR('',#2314,1.);
#2314 = DIRECTION('',(-1.,-2.984E-14,0.));
#2315 = ORIENTED_EDGE('',*,*,#2316,.T.);
#2316 = EDGE_CURVE('',#2309,#2317,#2319,.T.);
#2317 = VERTEX_POINT('',#2318);
#2318 = CARTESIAN_POINT('',(31.,11.95,51.6));
#2319 = CIRCLE('',#2320,2.5);
#2320 = AXIS2_PLACEMENT_3D('',#2321,#2322,#2323);
#2321 = CARTESIAN_POINT('',(31.,14.45,51.6));
#2322 = DIRECTION('',(0.,0.,1.));
#2323 = DIRECTION('',(1.,0.,0.));
#2324 = ORIENTED_EDGE('',*,*,#2325,.F.);
#2325 = EDGE_CURVE('',#2326,#2317,#2328,.T.);
#2326 = VERTEX_POINT('',#2327);
#2327 = CARTESIAN_POINT('',(36.000000000001,11.95,51.6));
#2328 = LINE('',#2329,#2330);
#2329 = CARTESIAN_POINT('',(38.250000000005,11.95,51.6));
#2330 = VECTOR('',#2331,1.);
#2331 = DIRECTION('',(-1.,0.,0.));
#2332 = ORIENTED_EDGE('',*,*,#2333,.T.);
#2333 = EDGE_CURVE('',#2326,#2307,#2334,.T.);
#2334 = CIRCLE('',#2335,2.5);
#2335 = AXIS2_PLACEMENT_3D('',#2336,#2337,#2338);
#2336 = CARTESIAN_POINT('',(36.000000000001,14.45,51.6));
#2337 = DIRECTION('',(0.,0.,1.));
#2338 = DIRECTION('',(1.,0.,0.));
#2339 = PLANE('',#2340);
#2340 = AXIS2_PLACEMENT_3D('',#2341,#2342,#2343);
#2341 = CARTESIAN_POINT('',(45.500000000011,28.9,51.6));
#2342 = DIRECTION('',(-0.,-2.2E-16,-1.));
#2343 = DIRECTION('',(-1.,0.,0.));
#2344 = ADVANCED_FACE('',(#2345),#2351,.F.);
#2345 = FACE_BOUND('',#2346,.F.);
#2346 = EDGE_LOOP('',(#2347,#2348,#2349,#2350));
#2347 = ORIENTED_EDGE('',*,*,#807,.F.);
#2348 = ORIENTED_EDGE('',*,*,#2298,.T.);
#2349 = ORIENTED_EDGE('',*,*,#1007,.F.);
#2350 = ORIENTED_EDGE('',*,*,#2183,.F.);
#2351 = PLANE('',#2352);
#2352 = AXIS2_PLACEMENT_3D('',#2353,#2354,#2355);
#2353 = CARTESIAN_POINT('',(27.5,28.9,51.6));
#2354 = DIRECTION('',(-1.,0.,0.));
#2355 = DIRECTION('',(0.,2.2E-16,1.));
#2356 = ADVANCED_FACE('',(#2357),#2373,.T.);
#2357 = FACE_BOUND('',#2358,.T.);
#2358 = EDGE_LOOP('',(#2359,#2360,#2366,#2367));
#2359 = ORIENTED_EDGE('',*,*,#847,.T.);
#2360 = ORIENTED_EDGE('',*,*,#2361,.T.);
#2361 = EDGE_CURVE('',#850,#2015,#2362,.T.);
#2362 = LINE('',#2363,#2364);
#2363 = CARTESIAN_POINT('',(30.999999999995,16.950000000001,71.1));
#2364 = VECTOR('',#2365,1.);
#2365 = DIRECTION('',(-0.,-0.,-1.));
#2366 = ORIENTED_EDGE('',*,*,#2025,.T.);
#2367 = ORIENTED_EDGE('',*,*,#2368,.F.);
#2368 = EDGE_CURVE('',#848,#2026,#2369,.T.);
#2369 = LINE('',#2370,#2371);
#2370 = CARTESIAN_POINT('',(36.000000000001,16.950000000001,71.1));
#2371 = VECTOR('',#2372,1.);
#2372 = DIRECTION('',(-0.,-0.,-1.));
#2373 = PLANE('',#2374);
#2374 = AXIS2_PLACEMENT_3D('',#2375,#2376,#2377);
#2375 = CARTESIAN_POINT('',(30.999999999995,16.950000000002,71.1));
#2376 = DIRECTION('',(2.984E-14,-1.,0.));
#2377 = DIRECTION('',(1.,2.984E-14,0.));
#2378 = ADVANCED_FACE('',(#2379),#2390,.F.);
#2379 = FACE_BOUND('',#2380,.F.);
#2380 = EDGE_LOOP('',(#2381,#2382,#2388,#2389));
#2381 = ORIENTED_EDGE('',*,*,#874,.F.);
#2382 = ORIENTED_EDGE('',*,*,#2383,.T.);
#2383 = EDGE_CURVE('',#867,#2034,#2384,.T.);
#2384 = LINE('',#2385,#2386);
#2385 = CARTESIAN_POINT('',(36.000000000001,11.95,71.1));
#2386 = VECTOR('',#2387,1.);
#2387 = DIRECTION('',(-0.,-0.,-1.));
#2388 = ORIENTED_EDGE('',*,*,#2033,.T.);
#2389 = ORIENTED_EDGE('',*,*,#2368,.F.);
#2390 = CYLINDRICAL_SURFACE('',#2391,2.5);
#2391 = AXIS2_PLACEMENT_3D('',#2392,#2393,#2394);
#2392 = CARTESIAN_POINT('',(36.000000000001,14.45,71.1));
#2393 = DIRECTION('',(0.,0.,1.));
#2394 = DIRECTION('',(1.,0.,0.));
#2395 = ADVANCED_FACE('',(#2396),#2407,.F.);
#2396 = FACE_BOUND('',#2397,.F.);
#2397 = EDGE_LOOP('',(#2398,#2399,#2405,#2406));
#2398 = ORIENTED_EDGE('',*,*,#866,.T.);
#2399 = ORIENTED_EDGE('',*,*,#2400,.T.);
#2400 = EDGE_CURVE('',#858,#2017,#2401,.T.);
#2401 = LINE('',#2402,#2403);
#2402 = CARTESIAN_POINT('',(31.,11.95,71.1));
#2403 = VECTOR('',#2404,1.);
#2404 = DIRECTION('',(-0.,-0.,-1.));
#2405 = ORIENTED_EDGE('',*,*,#2042,.T.);
#2406 = ORIENTED_EDGE('',*,*,#2383,.F.);
#2407 = PLANE('',#2408);
#2408 = AXIS2_PLACEMENT_3D('',#2409,#2410,#2411);
#2409 = CARTESIAN_POINT('',(31.,11.95,71.1));
#2410 = DIRECTION('',(0.,-1.,0.));
#2411 = DIRECTION('',(1.,0.,0.));
#2412 = ADVANCED_FACE('',(#2413),#2419,.F.);
#2413 = FACE_BOUND('',#2414,.F.);
#2414 = EDGE_LOOP('',(#2415,#2416,#2417,#2418));
#2415 = ORIENTED_EDGE('',*,*,#857,.F.);
#2416 = ORIENTED_EDGE('',*,*,#2361,.T.);
#2417 = ORIENTED_EDGE('',*,*,#2014,.T.);
#2418 = ORIENTED_EDGE('',*,*,#2400,.F.);
#2419 = CYLINDRICAL_SURFACE('',#2420,2.5);
#2420 = AXIS2_PLACEMENT_3D('',#2421,#2422,#2423);
#2421 = CARTESIAN_POINT('',(31.,14.45,71.1));
#2422 = DIRECTION('',(0.,0.,1.));
#2423 = DIRECTION('',(1.,0.,0.));
#2424 = ADVANCED_FACE('',(#2425),#2436,.F.);
#2425 = FACE_BOUND('',#2426,.F.);
#2426 = EDGE_LOOP('',(#2427,#2433,#2434,#2435));
#2427 = ORIENTED_EDGE('',*,*,#2428,.F.);
#2428 = EDGE_CURVE('',#1982,#2075,#2429,.T.);
#2429 = LINE('',#2430,#2431);
#2430 = CARTESIAN_POINT('',(45.5,6.45,37.1));
#2431 = VECTOR('',#2432,1.);
#2432 = DIRECTION('',(0.,0.,-1.));
#2433 = ORIENTED_EDGE('',*,*,#1981,.T.);
#2434 = ORIENTED_EDGE('',*,*,#955,.F.);
#2435 = ORIENTED_EDGE('',*,*,#2082,.F.);
#2436 = PLANE('',#2437);
#2437 = AXIS2_PLACEMENT_3D('',#2438,#2439,#2440);
#2438 = CARTESIAN_POINT('',(45.5,28.9,37.1));
#2439 = DIRECTION('',(1.,0.,0.));
#2440 = DIRECTION('',(0.,-2.2E-16,-1.));
#2441 = ADVANCED_FACE('',(#2442),#2453,.F.);
#2442 = FACE_BOUND('',#2443,.F.);
#2443 = EDGE_LOOP('',(#2444,#2450,#2451,#2452));
#2444 = ORIENTED_EDGE('',*,*,#2445,.F.);
#2445 = EDGE_CURVE('',#2191,#2284,#2446,.T.);
#2446 = LINE('',#2447,#2448);
#2447 = CARTESIAN_POINT('',(45.500000000011,6.45,55.6));
#2448 = VECTOR('',#2449,1.);
#2449 = DIRECTION('',(0.,0.,-1.));
#2450 = ORIENTED_EDGE('',*,*,#2190,.T.);
#2451 = ORIENTED_EDGE('',*,*,#989,.F.);
#2452 = ORIENTED_EDGE('',*,*,#2291,.F.);
#2453 = PLANE('',#2454);
#2454 = AXIS2_PLACEMENT_3D('',#2455,#2456,#2457);
#2455 = CARTESIAN_POINT('',(45.500000000011,28.9,55.6));
#2456 = DIRECTION('',(1.,0.,0.));
#2457 = DIRECTION('',(0.,-2.2E-16,-1.));
#2458 = ADVANCED_FACE('',(#2459,#2470),#2473,.T.);
#2459 = FACE_BOUND('',#2460,.T.);
#2460 = EDGE_LOOP('',(#2461));
#2461 = ORIENTED_EDGE('',*,*,#2462,.T.);
#2462 = EDGE_CURVE('',#2463,#2463,#2465,.T.);
#2463 = VERTEX_POINT('',#2464);
#2464 = CARTESIAN_POINT('',(28.6,14.45,12.));
#2465 = CIRCLE('',#2466,5.);
#2466 = AXIS2_PLACEMENT_3D('',#2467,#2468,#2469);
#2467 = CARTESIAN_POINT('',(28.6,14.45,17.));
#2468 = DIRECTION('',(1.,-0.,0.));
#2469 = DIRECTION('',(0.,0.,-1.));
#2470 = FACE_BOUND('',#2471,.T.);
#2471 = EDGE_LOOP('',(#2472));
#2472 = ORIENTED_EDGE('',*,*,#1150,.F.);
#2473 = PLANE('',#2474);
#2474 = AXIS2_PLACEMENT_3D('',#2475,#2476,#2477);
#2475 = CARTESIAN_POINT('',(28.6,14.45,17.));
#2476 = DIRECTION('',(1.,0.,0.));
#2477 = DIRECTION('',(0.,0.,-1.));
#2478 = ADVANCED_FACE('',(#2479),#2485,.F.);
#2479 = FACE_BOUND('',#2480,.F.);
#2480 = EDGE_LOOP('',(#2481,#2482,#2483,#2484));
#2481 = ORIENTED_EDGE('',*,*,#1276,.T.);
#2482 = ORIENTED_EDGE('',*,*,#1360,.T.);
#2483 = ORIENTED_EDGE('',*,*,#1167,.F.);
#2484 = ORIENTED_EDGE('',*,*,#1634,.T.);
#2485 = PLANE('',#2486);
#2486 = AXIS2_PLACEMENT_3D('',#2487,#2488,#2489);
#2487 = CARTESIAN_POINT('',(24.,28.9,0.));
#2488 = DIRECTION('',(0.,2.2E-16,1.));
#2489 = DIRECTION('',(-1.,0.,0.));
#2490 = ADVANCED_FACE('',(#2491,#2507),#2543,.F.);
#2491 = FACE_BOUND('',#2492,.F.);
#2492 = EDGE_LOOP('',(#2493,#2494,#2500,#2501));
#2493 = ORIENTED_EDGE('',*,*,#1295,.F.);
#2494 = ORIENTED_EDGE('',*,*,#2495,.T.);
#2495 = EDGE_CURVE('',#1288,#1194,#2496,.T.);
#2496 = LINE('',#2497,#2498);
#2497 = CARTESIAN_POINT('',(24.,32.7,9.738254402485));
#2498 = VECTOR('',#2499,1.);
#2499 = DIRECTION('',(-1.,-0.,-0.));
#2500 = ORIENTED_EDGE('',*,*,#1193,.T.);
#2501 = ORIENTED_EDGE('',*,*,#2502,.F.);
#2502 = EDGE_CURVE('',#1296,#1196,#2503,.T.);
#2503 = LINE('',#2504,#2505);
#2504 = CARTESIAN_POINT('',(24.,32.7,3.438254402485));
#2505 = VECTOR('',#2506,1.);
#2506 = DIRECTION('',(-1.,-0.,-0.));
#2507 = FACE_BOUND('',#2508,.F.);
#2508 = EDGE_LOOP('',(#2509,#2519,#2528,#2536));
#2509 = ORIENTED_EDGE('',*,*,#2510,.F.);
#2510 = EDGE_CURVE('',#2511,#2513,#2515,.T.);
#2511 = VERTEX_POINT('',#2512);
#2512 = CARTESIAN_POINT('',(15.,32.7,8.188254402485));
#2513 = VERTEX_POINT('',#2514);
#2514 = CARTESIAN_POINT('',(5.,32.7,8.188254402485));
#2515 = LINE('',#2516,#2517);
#2516 = CARTESIAN_POINT('',(19.5,32.7,8.188254402485));
#2517 = VECTOR('',#2518,1.);
#2518 = DIRECTION('',(-1.,0.,0.));
#2519 = ORIENTED_EDGE('',*,*,#2520,.T.);
#2520 = EDGE_CURVE('',#2511,#2521,#2523,.T.);
#2521 = VERTEX_POINT('',#2522);
#2522 = CARTESIAN_POINT('',(15.,32.7,4.988254402485));
#2523 = CIRCLE('',#2524,1.6);
#2524 = AXIS2_PLACEMENT_3D('',#2525,#2526,#2527);
#2525 = CARTESIAN_POINT('',(15.,32.7,6.588254402485));
#2526 = DIRECTION('',(0.,1.,-2.2E-16));
#2527 = DIRECTION('',(-1.,0.,0.));
#2528 = ORIENTED_EDGE('',*,*,#2529,.T.);
#2529 = EDGE_CURVE('',#2521,#2530,#2532,.T.);
#2530 = VERTEX_POINT('',#2531);
#2531 = CARTESIAN_POINT('',(5.,32.7,4.988254402485));
#2532 = LINE('',#2533,#2534);
#2533 = CARTESIAN_POINT('',(19.5,32.7,4.988254402485));
#2534 = VECTOR('',#2535,1.);
#2535 = DIRECTION('',(-1.,-0.,-5.95E-15));
#2536 = ORIENTED_EDGE('',*,*,#2537,.T.);
#2537 = EDGE_CURVE('',#2530,#2513,#2538,.T.);
#2538 = CIRCLE('',#2539,1.6);
#2539 = AXIS2_PLACEMENT_3D('',#2540,#2541,#2542);
#2540 = CARTESIAN_POINT('',(5.,32.7,6.588254402485));
#2541 = DIRECTION('',(0.,1.,-2.2E-16));
#2542 = DIRECTION('',(-1.,0.,0.));
#2543 = PLANE('',#2544);
#2544 = AXIS2_PLACEMENT_3D('',#2545,#2546,#2547);
#2545 = CARTESIAN_POINT('',(24.,32.7,9.738254402485));
#2546 = DIRECTION('',(0.,-1.,0.));
#2547 = DIRECTION('',(0.,0.,-1.));
#2548 = ADVANCED_FACE('',(#2549),#2560,.F.);
#2549 = FACE_BOUND('',#2550,.F.);
#2550 = EDGE_LOOP('',(#2551,#2552,#2553,#2554));
#2551 = ORIENTED_EDGE('',*,*,#1303,.F.);
#2552 = ORIENTED_EDGE('',*,*,#2502,.T.);
#2553 = ORIENTED_EDGE('',*,*,#1219,.T.);
#2554 = ORIENTED_EDGE('',*,*,#2555,.F.);
#2555 = EDGE_CURVE('',#1304,#1212,#2556,.T.);
#2556 = LINE('',#2557,#2558);
#2557 = CARTESIAN_POINT('',(24.,35.9,3.438254402485));
#2558 = VECTOR('',#2559,1.);
#2559 = DIRECTION('',(-1.,-0.,-0.));
#2560 = PLANE('',#2561);
#2561 = AXIS2_PLACEMENT_3D('',#2562,#2563,#2564);
#2562 = CARTESIAN_POINT('',(24.,32.7,3.438254402485));
#2563 = DIRECTION('',(0.,0.,-1.));
#2564 = DIRECTION('',(0.,1.,0.));
#2565 = ADVANCED_FACE('',(#2566,#2577),#2613,.F.);
#2566 = FACE_BOUND('',#2567,.F.);
#2567 = EDGE_LOOP('',(#2568,#2569,#2570,#2571));
#2568 = ORIENTED_EDGE('',*,*,#1311,.F.);
#2569 = ORIENTED_EDGE('',*,*,#2555,.T.);
#2570 = ORIENTED_EDGE('',*,*,#1211,.T.);
#2571 = ORIENTED_EDGE('',*,*,#2572,.F.);
#2572 = EDGE_CURVE('',#1286,#1204,#2573,.T.);
#2573 = LINE('',#2574,#2575);
#2574 = CARTESIAN_POINT('',(24.,35.9,9.738254402485));
#2575 = VECTOR('',#2576,1.);
#2576 = DIRECTION('',(-1.,-0.,-0.));
#2577 = FACE_BOUND('',#2578,.F.);
#2578 = EDGE_LOOP('',(#2579,#2590,#2598,#2607));
#2579 = ORIENTED_EDGE('',*,*,#2580,.F.);
#2580 = EDGE_CURVE('',#2581,#2583,#2585,.T.);
#2581 = VERTEX_POINT('',#2582);
#2582 = CARTESIAN_POINT('',(15.,35.9,8.188254402485));
#2583 = VERTEX_POINT('',#2584);
#2584 = CARTESIAN_POINT('',(15.,35.9,4.988254402485));
#2585 = CIRCLE('',#2586,1.6);
#2586 = AXIS2_PLACEMENT_3D('',#2587,#2588,#2589);
#2587 = CARTESIAN_POINT('',(15.,35.9,6.588254402485));
#2588 = DIRECTION('',(0.,1.,-2.2E-16));
#2589 = DIRECTION('',(-1.,0.,0.));
#2590 = ORIENTED_EDGE('',*,*,#2591,.F.);
#2591 = EDGE_CURVE('',#2592,#2581,#2594,.T.);
#2592 = VERTEX_POINT('',#2593);
#2593 = CARTESIAN_POINT('',(5.,35.9,8.188254402485));
#2594 = LINE('',#2595,#2596);
#2595 = CARTESIAN_POINT('',(19.5,35.9,8.188254402485));
#2596 = VECTOR('',#2597,1.);
#2597 = DIRECTION('',(1.,0.,0.));
#2598 = ORIENTED_EDGE('',*,*,#2599,.F.);
#2599 = EDGE_CURVE('',#2600,#2592,#2602,.T.);
#2600 = VERTEX_POINT('',#2601);
#2601 = CARTESIAN_POINT('',(5.,35.9,4.988254402485));
#2602 = CIRCLE('',#2603,1.6);
#2603 = AXIS2_PLACEMENT_3D('',#2604,#2605,#2606);
#2604 = CARTESIAN_POINT('',(5.,35.9,6.588254402485));
#2605 = DIRECTION('',(0.,1.,-2.2E-16));
#2606 = DIRECTION('',(-1.,0.,0.));
#2607 = ORIENTED_EDGE('',*,*,#2608,.T.);
#2608 = EDGE_CURVE('',#2600,#2583,#2609,.T.);
#2609 = LINE('',#2610,#2611);
#2610 = CARTESIAN_POINT('',(19.5,35.9,4.988254402485));
#2611 = VECTOR('',#2612,1.);
#2612 = DIRECTION('',(1.,0.,5.95E-15));
#2613 = PLANE('',#2614);
#2614 = AXIS2_PLACEMENT_3D('',#2615,#2616,#2617);
#2615 = CARTESIAN_POINT('',(24.,35.9,3.438254402485));
#2616 = DIRECTION('',(0.,1.,0.));
#2617 = DIRECTION('',(0.,0.,1.));
#2618 = ADVANCED_FACE('',(#2619),#2625,.F.);
#2619 = FACE_BOUND('',#2620,.F.);
#2620 = EDGE_LOOP('',(#2621,#2622,#2623,#2624));
#2621 = ORIENTED_EDGE('',*,*,#1285,.F.);
#2622 = ORIENTED_EDGE('',*,*,#2572,.T.);
#2623 = ORIENTED_EDGE('',*,*,#1203,.T.);
#2624 = ORIENTED_EDGE('',*,*,#2495,.F.);
#2625 = PLANE('',#2626);
#2626 = AXIS2_PLACEMENT_3D('',#2627,#2628,#2629);
#2627 = CARTESIAN_POINT('',(24.,35.9,9.738254402485));
#2628 = DIRECTION('',(0.,0.,1.));
#2629 = DIRECTION('',(0.,-1.,0.));
#2630 = ADVANCED_FACE('',(#2631,#2647),#2683,.F.);
#2631 = FACE_BOUND('',#2632,.F.);
#2632 = EDGE_LOOP('',(#2633,#2634,#2640,#2641));
#2633 = ORIENTED_EDGE('',*,*,#1329,.F.);
#2634 = ORIENTED_EDGE('',*,*,#2635,.T.);
#2635 = EDGE_CURVE('',#1322,#1228,#2636,.T.);
#2636 = LINE('',#2637,#2638);
#2637 = CARTESIAN_POINT('',(24.,32.7,24.978254402485));
#2638 = VECTOR('',#2639,1.);
#2639 = DIRECTION('',(-1.,-0.,-0.));
#2640 = ORIENTED_EDGE('',*,*,#1227,.T.);
#2641 = ORIENTED_EDGE('',*,*,#2642,.F.);
#2642 = EDGE_CURVE('',#1330,#1230,#2643,.T.);
#2643 = LINE('',#2644,#2645);
#2644 = CARTESIAN_POINT('',(24.,32.7,18.678254402485));
#2645 = VECTOR('',#2646,1.);
#2646 = DIRECTION('',(-1.,-0.,-0.));
#2647 = FACE_BOUND('',#2648,.F.);
#2648 = EDGE_LOOP('',(#2649,#2659,#2668,#2676));
#2649 = ORIENTED_EDGE('',*,*,#2650,.F.);
#2650 = EDGE_CURVE('',#2651,#2653,#2655,.T.);
#2651 = VERTEX_POINT('',#2652);
#2652 = CARTESIAN_POINT('',(15.,32.7,23.428254402485));
#2653 = VERTEX_POINT('',#2654);
#2654 = CARTESIAN_POINT('',(5.,32.7,23.428254402485));
#2655 = LINE('',#2656,#2657);
#2656 = CARTESIAN_POINT('',(19.5,32.7,23.428254402485));
#2657 = VECTOR('',#2658,1.);
#2658 = DIRECTION('',(-1.,0.,0.));
#2659 = ORIENTED_EDGE('',*,*,#2660,.T.);
#2660 = EDGE_CURVE('',#2651,#2661,#2663,.T.);
#2661 = VERTEX_POINT('',#2662);
#2662 = CARTESIAN_POINT('',(15.,32.7,20.228254402485));
#2663 = CIRCLE('',#2664,1.6);
#2664 = AXIS2_PLACEMENT_3D('',#2665,#2666,#2667);
#2665 = CARTESIAN_POINT('',(15.,32.7,21.828254402485));
#2666 = DIRECTION('',(0.,1.,-2.2E-16));
#2667 = DIRECTION('',(-1.,0.,0.));
#2668 = ORIENTED_EDGE('',*,*,#2669,.T.);
#2669 = EDGE_CURVE('',#2661,#2670,#2672,.T.);
#2670 = VERTEX_POINT('',#2671);
#2671 = CARTESIAN_POINT('',(5.,32.7,20.228254402485));
#2672 = LINE('',#2673,#2674);
#2673 = CARTESIAN_POINT('',(19.5,32.7,20.228254402485));
#2674 = VECTOR('',#2675,1.);
#2675 = DIRECTION('',(-1.,-0.,-5.68E-15));
#2676 = ORIENTED_EDGE('',*,*,#2677,.T.);
#2677 = EDGE_CURVE('',#2670,#2653,#2678,.T.);
#2678 = CIRCLE('',#2679,1.6);
#2679 = AXIS2_PLACEMENT_3D('',#2680,#2681,#2682);
#2680 = CARTESIAN_POINT('',(5.,32.7,21.828254402485));
#2681 = DIRECTION('',(0.,1.,-2.2E-16));
#2682 = DIRECTION('',(-1.,0.,0.));
#2683 = PLANE('',#2684);
#2684 = AXIS2_PLACEMENT_3D('',#2685,#2686,#2687);
#2685 = CARTESIAN_POINT('',(24.,32.7,24.978254402485));
#2686 = DIRECTION('',(0.,-1.,0.));
#2687 = DIRECTION('',(0.,0.,-1.));
#2688 = ADVANCED_FACE('',(#2689),#2700,.F.);
#2689 = FACE_BOUND('',#2690,.F.);
#2690 = EDGE_LOOP('',(#2691,#2692,#2693,#2694));
#2691 = ORIENTED_EDGE('',*,*,#1337,.F.);
#2692 = ORIENTED_EDGE('',*,*,#2642,.T.);
#2693 = ORIENTED_EDGE('',*,*,#1253,.T.);
#2694 = ORIENTED_EDGE('',*,*,#2695,.F.);
#2695 = EDGE_CURVE('',#1338,#1246,#2696,.T.);
#2696 = LINE('',#2697,#2698);
#2697 = CARTESIAN_POINT('',(24.,35.9,18.678254402485));
#2698 = VECTOR('',#2699,1.);
#2699 = DIRECTION('',(-1.,-0.,-0.));
#2700 = PLANE('',#2701);
#2701 = AXIS2_PLACEMENT_3D('',#2702,#2703,#2704);
#2702 = CARTESIAN_POINT('',(24.,32.7,18.678254402485));
#2703 = DIRECTION('',(0.,0.,-1.));
#2704 = DIRECTION('',(0.,1.,0.));
#2705 = ADVANCED_FACE('',(#2706,#2717),#2753,.F.);
#2706 = FACE_BOUND('',#2707,.F.);
#2707 = EDGE_LOOP('',(#2708,#2709,#2710,#2711));
#2708 = ORIENTED_EDGE('',*,*,#1345,.F.);
#2709 = ORIENTED_EDGE('',*,*,#2695,.T.);
#2710 = ORIENTED_EDGE('',*,*,#1245,.T.);
#2711 = ORIENTED_EDGE('',*,*,#2712,.F.);
#2712 = EDGE_CURVE('',#1320,#1238,#2713,.T.);
#2713 = LINE('',#2714,#2715);
#2714 = CARTESIAN_POINT('',(24.,35.9,24.978254402485));
#2715 = VECTOR('',#2716,1.);
#2716 = DIRECTION('',(-1.,-0.,-0.));
#2717 = FACE_BOUND('',#2718,.F.);
#2718 = EDGE_LOOP('',(#2719,#2730,#2738,#2747));
#2719 = ORIENTED_EDGE('',*,*,#2720,.F.);
#2720 = EDGE_CURVE('',#2721,#2723,#2725,.T.);
#2721 = VERTEX_POINT('',#2722);
#2722 = CARTESIAN_POINT('',(15.,35.9,23.428254402485));
#2723 = VERTEX_POINT('',#2724);
#2724 = CARTESIAN_POINT('',(15.,35.9,20.228254402485));
#2725 = CIRCLE('',#2726,1.6);
#2726 = AXIS2_PLACEMENT_3D('',#2727,#2728,#2729);
#2727 = CARTESIAN_POINT('',(15.,35.9,21.828254402485));
#2728 = DIRECTION('',(0.,1.,-2.2E-16));
#2729 = DIRECTION('',(-1.,0.,0.));
#2730 = ORIENTED_EDGE('',*,*,#2731,.F.);
#2731 = EDGE_CURVE('',#2732,#2721,#2734,.T.);
#2732 = VERTEX_POINT('',#2733);
#2733 = CARTESIAN_POINT('',(5.,35.9,23.428254402485));
#2734 = LINE('',#2735,#2736);
#2735 = CARTESIAN_POINT('',(19.5,35.9,23.428254402485));
#2736 = VECTOR('',#2737,1.);
#2737 = DIRECTION('',(1.,0.,0.));
#2738 = ORIENTED_EDGE('',*,*,#2739,.F.);
#2739 = EDGE_CURVE('',#2740,#2732,#2742,.T.);
#2740 = VERTEX_POINT('',#2741);
#2741 = CARTESIAN_POINT('',(5.,35.9,20.228254402485));
#2742 = CIRCLE('',#2743,1.6);
#2743 = AXIS2_PLACEMENT_3D('',#2744,#2745,#2746);
#2744 = CARTESIAN_POINT('',(5.,35.9,21.828254402485));
#2745 = DIRECTION('',(0.,1.,-2.2E-16));
#2746 = DIRECTION('',(-1.,0.,0.));
#2747 = ORIENTED_EDGE('',*,*,#2748,.T.);
#2748 = EDGE_CURVE('',#2740,#2723,#2749,.T.);
#2749 = LINE('',#2750,#2751);
#2750 = CARTESIAN_POINT('',(19.5,35.9,20.228254402485));
#2751 = VECTOR('',#2752,1.);
#2752 = DIRECTION('',(1.,0.,5.68E-15));
#2753 = PLANE('',#2754);
#2754 = AXIS2_PLACEMENT_3D('',#2755,#2756,#2757);
#2755 = CARTESIAN_POINT('',(24.,35.9,18.678254402485));
#2756 = DIRECTION('',(0.,1.,0.));
#2757 = DIRECTION('',(0.,0.,1.));
#2758 = ADVANCED_FACE('',(#2759),#2765,.F.);
#2759 = FACE_BOUND('',#2760,.F.);
#2760 = EDGE_LOOP('',(#2761,#2762,#2763,#2764));
#2761 = ORIENTED_EDGE('',*,*,#1319,.F.);
#2762 = ORIENTED_EDGE('',*,*,#2712,.T.);
#2763 = ORIENTED_EDGE('',*,*,#1237,.T.);
#2764 = ORIENTED_EDGE('',*,*,#2635,.F.);
#2765 = PLANE('',#2766);
#2766 = AXIS2_PLACEMENT_3D('',#2767,#2768,#2769);
#2767 = CARTESIAN_POINT('',(24.,35.9,24.978254402485));
#2768 = DIRECTION('',(0.,0.,1.));
#2769 = DIRECTION('',(0.,-1.,0.));
#2770 = ADVANCED_FACE('',(#2771),#2787,.F.);
#2771 = FACE_BOUND('',#2772,.F.);
#2772 = EDGE_LOOP('',(#2773,#2774,#2780,#2781));
#2773 = ORIENTED_EDGE('',*,*,#1370,.F.);
#2774 = ORIENTED_EDGE('',*,*,#2775,.T.);
#2775 = EDGE_CURVE('',#1371,#2581,#2776,.T.);
#2776 = LINE('',#2777,#2778);
#2777 = CARTESIAN_POINT('',(15.,38.9,8.188254402485));
#2778 = VECTOR('',#2779,1.);
#2779 = DIRECTION('',(0.,-1.,2.2E-16));
#2780 = ORIENTED_EDGE('',*,*,#2580,.T.);
#2781 = ORIENTED_EDGE('',*,*,#2782,.F.);
#2782 = EDGE_CURVE('',#1373,#2583,#2783,.T.);
#2783 = LINE('',#2784,#2785);
#2784 = CARTESIAN_POINT('',(15.,38.9,4.988254402485));
#2785 = VECTOR('',#2786,1.);
#2786 = DIRECTION('',(0.,-1.,2.2E-16));
#2787 = CYLINDRICAL_SURFACE('',#2788,1.6);
#2788 = AXIS2_PLACEMENT_3D('',#2789,#2790,#2791);
#2789 = CARTESIAN_POINT('',(15.,38.9,6.588254402485));
#2790 = DIRECTION('',(0.,1.,-2.2E-16));
#2791 = DIRECTION('',(-1.,0.,0.));
#2792 = ADVANCED_FACE('',(#2793),#2804,.F.);
#2793 = FACE_BOUND('',#2794,.F.);
#2794 = EDGE_LOOP('',(#2795,#2796,#2797,#2798));
#2795 = ORIENTED_EDGE('',*,*,#1398,.F.);
#2796 = ORIENTED_EDGE('',*,*,#2782,.T.);
#2797 = ORIENTED_EDGE('',*,*,#2608,.F.);
#2798 = ORIENTED_EDGE('',*,*,#2799,.F.);
#2799 = EDGE_CURVE('',#1390,#2600,#2800,.T.);
#2800 = LINE('',#2801,#2802);
#2801 = CARTESIAN_POINT('',(5.,38.9,4.988254402485));
#2802 = VECTOR('',#2803,1.);
#2803 = DIRECTION('',(0.,-1.,2.2E-16));
#2804 = PLANE('',#2805);
#2805 = AXIS2_PLACEMENT_3D('',#2806,#2807,#2808);
#2806 = CARTESIAN_POINT('',(15.,38.9,4.988254402485));
#2807 = DIRECTION('',(5.95E-15,-2.2E-16,-1.));
#2808 = DIRECTION('',(-1.,0.,-5.95E-15));
#2809 = ADVANCED_FACE('',(#2810),#2821,.F.);
#2810 = FACE_BOUND('',#2811,.F.);
#2811 = EDGE_LOOP('',(#2812,#2813,#2814,#2815));
#2812 = ORIENTED_EDGE('',*,*,#1389,.F.);
#2813 = ORIENTED_EDGE('',*,*,#2799,.T.);
#2814 = ORIENTED_EDGE('',*,*,#2599,.T.);
#2815 = ORIENTED_EDGE('',*,*,#2816,.F.);
#2816 = EDGE_CURVE('',#1382,#2592,#2817,.T.);
#2817 = LINE('',#2818,#2819);
#2818 = CARTESIAN_POINT('',(5.,38.9,8.188254402485));
#2819 = VECTOR('',#2820,1.);
#2820 = DIRECTION('',(0.,-1.,2.2E-16));
#2821 = CYLINDRICAL_SURFACE('',#2822,1.6);
#2822 = AXIS2_PLACEMENT_3D('',#2823,#2824,#2825);
#2823 = CARTESIAN_POINT('',(5.,38.9,6.588254402485));
#2824 = DIRECTION('',(0.,1.,-2.2E-16));
#2825 = DIRECTION('',(-1.,0.,0.));
#2826 = ADVANCED_FACE('',(#2827),#2833,.T.);
#2827 = FACE_BOUND('',#2828,.T.);
#2828 = EDGE_LOOP('',(#2829,#2830,#2831,#2832));
#2829 = ORIENTED_EDGE('',*,*,#1381,.F.);
#2830 = ORIENTED_EDGE('',*,*,#2775,.T.);
#2831 = ORIENTED_EDGE('',*,*,#2591,.F.);
#2832 = ORIENTED_EDGE('',*,*,#2816,.F.);
#2833 = PLANE('',#2834);
#2834 = AXIS2_PLACEMENT_3D('',#2835,#2836,#2837);
#2835 = CARTESIAN_POINT('',(15.,38.9,8.188254402485));
#2836 = DIRECTION('',(-0.,-2.2E-16,-1.));
#2837 = DIRECTION('',(-1.,0.,0.));
#2838 = ADVANCED_FACE('',(#2839),#2855,.F.);
#2839 = FACE_BOUND('',#2840,.F.);
#2840 = EDGE_LOOP('',(#2841,#2842,#2848,#2849));
#2841 = ORIENTED_EDGE('',*,*,#1406,.F.);
#2842 = ORIENTED_EDGE('',*,*,#2843,.T.);
#2843 = EDGE_CURVE('',#1407,#2721,#2844,.T.);
#2844 = LINE('',#2845,#2846);
#2845 = CARTESIAN_POINT('',(15.,38.9,23.428254402485));
#2846 = VECTOR('',#2847,1.);
#2847 = DIRECTION('',(0.,-1.,2.2E-16));
#2848 = ORIENTED_EDGE('',*,*,#2720,.T.);
#2849 = ORIENTED_EDGE('',*,*,#2850,.F.);
#2850 = EDGE_CURVE('',#1409,#2723,#2851,.T.);
#2851 = LINE('',#2852,#2853);
#2852 = CARTESIAN_POINT('',(15.,38.9,20.228254402485));
#2853 = VECTOR('',#2854,1.);
#2854 = DIRECTION('',(0.,-1.,2.2E-16));
#2855 = CYLINDRICAL_SURFACE('',#2856,1.6);
#2856 = AXIS2_PLACEMENT_3D('',#2857,#2858,#2859);
#2857 = CARTESIAN_POINT('',(15.,38.9,21.828254402485));
#2858 = DIRECTION('',(0.,1.,-2.2E-16));
#2859 = DIRECTION('',(-1.,0.,0.));
#2860 = ADVANCED_FACE('',(#2861),#2872,.F.);
#2861 = FACE_BOUND('',#2862,.F.);
#2862 = EDGE_LOOP('',(#2863,#2864,#2865,#2866));
#2863 = ORIENTED_EDGE('',*,*,#1434,.F.);
#2864 = ORIENTED_EDGE('',*,*,#2850,.T.);
#2865 = ORIENTED_EDGE('',*,*,#2748,.F.);
#2866 = ORIENTED_EDGE('',*,*,#2867,.F.);
#2867 = EDGE_CURVE('',#1426,#2740,#2868,.T.);
#2868 = LINE('',#2869,#2870);
#2869 = CARTESIAN_POINT('',(5.,38.9,20.228254402485));
#2870 = VECTOR('',#2871,1.);
#2871 = DIRECTION('',(0.,-1.,2.2E-16));
#2872 = PLANE('',#2873);
#2873 = AXIS2_PLACEMENT_3D('',#2874,#2875,#2876);
#2874 = CARTESIAN_POINT('',(15.,38.9,20.228254402485));
#2875 = DIRECTION('',(5.68E-15,-2.2E-16,-1.));
#2876 = DIRECTION('',(-1.,0.,-5.68E-15));
#2877 = ADVANCED_FACE('',(#2878),#2889,.F.);
#2878 = FACE_BOUND('',#2879,.F.);
#2879 = EDGE_LOOP('',(#2880,#2881,#2882,#2883));
#2880 = ORIENTED_EDGE('',*,*,#1425,.F.);
#2881 = ORIENTED_EDGE('',*,*,#2867,.T.);
#2882 = ORIENTED_EDGE('',*,*,#2739,.T.);
#2883 = ORIENTED_EDGE('',*,*,#2884,.F.);
#2884 = EDGE_CURVE('',#1418,#2732,#2885,.T.);
#2885 = LINE('',#2886,#2887);
#2886 = CARTESIAN_POINT('',(5.,38.9,23.428254402485));
#2887 = VECTOR('',#2888,1.);
#2888 = DIRECTION('',(0.,-1.,2.2E-16));
#2889 = CYLINDRICAL_SURFACE('',#2890,1.6);
#2890 = AXIS2_PLACEMENT_3D('',#2891,#2892,#2893);
#2891 = CARTESIAN_POINT('',(5.,38.9,21.828254402485));
#2892 = DIRECTION('',(0.,1.,-2.2E-16));
#2893 = DIRECTION('',(-1.,0.,0.));
#2894 = ADVANCED_FACE('',(#2895),#2901,.T.);
#2895 = FACE_BOUND('',#2896,.T.);
#2896 = EDGE_LOOP('',(#2897,#2898,#2899,#2900));
#2897 = ORIENTED_EDGE('',*,*,#1417,.F.);
#2898 = ORIENTED_EDGE('',*,*,#2843,.T.);
#2899 = ORIENTED_EDGE('',*,*,#2731,.F.);
#2900 = ORIENTED_EDGE('',*,*,#2884,.F.);
#2901 = PLANE('',#2902);
#2902 = AXIS2_PLACEMENT_3D('',#2903,#2904,#2905);
#2903 = CARTESIAN_POINT('',(15.,38.9,23.428254402485));
#2904 = DIRECTION('',(-0.,-2.2E-16,-1.));
#2905 = DIRECTION('',(-1.,0.,0.));
#2906 = ADVANCED_FACE('',(#2907,#2910),#2921,.T.);
#2907 = FACE_BOUND('',#2908,.T.);
#2908 = EDGE_LOOP('',(#2909));
#2909 = ORIENTED_EDGE('',*,*,#1508,.T.);
#2910 = FACE_BOUND('',#2911,.T.);
#2911 = EDGE_LOOP('',(#2912));
#2912 = ORIENTED_EDGE('',*,*,#2913,.F.);
#2913 = EDGE_CURVE('',#2914,#2914,#2916,.T.);
#2914 = VERTEX_POINT('',#2915);
#2915 = CARTESIAN_POINT('',(4.2,9.45,3.6));
#2916 = CIRCLE('',#2917,1.7);
#2917 = AXIS2_PLACEMENT_3D('',#2918,#2919,#2920);
#2918 = CARTESIAN_POINT('',(2.5,9.45,3.6));
#2919 = DIRECTION('',(0.,0.,1.));
#2920 = DIRECTION('',(1.,0.,0.));
#2921 = PLANE('',#2922);
#2922 = AXIS2_PLACEMENT_3D('',#2923,#2924,#2925);
#2923 = CARTESIAN_POINT('',(2.5,9.45,3.6));
#2924 = DIRECTION('',(0.,0.,1.));
#2925 = DIRECTION('',(1.,0.,0.));
#2926 = ADVANCED_FACE('',(#2927,#2930),#2941,.T.);
#2927 = FACE_BOUND('',#2928,.T.);
#2928 = EDGE_LOOP('',(#2929));
#2929 = ORIENTED_EDGE('',*,*,#1534,.T.);
#2930 = FACE_BOUND('',#2931,.T.);
#2931 = EDGE_LOOP('',(#2932));
#2932 = ORIENTED_EDGE('',*,*,#2933,.F.);
#2933 = EDGE_CURVE('',#2934,#2934,#2936,.T.);
#2934 = VERTEX_POINT('',#2935);
#2935 = CARTESIAN_POINT('',(19.2,9.45,3.6));
#2936 = CIRCLE('',#2937,1.7);
#2937 = AXIS2_PLACEMENT_3D('',#2938,#2939,#2940);
#2938 = CARTESIAN_POINT('',(17.5,9.45,3.6));
#2939 = DIRECTION('',(0.,0.,1.));
#2940 = DIRECTION('',(1.,0.,0.));
#2941 = PLANE('',#2942);
#2942 = AXIS2_PLACEMENT_3D('',#2943,#2944,#2945);
#2943 = CARTESIAN_POINT('',(17.5,9.45,3.6));
#2944 = DIRECTION('',(0.,0.,1.));
#2945 = DIRECTION('',(1.,0.,0.));
#2946 = ADVANCED_FACE('',(#2947,#2950),#2961,.T.);
#2947 = FACE_BOUND('',#2948,.T.);
#2948 = EDGE_LOOP('',(#2949));
#2949 = ORIENTED_EDGE('',*,*,#1577,.T.);
#2950 = FACE_BOUND('',#2951,.T.);
#2951 = EDGE_LOOP('',(#2952));
#2952 = ORIENTED_EDGE('',*,*,#2953,.F.);
#2953 = EDGE_CURVE('',#2954,#2954,#2956,.T.);
#2954 = VERTEX_POINT('',#2955);
#2955 = CARTESIAN_POINT('',(4.2,19.45,3.6));
#2956 = CIRCLE('',#2957,1.7);
#2957 = AXIS2_PLACEMENT_3D('',#2958,#2959,#2960);
#2958 = CARTESIAN_POINT('',(2.5,19.45,3.6));
#2959 = DIRECTION('',(0.,0.,1.));
#2960 = DIRECTION('',(1.,0.,0.));
#2961 = PLANE('',#2962);
#2962 = AXIS2_PLACEMENT_3D('',#2963,#2964,#2965);
#2963 = CARTESIAN_POINT('',(2.5,19.45,3.6));
#2964 = DIRECTION('',(0.,0.,1.));
#2965 = DIRECTION('',(1.,0.,0.));
#2966 = ADVANCED_FACE('',(#2967,#2970),#2981,.T.);
#2967 = FACE_BOUND('',#2968,.T.);
#2968 = EDGE_LOOP('',(#2969));
#2969 = ORIENTED_EDGE('',*,*,#1603,.T.);
#2970 = FACE_BOUND('',#2971,.T.);
#2971 = EDGE_LOOP('',(#2972));
#2972 = ORIENTED_EDGE('',*,*,#2973,.F.);
#2973 = EDGE_CURVE('',#2974,#2974,#2976,.T.);
#2974 = VERTEX_POINT('',#2975);
#2975 = CARTESIAN_POINT('',(19.2,19.45,3.6));
#2976 = CIRCLE('',#2977,1.7);
#2977 = AXIS2_PLACEMENT_3D('',#2978,#2979,#2980);
#2978 = CARTESIAN_POINT('',(17.5,19.45,3.6));
#2979 = DIRECTION('',(0.,0.,1.));
#2980 = DIRECTION('',(1.,0.,0.));
#2981 = PLANE('',#2982);
#2982 = AXIS2_PLACEMENT_3D('',#2983,#2984,#2985);
#2983 = CARTESIAN_POINT('',(17.5,19.45,3.6));
#2984 = DIRECTION('',(0.,0.,1.));
#2985 = DIRECTION('',(1.,0.,0.));
#2986 = ADVANCED_FACE('',(#2987),#2998,.F.);
#2987 = FACE_BOUND('',#2988,.T.);
#2988 = EDGE_LOOP('',(#2989,#2995,#2996,#2997));
#2989 = ORIENTED_EDGE('',*,*,#2990,.F.);
#2990 = EDGE_CURVE('',#2914,#1651,#2991,.T.);
#2991 = LINE('',#2992,#2993);
#2992 = CARTESIAN_POINT('',(4.2,9.45,3.6));
#2993 = VECTOR('',#2994,1.);
#2994 = DIRECTION('',(-6.E-17,0.,-1.));
#2995 = ORIENTED_EDGE('',*,*,#2913,.T.);
#2996 = ORIENTED_EDGE('',*,*,#2990,.T.);
#2997 = ORIENTED_EDGE('',*,*,#1650,.T.);
#2998 = CYLINDRICAL_SURFACE('',#2999,1.7);
#2999 = AXIS2_PLACEMENT_3D('',#3000,#3001,#3002);
#3000 = CARTESIAN_POINT('',(2.5,9.45,3.6));
#3001 = DIRECTION('',(-0.,-0.,-1.));
#3002 = DIRECTION('',(1.,0.,0.));
#3003 = ADVANCED_FACE('',(#3004),#3015,.F.);
#3004 = FACE_BOUND('',#3005,.T.);
#3005 = EDGE_LOOP('',(#3006,#3012,#3013,#3014));
#3006 = ORIENTED_EDGE('',*,*,#3007,.F.);
#3007 = EDGE_CURVE('',#2954,#1662,#3008,.T.);
#3008 = LINE('',#3009,#3010);
#3009 = CARTESIAN_POINT('',(4.2,19.45,3.6));
#3010 = VECTOR('',#3011,1.);
#3011 = DIRECTION('',(-6.E-17,0.,-1.));
#3012 = ORIENTED_EDGE('',*,*,#2953,.T.);
#3013 = ORIENTED_EDGE('',*,*,#3007,.T.);
#3014 = ORIENTED_EDGE('',*,*,#1661,.T.);
#3015 = CYLINDRICAL_SURFACE('',#3016,1.7);
#3016 = AXIS2_PLACEMENT_3D('',#3017,#3018,#3019);
#3017 = CARTESIAN_POINT('',(2.5,19.45,3.6));
#3018 = DIRECTION('',(-0.,-0.,-1.));
#3019 = DIRECTION('',(1.,0.,0.));
#3020 = ADVANCED_FACE('',(#3021),#3032,.F.);
#3021 = FACE_BOUND('',#3022,.T.);
#3022 = EDGE_LOOP('',(#3023,#3029,#3030,#3031));
#3023 = ORIENTED_EDGE('',*,*,#3024,.F.);
#3024 = EDGE_CURVE('',#2934,#1673,#3025,.T.);
#3025 = LINE('',#3026,#3027);
#3026 = CARTESIAN_POINT('',(19.2,9.45,3.6));
#3027 = VECTOR('',#3028,1.);
#3028 = DIRECTION('',(-6.E-17,0.,-1.));
#3029 = ORIENTED_EDGE('',*,*,#2933,.T.);
#3030 = ORIENTED_EDGE('',*,*,#3024,.T.);
#3031 = ORIENTED_EDGE('',*,*,#1672,.T.);
#3032 = CYLINDRICAL_SURFACE('',#3033,1.7);
#3033 = AXIS2_PLACEMENT_3D('',#3034,#3035,#3036);
#3034 = CARTESIAN_POINT('',(17.5,9.45,3.6));
#3035 = DIRECTION('',(-0.,-0.,-1.));
#3036 = DIRECTION('',(1.,0.,0.));
#3037 = ADVANCED_FACE('',(#3038),#3049,.F.);
#3038 = FACE_BOUND('',#3039,.T.);
#3039 = EDGE_LOOP('',(#3040,#3046,#3047,#3048));
#3040 = ORIENTED_EDGE('',*,*,#3041,.F.);
#3041 = EDGE_CURVE('',#2974,#1684,#3042,.T.);
#3042 = LINE('',#3043,#3044);
#3043 = CARTESIAN_POINT('',(19.2,19.45,3.6));
#3044 = VECTOR('',#3045,1.);
#3045 = DIRECTION('',(-6.E-17,0.,-1.));
#3046 = ORIENTED_EDGE('',*,*,#2973,.T.);
#3047 = ORIENTED_EDGE('',*,*,#3041,.T.);
#3048 = ORIENTED_EDGE('',*,*,#1683,.T.);
#3049 = CYLINDRICAL_SURFACE('',#3050,1.7);
#3050 = AXIS2_PLACEMENT_3D('',#3051,#3052,#3053);
#3051 = CARTESIAN_POINT('',(17.5,19.45,3.6));
#3052 = DIRECTION('',(-0.,-0.,-1.));
#3053 = DIRECTION('',(1.,0.,0.));
#3054 = ADVANCED_FACE('',(#3055),#3065,.F.);
#3055 = FACE_BOUND('',#3056,.T.);
#3056 = EDGE_LOOP('',(#3057,#3058,#3063,#3064));
#3057 = ORIENTED_EDGE('',*,*,#1711,.T.);
#3058 = ORIENTED_EDGE('',*,*,#3059,.T.);
#3059 = EDGE_CURVE('',#1712,#2463,#3060,.T.);
#3060 = B_SPLINE_CURVE_WITH_KNOTS('',1,(#3061,#3062),.UNSPECIFIED.,.F.,
  .F.,(2,2),(-15.,5.4),.PIECEWISE_BEZIER_KNOTS.);
#3061 = CARTESIAN_POINT('',(49.,14.45,12.));
#3062 = CARTESIAN_POINT('',(28.6,14.45,12.));
#3063 = ORIENTED_EDGE('',*,*,#2462,.F.);
#3064 = ORIENTED_EDGE('',*,*,#3059,.F.);
#3065 = CYLINDRICAL_SURFACE('',#3066,5.);
#3066 = AXIS2_PLACEMENT_3D('',#3067,#3068,#3069);
#3067 = CARTESIAN_POINT('',(34.,14.45,17.));
#3068 = DIRECTION('',(-1.,-0.,-0.));
#3069 = DIRECTION('',(0.,0.,-1.));
#3070 = ADVANCED_FACE('',(#3071),#3092,.F.);
#3071 = FACE_BOUND('',#3072,.F.);
#3072 = EDGE_LOOP('',(#3073,#3074,#3080,#3086));
#3073 = ORIENTED_EDGE('',*,*,#1722,.F.);
#3074 = ORIENTED_EDGE('',*,*,#3075,.T.);
#3075 = EDGE_CURVE('',#1723,#1944,#3076,.T.);
#3076 = LINE('',#3077,#3078);
#3077 = CARTESIAN_POINT('',(49.,22.450000000021,37.1));
#3078 = VECTOR('',#3079,1.);
#3079 = DIRECTION('',(-1.,-0.,-0.));
#3080 = ORIENTED_EDGE('',*,*,#3081,.T.);
#3081 = EDGE_CURVE('',#1944,#1982,#3082,.T.);
#3082 = LINE('',#3083,#3084);
#3083 = CARTESIAN_POINT('',(45.5,28.9,37.1));
#3084 = VECTOR('',#3085,1.);
#3085 = DIRECTION('',(0.,-1.,2.2E-16));
#3086 = ORIENTED_EDGE('',*,*,#3087,.F.);
#3087 = EDGE_CURVE('',#1725,#1982,#3088,.T.);
#3088 = LINE('',#3089,#3090);
#3089 = CARTESIAN_POINT('',(49.,6.45,37.1));
#3090 = VECTOR('',#3091,1.);
#3091 = DIRECTION('',(-1.,-0.,-0.));
#3092 = PLANE('',#3093);
#3093 = AXIS2_PLACEMENT_3D('',#3094,#3095,#3096);
#3094 = CARTESIAN_POINT('',(49.,22.450000000021,37.1));
#3095 = DIRECTION('',(0.,0.,1.));
#3096 = DIRECTION('',(0.,-1.,0.));
#3097 = ADVANCED_FACE('',(#3098),#3109,.F.);
#3098 = FACE_BOUND('',#3099,.F.);
#3099 = EDGE_LOOP('',(#3100,#3101,#3102,#3103));
#3100 = ORIENTED_EDGE('',*,*,#1748,.F.);
#3101 = ORIENTED_EDGE('',*,*,#3087,.T.);
#3102 = ORIENTED_EDGE('',*,*,#2428,.T.);
#3103 = ORIENTED_EDGE('',*,*,#3104,.F.);
#3104 = EDGE_CURVE('',#1741,#2075,#3105,.T.);
#3105 = LINE('',#3106,#3107);
#3106 = CARTESIAN_POINT('',(49.,6.45,33.1));
#3107 = VECTOR('',#3108,1.);
#3108 = DIRECTION('',(-1.,-0.,-0.));
#3109 = PLANE('',#3110);
#3110 = AXIS2_PLACEMENT_3D('',#3111,#3112,#3113);
#3111 = CARTESIAN_POINT('',(49.,6.45,37.1));
#3112 = DIRECTION('',(0.,-1.,0.));
#3113 = DIRECTION('',(0.,0.,-1.));
#3114 = ADVANCED_FACE('',(#3115),#3131,.F.);
#3115 = FACE_BOUND('',#3116,.F.);
#3116 = EDGE_LOOP('',(#3117,#3118,#3119,#3125));
#3117 = ORIENTED_EDGE('',*,*,#1740,.F.);
#3118 = ORIENTED_EDGE('',*,*,#3104,.T.);
#3119 = ORIENTED_EDGE('',*,*,#3120,.F.);
#3120 = EDGE_CURVE('',#1952,#2075,#3121,.T.);
#3121 = LINE('',#3122,#3123);
#3122 = CARTESIAN_POINT('',(45.5,28.9,33.1));
#3123 = VECTOR('',#3124,1.);
#3124 = DIRECTION('',(0.,-1.,2.2E-16));
#3125 = ORIENTED_EDGE('',*,*,#3126,.F.);
#3126 = EDGE_CURVE('',#1733,#1952,#3127,.T.);
#3127 = LINE('',#3128,#3129);
#3128 = CARTESIAN_POINT('',(49.,22.450000000021,33.1));
#3129 = VECTOR('',#3130,1.);
#3130 = DIRECTION('',(-1.,-0.,-0.));
#3131 = PLANE('',#3132);
#3132 = AXIS2_PLACEMENT_3D('',#3133,#3134,#3135);
#3133 = CARTESIAN_POINT('',(49.,6.45,33.1));
#3134 = DIRECTION('',(0.,0.,-1.));
#3135 = DIRECTION('',(0.,1.,0.));
#3136 = ADVANCED_FACE('',(#3137),#3143,.F.);
#3137 = FACE_BOUND('',#3138,.F.);
#3138 = EDGE_LOOP('',(#3139,#3140,#3141,#3142));
#3139 = ORIENTED_EDGE('',*,*,#1732,.F.);
#3140 = ORIENTED_EDGE('',*,*,#3126,.T.);
#3141 = ORIENTED_EDGE('',*,*,#1951,.T.);
#3142 = ORIENTED_EDGE('',*,*,#3075,.F.);
#3143 = PLANE('',#3144);
#3144 = AXIS2_PLACEMENT_3D('',#3145,#3146,#3147);
#3145 = CARTESIAN_POINT('',(49.,22.450000000021,33.1));
#3146 = DIRECTION('',(0.,1.,0.));
#3147 = DIRECTION('',(0.,0.,1.));
#3148 = ADVANCED_FACE('',(#3149),#3168,.F.);
#3149 = FACE_BOUND('',#3150,.F.);
#3150 = EDGE_LOOP('',(#3151,#3159,#3166,#3167));
#3151 = ORIENTED_EDGE('',*,*,#3152,.T.);
#3152 = EDGE_CURVE('',#1757,#3153,#3155,.T.);
#3153 = VERTEX_POINT('',#3154);
#3154 = CARTESIAN_POINT('',(48.,15.95,44.35));
#3155 = LINE('',#3156,#3157);
#3156 = CARTESIAN_POINT('',(49.,15.95,44.35));
#3157 = VECTOR('',#3158,1.);
#3158 = DIRECTION('',(-1.,-0.,-0.));
#3159 = ORIENTED_EDGE('',*,*,#3160,.T.);
#3160 = EDGE_CURVE('',#3153,#3153,#3161,.T.);
#3161 = CIRCLE('',#3162,1.5);
#3162 = AXIS2_PLACEMENT_3D('',#3163,#3164,#3165);
#3163 = CARTESIAN_POINT('',(48.,14.45,44.35));
#3164 = DIRECTION('',(1.,0.,0.));
#3165 = DIRECTION('',(0.,1.,0.));
#3166 = ORIENTED_EDGE('',*,*,#3152,.F.);
#3167 = ORIENTED_EDGE('',*,*,#1756,.F.);
#3168 = CYLINDRICAL_SURFACE('',#3169,1.5);
#3169 = AXIS2_PLACEMENT_3D('',#3170,#3171,#3172);
#3170 = CARTESIAN_POINT('',(49.,14.45,44.35));
#3171 = DIRECTION('',(1.,0.,0.));
#3172 = DIRECTION('',(0.,1.,0.));
#3173 = ADVANCED_FACE('',(#3174),#3190,.F.);
#3174 = FACE_BOUND('',#3175,.F.);
#3175 = EDGE_LOOP('',(#3176,#3177,#3183,#3184));
#3176 = ORIENTED_EDGE('',*,*,#1767,.F.);
#3177 = ORIENTED_EDGE('',*,*,#3178,.T.);
#3178 = EDGE_CURVE('',#1768,#2191,#3179,.T.);
#3179 = LINE('',#3180,#3181);
#3180 = CARTESIAN_POINT('',(49.,6.45,55.6));
#3181 = VECTOR('',#3182,1.);
#3182 = DIRECTION('',(-1.,-0.,-0.));
#3183 = ORIENTED_EDGE('',*,*,#2445,.T.);
#3184 = ORIENTED_EDGE('',*,*,#3185,.F.);
#3185 = EDGE_CURVE('',#1770,#2284,#3186,.T.);
#3186 = LINE('',#3187,#3188);
#3187 = CARTESIAN_POINT('',(49.,6.45,51.6));
#3188 = VECTOR('',#3189,1.);
#3189 = DIRECTION('',(-1.,-0.,-0.));
#3190 = PLANE('',#3191);
#3191 = AXIS2_PLACEMENT_3D('',#3192,#3193,#3194);
#3192 = CARTESIAN_POINT('',(49.,6.45,55.6));
#3193 = DIRECTION('',(0.,-1.,0.));
#3194 = DIRECTION('',(0.,0.,-1.));
#3195 = ADVANCED_FACE('',(#3196),#3212,.F.);
#3196 = FACE_BOUND('',#3197,.F.);
#3197 = EDGE_LOOP('',(#3198,#3199,#3200,#3206));
#3198 = ORIENTED_EDGE('',*,*,#1793,.F.);
#3199 = ORIENTED_EDGE('',*,*,#3185,.T.);
#3200 = ORIENTED_EDGE('',*,*,#3201,.F.);
#3201 = EDGE_CURVE('',#2161,#2284,#3202,.T.);
#3202 = LINE('',#3203,#3204);
#3203 = CARTESIAN_POINT('',(45.500000000011,28.9,51.6));
#3204 = VECTOR('',#3205,1.);
#3205 = DIRECTION('',(0.,-1.,2.2E-16));
#3206 = ORIENTED_EDGE('',*,*,#3207,.F.);
#3207 = EDGE_CURVE('',#1786,#2161,#3208,.T.);
#3208 = LINE('',#3209,#3210);
#3209 = CARTESIAN_POINT('',(49.,22.45,51.6));
#3210 = VECTOR('',#3211,1.);
#3211 = DIRECTION('',(-1.,-0.,-0.));
#3212 = PLANE('',#3213);
#3213 = AXIS2_PLACEMENT_3D('',#3214,#3215,#3216);
#3214 = CARTESIAN_POINT('',(49.,6.45,51.6));
#3215 = DIRECTION('',(0.,0.,-1.));
#3216 = DIRECTION('',(0.,1.,0.));
#3217 = ADVANCED_FACE('',(#3218),#3229,.F.);
#3218 = FACE_BOUND('',#3219,.F.);
#3219 = EDGE_LOOP('',(#3220,#3221,#3222,#3223));
#3220 = ORIENTED_EDGE('',*,*,#1785,.F.);
#3221 = ORIENTED_EDGE('',*,*,#3207,.T.);
#3222 = ORIENTED_EDGE('',*,*,#2160,.T.);
#3223 = ORIENTED_EDGE('',*,*,#3224,.F.);
#3224 = EDGE_CURVE('',#1778,#2153,#3225,.T.);
#3225 = LINE('',#3226,#3227);
#3226 = CARTESIAN_POINT('',(49.,22.45,55.6));
#3227 = VECTOR('',#3228,1.);
#3228 = DIRECTION('',(-1.,-0.,-0.));
#3229 = PLANE('',#3230);
#3230 = AXIS2_PLACEMENT_3D('',#3231,#3232,#3233);
#3231 = CARTESIAN_POINT('',(49.,22.45,51.6));
#3232 = DIRECTION('',(0.,1.,0.));
#3233 = DIRECTION('',(0.,0.,1.));
#3234 = ADVANCED_FACE('',(#3235),#3246,.F.);
#3235 = FACE_BOUND('',#3236,.F.);
#3236 = EDGE_LOOP('',(#3237,#3238,#3239,#3245));
#3237 = ORIENTED_EDGE('',*,*,#1777,.F.);
#3238 = ORIENTED_EDGE('',*,*,#3224,.T.);
#3239 = ORIENTED_EDGE('',*,*,#3240,.T.);
#3240 = EDGE_CURVE('',#2153,#2191,#3241,.T.);
#3241 = LINE('',#3242,#3243);
#3242 = CARTESIAN_POINT('',(45.500000000011,28.9,55.6));
#3243 = VECTOR('',#3244,1.);
#3244 = DIRECTION('',(0.,-1.,2.2E-16));
#3245 = ORIENTED_EDGE('',*,*,#3178,.F.);
#3246 = PLANE('',#3247);
#3247 = AXIS2_PLACEMENT_3D('',#3248,#3249,#3250);
#3248 = CARTESIAN_POINT('',(49.,22.45,55.6));
#3249 = DIRECTION('',(0.,0.,1.));
#3250 = DIRECTION('',(0.,-1.,0.));
#3251 = ADVANCED_FACE('',(#3252),#3268,.F.);
#3252 = FACE_BOUND('',#3253,.F.);
#3253 = EDGE_LOOP('',(#3254,#3255,#3261,#3262));
#3254 = ORIENTED_EDGE('',*,*,#1818,.F.);
#3255 = ORIENTED_EDGE('',*,*,#3256,.T.);
#3256 = EDGE_CURVE('',#1819,#2224,#3257,.T.);
#3257 = LINE('',#3258,#3259);
#3258 = CARTESIAN_POINT('',(30.999999999995,16.950000000001,71.1));
#3259 = VECTOR('',#3260,1.);
#3260 = DIRECTION('',(-0.,-0.,-1.));
#3261 = ORIENTED_EDGE('',*,*,#2223,.T.);
#3262 = ORIENTED_EDGE('',*,*,#3263,.F.);
#3263 = EDGE_CURVE('',#1821,#2226,#3264,.T.);
#3264 = LINE('',#3265,#3266);
#3265 = CARTESIAN_POINT('',(31.,11.95,71.1));
#3266 = VECTOR('',#3267,1.);
#3267 = DIRECTION('',(-0.,-0.,-1.));
#3268 = CYLINDRICAL_SURFACE('',#3269,2.5);
#3269 = AXIS2_PLACEMENT_3D('',#3270,#3271,#3272);
#3270 = CARTESIAN_POINT('',(31.,14.45,71.1));
#3271 = DIRECTION('',(0.,0.,1.));
#3272 = DIRECTION('',(1.,0.,0.));
#3273 = ADVANCED_FACE('',(#3274),#3285,.F.);
#3274 = FACE_BOUND('',#3275,.F.);
#3275 = EDGE_LOOP('',(#3276,#3277,#3278,#3279));
#3276 = ORIENTED_EDGE('',*,*,#1846,.F.);
#3277 = ORIENTED_EDGE('',*,*,#3263,.T.);
#3278 = ORIENTED_EDGE('',*,*,#2251,.T.);
#3279 = ORIENTED_EDGE('',*,*,#3280,.F.);
#3280 = EDGE_CURVE('',#1838,#2243,#3281,.T.);
#3281 = LINE('',#3282,#3283);
#3282 = CARTESIAN_POINT('',(36.000000000001,11.95,71.1));
#3283 = VECTOR('',#3284,1.);
#3284 = DIRECTION('',(-0.,-0.,-1.));
#3285 = PLANE('',#3286);
#3286 = AXIS2_PLACEMENT_3D('',#3287,#3288,#3289);
#3287 = CARTESIAN_POINT('',(31.,11.95,71.1));
#3288 = DIRECTION('',(0.,-1.,0.));
#3289 = DIRECTION('',(1.,0.,0.));
#3290 = ADVANCED_FACE('',(#3291),#3302,.F.);
#3291 = FACE_BOUND('',#3292,.F.);
#3292 = EDGE_LOOP('',(#3293,#3294,#3295,#3296));
#3293 = ORIENTED_EDGE('',*,*,#1837,.F.);
#3294 = ORIENTED_EDGE('',*,*,#3280,.T.);
#3295 = ORIENTED_EDGE('',*,*,#2242,.T.);
#3296 = ORIENTED_EDGE('',*,*,#3297,.F.);
#3297 = EDGE_CURVE('',#1830,#2235,#3298,.T.);
#3298 = LINE('',#3299,#3300);
#3299 = CARTESIAN_POINT('',(36.000000000001,16.950000000001,71.1));
#3300 = VECTOR('',#3301,1.);
#3301 = DIRECTION('',(-0.,-0.,-1.));
#3302 = CYLINDRICAL_SURFACE('',#3303,2.5);
#3303 = AXIS2_PLACEMENT_3D('',#3304,#3305,#3306);
#3304 = CARTESIAN_POINT('',(36.000000000001,14.45,71.1));
#3305 = DIRECTION('',(0.,0.,1.));
#3306 = DIRECTION('',(1.,0.,0.));
#3307 = ADVANCED_FACE('',(#3308),#3314,.T.);
#3308 = FACE_BOUND('',#3309,.T.);
#3309 = EDGE_LOOP('',(#3310,#3311,#3312,#3313));
#3310 = ORIENTED_EDGE('',*,*,#1829,.F.);
#3311 = ORIENTED_EDGE('',*,*,#3256,.T.);
#3312 = ORIENTED_EDGE('',*,*,#2234,.T.);
#3313 = ORIENTED_EDGE('',*,*,#3297,.F.);
#3314 = PLANE('',#3315);
#3315 = AXIS2_PLACEMENT_3D('',#3316,#3317,#3318);
#3316 = CARTESIAN_POINT('',(30.999999999995,16.950000000002,71.1));
#3317 = DIRECTION('',(2.984E-14,-1.,0.));
#3318 = DIRECTION('',(1.,2.984E-14,0.));
#3319 = ADVANCED_FACE('',(#3320),#3336,.F.);
#3320 = FACE_BOUND('',#3321,.F.);
#3321 = EDGE_LOOP('',(#3322,#3323,#3329,#3330));
#3322 = ORIENTED_EDGE('',*,*,#2316,.F.);
#3323 = ORIENTED_EDGE('',*,*,#3324,.T.);
#3324 = EDGE_CURVE('',#2309,#1889,#3325,.T.);
#3325 = LINE('',#3326,#3327);
#3326 = CARTESIAN_POINT('',(30.999999999995,16.950000000001,71.1));
#3327 = VECTOR('',#3328,1.);
#3328 = DIRECTION('',(-0.,-0.,-1.));
#3329 = ORIENTED_EDGE('',*,*,#1888,.T.);
#3330 = ORIENTED_EDGE('',*,*,#3331,.F.);
#3331 = EDGE_CURVE('',#2317,#1891,#3332,.T.);
#3332 = LINE('',#3333,#3334);
#3333 = CARTESIAN_POINT('',(31.,11.95,71.1));
#3334 = VECTOR('',#3335,1.);
#3335 = DIRECTION('',(-0.,-0.,-1.));
#3336 = CYLINDRICAL_SURFACE('',#3337,2.5);
#3337 = AXIS2_PLACEMENT_3D('',#3338,#3339,#3340);
#3338 = CARTESIAN_POINT('',(31.,14.45,71.1));
#3339 = DIRECTION('',(0.,0.,1.));
#3340 = DIRECTION('',(1.,0.,0.));
#3341 = ADVANCED_FACE('',(#3342),#3353,.F.);
#3342 = FACE_BOUND('',#3343,.F.);
#3343 = EDGE_LOOP('',(#3344,#3345,#3346,#3347));
#3344 = ORIENTED_EDGE('',*,*,#2325,.T.);
#3345 = ORIENTED_EDGE('',*,*,#3331,.T.);
#3346 = ORIENTED_EDGE('',*,*,#1916,.T.);
#3347 = ORIENTED_EDGE('',*,*,#3348,.F.);
#3348 = EDGE_CURVE('',#2326,#1908,#3349,.T.);
#3349 = LINE('',#3350,#3351);
#3350 = CARTESIAN_POINT('',(36.000000000001,11.95,71.1));
#3351 = VECTOR('',#3352,1.);
#3352 = DIRECTION('',(-0.,-0.,-1.));
#3353 = PLANE('',#3354);
#3354 = AXIS2_PLACEMENT_3D('',#3355,#3356,#3357);
#3355 = CARTESIAN_POINT('',(31.,11.95,71.1));
#3356 = DIRECTION('',(0.,-1.,0.));
#3357 = DIRECTION('',(1.,0.,0.));
#3358 = ADVANCED_FACE('',(#3359),#3370,.F.);
#3359 = FACE_BOUND('',#3360,.F.);
#3360 = EDGE_LOOP('',(#3361,#3362,#3363,#3364));
#3361 = ORIENTED_EDGE('',*,*,#2333,.F.);
#3362 = ORIENTED_EDGE('',*,*,#3348,.T.);
#3363 = ORIENTED_EDGE('',*,*,#1907,.T.);
#3364 = ORIENTED_EDGE('',*,*,#3365,.F.);
#3365 = EDGE_CURVE('',#2307,#1900,#3366,.T.);
#3366 = LINE('',#3367,#3368);
#3367 = CARTESIAN_POINT('',(36.000000000001,16.950000000001,71.1));
#3368 = VECTOR('',#3369,1.);
#3369 = DIRECTION('',(-0.,-0.,-1.));
#3370 = CYLINDRICAL_SURFACE('',#3371,2.5);
#3371 = AXIS2_PLACEMENT_3D('',#3372,#3373,#3374);
#3372 = CARTESIAN_POINT('',(36.000000000001,14.45,71.1));
#3373 = DIRECTION('',(0.,0.,1.));
#3374 = DIRECTION('',(1.,0.,0.));
#3375 = ADVANCED_FACE('',(#3376),#3382,.T.);
#3376 = FACE_BOUND('',#3377,.T.);
#3377 = EDGE_LOOP('',(#3378,#3379,#3380,#3381));
#3378 = ORIENTED_EDGE('',*,*,#2306,.T.);
#3379 = ORIENTED_EDGE('',*,*,#3324,.T.);
#3380 = ORIENTED_EDGE('',*,*,#1899,.T.);
#3381 = ORIENTED_EDGE('',*,*,#3365,.F.);
#3382 = PLANE('',#3383);
#3383 = AXIS2_PLACEMENT_3D('',#3384,#3385,#3386);
#3384 = CARTESIAN_POINT('',(30.999999999995,16.950000000002,71.1));
#3385 = DIRECTION('',(2.984E-14,-1.,0.));
#3386 = DIRECTION('',(1.,2.984E-14,0.));
#3387 = ADVANCED_FACE('',(#3388),#3394,.F.);
#3388 = FACE_BOUND('',#3389,.F.);
#3389 = EDGE_LOOP('',(#3390,#3391,#3392,#3393));
#3390 = ORIENTED_EDGE('',*,*,#3081,.F.);
#3391 = ORIENTED_EDGE('',*,*,#2005,.T.);
#3392 = ORIENTED_EDGE('',*,*,#1997,.T.);
#3393 = ORIENTED_EDGE('',*,*,#1989,.F.);
#3394 = PLANE('',#3395);
#3395 = AXIS2_PLACEMENT_3D('',#3396,#3397,#3398);
#3396 = CARTESIAN_POINT('',(27.5,28.9,37.1));
#3397 = DIRECTION('',(0.,2.2E-16,1.));
#3398 = DIRECTION('',(1.,0.,0.));
#3399 = ADVANCED_FACE('',(#3400),#3406,.F.);
#3400 = FACE_BOUND('',#3401,.F.);
#3401 = EDGE_LOOP('',(#3402,#3403,#3404,#3405));
#3402 = ORIENTED_EDGE('',*,*,#2058,.F.);
#3403 = ORIENTED_EDGE('',*,*,#3120,.T.);
#3404 = ORIENTED_EDGE('',*,*,#2074,.T.);
#3405 = ORIENTED_EDGE('',*,*,#2066,.T.);
#3406 = PLANE('',#3407);
#3407 = AXIS2_PLACEMENT_3D('',#3408,#3409,#3410);
#3408 = CARTESIAN_POINT('',(45.5,28.9,33.1));
#3409 = DIRECTION('',(-0.,-2.2E-16,-1.));
#3410 = DIRECTION('',(-1.,0.,0.));
#3411 = ADVANCED_FACE('',(#3412),#3437,.T.);
#3412 = FACE_BOUND('',#3413,.T.);
#3413 = EDGE_LOOP('',(#3414,#3415,#3423,#3431));
#3414 = ORIENTED_EDGE('',*,*,#2097,.T.);
#3415 = ORIENTED_EDGE('',*,*,#3416,.T.);
#3416 = EDGE_CURVE('',#2100,#3417,#3419,.T.);
#3417 = VERTEX_POINT('',#3418);
#3418 = CARTESIAN_POINT('',(30.999999999995,16.950000000001,32.1));
#3419 = LINE('',#3420,#3421);
#3420 = CARTESIAN_POINT('',(30.999999999995,16.950000000001,71.1));
#3421 = VECTOR('',#3422,1.);
#3422 = DIRECTION('',(-0.,-0.,-1.));
#3423 = ORIENTED_EDGE('',*,*,#3424,.T.);
#3424 = EDGE_CURVE('',#3417,#3425,#3427,.T.);
#3425 = VERTEX_POINT('',#3426);
#3426 = CARTESIAN_POINT('',(36.000000000001,16.950000000001,32.1));
#3427 = LINE('',#3428,#3429);
#3428 = CARTESIAN_POINT('',(30.999999999995,16.950000000002,32.1));
#3429 = VECTOR('',#3430,1.);
#3430 = DIRECTION('',(1.,2.984E-14,0.));
#3431 = ORIENTED_EDGE('',*,*,#3432,.F.);
#3432 = EDGE_CURVE('',#2098,#3425,#3433,.T.);
#3433 = LINE('',#3434,#3435);
#3434 = CARTESIAN_POINT('',(36.000000000001,16.950000000001,71.1));
#3435 = VECTOR('',#3436,1.);
#3436 = DIRECTION('',(-0.,-0.,-1.));
#3437 = PLANE('',#3438);
#3438 = AXIS2_PLACEMENT_3D('',#3439,#3440,#3441);
#3439 = CARTESIAN_POINT('',(30.999999999995,16.950000000002,71.1));
#3440 = DIRECTION('',(2.984E-14,-1.,0.));
#3441 = DIRECTION('',(1.,2.984E-14,0.));
#3442 = ADVANCED_FACE('',(#3443),#3462,.F.);
#3443 = FACE_BOUND('',#3444,.F.);
#3444 = EDGE_LOOP('',(#3445,#3446,#3454,#3461));
#3445 = ORIENTED_EDGE('',*,*,#2124,.F.);
#3446 = ORIENTED_EDGE('',*,*,#3447,.T.);
#3447 = EDGE_CURVE('',#2117,#3448,#3450,.T.);
#3448 = VERTEX_POINT('',#3449);
#3449 = CARTESIAN_POINT('',(36.000000000001,11.95,32.1));
#3450 = LINE('',#3451,#3452);
#3451 = CARTESIAN_POINT('',(36.000000000001,11.95,71.1));
#3452 = VECTOR('',#3453,1.);
#3453 = DIRECTION('',(-0.,-0.,-1.));
#3454 = ORIENTED_EDGE('',*,*,#3455,.T.);
#3455 = EDGE_CURVE('',#3448,#3425,#3456,.T.);
#3456 = CIRCLE('',#3457,2.5);
#3457 = AXIS2_PLACEMENT_3D('',#3458,#3459,#3460);
#3458 = CARTESIAN_POINT('',(36.000000000001,14.45,32.1));
#3459 = DIRECTION('',(0.,0.,1.));
#3460 = DIRECTION('',(1.,0.,0.));
#3461 = ORIENTED_EDGE('',*,*,#3432,.F.);
#3462 = CYLINDRICAL_SURFACE('',#3463,2.5);
#3463 = AXIS2_PLACEMENT_3D('',#3464,#3465,#3466);
#3464 = CARTESIAN_POINT('',(36.000000000001,14.45,71.1));
#3465 = DIRECTION('',(0.,0.,1.));
#3466 = DIRECTION('',(1.,0.,0.));
#3467 = ADVANCED_FACE('',(#3468),#3487,.F.);
#3468 = FACE_BOUND('',#3469,.F.);
#3469 = EDGE_LOOP('',(#3470,#3471,#3472,#3481));
#3470 = ORIENTED_EDGE('',*,*,#2107,.F.);
#3471 = ORIENTED_EDGE('',*,*,#3416,.T.);
#3472 = ORIENTED_EDGE('',*,*,#3473,.T.);
#3473 = EDGE_CURVE('',#3417,#3474,#3476,.T.);
#3474 = VERTEX_POINT('',#3475);
#3475 = CARTESIAN_POINT('',(31.,11.95,32.1));
#3476 = CIRCLE('',#3477,2.5);
#3477 = AXIS2_PLACEMENT_3D('',#3478,#3479,#3480);
#3478 = CARTESIAN_POINT('',(31.,14.45,32.1));
#3479 = DIRECTION('',(0.,0.,1.));
#3480 = DIRECTION('',(1.,0.,0.));
#3481 = ORIENTED_EDGE('',*,*,#3482,.F.);
#3482 = EDGE_CURVE('',#2108,#3474,#3483,.T.);
#3483 = LINE('',#3484,#3485);
#3484 = CARTESIAN_POINT('',(31.,11.95,71.1));
#3485 = VECTOR('',#3486,1.);
#3486 = DIRECTION('',(-0.,-0.,-1.));
#3487 = CYLINDRICAL_SURFACE('',#3488,2.5);
#3488 = AXIS2_PLACEMENT_3D('',#3489,#3490,#3491);
#3489 = CARTESIAN_POINT('',(31.,14.45,71.1));
#3490 = DIRECTION('',(0.,0.,1.));
#3491 = DIRECTION('',(1.,0.,0.));
#3492 = ADVANCED_FACE('',(#3493),#3504,.F.);
#3493 = FACE_BOUND('',#3494,.F.);
#3494 = EDGE_LOOP('',(#3495,#3496,#3497,#3503));
#3495 = ORIENTED_EDGE('',*,*,#2116,.T.);
#3496 = ORIENTED_EDGE('',*,*,#3482,.T.);
#3497 = ORIENTED_EDGE('',*,*,#3498,.T.);
#3498 = EDGE_CURVE('',#3474,#3448,#3499,.T.);
#3499 = LINE('',#3500,#3501);
#3500 = CARTESIAN_POINT('',(31.,11.95,32.1));
#3501 = VECTOR('',#3502,1.);
#3502 = DIRECTION('',(1.,0.,0.));
#3503 = ORIENTED_EDGE('',*,*,#3447,.F.);
#3504 = PLANE('',#3505);
#3505 = AXIS2_PLACEMENT_3D('',#3506,#3507,#3508);
#3506 = CARTESIAN_POINT('',(31.,11.95,71.1));
#3507 = DIRECTION('',(0.,-1.,0.));
#3508 = DIRECTION('',(1.,0.,0.));
#3509 = ADVANCED_FACE('',(#3510),#3516,.F.);
#3510 = FACE_BOUND('',#3511,.F.);
#3511 = EDGE_LOOP('',(#3512,#3513,#3514,#3515));
#3512 = ORIENTED_EDGE('',*,*,#3240,.F.);
#3513 = ORIENTED_EDGE('',*,*,#2214,.T.);
#3514 = ORIENTED_EDGE('',*,*,#2206,.T.);
#3515 = ORIENTED_EDGE('',*,*,#2198,.F.);
#3516 = PLANE('',#3517);
#3517 = AXIS2_PLACEMENT_3D('',#3518,#3519,#3520);
#3518 = CARTESIAN_POINT('',(27.5,28.9,55.6));
#3519 = DIRECTION('',(0.,2.2E-16,1.));
#3520 = DIRECTION('',(1.,0.,0.));
#3521 = ADVANCED_FACE('',(#3522),#3528,.F.);
#3522 = FACE_BOUND('',#3523,.F.);
#3523 = EDGE_LOOP('',(#3524,#3525,#3526,#3527));
#3524 = ORIENTED_EDGE('',*,*,#2267,.F.);
#3525 = ORIENTED_EDGE('',*,*,#3201,.T.);
#3526 = ORIENTED_EDGE('',*,*,#2283,.T.);
#3527 = ORIENTED_EDGE('',*,*,#2275,.T.);
#3528 = PLANE('',#3529);
#3529 = AXIS2_PLACEMENT_3D('',#3530,#3531,#3532);
#3530 = CARTESIAN_POINT('',(45.500000000011,28.9,51.6));
#3531 = DIRECTION('',(-0.,-2.2E-16,-1.));
#3532 = DIRECTION('',(-1.,0.,0.));
#3533 = ADVANCED_FACE('',(#3534),#3559,.T.);
#3534 = FACE_BOUND('',#3535,.T.);
#3535 = EDGE_LOOP('',(#3536,#3537,#3545,#3553));
#3536 = ORIENTED_EDGE('',*,*,#2510,.F.);
#3537 = ORIENTED_EDGE('',*,*,#3538,.T.);
#3538 = EDGE_CURVE('',#2511,#3539,#3541,.T.);
#3539 = VERTEX_POINT('',#3540);
#3540 = CARTESIAN_POINT('',(15.,28.9,8.188254402485));
#3541 = LINE('',#3542,#3543);
#3542 = CARTESIAN_POINT('',(15.,38.9,8.188254402485));
#3543 = VECTOR('',#3544,1.);
#3544 = DIRECTION('',(0.,-1.,2.2E-16));
#3545 = ORIENTED_EDGE('',*,*,#3546,.F.);
#3546 = EDGE_CURVE('',#3547,#3539,#3549,.T.);
#3547 = VERTEX_POINT('',#3548);
#3548 = CARTESIAN_POINT('',(5.,28.9,8.188254402485));
#3549 = LINE('',#3550,#3551);
#3550 = CARTESIAN_POINT('',(21.013157894737,28.9,8.188254402485));
#3551 = VECTOR('',#3552,1.);
#3552 = DIRECTION('',(1.,0.,0.));
#3553 = ORIENTED_EDGE('',*,*,#3554,.F.);
#3554 = EDGE_CURVE('',#2513,#3547,#3555,.T.);
#3555 = LINE('',#3556,#3557);
#3556 = CARTESIAN_POINT('',(5.,38.9,8.188254402485));
#3557 = VECTOR('',#3558,1.);
#3558 = DIRECTION('',(0.,-1.,2.2E-16));
#3559 = PLANE('',#3560);
#3560 = AXIS2_PLACEMENT_3D('',#3561,#3562,#3563);
#3561 = CARTESIAN_POINT('',(15.,38.9,8.188254402485));
#3562 = DIRECTION('',(-0.,-2.2E-16,-1.));
#3563 = DIRECTION('',(-1.,0.,0.));
#3564 = ADVANCED_FACE('',(#3565),#3584,.F.);
#3565 = FACE_BOUND('',#3566,.F.);
#3566 = EDGE_LOOP('',(#3567,#3568,#3576,#3583));
#3567 = ORIENTED_EDGE('',*,*,#2537,.F.);
#3568 = ORIENTED_EDGE('',*,*,#3569,.T.);
#3569 = EDGE_CURVE('',#2530,#3570,#3572,.T.);
#3570 = VERTEX_POINT('',#3571);
#3571 = CARTESIAN_POINT('',(5.,28.9,4.988254402485));
#3572 = LINE('',#3573,#3574);
#3573 = CARTESIAN_POINT('',(5.,38.9,4.988254402485));
#3574 = VECTOR('',#3575,1.);
#3575 = DIRECTION('',(0.,-1.,2.2E-16));
#3576 = ORIENTED_EDGE('',*,*,#3577,.T.);
#3577 = EDGE_CURVE('',#3570,#3547,#3578,.T.);
#3578 = CIRCLE('',#3579,1.6);
#3579 = AXIS2_PLACEMENT_3D('',#3580,#3581,#3582);
#3580 = CARTESIAN_POINT('',(5.,28.9,6.588254402485));
#3581 = DIRECTION('',(0.,1.,-2.2E-16));
#3582 = DIRECTION('',(-1.,0.,0.));
#3583 = ORIENTED_EDGE('',*,*,#3554,.F.);
#3584 = CYLINDRICAL_SURFACE('',#3585,1.6);
#3585 = AXIS2_PLACEMENT_3D('',#3586,#3587,#3588);
#3586 = CARTESIAN_POINT('',(5.,38.9,6.588254402485));
#3587 = DIRECTION('',(0.,1.,-2.2E-16));
#3588 = DIRECTION('',(-1.,0.,0.));
#3589 = ADVANCED_FACE('',(#3590),#3608,.F.);
#3590 = FACE_BOUND('',#3591,.F.);
#3591 = EDGE_LOOP('',(#3592,#3593,#3601,#3607));
#3592 = ORIENTED_EDGE('',*,*,#2529,.F.);
#3593 = ORIENTED_EDGE('',*,*,#3594,.T.);
#3594 = EDGE_CURVE('',#2521,#3595,#3597,.T.);
#3595 = VERTEX_POINT('',#3596);
#3596 = CARTESIAN_POINT('',(15.,28.9,4.988254402485));
#3597 = LINE('',#3598,#3599);
#3598 = CARTESIAN_POINT('',(15.,38.9,4.988254402485));
#3599 = VECTOR('',#3600,1.);
#3600 = DIRECTION('',(0.,-1.,2.2E-16));
#3601 = ORIENTED_EDGE('',*,*,#3602,.F.);
#3602 = EDGE_CURVE('',#3570,#3595,#3603,.T.);
#3603 = LINE('',#3604,#3605);
#3604 = CARTESIAN_POINT('',(21.013157894737,28.9,4.988254402485));
#3605 = VECTOR('',#3606,1.);
#3606 = DIRECTION('',(1.,0.,5.95E-15));
#3607 = ORIENTED_EDGE('',*,*,#3569,.F.);
#3608 = PLANE('',#3609);
#3609 = AXIS2_PLACEMENT_3D('',#3610,#3611,#3612);
#3610 = CARTESIAN_POINT('',(15.,38.9,4.988254402485));
#3611 = DIRECTION('',(5.95E-15,-2.2E-16,-1.));
#3612 = DIRECTION('',(-1.,0.,-5.95E-15));
#3613 = ADVANCED_FACE('',(#3614),#3626,.F.);
#3614 = FACE_BOUND('',#3615,.F.);
#3615 = EDGE_LOOP('',(#3616,#3617,#3618,#3625));
#3616 = ORIENTED_EDGE('',*,*,#2520,.F.);
#3617 = ORIENTED_EDGE('',*,*,#3538,.T.);
#3618 = ORIENTED_EDGE('',*,*,#3619,.T.);
#3619 = EDGE_CURVE('',#3539,#3595,#3620,.T.);
#3620 = CIRCLE('',#3621,1.6);
#3621 = AXIS2_PLACEMENT_3D('',#3622,#3623,#3624);
#3622 = CARTESIAN_POINT('',(15.,28.9,6.588254402485));
#3623 = DIRECTION('',(0.,1.,-2.2E-16));
#3624 = DIRECTION('',(-1.,0.,0.));
#3625 = ORIENTED_EDGE('',*,*,#3594,.F.);
#3626 = CYLINDRICAL_SURFACE('',#3627,1.6);
#3627 = AXIS2_PLACEMENT_3D('',#3628,#3629,#3630);
#3628 = CARTESIAN_POINT('',(15.,38.9,6.588254402485));
#3629 = DIRECTION('',(0.,1.,-2.2E-16));
#3630 = DIRECTION('',(-1.,0.,0.));
#3631 = ADVANCED_FACE('',(#3632),#3657,.T.);
#3632 = FACE_BOUND('',#3633,.T.);
#3633 = EDGE_LOOP('',(#3634,#3635,#3643,#3651));
#3634 = ORIENTED_EDGE('',*,*,#2650,.F.);
#3635 = ORIENTED_EDGE('',*,*,#3636,.T.);
#3636 = EDGE_CURVE('',#2651,#3637,#3639,.T.);
#3637 = VERTEX_POINT('',#3638);
#3638 = CARTESIAN_POINT('',(15.,28.9,23.428254402485));
#3639 = LINE('',#3640,#3641);
#3640 = CARTESIAN_POINT('',(15.,38.9,23.428254402485));
#3641 = VECTOR('',#3642,1.);
#3642 = DIRECTION('',(0.,-1.,2.2E-16));
#3643 = ORIENTED_EDGE('',*,*,#3644,.F.);
#3644 = EDGE_CURVE('',#3645,#3637,#3647,.T.);
#3645 = VERTEX_POINT('',#3646);
#3646 = CARTESIAN_POINT('',(5.,28.9,23.428254402485));
#3647 = LINE('',#3648,#3649);
#3648 = CARTESIAN_POINT('',(21.013157894737,28.9,23.428254402485));
#3649 = VECTOR('',#3650,1.);
#3650 = DIRECTION('',(1.,0.,0.));
#3651 = ORIENTED_EDGE('',*,*,#3652,.F.);
#3652 = EDGE_CURVE('',#2653,#3645,#3653,.T.);
#3653 = LINE('',#3654,#3655);
#3654 = CARTESIAN_POINT('',(5.,38.9,23.428254402485));
#3655 = VECTOR('',#3656,1.);
#3656 = DIRECTION('',(0.,-1.,2.2E-16));
#3657 = PLANE('',#3658);
#3658 = AXIS2_PLACEMENT_3D('',#3659,#3660,#3661);
#3659 = CARTESIAN_POINT('',(15.,38.9,23.428254402485));
#3660 = DIRECTION('',(-0.,-2.2E-16,-1.));
#3661 = DIRECTION('',(-1.,0.,0.));
#3662 = ADVANCED_FACE('',(#3663),#3682,.F.);
#3663 = FACE_BOUND('',#3664,.F.);
#3664 = EDGE_LOOP('',(#3665,#3666,#3674,#3681));
#3665 = ORIENTED_EDGE('',*,*,#2677,.F.);
#3666 = ORIENTED_EDGE('',*,*,#3667,.T.);
#3667 = EDGE_CURVE('',#2670,#3668,#3670,.T.);
#3668 = VERTEX_POINT('',#3669);
#3669 = CARTESIAN_POINT('',(5.,28.9,20.228254402485));
#3670 = LINE('',#3671,#3672);
#3671 = CARTESIAN_POINT('',(5.,38.9,20.228254402485));
#3672 = VECTOR('',#3673,1.);
#3673 = DIRECTION('',(0.,-1.,2.2E-16));
#3674 = ORIENTED_EDGE('',*,*,#3675,.T.);
#3675 = EDGE_CURVE('',#3668,#3645,#3676,.T.);
#3676 = CIRCLE('',#3677,1.6);
#3677 = AXIS2_PLACEMENT_3D('',#3678,#3679,#3680);
#3678 = CARTESIAN_POINT('',(5.,28.9,21.828254402485));
#3679 = DIRECTION('',(0.,1.,-2.2E-16));
#3680 = DIRECTION('',(-1.,0.,0.));
#3681 = ORIENTED_EDGE('',*,*,#3652,.F.);
#3682 = CYLINDRICAL_SURFACE('',#3683,1.6);
#3683 = AXIS2_PLACEMENT_3D('',#3684,#3685,#3686);
#3684 = CARTESIAN_POINT('',(5.,38.9,21.828254402485));
#3685 = DIRECTION('',(0.,1.,-2.2E-16));
#3686 = DIRECTION('',(-1.,0.,0.));
#3687 = ADVANCED_FACE('',(#3688),#3706,.F.);
#3688 = FACE_BOUND('',#3689,.F.);
#3689 = EDGE_LOOP('',(#3690,#3691,#3699,#3705));
#3690 = ORIENTED_EDGE('',*,*,#2669,.F.);
#3691 = ORIENTED_EDGE('',*,*,#3692,.T.);
#3692 = EDGE_CURVE('',#2661,#3693,#3695,.T.);
#3693 = VERTEX_POINT('',#3694);
#3694 = CARTESIAN_POINT('',(15.,28.9,20.228254402485));
#3695 = LINE('',#3696,#3697);
#3696 = CARTESIAN_POINT('',(15.,38.9,20.228254402485));
#3697 = VECTOR('',#3698,1.);
#3698 = DIRECTION('',(0.,-1.,2.2E-16));
#3699 = ORIENTED_EDGE('',*,*,#3700,.F.);
#3700 = EDGE_CURVE('',#3668,#3693,#3701,.T.);
#3701 = LINE('',#3702,#3703);
#3702 = CARTESIAN_POINT('',(21.013157894737,28.9,20.228254402485));
#3703 = VECTOR('',#3704,1.);
#3704 = DIRECTION('',(1.,0.,5.68E-15));
#3705 = ORIENTED_EDGE('',*,*,#3667,.F.);
#3706 = PLANE('',#3707);
#3707 = AXIS2_PLACEMENT_3D('',#3708,#3709,#3710);
#3708 = CARTESIAN_POINT('',(15.,38.9,20.228254402485));
#3709 = DIRECTION('',(5.68E-15,-2.2E-16,-1.));
#3710 = DIRECTION('',(-1.,0.,-5.68E-15));
#3711 = ADVANCED_FACE('',(#3712),#3724,.F.);
#3712 = FACE_BOUND('',#3713,.F.);
#3713 = EDGE_LOOP('',(#3714,#3715,#3716,#3723));
#3714 = ORIENTED_EDGE('',*,*,#2660,.F.);
#3715 = ORIENTED_EDGE('',*,*,#3636,.T.);
#3716 = ORIENTED_EDGE('',*,*,#3717,.T.);
#3717 = EDGE_CURVE('',#3637,#3693,#3718,.T.);
#3718 = CIRCLE('',#3719,1.6);
#3719 = AXIS2_PLACEMENT_3D('',#3720,#3721,#3722);
#3720 = CARTESIAN_POINT('',(15.,28.9,21.828254402485));
#3721 = DIRECTION('',(0.,1.,-2.2E-16));
#3722 = DIRECTION('',(-1.,0.,0.));
#3723 = ORIENTED_EDGE('',*,*,#3692,.F.);
#3724 = CYLINDRICAL_SURFACE('',#3725,1.6);
#3725 = AXIS2_PLACEMENT_3D('',#3726,#3727,#3728);
#3726 = CARTESIAN_POINT('',(15.,38.9,21.828254402485));
#3727 = DIRECTION('',(0.,1.,-2.2E-16));
#3728 = DIRECTION('',(-1.,0.,0.));
#3729 = ADVANCED_FACE('',(#3730),#3733,.T.);
#3730 = FACE_BOUND('',#3731,.T.);
#3731 = EDGE_LOOP('',(#3732));
#3732 = ORIENTED_EDGE('',*,*,#3160,.T.);
#3733 = PLANE('',#3734);
#3734 = AXIS2_PLACEMENT_3D('',#3735,#3736,#3737);
#3735 = CARTESIAN_POINT('',(48.,14.45,44.35));
#3736 = DIRECTION('',(1.,0.,0.));
#3737 = DIRECTION('',(0.,0.,1.));
#3738 = ADVANCED_FACE('',(#3739),#3745,.T.);
#3739 = FACE_BOUND('',#3740,.T.);
#3740 = EDGE_LOOP('',(#3741,#3742,#3743,#3744));
#3741 = ORIENTED_EDGE('',*,*,#3473,.T.);
#3742 = ORIENTED_EDGE('',*,*,#3498,.T.);
#3743 = ORIENTED_EDGE('',*,*,#3455,.T.);
#3744 = ORIENTED_EDGE('',*,*,#3424,.F.);
#3745 = PLANE('',#3746);
#3746 = AXIS2_PLACEMENT_3D('',#3747,#3748,#3749);
#3747 = CARTESIAN_POINT('',(33.500000000001,14.450000000001,32.1));
#3748 = DIRECTION('',(0.,0.,1.));
#3749 = DIRECTION('',(1.,0.,0.));
#3750 = ADVANCED_FACE('',(#3751),#3757,.T.);
#3751 = FACE_BOUND('',#3752,.T.);
#3752 = EDGE_LOOP('',(#3753,#3754,#3755,#3756));
#3753 = ORIENTED_EDGE('',*,*,#3546,.T.);
#3754 = ORIENTED_EDGE('',*,*,#3619,.T.);
#3755 = ORIENTED_EDGE('',*,*,#3602,.F.);
#3756 = ORIENTED_EDGE('',*,*,#3577,.T.);
#3757 = PLANE('',#3758);
#3758 = AXIS2_PLACEMENT_3D('',#3759,#3760,#3761);
#3759 = CARTESIAN_POINT('',(27.026315789474,28.9,25.973684210526));
#3760 = DIRECTION('',(0.,1.,0.));
#3761 = DIRECTION('',(0.,0.,1.));
#3762 = ADVANCED_FACE('',(#3763),#3769,.T.);
#3763 = FACE_BOUND('',#3764,.T.);
#3764 = EDGE_LOOP('',(#3765,#3766,#3767,#3768));
#3765 = ORIENTED_EDGE('',*,*,#3644,.T.);
#3766 = ORIENTED_EDGE('',*,*,#3717,.T.);
#3767 = ORIENTED_EDGE('',*,*,#3700,.F.);
#3768 = ORIENTED_EDGE('',*,*,#3675,.T.);
#3769 = PLANE('',#3770);
#3770 = AXIS2_PLACEMENT_3D('',#3771,#3772,#3773);
#3771 = CARTESIAN_POINT('',(27.026315789474,28.9,25.973684210526));
#3772 = DIRECTION('',(0.,1.,0.));
#3773 = DIRECTION('',(0.,0.,1.));
#3774 = ( GEOMETRIC_REPRESENTATION_CONTEXT(3) 
GLOBAL_UNCERTAINTY_ASSIGNED_CONTEXT((#3778)) 
GLOBAL_UNIT_ASSIGNED_CONTEXT((#3775,#3776,#3777)) REPRESENTATION_CONTEXT
('Context #1','3D Context with UNIT and UNCERTAINTY') );
#3775 = ( LENGTH_UNIT() NAMED_UNIT(*) SI_UNIT(.MILLI.,.METRE.) );
#3776 = ( NAMED_UNIT(*) PLANE_ANGLE_UNIT() SI_UNIT($,.RADIAN.) );
#3777 = ( NAMED_UNIT(*) SI_UNIT($,.STERADIAN.) SOLID_ANGLE_UNIT() );
#3778 = UNCERTAINTY_MEASURE_WITH_UNIT(LENGTH_MEASURE(2.E-05),#3775,
  'distance_accuracy_value','confusion accuracy');
#3779 = PRODUCT_RELATED_PRODUCT_CATEGORY('part',$,(#7));
#3780 = MECHANICAL_DESIGN_GEOMETRIC_PRESENTATION_REPRESENTATION('',(
    #3781),#3774);
#3781 = STYLED_ITEM('color',(#3782),#15);
#3782 = PRESENTATION_STYLE_ASSIGNMENT((#3783,#3789));
#3783 = SURFACE_STYLE_USAGE(.BOTH.,#3784);
#3784 = SURFACE_SIDE_STYLE('',(#3785));
#3785 = SURFACE_STYLE_FILL_AREA(#3786);
#3786 = FILL_AREA_STYLE('',(#3787));
#3787 = FILL_AREA_STYLE_COLOUR('',#3788);
#3788 = COLOUR_RGB('',0.517647081386,0.352941187348,0.800000010877);
#3789 = CURVE_STYLE('',#3790,POSITIVE_LENGTH_MEASURE(0.1),#3791);
#3790 = DRAUGHTING_PRE_DEFINED_CURVE_FONT('continuous');
#3791 = COLOUR_RGB('',9.803921802644E-02,9.803921802644E-02,
  9.803921802644E-02);
ENDSEC;
END-ISO-10303-21;
