ISO-10303-21;
HEADER;
FILE_DESCRIPTION(('FreeCAD Model'),'2;1');
FILE_NAME('Open CASCADE Shape Model','2025-07-22T09:39:11',(''),(''),
  'Open CASCADE STEP processor 7.8','FreeCAD','Unknown');
FILE_SCHEMA(('AUTOMOTIVE_DESIGN { 1 0 10303 214 1 1 1 1 }'));
ENDSEC;
DATA;
#1 = APPLICATION_PROTOCOL_DEFINITION('international standard',
  'automotive_design',2000,#2);
#2 = APPLICATION_CONTEXT(
  'core data for automotive mechanical design processes');
#3 = SHAPE_DEFINITION_REPRESENTATION(#4,#10);
#4 = PRODUCT_DEFINITION_SHAPE('','',#5);
#5 = PRODUCT_DEFINITION('design','',#6,#9);
#6 = PRODUCT_DEFINITION_FORMATION('','',#7);
#7 = PRODUCT('LaserCutter','LaserCutter','',(#8));
#8 = PRODUCT_CONTEXT('',#2,'mechanical');
#9 = PRODUCT_DEFINITION_CONTEXT('part definition',#2,'design');
#10 = SHAPE_REPRESENTATION('',(#11,#15,#19,#23,#27),#31);
#11 = AXIS2_PLACEMENT_3D('',#12,#13,#14);
#12 = CARTESIAN_POINT('',(0.,0.,0.));
#13 = DIRECTION('',(0.,0.,1.));
#14 = DIRECTION('',(1.,0.,-0.));
#15 = AXIS2_PLACEMENT_3D('',#16,#17,#18);
#16 = CARTESIAN_POINT('',(0.,0.,20.));
#17 = DIRECTION('',(0.,0.,1.));
#18 = DIRECTION('',(1.,0.,0.));
#19 = AXIS2_PLACEMENT_3D('',#20,#21,#22);
#20 = CARTESIAN_POINT('',(0.,134.,0.));
#21 = DIRECTION('',(-1.,-8.659560562355E-17,-2.22044604925E-16));
#22 = DIRECTION('',(2.22044604925E-16,-8.659560562355E-17,-1.));
#23 = AXIS2_PLACEMENT_3D('',#24,#25,#26);
#24 = CARTESIAN_POINT('',(-522.5,-107.3,23.5));
#25 = DIRECTION('',(0.,0.,1.));
#26 = DIRECTION('',(1.,0.,0.));
#27 = AXIS2_PLACEMENT_3D('',#28,#29,#30);
#28 = CARTESIAN_POINT('',(-520.,-194.8,0.));
#29 = DIRECTION('',(0.,0.,1.));
#30 = DIRECTION('',(-1.,-1.224646799147E-16,0.));
#31 = ( GEOMETRIC_REPRESENTATION_CONTEXT(3) 
GLOBAL_UNCERTAINTY_ASSIGNED_CONTEXT((#35)) GLOBAL_UNIT_ASSIGNED_CONTEXT(
(#32,#33,#34)) REPRESENTATION_CONTEXT('Context #1',
  '3D Context with UNIT and UNCERTAINTY') );
#32 = ( LENGTH_UNIT() NAMED_UNIT(*) SI_UNIT(.MILLI.,.METRE.) );
#33 = ( NAMED_UNIT(*) PLANE_ANGLE_UNIT() SI_UNIT($,.RADIAN.) );
#34 = ( NAMED_UNIT(*) SI_UNIT($,.STERADIAN.) SOLID_ANGLE_UNIT() );
#35 = UNCERTAINTY_MEASURE_WITH_UNIT(LENGTH_MEASURE(5.E-06),#32,
  'distance_accuracy_value','confusion accuracy');
#36 = PRODUCT_RELATED_PRODUCT_CATEGORY('part',$,(#7));
#37 = SHAPE_DEFINITION_REPRESENTATION(#38,#44);
#38 = PRODUCT_DEFINITION_SHAPE('','',#39);
#39 = PRODUCT_DEFINITION('design','',#40,#43);
#40 = PRODUCT_DEFINITION_FORMATION('','',#41);
#41 = PRODUCT('MotorHolderA','MotorHolderA','',(#42));
#42 = PRODUCT_CONTEXT('',#2,'mechanical');
#43 = PRODUCT_DEFINITION_CONTEXT('part definition',#2,'design');
#44 = ADVANCED_BREP_SHAPE_REPRESENTATION('',(#11,#45),#1852);
#45 = MANIFOLD_SOLID_BREP('',#46);
#46 = CLOSED_SHELL('',(#47,#87,#134,#165,#258,#383,#430,#447,#496,#513,
    #559,#594,#620,#637,#654,#671,#688,#705,#754,#778,#824,#916,#1016,
    #1033,#1050,#1067,#1085,#1102,#1119,#1136,#1203,#1227,#1287,#1304,
    #1371,#1395,#1455,#1472,#1494,#1511,#1528,#1540,#1562,#1579,#1596,
    #1608,#1620,#1651,#1676,#1700,#1718,#1730,#1761,#1786,#1810,#1828,
    #1840));
#47 = ADVANCED_FACE('',(#48),#82,.F.);
#48 = FACE_BOUND('',#49,.F.);
#49 = EDGE_LOOP('',(#50,#60,#68,#76));
#50 = ORIENTED_EDGE('',*,*,#51,.T.);
#51 = EDGE_CURVE('',#52,#54,#56,.T.);
#52 = VERTEX_POINT('',#53);
#53 = CARTESIAN_POINT('',(-12.,8.5,0.));
#54 = VERTEX_POINT('',#55);
#55 = CARTESIAN_POINT('',(-12.,8.5,10.));
#56 = LINE('',#57,#58);
#57 = CARTESIAN_POINT('',(-12.,8.5,0.));
#58 = VECTOR('',#59,1.);
#59 = DIRECTION('',(0.,0.,1.));
#60 = ORIENTED_EDGE('',*,*,#61,.T.);
#61 = EDGE_CURVE('',#54,#62,#64,.T.);
#62 = VERTEX_POINT('',#63);
#63 = CARTESIAN_POINT('',(-12.,41.5,10.));
#64 = LINE('',#65,#66);
#65 = CARTESIAN_POINT('',(-12.,8.5,10.));
#66 = VECTOR('',#67,1.);
#67 = DIRECTION('',(0.,1.,0.));
#68 = ORIENTED_EDGE('',*,*,#69,.F.);
#69 = EDGE_CURVE('',#70,#62,#72,.T.);
#70 = VERTEX_POINT('',#71);
#71 = CARTESIAN_POINT('',(-12.,41.5,0.));
#72 = LINE('',#73,#74);
#73 = CARTESIAN_POINT('',(-12.,41.5,0.));
#74 = VECTOR('',#75,1.);
#75 = DIRECTION('',(0.,0.,1.));
#76 = ORIENTED_EDGE('',*,*,#77,.F.);
#77 = EDGE_CURVE('',#52,#70,#78,.T.);
#78 = LINE('',#79,#80);
#79 = CARTESIAN_POINT('',(-12.,8.5,0.));
#80 = VECTOR('',#81,1.);
#81 = DIRECTION('',(0.,1.,0.));
#82 = PLANE('',#83);
#83 = AXIS2_PLACEMENT_3D('',#84,#85,#86);
#84 = CARTESIAN_POINT('',(-12.,8.5,0.));
#85 = DIRECTION('',(-1.,0.,0.));
#86 = DIRECTION('',(0.,1.,0.));
#87 = ADVANCED_FACE('',(#88),#129,.T.);
#88 = FACE_BOUND('',#89,.T.);
#89 = EDGE_LOOP('',(#90,#100,#108,#114,#115,#123));
#90 = ORIENTED_EDGE('',*,*,#91,.F.);
#91 = EDGE_CURVE('',#92,#94,#96,.T.);
#92 = VERTEX_POINT('',#93);
#93 = CARTESIAN_POINT('',(-21.,8.5,-34.));
#94 = VERTEX_POINT('',#95);
#95 = CARTESIAN_POINT('',(-10.,8.5,-34.));
#96 = LINE('',#97,#98);
#97 = CARTESIAN_POINT('',(-12.26315789473,8.5,-34.));
#98 = VECTOR('',#99,1.);
#99 = DIRECTION('',(1.,0.,0.));
#100 = ORIENTED_EDGE('',*,*,#101,.F.);
#101 = EDGE_CURVE('',#102,#92,#104,.T.);
#102 = VERTEX_POINT('',#103);
#103 = CARTESIAN_POINT('',(-21.,8.5,0.));
#104 = LINE('',#105,#106);
#105 = CARTESIAN_POINT('',(-21.,8.5,10.));
#106 = VECTOR('',#107,1.);
#107 = DIRECTION('',(-0.,-0.,-1.));
#108 = ORIENTED_EDGE('',*,*,#109,.T.);
#109 = EDGE_CURVE('',#102,#52,#110,.T.);
#110 = LINE('',#111,#112);
#111 = CARTESIAN_POINT('',(-21.,8.5,0.));
#112 = VECTOR('',#113,1.);
#113 = DIRECTION('',(1.,0.,0.));
#114 = ORIENTED_EDGE('',*,*,#51,.T.);
#115 = ORIENTED_EDGE('',*,*,#116,.T.);
#116 = EDGE_CURVE('',#54,#117,#119,.T.);
#117 = VERTEX_POINT('',#118);
#118 = CARTESIAN_POINT('',(-10.,8.5,10.));
#119 = LINE('',#120,#121);
#120 = CARTESIAN_POINT('',(-6.,8.5,10.));
#121 = VECTOR('',#122,1.);
#122 = DIRECTION('',(1.,0.,0.));
#123 = ORIENTED_EDGE('',*,*,#124,.F.);
#124 = EDGE_CURVE('',#94,#117,#125,.T.);
#125 = LINE('',#126,#127);
#126 = CARTESIAN_POINT('',(-10.,8.5,-74.));
#127 = VECTOR('',#128,1.);
#128 = DIRECTION('',(0.,0.,1.));
#129 = PLANE('',#130);
#130 = AXIS2_PLACEMENT_3D('',#131,#132,#133);
#131 = CARTESIAN_POINT('',(-15.02631578947,8.5,-32.47368421052));
#132 = DIRECTION('',(0.,1.,0.));
#133 = DIRECTION('',(0.,0.,1.));
#134 = ADVANCED_FACE('',(#135),#160,.F.);
#135 = FACE_BOUND('',#136,.F.);
#136 = EDGE_LOOP('',(#137,#138,#146,#154));
#137 = ORIENTED_EDGE('',*,*,#69,.T.);
#138 = ORIENTED_EDGE('',*,*,#139,.T.);
#139 = EDGE_CURVE('',#62,#140,#142,.T.);
#140 = VERTEX_POINT('',#141);
#141 = CARTESIAN_POINT('',(12.,41.5,10.));
#142 = LINE('',#143,#144);
#143 = CARTESIAN_POINT('',(-12.,41.5,10.));
#144 = VECTOR('',#145,1.);
#145 = DIRECTION('',(1.,0.,0.));
#146 = ORIENTED_EDGE('',*,*,#147,.F.);
#147 = EDGE_CURVE('',#148,#140,#150,.T.);
#148 = VERTEX_POINT('',#149);
#149 = CARTESIAN_POINT('',(12.,41.5,0.));
#150 = LINE('',#151,#152);
#151 = CARTESIAN_POINT('',(12.,41.5,0.));
#152 = VECTOR('',#153,1.);
#153 = DIRECTION('',(0.,0.,1.));
#154 = ORIENTED_EDGE('',*,*,#155,.F.);
#155 = EDGE_CURVE('',#70,#148,#156,.T.);
#156 = LINE('',#157,#158);
#157 = CARTESIAN_POINT('',(-12.,41.5,0.));
#158 = VECTOR('',#159,1.);
#159 = DIRECTION('',(1.,0.,0.));
#160 = PLANE('',#161);
#161 = AXIS2_PLACEMENT_3D('',#162,#163,#164);
#162 = CARTESIAN_POINT('',(-12.,41.5,0.));
#163 = DIRECTION('',(0.,1.,0.));
#164 = DIRECTION('',(1.,0.,0.));
#165 = ADVANCED_FACE('',(#166,#209,#220,#231,#242),#253,.F.);
#166 = FACE_BOUND('',#167,.F.);
#167 = EDGE_LOOP('',(#168,#169,#170,#171,#179,#187,#195,#203));
#168 = ORIENTED_EDGE('',*,*,#109,.T.);
#169 = ORIENTED_EDGE('',*,*,#77,.T.);
#170 = ORIENTED_EDGE('',*,*,#155,.T.);
#171 = ORIENTED_EDGE('',*,*,#172,.T.);
#172 = EDGE_CURVE('',#148,#173,#175,.T.);
#173 = VERTEX_POINT('',#174);
#174 = CARTESIAN_POINT('',(12.,8.5,0.));
#175 = LINE('',#176,#177);
#176 = CARTESIAN_POINT('',(12.,41.5,0.));
#177 = VECTOR('',#178,1.);
#178 = DIRECTION('',(0.,-1.,0.));
#179 = ORIENTED_EDGE('',*,*,#180,.T.);
#180 = EDGE_CURVE('',#173,#181,#183,.T.);
#181 = VERTEX_POINT('',#182);
#182 = CARTESIAN_POINT('',(21.,8.5,0.));
#183 = LINE('',#184,#185);
#184 = CARTESIAN_POINT('',(12.,8.5,0.));
#185 = VECTOR('',#186,1.);
#186 = DIRECTION('',(1.,0.,0.));
#187 = ORIENTED_EDGE('',*,*,#188,.T.);
#188 = EDGE_CURVE('',#181,#189,#191,.T.);
#189 = VERTEX_POINT('',#190);
#190 = CARTESIAN_POINT('',(21.,50.5,0.));
#191 = LINE('',#192,#193);
#192 = CARTESIAN_POINT('',(21.,8.5,0.));
#193 = VECTOR('',#194,1.);
#194 = DIRECTION('',(0.,1.,0.));
#195 = ORIENTED_EDGE('',*,*,#196,.T.);
#196 = EDGE_CURVE('',#189,#197,#199,.T.);
#197 = VERTEX_POINT('',#198);
#198 = CARTESIAN_POINT('',(-21.,50.5,0.));
#199 = LINE('',#200,#201);
#200 = CARTESIAN_POINT('',(-12.,50.5,0.));
#201 = VECTOR('',#202,1.);
#202 = DIRECTION('',(-1.,0.,0.));
#203 = ORIENTED_EDGE('',*,*,#204,.T.);
#204 = EDGE_CURVE('',#197,#102,#205,.T.);
#205 = LINE('',#206,#207);
#206 = CARTESIAN_POINT('',(-21.,50.5,0.));
#207 = VECTOR('',#208,1.);
#208 = DIRECTION('',(0.,-1.,0.));
#209 = FACE_BOUND('',#210,.F.);
#210 = EDGE_LOOP('',(#211));
#211 = ORIENTED_EDGE('',*,*,#212,.F.);
#212 = EDGE_CURVE('',#213,#213,#215,.T.);
#213 = VERTEX_POINT('',#214);
#214 = CARTESIAN_POINT('',(-14.,14.,0.));
#215 = CIRCLE('',#216,1.5);
#216 = AXIS2_PLACEMENT_3D('',#217,#218,#219);
#217 = CARTESIAN_POINT('',(-15.5,14.,0.));
#218 = DIRECTION('',(0.,0.,1.));
#219 = DIRECTION('',(1.,0.,0.));
#220 = FACE_BOUND('',#221,.F.);
#221 = EDGE_LOOP('',(#222));
#222 = ORIENTED_EDGE('',*,*,#223,.F.);
#223 = EDGE_CURVE('',#224,#224,#226,.T.);
#224 = VERTEX_POINT('',#225);
#225 = CARTESIAN_POINT('',(17.,14.,0.));
#226 = CIRCLE('',#227,1.5);
#227 = AXIS2_PLACEMENT_3D('',#228,#229,#230);
#228 = CARTESIAN_POINT('',(15.5,14.,0.));
#229 = DIRECTION('',(0.,0.,1.));
#230 = DIRECTION('',(1.,0.,0.));
#231 = FACE_BOUND('',#232,.F.);
#232 = EDGE_LOOP('',(#233));
#233 = ORIENTED_EDGE('',*,*,#234,.F.);
#234 = EDGE_CURVE('',#235,#235,#237,.T.);
#235 = VERTEX_POINT('',#236);
#236 = CARTESIAN_POINT('',(-14.,45.,0.));
#237 = CIRCLE('',#238,1.5);
#238 = AXIS2_PLACEMENT_3D('',#239,#240,#241);
#239 = CARTESIAN_POINT('',(-15.5,45.,0.));
#240 = DIRECTION('',(0.,0.,1.));
#241 = DIRECTION('',(1.,0.,0.));
#242 = FACE_BOUND('',#243,.F.);
#243 = EDGE_LOOP('',(#244));
#244 = ORIENTED_EDGE('',*,*,#245,.F.);
#245 = EDGE_CURVE('',#246,#246,#248,.T.);
#246 = VERTEX_POINT('',#247);
#247 = CARTESIAN_POINT('',(17.,45.,0.));
#248 = CIRCLE('',#249,1.5);
#249 = AXIS2_PLACEMENT_3D('',#250,#251,#252);
#250 = CARTESIAN_POINT('',(15.5,45.,0.));
#251 = DIRECTION('',(0.,0.,1.));
#252 = DIRECTION('',(1.,0.,0.));
#253 = PLANE('',#254);
#254 = AXIS2_PLACEMENT_3D('',#255,#256,#257);
#255 = CARTESIAN_POINT('',(-1.94E-15,31.615384615385,0.));
#256 = DIRECTION('',(0.,0.,1.));
#257 = DIRECTION('',(1.,0.,0.));
#258 = ADVANCED_FACE('',(#259,#334,#345,#356,#367),#378,.T.);
#259 = FACE_BOUND('',#260,.T.);
#260 = EDGE_LOOP('',(#261,#262,#263,#271,#279,#287,#295,#303,#311,#319,
    #327,#333));
#261 = ORIENTED_EDGE('',*,*,#61,.T.);
#262 = ORIENTED_EDGE('',*,*,#139,.T.);
#263 = ORIENTED_EDGE('',*,*,#264,.T.);
#264 = EDGE_CURVE('',#140,#265,#267,.T.);
#265 = VERTEX_POINT('',#266);
#266 = CARTESIAN_POINT('',(12.,8.5,10.));
#267 = LINE('',#268,#269);
#268 = CARTESIAN_POINT('',(12.,41.5,10.));
#269 = VECTOR('',#270,1.);
#270 = DIRECTION('',(0.,-1.,0.));
#271 = ORIENTED_EDGE('',*,*,#272,.F.);
#272 = EDGE_CURVE('',#273,#265,#275,.T.);
#273 = VERTEX_POINT('',#274);
#274 = CARTESIAN_POINT('',(10.,8.5,10.));
#275 = LINE('',#276,#277);
#276 = CARTESIAN_POINT('',(5.,8.5,10.));
#277 = VECTOR('',#278,1.);
#278 = DIRECTION('',(1.,0.,0.));
#279 = ORIENTED_EDGE('',*,*,#280,.F.);
#280 = EDGE_CURVE('',#281,#273,#283,.T.);
#281 = VERTEX_POINT('',#282);
#282 = CARTESIAN_POINT('',(10.,0.,10.));
#283 = LINE('',#284,#285);
#284 = CARTESIAN_POINT('',(10.,15.799262734584,10.));
#285 = VECTOR('',#286,1.);
#286 = DIRECTION('',(0.,1.,0.));
#287 = ORIENTED_EDGE('',*,*,#288,.F.);
#288 = EDGE_CURVE('',#289,#281,#291,.T.);
#289 = VERTEX_POINT('',#290);
#290 = CARTESIAN_POINT('',(29.5,0.,10.));
#291 = LINE('',#292,#293);
#292 = CARTESIAN_POINT('',(6.,0.,10.));
#293 = VECTOR('',#294,1.);
#294 = DIRECTION('',(-1.,0.,0.));
#295 = ORIENTED_EDGE('',*,*,#296,.F.);
#296 = EDGE_CURVE('',#297,#289,#299,.T.);
#297 = VERTEX_POINT('',#298);
#298 = CARTESIAN_POINT('',(29.5,59.,10.));
#299 = LINE('',#300,#301);
#300 = CARTESIAN_POINT('',(29.5,59.,10.));
#301 = VECTOR('',#302,1.);
#302 = DIRECTION('',(0.,-1.,0.));
#303 = ORIENTED_EDGE('',*,*,#304,.F.);
#304 = EDGE_CURVE('',#305,#297,#307,.T.);
#305 = VERTEX_POINT('',#306);
#306 = CARTESIAN_POINT('',(-29.5,59.,10.));
#307 = LINE('',#308,#309);
#308 = CARTESIAN_POINT('',(-29.5,59.,10.));
#309 = VECTOR('',#310,1.);
#310 = DIRECTION('',(1.,0.,0.));
#311 = ORIENTED_EDGE('',*,*,#312,.F.);
#312 = EDGE_CURVE('',#313,#305,#315,.T.);
#313 = VERTEX_POINT('',#314);
#314 = CARTESIAN_POINT('',(-29.5,0.,10.));
#315 = LINE('',#316,#317);
#316 = CARTESIAN_POINT('',(-29.5,0.,10.));
#317 = VECTOR('',#318,1.);
#318 = DIRECTION('',(0.,1.,0.));
#319 = ORIENTED_EDGE('',*,*,#320,.F.);
#320 = EDGE_CURVE('',#321,#313,#323,.T.);
#321 = VERTEX_POINT('',#322);
#322 = CARTESIAN_POINT('',(-10.,0.,10.));
#323 = LINE('',#324,#325);
#324 = CARTESIAN_POINT('',(-12.,0.,10.));
#325 = VECTOR('',#326,1.);
#326 = DIRECTION('',(-1.,0.,0.));
#327 = ORIENTED_EDGE('',*,*,#328,.F.);
#328 = EDGE_CURVE('',#117,#321,#329,.T.);
#329 = LINE('',#330,#331);
#330 = CARTESIAN_POINT('',(-10.,20.049262734584,10.));
#331 = VECTOR('',#332,1.);
#332 = DIRECTION('',(0.,-1.,0.));
#333 = ORIENTED_EDGE('',*,*,#116,.F.);
#334 = FACE_BOUND('',#335,.T.);
#335 = EDGE_LOOP('',(#336));
#336 = ORIENTED_EDGE('',*,*,#337,.F.);
#337 = EDGE_CURVE('',#338,#338,#340,.T.);
#338 = VERTEX_POINT('',#339);
#339 = CARTESIAN_POINT('',(-14.,14.,10.));
#340 = CIRCLE('',#341,1.5);
#341 = AXIS2_PLACEMENT_3D('',#342,#343,#344);
#342 = CARTESIAN_POINT('',(-15.5,14.,10.));
#343 = DIRECTION('',(0.,0.,1.));
#344 = DIRECTION('',(1.,0.,0.));
#345 = FACE_BOUND('',#346,.T.);
#346 = EDGE_LOOP('',(#347));
#347 = ORIENTED_EDGE('',*,*,#348,.F.);
#348 = EDGE_CURVE('',#349,#349,#351,.T.);
#349 = VERTEX_POINT('',#350);
#350 = CARTESIAN_POINT('',(17.,14.,10.));
#351 = CIRCLE('',#352,1.5);
#352 = AXIS2_PLACEMENT_3D('',#353,#354,#355);
#353 = CARTESIAN_POINT('',(15.5,14.,10.));
#354 = DIRECTION('',(0.,0.,1.));
#355 = DIRECTION('',(1.,0.,0.));
#356 = FACE_BOUND('',#357,.T.);
#357 = EDGE_LOOP('',(#358));
#358 = ORIENTED_EDGE('',*,*,#359,.F.);
#359 = EDGE_CURVE('',#360,#360,#362,.T.);
#360 = VERTEX_POINT('',#361);
#361 = CARTESIAN_POINT('',(-14.,45.,10.));
#362 = CIRCLE('',#363,1.5);
#363 = AXIS2_PLACEMENT_3D('',#364,#365,#366);
#364 = CARTESIAN_POINT('',(-15.5,45.,10.));
#365 = DIRECTION('',(0.,0.,1.));
#366 = DIRECTION('',(1.,0.,0.));
#367 = FACE_BOUND('',#368,.T.);
#368 = EDGE_LOOP('',(#369));
#369 = ORIENTED_EDGE('',*,*,#370,.F.);
#370 = EDGE_CURVE('',#371,#371,#373,.T.);
#371 = VERTEX_POINT('',#372);
#372 = CARTESIAN_POINT('',(17.,45.,10.));
#373 = CIRCLE('',#374,1.5);
#374 = AXIS2_PLACEMENT_3D('',#375,#376,#377);
#375 = CARTESIAN_POINT('',(15.5,45.,10.));
#376 = DIRECTION('',(0.,0.,1.));
#377 = DIRECTION('',(1.,0.,0.));
#378 = PLANE('',#379);
#379 = AXIS2_PLACEMENT_3D('',#380,#381,#382);
#380 = CARTESIAN_POINT('',(-5.48E-15,29.707186544343,10.));
#381 = DIRECTION('',(0.,0.,1.));
#382 = DIRECTION('',(1.,0.,0.));
#383 = ADVANCED_FACE('',(#384),#425,.F.);
#384 = FACE_BOUND('',#385,.F.);
#385 = EDGE_LOOP('',(#386,#396,#402,#403,#411,#419));
#386 = ORIENTED_EDGE('',*,*,#387,.F.);
#387 = EDGE_CURVE('',#388,#390,#392,.T.);
#388 = VERTEX_POINT('',#389);
#389 = CARTESIAN_POINT('',(-10.,-4.E-15,-34.));
#390 = VERTEX_POINT('',#391);
#391 = CARTESIAN_POINT('',(-29.5,-8.E-15,-34.));
#392 = LINE('',#393,#394);
#393 = CARTESIAN_POINT('',(-9.5,0.,-34.));
#394 = VECTOR('',#395,1.);
#395 = DIRECTION('',(-1.,0.,0.));
#396 = ORIENTED_EDGE('',*,*,#397,.F.);
#397 = EDGE_CURVE('',#94,#388,#398,.T.);
#398 = LINE('',#399,#400);
#399 = CARTESIAN_POINT('',(-10.,4.25,-34.));
#400 = VECTOR('',#401,1.);
#401 = DIRECTION('',(0.,-1.,2.2E-16));
#402 = ORIENTED_EDGE('',*,*,#91,.F.);
#403 = ORIENTED_EDGE('',*,*,#404,.T.);
#404 = EDGE_CURVE('',#92,#405,#407,.T.);
#405 = VERTEX_POINT('',#406);
#406 = CARTESIAN_POINT('',(-21.,20.,-34.));
#407 = LINE('',#408,#409);
#408 = CARTESIAN_POINT('',(-21.,25.25,-34.));
#409 = VECTOR('',#410,1.);
#410 = DIRECTION('',(-8.E-17,1.,-2.2E-16));
#411 = ORIENTED_EDGE('',*,*,#412,.T.);
#412 = EDGE_CURVE('',#405,#413,#415,.T.);
#413 = VERTEX_POINT('',#414);
#414 = CARTESIAN_POINT('',(-29.5,20.,-34.));
#415 = LINE('',#416,#417);
#416 = CARTESIAN_POINT('',(-9.5,20.,-34.));
#417 = VECTOR('',#418,1.);
#418 = DIRECTION('',(-1.,0.,0.));
#419 = ORIENTED_EDGE('',*,*,#420,.F.);
#420 = EDGE_CURVE('',#390,#413,#421,.T.);
#421 = LINE('',#422,#423);
#422 = CARTESIAN_POINT('',(-29.5,-7.55E-15,-34.));
#423 = VECTOR('',#424,1.);
#424 = DIRECTION('',(0.,1.,-2.2E-16));
#425 = PLANE('',#426);
#426 = AXIS2_PLACEMENT_3D('',#427,#428,#429);
#427 = CARTESIAN_POINT('',(-9.5,-7.55E-15,-34.));
#428 = DIRECTION('',(0.,2.2E-16,1.));
#429 = DIRECTION('',(-1.,0.,0.));
#430 = ADVANCED_FACE('',(#431),#442,.T.);
#431 = FACE_BOUND('',#432,.T.);
#432 = EDGE_LOOP('',(#433,#434,#435,#436));
#433 = ORIENTED_EDGE('',*,*,#397,.F.);
#434 = ORIENTED_EDGE('',*,*,#124,.T.);
#435 = ORIENTED_EDGE('',*,*,#328,.T.);
#436 = ORIENTED_EDGE('',*,*,#437,.F.);
#437 = EDGE_CURVE('',#388,#321,#438,.T.);
#438 = LINE('',#439,#440);
#439 = CARTESIAN_POINT('',(-10.,0.,-74.));
#440 = VECTOR('',#441,1.);
#441 = DIRECTION('',(0.,0.,1.));
#442 = PLANE('',#443);
#443 = AXIS2_PLACEMENT_3D('',#444,#445,#446);
#444 = CARTESIAN_POINT('',(-10.,8.5,-74.));
#445 = DIRECTION('',(1.,0.,0.));
#446 = DIRECTION('',(0.,-1.,0.));
#447 = ADVANCED_FACE('',(#448),#491,.F.);
#448 = FACE_BOUND('',#449,.F.);
#449 = EDGE_LOOP('',(#450,#451,#459,#467,#475,#483,#489,#490));
#450 = ORIENTED_EDGE('',*,*,#204,.F.);
#451 = ORIENTED_EDGE('',*,*,#452,.T.);
#452 = EDGE_CURVE('',#197,#453,#455,.T.);
#453 = VERTEX_POINT('',#454);
#454 = CARTESIAN_POINT('',(-21.,50.5,-74.));
#455 = LINE('',#456,#457);
#456 = CARTESIAN_POINT('',(-21.,50.5,10.));
#457 = VECTOR('',#458,1.);
#458 = DIRECTION('',(-0.,-0.,-1.));
#459 = ORIENTED_EDGE('',*,*,#460,.T.);
#460 = EDGE_CURVE('',#453,#461,#463,.T.);
#461 = VERTEX_POINT('',#462);
#462 = CARTESIAN_POINT('',(-21.,40.,-74.));
#463 = LINE('',#464,#465);
#464 = CARTESIAN_POINT('',(-21.,50.5,-74.));
#465 = VECTOR('',#466,1.);
#466 = DIRECTION('',(8.E-17,-1.,0.));
#467 = ORIENTED_EDGE('',*,*,#468,.F.);
#468 = EDGE_CURVE('',#469,#461,#471,.T.);
#469 = VERTEX_POINT('',#470);
#470 = CARTESIAN_POINT('',(-21.,40.,-33.889632));
#471 = LINE('',#472,#473);
#472 = CARTESIAN_POINT('',(-21.,40.,-11.944816));
#473 = VECTOR('',#474,1.);
#474 = DIRECTION('',(0.,0.,-1.));
#475 = ORIENTED_EDGE('',*,*,#476,.F.);
#476 = EDGE_CURVE('',#477,#469,#479,.T.);
#477 = VERTEX_POINT('',#478);
#478 = CARTESIAN_POINT('',(-21.,20.,-33.889632));
#479 = LINE('',#480,#481);
#480 = CARTESIAN_POINT('',(-21.,35.25,-33.889632));
#481 = VECTOR('',#482,1.);
#482 = DIRECTION('',(-8.E-17,1.,0.));
#483 = ORIENTED_EDGE('',*,*,#484,.F.);
#484 = EDGE_CURVE('',#405,#477,#485,.T.);
#485 = LINE('',#486,#487);
#486 = CARTESIAN_POINT('',(-21.,20.,-32.));
#487 = VECTOR('',#488,1.);
#488 = DIRECTION('',(0.,0.,1.));
#489 = ORIENTED_EDGE('',*,*,#404,.F.);
#490 = ORIENTED_EDGE('',*,*,#101,.F.);
#491 = PLANE('',#492);
#492 = AXIS2_PLACEMENT_3D('',#493,#494,#495);
#493 = CARTESIAN_POINT('',(-21.,50.5,10.));
#494 = DIRECTION('',(-1.,-8.E-17,0.));
#495 = DIRECTION('',(8.E-17,-1.,0.));
#496 = ADVANCED_FACE('',(#497),#508,.F.);
#497 = FACE_BOUND('',#498,.F.);
#498 = EDGE_LOOP('',(#499,#500,#501,#507));
#499 = ORIENTED_EDGE('',*,*,#147,.T.);
#500 = ORIENTED_EDGE('',*,*,#264,.T.);
#501 = ORIENTED_EDGE('',*,*,#502,.F.);
#502 = EDGE_CURVE('',#173,#265,#503,.T.);
#503 = LINE('',#504,#505);
#504 = CARTESIAN_POINT('',(12.,8.5,0.));
#505 = VECTOR('',#506,1.);
#506 = DIRECTION('',(0.,0.,1.));
#507 = ORIENTED_EDGE('',*,*,#172,.F.);
#508 = PLANE('',#509);
#509 = AXIS2_PLACEMENT_3D('',#510,#511,#512);
#510 = CARTESIAN_POINT('',(12.,41.5,0.));
#511 = DIRECTION('',(1.,0.,0.));
#512 = DIRECTION('',(0.,-1.,0.));
#513 = ADVANCED_FACE('',(#514,#532,#543),#554,.F.);
#514 = FACE_BOUND('',#515,.F.);
#515 = EDGE_LOOP('',(#516,#524,#530,#531));
#516 = ORIENTED_EDGE('',*,*,#517,.T.);
#517 = EDGE_CURVE('',#189,#518,#520,.T.);
#518 = VERTEX_POINT('',#519);
#519 = CARTESIAN_POINT('',(21.,50.5,-74.));
#520 = LINE('',#521,#522);
#521 = CARTESIAN_POINT('',(21.,50.5,10.));
#522 = VECTOR('',#523,1.);
#523 = DIRECTION('',(-0.,-0.,-1.));
#524 = ORIENTED_EDGE('',*,*,#525,.T.);
#525 = EDGE_CURVE('',#518,#453,#526,.T.);
#526 = LINE('',#527,#528);
#527 = CARTESIAN_POINT('',(21.,50.5,-74.));
#528 = VECTOR('',#529,1.);
#529 = DIRECTION('',(-1.,0.,0.));
#530 = ORIENTED_EDGE('',*,*,#452,.F.);
#531 = ORIENTED_EDGE('',*,*,#196,.F.);
#532 = FACE_BOUND('',#533,.F.);
#533 = EDGE_LOOP('',(#534));
#534 = ORIENTED_EDGE('',*,*,#535,.F.);
#535 = EDGE_CURVE('',#536,#536,#538,.T.);
#536 = VERTEX_POINT('',#537);
#537 = CARTESIAN_POINT('',(-2.5,50.5,-64.));
#538 = CIRCLE('',#539,2.5);
#539 = AXIS2_PLACEMENT_3D('',#540,#541,#542);
#540 = CARTESIAN_POINT('',(-9.94E-15,50.5,-64.));
#541 = DIRECTION('',(0.,1.,-2.2E-16));
#542 = DIRECTION('',(-1.,0.,0.));
#543 = FACE_BOUND('',#544,.F.);
#544 = EDGE_LOOP('',(#545));
#545 = ORIENTED_EDGE('',*,*,#546,.F.);
#546 = EDGE_CURVE('',#547,#547,#549,.T.);
#547 = VERTEX_POINT('',#548);
#548 = CARTESIAN_POINT('',(-2.5,50.5,-44.));
#549 = CIRCLE('',#550,2.5);
#550 = AXIS2_PLACEMENT_3D('',#551,#552,#553);
#551 = CARTESIAN_POINT('',(0.,50.5,-44.));
#552 = DIRECTION('',(0.,1.,-2.2E-16));
#553 = DIRECTION('',(-1.,0.,0.));
#554 = PLANE('',#555);
#555 = AXIS2_PLACEMENT_3D('',#556,#557,#558);
#556 = CARTESIAN_POINT('',(21.,50.5,10.));
#557 = DIRECTION('',(0.,1.,0.));
#558 = DIRECTION('',(-1.,0.,0.));
#559 = ADVANCED_FACE('',(#560,#578),#589,.F.);
#560 = FACE_BOUND('',#561,.F.);
#561 = EDGE_LOOP('',(#562,#563,#571,#577));
#562 = ORIENTED_EDGE('',*,*,#188,.F.);
#563 = ORIENTED_EDGE('',*,*,#564,.T.);
#564 = EDGE_CURVE('',#181,#565,#567,.T.);
#565 = VERTEX_POINT('',#566);
#566 = CARTESIAN_POINT('',(21.,8.5,-74.));
#567 = LINE('',#568,#569);
#568 = CARTESIAN_POINT('',(21.,8.5,10.));
#569 = VECTOR('',#570,1.);
#570 = DIRECTION('',(-0.,-0.,-1.));
#571 = ORIENTED_EDGE('',*,*,#572,.T.);
#572 = EDGE_CURVE('',#565,#518,#573,.T.);
#573 = LINE('',#574,#575);
#574 = CARTESIAN_POINT('',(21.,8.5,-74.));
#575 = VECTOR('',#576,1.);
#576 = DIRECTION('',(-8.E-17,1.,0.));
#577 = ORIENTED_EDGE('',*,*,#517,.F.);
#578 = FACE_BOUND('',#579,.F.);
#579 = EDGE_LOOP('',(#580));
#580 = ORIENTED_EDGE('',*,*,#581,.F.);
#581 = EDGE_CURVE('',#582,#582,#584,.T.);
#582 = VERTEX_POINT('',#583);
#583 = CARTESIAN_POINT('',(21.,32.5,-44.));
#584 = CIRCLE('',#585,2.5);
#585 = AXIS2_PLACEMENT_3D('',#586,#587,#588);
#586 = CARTESIAN_POINT('',(21.,30.,-44.));
#587 = DIRECTION('',(1.,0.,0.));
#588 = DIRECTION('',(0.,1.,0.));
#589 = PLANE('',#590);
#590 = AXIS2_PLACEMENT_3D('',#591,#592,#593);
#591 = CARTESIAN_POINT('',(21.,8.5,10.));
#592 = DIRECTION('',(1.,8.E-17,0.));
#593 = DIRECTION('',(-8.E-17,1.,0.));
#594 = ADVANCED_FACE('',(#595),#615,.T.);
#595 = FACE_BOUND('',#596,.T.);
#596 = EDGE_LOOP('',(#597,#598,#599,#607,#613,#614));
#597 = ORIENTED_EDGE('',*,*,#180,.T.);
#598 = ORIENTED_EDGE('',*,*,#564,.T.);
#599 = ORIENTED_EDGE('',*,*,#600,.F.);
#600 = EDGE_CURVE('',#601,#565,#603,.T.);
#601 = VERTEX_POINT('',#602);
#602 = CARTESIAN_POINT('',(10.,8.5,-74.));
#603 = LINE('',#604,#605);
#604 = CARTESIAN_POINT('',(12.,8.5,-74.));
#605 = VECTOR('',#606,1.);
#606 = DIRECTION('',(1.,0.,0.));
#607 = ORIENTED_EDGE('',*,*,#608,.T.);
#608 = EDGE_CURVE('',#601,#273,#609,.T.);
#609 = LINE('',#610,#611);
#610 = CARTESIAN_POINT('',(10.,8.5,-74.));
#611 = VECTOR('',#612,1.);
#612 = DIRECTION('',(0.,0.,1.));
#613 = ORIENTED_EDGE('',*,*,#272,.T.);
#614 = ORIENTED_EDGE('',*,*,#502,.F.);
#615 = PLANE('',#616);
#616 = AXIS2_PLACEMENT_3D('',#617,#618,#619);
#617 = CARTESIAN_POINT('',(15.026315789474,8.5,-32.47368421052));
#618 = DIRECTION('',(0.,1.,0.));
#619 = DIRECTION('',(0.,0.,1.));
#620 = ADVANCED_FACE('',(#621),#632,.F.);
#621 = FACE_BOUND('',#622,.F.);
#622 = EDGE_LOOP('',(#623,#624,#630,#631));
#623 = ORIENTED_EDGE('',*,*,#337,.F.);
#624 = ORIENTED_EDGE('',*,*,#625,.T.);
#625 = EDGE_CURVE('',#338,#213,#626,.T.);
#626 = LINE('',#627,#628);
#627 = CARTESIAN_POINT('',(-14.,14.,10.));
#628 = VECTOR('',#629,1.);
#629 = DIRECTION('',(-0.,-0.,-1.));
#630 = ORIENTED_EDGE('',*,*,#212,.T.);
#631 = ORIENTED_EDGE('',*,*,#625,.F.);
#632 = CYLINDRICAL_SURFACE('',#633,1.5);
#633 = AXIS2_PLACEMENT_3D('',#634,#635,#636);
#634 = CARTESIAN_POINT('',(-15.5,14.,10.));
#635 = DIRECTION('',(0.,0.,1.));
#636 = DIRECTION('',(1.,0.,0.));
#637 = ADVANCED_FACE('',(#638),#649,.F.);
#638 = FACE_BOUND('',#639,.F.);
#639 = EDGE_LOOP('',(#640,#641,#647,#648));
#640 = ORIENTED_EDGE('',*,*,#348,.F.);
#641 = ORIENTED_EDGE('',*,*,#642,.T.);
#642 = EDGE_CURVE('',#349,#224,#643,.T.);
#643 = LINE('',#644,#645);
#644 = CARTESIAN_POINT('',(17.,14.,10.));
#645 = VECTOR('',#646,1.);
#646 = DIRECTION('',(-0.,-0.,-1.));
#647 = ORIENTED_EDGE('',*,*,#223,.T.);
#648 = ORIENTED_EDGE('',*,*,#642,.F.);
#649 = CYLINDRICAL_SURFACE('',#650,1.5);
#650 = AXIS2_PLACEMENT_3D('',#651,#652,#653);
#651 = CARTESIAN_POINT('',(15.5,14.,10.));
#652 = DIRECTION('',(0.,0.,1.));
#653 = DIRECTION('',(1.,0.,0.));
#654 = ADVANCED_FACE('',(#655),#666,.F.);
#655 = FACE_BOUND('',#656,.F.);
#656 = EDGE_LOOP('',(#657,#658,#664,#665));
#657 = ORIENTED_EDGE('',*,*,#359,.F.);
#658 = ORIENTED_EDGE('',*,*,#659,.T.);
#659 = EDGE_CURVE('',#360,#235,#660,.T.);
#660 = LINE('',#661,#662);
#661 = CARTESIAN_POINT('',(-14.,45.,10.));
#662 = VECTOR('',#663,1.);
#663 = DIRECTION('',(-0.,-0.,-1.));
#664 = ORIENTED_EDGE('',*,*,#234,.T.);
#665 = ORIENTED_EDGE('',*,*,#659,.F.);
#666 = CYLINDRICAL_SURFACE('',#667,1.5);
#667 = AXIS2_PLACEMENT_3D('',#668,#669,#670);
#668 = CARTESIAN_POINT('',(-15.5,45.,10.));
#669 = DIRECTION('',(0.,0.,1.));
#670 = DIRECTION('',(1.,0.,0.));
#671 = ADVANCED_FACE('',(#672),#683,.F.);
#672 = FACE_BOUND('',#673,.F.);
#673 = EDGE_LOOP('',(#674,#675,#681,#682));
#674 = ORIENTED_EDGE('',*,*,#370,.F.);
#675 = ORIENTED_EDGE('',*,*,#676,.T.);
#676 = EDGE_CURVE('',#371,#246,#677,.T.);
#677 = LINE('',#678,#679);
#678 = CARTESIAN_POINT('',(17.,45.,10.));
#679 = VECTOR('',#680,1.);
#680 = DIRECTION('',(-0.,-0.,-1.));
#681 = ORIENTED_EDGE('',*,*,#245,.T.);
#682 = ORIENTED_EDGE('',*,*,#676,.F.);
#683 = CYLINDRICAL_SURFACE('',#684,1.5);
#684 = AXIS2_PLACEMENT_3D('',#685,#686,#687);
#685 = CARTESIAN_POINT('',(15.5,45.,10.));
#686 = DIRECTION('',(0.,0.,1.));
#687 = DIRECTION('',(1.,0.,0.));
#688 = ADVANCED_FACE('',(#689),#700,.T.);
#689 = FACE_BOUND('',#690,.T.);
#690 = EDGE_LOOP('',(#691,#692,#693,#694));
#691 = ORIENTED_EDGE('',*,*,#387,.F.);
#692 = ORIENTED_EDGE('',*,*,#437,.T.);
#693 = ORIENTED_EDGE('',*,*,#320,.T.);
#694 = ORIENTED_EDGE('',*,*,#695,.T.);
#695 = EDGE_CURVE('',#313,#390,#696,.T.);
#696 = LINE('',#697,#698);
#697 = CARTESIAN_POINT('',(-29.5,0.,10.));
#698 = VECTOR('',#699,1.);
#699 = DIRECTION('',(-0.,-0.,-1.));
#700 = PLANE('',#701);
#701 = AXIS2_PLACEMENT_3D('',#702,#703,#704);
#702 = CARTESIAN_POINT('',(-19.75,0.,-32.));
#703 = DIRECTION('',(-0.,-1.,-0.));
#704 = DIRECTION('',(0.,0.,-1.));
#705 = ADVANCED_FACE('',(#706),#749,.F.);
#706 = FACE_BOUND('',#707,.F.);
#707 = EDGE_LOOP('',(#708,#709,#710,#711,#719,#727,#735,#743));
#708 = ORIENTED_EDGE('',*,*,#312,.F.);
#709 = ORIENTED_EDGE('',*,*,#695,.T.);
#710 = ORIENTED_EDGE('',*,*,#420,.T.);
#711 = ORIENTED_EDGE('',*,*,#712,.T.);
#712 = EDGE_CURVE('',#413,#713,#715,.T.);
#713 = VERTEX_POINT('',#714);
#714 = CARTESIAN_POINT('',(-29.5,20.,-33.889632));
#715 = LINE('',#716,#717);
#716 = CARTESIAN_POINT('',(-29.5,20.,-74.));
#717 = VECTOR('',#718,1.);
#718 = DIRECTION('',(0.,0.,1.));
#719 = ORIENTED_EDGE('',*,*,#720,.T.);
#720 = EDGE_CURVE('',#713,#721,#723,.T.);
#721 = VERTEX_POINT('',#722);
#722 = CARTESIAN_POINT('',(-29.5,40.,-33.889632));
#723 = LINE('',#724,#725);
#724 = CARTESIAN_POINT('',(-29.5,20.,-33.889632));
#725 = VECTOR('',#726,1.);
#726 = DIRECTION('',(0.,1.,0.));
#727 = ORIENTED_EDGE('',*,*,#728,.T.);
#728 = EDGE_CURVE('',#721,#729,#731,.T.);
#729 = VERTEX_POINT('',#730);
#730 = CARTESIAN_POINT('',(-29.5,40.,-74.));
#731 = LINE('',#732,#733);
#732 = CARTESIAN_POINT('',(-29.5,40.,-33.889632));
#733 = VECTOR('',#734,1.);
#734 = DIRECTION('',(0.,0.,-1.));
#735 = ORIENTED_EDGE('',*,*,#736,.T.);
#736 = EDGE_CURVE('',#729,#737,#739,.T.);
#737 = VERTEX_POINT('',#738);
#738 = CARTESIAN_POINT('',(-29.5,59.,-74.));
#739 = LINE('',#740,#741);
#740 = CARTESIAN_POINT('',(-29.5,0.,-74.));
#741 = VECTOR('',#742,1.);
#742 = DIRECTION('',(0.,1.,0.));
#743 = ORIENTED_EDGE('',*,*,#744,.F.);
#744 = EDGE_CURVE('',#305,#737,#745,.T.);
#745 = LINE('',#746,#747);
#746 = CARTESIAN_POINT('',(-29.5,59.,10.));
#747 = VECTOR('',#748,1.);
#748 = DIRECTION('',(-0.,-0.,-1.));
#749 = PLANE('',#750);
#750 = AXIS2_PLACEMENT_3D('',#751,#752,#753);
#751 = CARTESIAN_POINT('',(-29.5,0.,10.));
#752 = DIRECTION('',(1.,0.,0.));
#753 = DIRECTION('',(0.,1.,0.));
#754 = ADVANCED_FACE('',(#755),#773,.T.);
#755 = FACE_BOUND('',#756,.T.);
#756 = EDGE_LOOP('',(#757,#765,#771,#772));
#757 = ORIENTED_EDGE('',*,*,#758,.F.);
#758 = EDGE_CURVE('',#759,#601,#761,.T.);
#759 = VERTEX_POINT('',#760);
#760 = CARTESIAN_POINT('',(10.,0.,-74.));
#761 = LINE('',#762,#763);
#762 = CARTESIAN_POINT('',(10.,0.,-74.));
#763 = VECTOR('',#764,1.);
#764 = DIRECTION('',(0.,1.,0.));
#765 = ORIENTED_EDGE('',*,*,#766,.T.);
#766 = EDGE_CURVE('',#759,#281,#767,.T.);
#767 = LINE('',#768,#769);
#768 = CARTESIAN_POINT('',(10.,0.,-74.));
#769 = VECTOR('',#770,1.);
#770 = DIRECTION('',(0.,0.,1.));
#771 = ORIENTED_EDGE('',*,*,#280,.T.);
#772 = ORIENTED_EDGE('',*,*,#608,.F.);
#773 = PLANE('',#774);
#774 = AXIS2_PLACEMENT_3D('',#775,#776,#777);
#775 = CARTESIAN_POINT('',(10.,0.,-74.));
#776 = DIRECTION('',(-1.,0.,0.));
#777 = DIRECTION('',(0.,1.,0.));
#778 = ADVANCED_FACE('',(#779,#797,#808),#819,.F.);
#779 = FACE_BOUND('',#780,.F.);
#780 = EDGE_LOOP('',(#781,#782,#790,#796));
#781 = ORIENTED_EDGE('',*,*,#744,.T.);
#782 = ORIENTED_EDGE('',*,*,#783,.T.);
#783 = EDGE_CURVE('',#737,#784,#786,.T.);
#784 = VERTEX_POINT('',#785);
#785 = CARTESIAN_POINT('',(29.5,59.,-74.));
#786 = LINE('',#787,#788);
#787 = CARTESIAN_POINT('',(-29.5,59.,-74.));
#788 = VECTOR('',#789,1.);
#789 = DIRECTION('',(1.,0.,0.));
#790 = ORIENTED_EDGE('',*,*,#791,.F.);
#791 = EDGE_CURVE('',#297,#784,#792,.T.);
#792 = LINE('',#793,#794);
#793 = CARTESIAN_POINT('',(29.5,59.,10.));
#794 = VECTOR('',#795,1.);
#795 = DIRECTION('',(-0.,-0.,-1.));
#796 = ORIENTED_EDGE('',*,*,#304,.F.);
#797 = FACE_BOUND('',#798,.F.);
#798 = EDGE_LOOP('',(#799));
#799 = ORIENTED_EDGE('',*,*,#800,.T.);
#800 = EDGE_CURVE('',#801,#801,#803,.T.);
#801 = VERTEX_POINT('',#802);
#802 = CARTESIAN_POINT('',(-2.5,59.,-64.));
#803 = CIRCLE('',#804,2.5);
#804 = AXIS2_PLACEMENT_3D('',#805,#806,#807);
#805 = CARTESIAN_POINT('',(-9.94E-15,59.,-64.));
#806 = DIRECTION('',(0.,1.,-0.));
#807 = DIRECTION('',(-1.,0.,0.));
#808 = FACE_BOUND('',#809,.F.);
#809 = EDGE_LOOP('',(#810));
#810 = ORIENTED_EDGE('',*,*,#811,.T.);
#811 = EDGE_CURVE('',#812,#812,#814,.T.);
#812 = VERTEX_POINT('',#813);
#813 = CARTESIAN_POINT('',(-2.5,59.,-44.));
#814 = CIRCLE('',#815,2.5);
#815 = AXIS2_PLACEMENT_3D('',#816,#817,#818);
#816 = CARTESIAN_POINT('',(0.,59.,-44.));
#817 = DIRECTION('',(0.,1.,-0.));
#818 = DIRECTION('',(-1.,0.,0.));
#819 = PLANE('',#820);
#820 = AXIS2_PLACEMENT_3D('',#821,#822,#823);
#821 = CARTESIAN_POINT('',(-29.5,59.,10.));
#822 = DIRECTION('',(0.,-1.,0.));
#823 = DIRECTION('',(1.,0.,0.));
#824 = ADVANCED_FACE('',(#825,#843,#877),#911,.T.);
#825 = FACE_BOUND('',#826,.T.);
#826 = EDGE_LOOP('',(#827,#835,#836,#837));
#827 = ORIENTED_EDGE('',*,*,#828,.F.);
#828 = EDGE_CURVE('',#289,#829,#831,.T.);
#829 = VERTEX_POINT('',#830);
#830 = CARTESIAN_POINT('',(29.5,0.,-74.));
#831 = LINE('',#832,#833);
#832 = CARTESIAN_POINT('',(29.5,0.,10.));
#833 = VECTOR('',#834,1.);
#834 = DIRECTION('',(-0.,-0.,-1.));
#835 = ORIENTED_EDGE('',*,*,#288,.T.);
#836 = ORIENTED_EDGE('',*,*,#766,.F.);
#837 = ORIENTED_EDGE('',*,*,#838,.F.);
#838 = EDGE_CURVE('',#829,#759,#839,.T.);
#839 = LINE('',#840,#841);
#840 = CARTESIAN_POINT('',(29.5,0.,-74.));
#841 = VECTOR('',#842,1.);
#842 = DIRECTION('',(-1.,0.,0.));
#843 = FACE_BOUND('',#844,.T.);
#844 = EDGE_LOOP('',(#845,#855,#863,#871));
#845 = ORIENTED_EDGE('',*,*,#846,.F.);
#846 = EDGE_CURVE('',#847,#849,#851,.T.);
#847 = VERTEX_POINT('',#848);
#848 = CARTESIAN_POINT('',(23.3,1.E-15,5.832369118158));
#849 = VERTEX_POINT('',#850);
#850 = CARTESIAN_POINT('',(23.3,0.,-0.467630881842));
#851 = LINE('',#852,#853);
#852 = CARTESIAN_POINT('',(23.3,0.,5.832369118158));
#853 = VECTOR('',#854,1.);
#854 = DIRECTION('',(0.,0.,-1.));
#855 = ORIENTED_EDGE('',*,*,#856,.F.);
#856 = EDGE_CURVE('',#857,#847,#859,.T.);
#857 = VERTEX_POINT('',#858);
#858 = CARTESIAN_POINT('',(26.5,1.E-15,5.832369118158));
#859 = LINE('',#860,#861);
#860 = CARTESIAN_POINT('',(26.5,0.,5.832369118158));
#861 = VECTOR('',#862,1.);
#862 = DIRECTION('',(-1.,0.,0.));
#863 = ORIENTED_EDGE('',*,*,#864,.F.);
#864 = EDGE_CURVE('',#865,#857,#867,.T.);
#865 = VERTEX_POINT('',#866);
#866 = CARTESIAN_POINT('',(26.5,0.,-0.467630881842));
#867 = LINE('',#868,#869);
#868 = CARTESIAN_POINT('',(26.5,0.,-0.467630881842));
#869 = VECTOR('',#870,1.);
#870 = DIRECTION('',(0.,0.,1.));
#871 = ORIENTED_EDGE('',*,*,#872,.F.);
#872 = EDGE_CURVE('',#849,#865,#873,.T.);
#873 = LINE('',#874,#875);
#874 = CARTESIAN_POINT('',(23.3,0.,-0.467630881842));
#875 = VECTOR('',#876,1.);
#876 = DIRECTION('',(1.,0.,0.));
#877 = FACE_BOUND('',#878,.T.);
#878 = EDGE_LOOP('',(#879,#889,#897,#905));
#879 = ORIENTED_EDGE('',*,*,#880,.F.);
#880 = EDGE_CURVE('',#881,#883,#885,.T.);
#881 = VERTEX_POINT('',#882);
#882 = CARTESIAN_POINT('',(23.3,-2.E-15,-9.407630881842));
#883 = VERTEX_POINT('',#884);
#884 = CARTESIAN_POINT('',(23.3,-3.E-15,-15.70763088184));
#885 = LINE('',#886,#887);
#886 = CARTESIAN_POINT('',(23.3,0.,-9.407630881842));
#887 = VECTOR('',#888,1.);
#888 = DIRECTION('',(0.,0.,-1.));
#889 = ORIENTED_EDGE('',*,*,#890,.F.);
#890 = EDGE_CURVE('',#891,#881,#893,.T.);
#891 = VERTEX_POINT('',#892);
#892 = CARTESIAN_POINT('',(26.5,-2.E-15,-9.407630881842));
#893 = LINE('',#894,#895);
#894 = CARTESIAN_POINT('',(26.5,0.,-9.407630881842));
#895 = VECTOR('',#896,1.);
#896 = DIRECTION('',(-1.,0.,0.));
#897 = ORIENTED_EDGE('',*,*,#898,.F.);
#898 = EDGE_CURVE('',#899,#891,#901,.T.);
#899 = VERTEX_POINT('',#900);
#900 = CARTESIAN_POINT('',(26.5,-3.E-15,-15.70763088184));
#901 = LINE('',#902,#903);
#902 = CARTESIAN_POINT('',(26.5,0.,-15.70763088184));
#903 = VECTOR('',#904,1.);
#904 = DIRECTION('',(0.,0.,1.));
#905 = ORIENTED_EDGE('',*,*,#906,.F.);
#906 = EDGE_CURVE('',#883,#899,#907,.T.);
#907 = LINE('',#908,#909);
#908 = CARTESIAN_POINT('',(23.3,0.,-15.70763088184));
#909 = VECTOR('',#910,1.);
#910 = DIRECTION('',(1.,0.,0.));
#911 = PLANE('',#912);
#912 = AXIS2_PLACEMENT_3D('',#913,#914,#915);
#913 = CARTESIAN_POINT('',(19.75,0.,-32.));
#914 = DIRECTION('',(-0.,-1.,-0.));
#915 = DIRECTION('',(0.,0.,-1.));
#916 = ADVANCED_FACE('',(#917,#928,#939,#975),#1011,.F.);
#917 = FACE_BOUND('',#918,.F.);
#918 = EDGE_LOOP('',(#919,#920,#926,#927));
#919 = ORIENTED_EDGE('',*,*,#791,.T.);
#920 = ORIENTED_EDGE('',*,*,#921,.T.);
#921 = EDGE_CURVE('',#784,#829,#922,.T.);
#922 = LINE('',#923,#924);
#923 = CARTESIAN_POINT('',(29.5,59.,-74.));
#924 = VECTOR('',#925,1.);
#925 = DIRECTION('',(0.,-1.,0.));
#926 = ORIENTED_EDGE('',*,*,#828,.F.);
#927 = ORIENTED_EDGE('',*,*,#296,.F.);
#928 = FACE_BOUND('',#929,.F.);
#929 = EDGE_LOOP('',(#930));
#930 = ORIENTED_EDGE('',*,*,#931,.T.);
#931 = EDGE_CURVE('',#932,#932,#934,.T.);
#932 = VERTEX_POINT('',#933);
#933 = CARTESIAN_POINT('',(29.5,32.5,-44.));
#934 = CIRCLE('',#935,2.5);
#935 = AXIS2_PLACEMENT_3D('',#936,#937,#938);
#936 = CARTESIAN_POINT('',(29.5,30.,-44.));
#937 = DIRECTION('',(1.,0.,0.));
#938 = DIRECTION('',(0.,1.,0.));
#939 = FACE_BOUND('',#940,.F.);
#940 = EDGE_LOOP('',(#941,#951,#960,#968));
#941 = ORIENTED_EDGE('',*,*,#942,.F.);
#942 = EDGE_CURVE('',#943,#945,#947,.T.);
#943 = VERTEX_POINT('',#944);
#944 = CARTESIAN_POINT('',(29.5,5.,-10.95763088184));
#945 = VERTEX_POINT('',#946);
#946 = CARTESIAN_POINT('',(29.5,20.,-10.95763088184));
#947 = LINE('',#948,#949);
#948 = CARTESIAN_POINT('',(29.5,5.,-10.95763088184));
#949 = VECTOR('',#950,1.);
#950 = DIRECTION('',(0.,1.,-4.7E-16));
#951 = ORIENTED_EDGE('',*,*,#952,.T.);
#952 = EDGE_CURVE('',#943,#953,#955,.T.);
#953 = VERTEX_POINT('',#954);
#954 = CARTESIAN_POINT('',(29.5,5.,-14.15763088184));
#955 = CIRCLE('',#956,1.6);
#956 = AXIS2_PLACEMENT_3D('',#957,#958,#959);
#957 = CARTESIAN_POINT('',(29.5,5.,-12.55763088184));
#958 = DIRECTION('',(1.,0.,0.));
#959 = DIRECTION('',(0.,1.,0.));
#960 = ORIENTED_EDGE('',*,*,#961,.T.);
#961 = EDGE_CURVE('',#953,#962,#964,.T.);
#962 = VERTEX_POINT('',#963);
#963 = CARTESIAN_POINT('',(29.5,20.,-14.15763088184));
#964 = LINE('',#965,#966);
#965 = CARTESIAN_POINT('',(29.5,5.,-14.15763088184));
#966 = VECTOR('',#967,1.);
#967 = DIRECTION('',(0.,1.,0.));
#968 = ORIENTED_EDGE('',*,*,#969,.T.);
#969 = EDGE_CURVE('',#962,#945,#970,.T.);
#970 = CIRCLE('',#971,1.6);
#971 = AXIS2_PLACEMENT_3D('',#972,#973,#974);
#972 = CARTESIAN_POINT('',(29.5,20.,-12.55763088184));
#973 = DIRECTION('',(1.,0.,0.));
#974 = DIRECTION('',(0.,1.,0.));
#975 = FACE_BOUND('',#976,.F.);
#976 = EDGE_LOOP('',(#977,#987,#996,#1004));
#977 = ORIENTED_EDGE('',*,*,#978,.F.);
#978 = EDGE_CURVE('',#979,#981,#983,.T.);
#979 = VERTEX_POINT('',#980);
#980 = CARTESIAN_POINT('',(29.5,5.,4.282369118158));
#981 = VERTEX_POINT('',#982);
#982 = CARTESIAN_POINT('',(29.5,20.,4.282369118157));
#983 = LINE('',#984,#985);
#984 = CARTESIAN_POINT('',(29.5,5.,4.282369118158));
#985 = VECTOR('',#986,1.);
#986 = DIRECTION('',(0.,1.,-5.9E-16));
#987 = ORIENTED_EDGE('',*,*,#988,.T.);
#988 = EDGE_CURVE('',#979,#989,#991,.T.);
#989 = VERTEX_POINT('',#990);
#990 = CARTESIAN_POINT('',(29.5,5.,1.082369118158));
#991 = CIRCLE('',#992,1.6);
#992 = AXIS2_PLACEMENT_3D('',#993,#994,#995);
#993 = CARTESIAN_POINT('',(29.5,5.,2.682369118158));
#994 = DIRECTION('',(1.,0.,0.));
#995 = DIRECTION('',(0.,1.,0.));
#996 = ORIENTED_EDGE('',*,*,#997,.T.);
#997 = EDGE_CURVE('',#989,#998,#1000,.T.);
#998 = VERTEX_POINT('',#999);
#999 = CARTESIAN_POINT('',(29.5,20.,1.082369118157));
#1000 = LINE('',#1001,#1002);
#1001 = CARTESIAN_POINT('',(29.5,5.,1.082369118157));
#1002 = VECTOR('',#1003,1.);
#1003 = DIRECTION('',(0.,1.,0.));
#1004 = ORIENTED_EDGE('',*,*,#1005,.T.);
#1005 = EDGE_CURVE('',#998,#981,#1006,.T.);
#1006 = CIRCLE('',#1007,1.6);
#1007 = AXIS2_PLACEMENT_3D('',#1008,#1009,#1010);
#1008 = CARTESIAN_POINT('',(29.5,20.,2.682369118157));
#1009 = DIRECTION('',(1.,0.,0.));
#1010 = DIRECTION('',(0.,1.,0.));
#1011 = PLANE('',#1012);
#1012 = AXIS2_PLACEMENT_3D('',#1013,#1014,#1015);
#1013 = CARTESIAN_POINT('',(29.5,59.,10.));
#1014 = DIRECTION('',(-1.,0.,0.));
#1015 = DIRECTION('',(0.,-1.,0.));
#1016 = ADVANCED_FACE('',(#1017),#1028,.F.);
#1017 = FACE_BOUND('',#1018,.F.);
#1018 = EDGE_LOOP('',(#1019,#1020,#1021,#1022));
#1019 = ORIENTED_EDGE('',*,*,#712,.F.);
#1020 = ORIENTED_EDGE('',*,*,#412,.F.);
#1021 = ORIENTED_EDGE('',*,*,#484,.T.);
#1022 = ORIENTED_EDGE('',*,*,#1023,.F.);
#1023 = EDGE_CURVE('',#713,#477,#1024,.T.);
#1024 = LINE('',#1025,#1026);
#1025 = CARTESIAN_POINT('',(-29.5,20.,-33.889632));
#1026 = VECTOR('',#1027,1.);
#1027 = DIRECTION('',(1.,0.,0.));
#1028 = PLANE('',#1029);
#1029 = AXIS2_PLACEMENT_3D('',#1030,#1031,#1032);
#1030 = CARTESIAN_POINT('',(-29.5,20.,-74.));
#1031 = DIRECTION('',(0.,-1.,0.));
#1032 = DIRECTION('',(0.,0.,1.));
#1033 = ADVANCED_FACE('',(#1034),#1045,.F.);
#1034 = FACE_BOUND('',#1035,.F.);
#1035 = EDGE_LOOP('',(#1036,#1037,#1038,#1039));
#1036 = ORIENTED_EDGE('',*,*,#720,.F.);
#1037 = ORIENTED_EDGE('',*,*,#1023,.T.);
#1038 = ORIENTED_EDGE('',*,*,#476,.T.);
#1039 = ORIENTED_EDGE('',*,*,#1040,.F.);
#1040 = EDGE_CURVE('',#721,#469,#1041,.T.);
#1041 = LINE('',#1042,#1043);
#1042 = CARTESIAN_POINT('',(-29.5,40.,-33.889632));
#1043 = VECTOR('',#1044,1.);
#1044 = DIRECTION('',(1.,0.,0.));
#1045 = PLANE('',#1046);
#1046 = AXIS2_PLACEMENT_3D('',#1047,#1048,#1049);
#1047 = CARTESIAN_POINT('',(-29.5,20.,-33.889632));
#1048 = DIRECTION('',(0.,0.,1.));
#1049 = DIRECTION('',(0.,1.,0.));
#1050 = ADVANCED_FACE('',(#1051),#1062,.F.);
#1051 = FACE_BOUND('',#1052,.F.);
#1052 = EDGE_LOOP('',(#1053,#1054,#1055,#1056));
#1053 = ORIENTED_EDGE('',*,*,#728,.F.);
#1054 = ORIENTED_EDGE('',*,*,#1040,.T.);
#1055 = ORIENTED_EDGE('',*,*,#468,.T.);
#1056 = ORIENTED_EDGE('',*,*,#1057,.F.);
#1057 = EDGE_CURVE('',#729,#461,#1058,.T.);
#1058 = LINE('',#1059,#1060);
#1059 = CARTESIAN_POINT('',(-29.5,40.,-74.));
#1060 = VECTOR('',#1061,1.);
#1061 = DIRECTION('',(1.,0.,0.));
#1062 = PLANE('',#1063);
#1063 = AXIS2_PLACEMENT_3D('',#1064,#1065,#1066);
#1064 = CARTESIAN_POINT('',(-29.5,40.,-33.889632));
#1065 = DIRECTION('',(0.,1.,0.));
#1066 = DIRECTION('',(0.,0.,-1.));
#1067 = ADVANCED_FACE('',(#1068),#1080,.T.);
#1068 = FACE_BOUND('',#1069,.T.);
#1069 = EDGE_LOOP('',(#1070,#1071,#1072,#1073,#1074,#1075,#1076,#1077,
    #1078,#1079));
#1070 = ORIENTED_EDGE('',*,*,#1057,.F.);
#1071 = ORIENTED_EDGE('',*,*,#736,.T.);
#1072 = ORIENTED_EDGE('',*,*,#783,.T.);
#1073 = ORIENTED_EDGE('',*,*,#921,.T.);
#1074 = ORIENTED_EDGE('',*,*,#838,.T.);
#1075 = ORIENTED_EDGE('',*,*,#758,.T.);
#1076 = ORIENTED_EDGE('',*,*,#600,.T.);
#1077 = ORIENTED_EDGE('',*,*,#572,.T.);
#1078 = ORIENTED_EDGE('',*,*,#525,.T.);
#1079 = ORIENTED_EDGE('',*,*,#460,.T.);
#1080 = PLANE('',#1081);
#1081 = AXIS2_PLACEMENT_3D('',#1082,#1083,#1084);
#1082 = CARTESIAN_POINT('',(8.127240143369,37.51523297491,-74.));
#1083 = DIRECTION('',(-0.,-0.,-1.));
#1084 = DIRECTION('',(-1.,0.,0.));
#1085 = ADVANCED_FACE('',(#1086),#1097,.F.);
#1086 = FACE_BOUND('',#1087,.F.);
#1087 = EDGE_LOOP('',(#1088,#1089,#1095,#1096));
#1088 = ORIENTED_EDGE('',*,*,#800,.F.);
#1089 = ORIENTED_EDGE('',*,*,#1090,.T.);
#1090 = EDGE_CURVE('',#801,#536,#1091,.T.);
#1091 = LINE('',#1092,#1093);
#1092 = CARTESIAN_POINT('',(-2.5,59.,-64.));
#1093 = VECTOR('',#1094,1.);
#1094 = DIRECTION('',(0.,-1.,2.2E-16));
#1095 = ORIENTED_EDGE('',*,*,#535,.T.);
#1096 = ORIENTED_EDGE('',*,*,#1090,.F.);
#1097 = CYLINDRICAL_SURFACE('',#1098,2.5);
#1098 = AXIS2_PLACEMENT_3D('',#1099,#1100,#1101);
#1099 = CARTESIAN_POINT('',(-9.94E-15,59.,-64.));
#1100 = DIRECTION('',(0.,1.,-2.2E-16));
#1101 = DIRECTION('',(-1.,0.,0.));
#1102 = ADVANCED_FACE('',(#1103),#1114,.F.);
#1103 = FACE_BOUND('',#1104,.F.);
#1104 = EDGE_LOOP('',(#1105,#1106,#1112,#1113));
#1105 = ORIENTED_EDGE('',*,*,#811,.F.);
#1106 = ORIENTED_EDGE('',*,*,#1107,.T.);
#1107 = EDGE_CURVE('',#812,#547,#1108,.T.);
#1108 = LINE('',#1109,#1110);
#1109 = CARTESIAN_POINT('',(-2.5,59.,-44.));
#1110 = VECTOR('',#1111,1.);
#1111 = DIRECTION('',(0.,-1.,2.2E-16));
#1112 = ORIENTED_EDGE('',*,*,#546,.T.);
#1113 = ORIENTED_EDGE('',*,*,#1107,.F.);
#1114 = CYLINDRICAL_SURFACE('',#1115,2.5);
#1115 = AXIS2_PLACEMENT_3D('',#1116,#1117,#1118);
#1116 = CARTESIAN_POINT('',(0.,59.,-44.));
#1117 = DIRECTION('',(0.,1.,-2.2E-16));
#1118 = DIRECTION('',(-1.,0.,0.));
#1119 = ADVANCED_FACE('',(#1120),#1131,.F.);
#1120 = FACE_BOUND('',#1121,.F.);
#1121 = EDGE_LOOP('',(#1122,#1123,#1129,#1130));
#1122 = ORIENTED_EDGE('',*,*,#931,.F.);
#1123 = ORIENTED_EDGE('',*,*,#1124,.T.);
#1124 = EDGE_CURVE('',#932,#582,#1125,.T.);
#1125 = LINE('',#1126,#1127);
#1126 = CARTESIAN_POINT('',(29.5,32.5,-44.));
#1127 = VECTOR('',#1128,1.);
#1128 = DIRECTION('',(-1.,-0.,-0.));
#1129 = ORIENTED_EDGE('',*,*,#581,.T.);
#1130 = ORIENTED_EDGE('',*,*,#1124,.F.);
#1131 = CYLINDRICAL_SURFACE('',#1132,2.5);
#1132 = AXIS2_PLACEMENT_3D('',#1133,#1134,#1135);
#1133 = CARTESIAN_POINT('',(29.5,30.,-44.));
#1134 = DIRECTION('',(1.,0.,0.));
#1135 = DIRECTION('',(0.,1.,0.));
#1136 = ADVANCED_FACE('',(#1137,#1162),#1198,.F.);
#1137 = FACE_BOUND('',#1138,.F.);
#1138 = EDGE_LOOP('',(#1139,#1147,#1155,#1161));
#1139 = ORIENTED_EDGE('',*,*,#1140,.T.);
#1140 = EDGE_CURVE('',#847,#1141,#1143,.T.);
#1141 = VERTEX_POINT('',#1142);
#1142 = CARTESIAN_POINT('',(23.3,24.,5.832369118158));
#1143 = LINE('',#1144,#1145);
#1144 = CARTESIAN_POINT('',(23.3,1.3E-15,5.832369118158));
#1145 = VECTOR('',#1146,1.);
#1146 = DIRECTION('',(0.,1.,-2.2E-16));
#1147 = ORIENTED_EDGE('',*,*,#1148,.T.);
#1148 = EDGE_CURVE('',#1141,#1149,#1151,.T.);
#1149 = VERTEX_POINT('',#1150);
#1150 = CARTESIAN_POINT('',(23.3,24.,-0.467630881842));
#1151 = LINE('',#1152,#1153);
#1152 = CARTESIAN_POINT('',(23.3,24.,5.832369118158));
#1153 = VECTOR('',#1154,1.);
#1154 = DIRECTION('',(0.,0.,-1.));
#1155 = ORIENTED_EDGE('',*,*,#1156,.F.);
#1156 = EDGE_CURVE('',#849,#1149,#1157,.T.);
#1157 = LINE('',#1158,#1159);
#1158 = CARTESIAN_POINT('',(23.3,-1.E-16,-0.467630881842));
#1159 = VECTOR('',#1160,1.);
#1160 = DIRECTION('',(0.,1.,-2.2E-16));
#1161 = ORIENTED_EDGE('',*,*,#846,.F.);
#1162 = FACE_BOUND('',#1163,.F.);
#1163 = EDGE_LOOP('',(#1164,#1174,#1183,#1191));
#1164 = ORIENTED_EDGE('',*,*,#1165,.F.);
#1165 = EDGE_CURVE('',#1166,#1168,#1170,.T.);
#1166 = VERTEX_POINT('',#1167);
#1167 = CARTESIAN_POINT('',(23.3,5.,4.282369118158));
#1168 = VERTEX_POINT('',#1169);
#1169 = CARTESIAN_POINT('',(23.3,20.,4.282369118157));
#1170 = LINE('',#1171,#1172);
#1171 = CARTESIAN_POINT('',(23.3,2.5,4.282369118158));
#1172 = VECTOR('',#1173,1.);
#1173 = DIRECTION('',(0.,1.,-5.9E-16));
#1174 = ORIENTED_EDGE('',*,*,#1175,.T.);
#1175 = EDGE_CURVE('',#1166,#1176,#1178,.T.);
#1176 = VERTEX_POINT('',#1177);
#1177 = CARTESIAN_POINT('',(23.3,5.,1.082369118158));
#1178 = CIRCLE('',#1179,1.6);
#1179 = AXIS2_PLACEMENT_3D('',#1180,#1181,#1182);
#1180 = CARTESIAN_POINT('',(23.3,5.,2.682369118158));
#1181 = DIRECTION('',(1.,0.,0.));
#1182 = DIRECTION('',(-0.,1.,0.));
#1183 = ORIENTED_EDGE('',*,*,#1184,.T.);
#1184 = EDGE_CURVE('',#1176,#1185,#1187,.T.);
#1185 = VERTEX_POINT('',#1186);
#1186 = CARTESIAN_POINT('',(23.3,20.,1.082369118157));
#1187 = LINE('',#1188,#1189);
#1188 = CARTESIAN_POINT('',(23.3,2.5,1.082369118157));
#1189 = VECTOR('',#1190,1.);
#1190 = DIRECTION('',(0.,1.,0.));
#1191 = ORIENTED_EDGE('',*,*,#1192,.T.);
#1192 = EDGE_CURVE('',#1185,#1168,#1193,.T.);
#1193 = CIRCLE('',#1194,1.6);
#1194 = AXIS2_PLACEMENT_3D('',#1195,#1196,#1197);
#1195 = CARTESIAN_POINT('',(23.3,20.,2.682369118157));
#1196 = DIRECTION('',(1.,0.,0.));
#1197 = DIRECTION('',(-0.,1.,0.));
#1198 = PLANE('',#1199);
#1199 = AXIS2_PLACEMENT_3D('',#1200,#1201,#1202);
#1200 = CARTESIAN_POINT('',(23.3,1.3E-15,5.832369118158));
#1201 = DIRECTION('',(-1.,0.,0.));
#1202 = DIRECTION('',(-0.,-2.2E-16,-1.));
#1203 = ADVANCED_FACE('',(#1204),#1222,.F.);
#1204 = FACE_BOUND('',#1205,.F.);
#1205 = EDGE_LOOP('',(#1206,#1207,#1215,#1221));
#1206 = ORIENTED_EDGE('',*,*,#1156,.T.);
#1207 = ORIENTED_EDGE('',*,*,#1208,.T.);
#1208 = EDGE_CURVE('',#1149,#1209,#1211,.T.);
#1209 = VERTEX_POINT('',#1210);
#1210 = CARTESIAN_POINT('',(26.5,24.,-0.467630881842));
#1211 = LINE('',#1212,#1213);
#1212 = CARTESIAN_POINT('',(23.3,24.,-0.467630881842));
#1213 = VECTOR('',#1214,1.);
#1214 = DIRECTION('',(1.,0.,0.));
#1215 = ORIENTED_EDGE('',*,*,#1216,.F.);
#1216 = EDGE_CURVE('',#865,#1209,#1217,.T.);
#1217 = LINE('',#1218,#1219);
#1218 = CARTESIAN_POINT('',(26.5,-1.E-16,-0.467630881842));
#1219 = VECTOR('',#1220,1.);
#1220 = DIRECTION('',(0.,1.,-2.2E-16));
#1221 = ORIENTED_EDGE('',*,*,#872,.F.);
#1222 = PLANE('',#1223);
#1223 = AXIS2_PLACEMENT_3D('',#1224,#1225,#1226);
#1224 = CARTESIAN_POINT('',(23.3,-1.E-16,-0.467630881842));
#1225 = DIRECTION('',(0.,-2.2E-16,-1.));
#1226 = DIRECTION('',(1.,0.,0.));
#1227 = ADVANCED_FACE('',(#1228,#1246),#1282,.F.);
#1228 = FACE_BOUND('',#1229,.F.);
#1229 = EDGE_LOOP('',(#1230,#1231,#1239,#1245));
#1230 = ORIENTED_EDGE('',*,*,#1216,.T.);
#1231 = ORIENTED_EDGE('',*,*,#1232,.T.);
#1232 = EDGE_CURVE('',#1209,#1233,#1235,.T.);
#1233 = VERTEX_POINT('',#1234);
#1234 = CARTESIAN_POINT('',(26.5,24.,5.832369118158));
#1235 = LINE('',#1236,#1237);
#1236 = CARTESIAN_POINT('',(26.5,24.,-0.467630881842));
#1237 = VECTOR('',#1238,1.);
#1238 = DIRECTION('',(0.,0.,1.));
#1239 = ORIENTED_EDGE('',*,*,#1240,.F.);
#1240 = EDGE_CURVE('',#857,#1233,#1241,.T.);
#1241 = LINE('',#1242,#1243);
#1242 = CARTESIAN_POINT('',(26.5,1.3E-15,5.832369118158));
#1243 = VECTOR('',#1244,1.);
#1244 = DIRECTION('',(0.,1.,-2.2E-16));
#1245 = ORIENTED_EDGE('',*,*,#864,.F.);
#1246 = FACE_BOUND('',#1247,.F.);
#1247 = EDGE_LOOP('',(#1248,#1258,#1267,#1275));
#1248 = ORIENTED_EDGE('',*,*,#1249,.F.);
#1249 = EDGE_CURVE('',#1250,#1252,#1254,.T.);
#1250 = VERTEX_POINT('',#1251);
#1251 = CARTESIAN_POINT('',(26.5,20.,4.282369118157));
#1252 = VERTEX_POINT('',#1253);
#1253 = CARTESIAN_POINT('',(26.5,5.,4.282369118158));
#1254 = LINE('',#1255,#1256);
#1255 = CARTESIAN_POINT('',(26.5,2.5,4.282369118158));
#1256 = VECTOR('',#1257,1.);
#1257 = DIRECTION('',(0.,-1.,5.9E-16));
#1258 = ORIENTED_EDGE('',*,*,#1259,.F.);
#1259 = EDGE_CURVE('',#1260,#1250,#1262,.T.);
#1260 = VERTEX_POINT('',#1261);
#1261 = CARTESIAN_POINT('',(26.5,20.,1.082369118157));
#1262 = CIRCLE('',#1263,1.6);
#1263 = AXIS2_PLACEMENT_3D('',#1264,#1265,#1266);
#1264 = CARTESIAN_POINT('',(26.5,20.,2.682369118157));
#1265 = DIRECTION('',(1.,0.,0.));
#1266 = DIRECTION('',(-0.,1.,0.));
#1267 = ORIENTED_EDGE('',*,*,#1268,.T.);
#1268 = EDGE_CURVE('',#1260,#1269,#1271,.T.);
#1269 = VERTEX_POINT('',#1270);
#1270 = CARTESIAN_POINT('',(26.5,5.,1.082369118158));
#1271 = LINE('',#1272,#1273);
#1272 = CARTESIAN_POINT('',(26.5,2.5,1.082369118157));
#1273 = VECTOR('',#1274,1.);
#1274 = DIRECTION('',(0.,-1.,0.));
#1275 = ORIENTED_EDGE('',*,*,#1276,.F.);
#1276 = EDGE_CURVE('',#1252,#1269,#1277,.T.);
#1277 = CIRCLE('',#1278,1.6);
#1278 = AXIS2_PLACEMENT_3D('',#1279,#1280,#1281);
#1279 = CARTESIAN_POINT('',(26.5,5.,2.682369118158));
#1280 = DIRECTION('',(1.,0.,0.));
#1281 = DIRECTION('',(-0.,1.,0.));
#1282 = PLANE('',#1283);
#1283 = AXIS2_PLACEMENT_3D('',#1284,#1285,#1286);
#1284 = CARTESIAN_POINT('',(26.5,-1.E-16,-0.467630881842));
#1285 = DIRECTION('',(1.,0.,0.));
#1286 = DIRECTION('',(-0.,2.2E-16,1.));
#1287 = ADVANCED_FACE('',(#1288),#1299,.F.);
#1288 = FACE_BOUND('',#1289,.F.);
#1289 = EDGE_LOOP('',(#1290,#1291,#1297,#1298));
#1290 = ORIENTED_EDGE('',*,*,#1240,.T.);
#1291 = ORIENTED_EDGE('',*,*,#1292,.T.);
#1292 = EDGE_CURVE('',#1233,#1141,#1293,.T.);
#1293 = LINE('',#1294,#1295);
#1294 = CARTESIAN_POINT('',(26.5,24.,5.832369118158));
#1295 = VECTOR('',#1296,1.);
#1296 = DIRECTION('',(-1.,0.,0.));
#1297 = ORIENTED_EDGE('',*,*,#1140,.F.);
#1298 = ORIENTED_EDGE('',*,*,#856,.F.);
#1299 = PLANE('',#1300);
#1300 = AXIS2_PLACEMENT_3D('',#1301,#1302,#1303);
#1301 = CARTESIAN_POINT('',(26.5,1.3E-15,5.832369118158));
#1302 = DIRECTION('',(0.,2.2E-16,1.));
#1303 = DIRECTION('',(-1.,0.,0.));
#1304 = ADVANCED_FACE('',(#1305,#1330),#1366,.F.);
#1305 = FACE_BOUND('',#1306,.F.);
#1306 = EDGE_LOOP('',(#1307,#1315,#1323,#1329));
#1307 = ORIENTED_EDGE('',*,*,#1308,.T.);
#1308 = EDGE_CURVE('',#881,#1309,#1311,.T.);
#1309 = VERTEX_POINT('',#1310);
#1310 = CARTESIAN_POINT('',(23.3,24.,-9.407630881842));
#1311 = LINE('',#1312,#1313);
#1312 = CARTESIAN_POINT('',(23.3,-2.09E-15,-9.407630881842));
#1313 = VECTOR('',#1314,1.);
#1314 = DIRECTION('',(0.,1.,-2.2E-16));
#1315 = ORIENTED_EDGE('',*,*,#1316,.T.);
#1316 = EDGE_CURVE('',#1309,#1317,#1319,.T.);
#1317 = VERTEX_POINT('',#1318);
#1318 = CARTESIAN_POINT('',(23.3,24.,-15.70763088184));
#1319 = LINE('',#1320,#1321);
#1320 = CARTESIAN_POINT('',(23.3,24.,-9.407630881842));
#1321 = VECTOR('',#1322,1.);
#1322 = DIRECTION('',(0.,0.,-1.));
#1323 = ORIENTED_EDGE('',*,*,#1324,.F.);
#1324 = EDGE_CURVE('',#883,#1317,#1325,.T.);
#1325 = LINE('',#1326,#1327);
#1326 = CARTESIAN_POINT('',(23.3,-3.49E-15,-15.70763088184));
#1327 = VECTOR('',#1328,1.);
#1328 = DIRECTION('',(0.,1.,-2.2E-16));
#1329 = ORIENTED_EDGE('',*,*,#880,.F.);
#1330 = FACE_BOUND('',#1331,.F.);
#1331 = EDGE_LOOP('',(#1332,#1342,#1351,#1359));
#1332 = ORIENTED_EDGE('',*,*,#1333,.F.);
#1333 = EDGE_CURVE('',#1334,#1336,#1338,.T.);
#1334 = VERTEX_POINT('',#1335);
#1335 = CARTESIAN_POINT('',(23.3,5.,-10.95763088184));
#1336 = VERTEX_POINT('',#1337);
#1337 = CARTESIAN_POINT('',(23.3,20.,-10.95763088184));
#1338 = LINE('',#1339,#1340);
#1339 = CARTESIAN_POINT('',(23.3,2.5,-10.95763088184));
#1340 = VECTOR('',#1341,1.);
#1341 = DIRECTION('',(0.,1.,-4.7E-16));
#1342 = ORIENTED_EDGE('',*,*,#1343,.T.);
#1343 = EDGE_CURVE('',#1334,#1344,#1346,.T.);
#1344 = VERTEX_POINT('',#1345);
#1345 = CARTESIAN_POINT('',(23.3,5.,-14.15763088184));
#1346 = CIRCLE('',#1347,1.6);
#1347 = AXIS2_PLACEMENT_3D('',#1348,#1349,#1350);
#1348 = CARTESIAN_POINT('',(23.3,5.,-12.55763088184));
#1349 = DIRECTION('',(1.,0.,0.));
#1350 = DIRECTION('',(-0.,1.,0.));
#1351 = ORIENTED_EDGE('',*,*,#1352,.T.);
#1352 = EDGE_CURVE('',#1344,#1353,#1355,.T.);
#1353 = VERTEX_POINT('',#1354);
#1354 = CARTESIAN_POINT('',(23.3,20.,-14.15763088184));
#1355 = LINE('',#1356,#1357);
#1356 = CARTESIAN_POINT('',(23.3,2.5,-14.15763088184));
#1357 = VECTOR('',#1358,1.);
#1358 = DIRECTION('',(0.,1.,0.));
#1359 = ORIENTED_EDGE('',*,*,#1360,.T.);
#1360 = EDGE_CURVE('',#1353,#1336,#1361,.T.);
#1361 = CIRCLE('',#1362,1.6);
#1362 = AXIS2_PLACEMENT_3D('',#1363,#1364,#1365);
#1363 = CARTESIAN_POINT('',(23.3,20.,-12.55763088184));
#1364 = DIRECTION('',(1.,0.,0.));
#1365 = DIRECTION('',(-0.,1.,0.));
#1366 = PLANE('',#1367);
#1367 = AXIS2_PLACEMENT_3D('',#1368,#1369,#1370);
#1368 = CARTESIAN_POINT('',(23.3,-2.09E-15,-9.407630881842));
#1369 = DIRECTION('',(-1.,0.,0.));
#1370 = DIRECTION('',(-0.,-2.2E-16,-1.));
#1371 = ADVANCED_FACE('',(#1372),#1390,.F.);
#1372 = FACE_BOUND('',#1373,.F.);
#1373 = EDGE_LOOP('',(#1374,#1375,#1383,#1389));
#1374 = ORIENTED_EDGE('',*,*,#1324,.T.);
#1375 = ORIENTED_EDGE('',*,*,#1376,.T.);
#1376 = EDGE_CURVE('',#1317,#1377,#1379,.T.);
#1377 = VERTEX_POINT('',#1378);
#1378 = CARTESIAN_POINT('',(26.5,24.,-15.70763088184));
#1379 = LINE('',#1380,#1381);
#1380 = CARTESIAN_POINT('',(23.3,24.,-15.70763088184));
#1381 = VECTOR('',#1382,1.);
#1382 = DIRECTION('',(1.,0.,0.));
#1383 = ORIENTED_EDGE('',*,*,#1384,.F.);
#1384 = EDGE_CURVE('',#899,#1377,#1385,.T.);
#1385 = LINE('',#1386,#1387);
#1386 = CARTESIAN_POINT('',(26.5,-3.49E-15,-15.70763088184));
#1387 = VECTOR('',#1388,1.);
#1388 = DIRECTION('',(0.,1.,-2.2E-16));
#1389 = ORIENTED_EDGE('',*,*,#906,.F.);
#1390 = PLANE('',#1391);
#1391 = AXIS2_PLACEMENT_3D('',#1392,#1393,#1394);
#1392 = CARTESIAN_POINT('',(23.3,-3.49E-15,-15.70763088184));
#1393 = DIRECTION('',(0.,-2.2E-16,-1.));
#1394 = DIRECTION('',(1.,0.,0.));
#1395 = ADVANCED_FACE('',(#1396,#1414),#1450,.F.);
#1396 = FACE_BOUND('',#1397,.F.);
#1397 = EDGE_LOOP('',(#1398,#1399,#1407,#1413));
#1398 = ORIENTED_EDGE('',*,*,#1384,.T.);
#1399 = ORIENTED_EDGE('',*,*,#1400,.T.);
#1400 = EDGE_CURVE('',#1377,#1401,#1403,.T.);
#1401 = VERTEX_POINT('',#1402);
#1402 = CARTESIAN_POINT('',(26.5,24.,-9.407630881842));
#1403 = LINE('',#1404,#1405);
#1404 = CARTESIAN_POINT('',(26.5,24.,-15.70763088184));
#1405 = VECTOR('',#1406,1.);
#1406 = DIRECTION('',(0.,0.,1.));
#1407 = ORIENTED_EDGE('',*,*,#1408,.F.);
#1408 = EDGE_CURVE('',#891,#1401,#1409,.T.);
#1409 = LINE('',#1410,#1411);
#1410 = CARTESIAN_POINT('',(26.5,-2.09E-15,-9.407630881842));
#1411 = VECTOR('',#1412,1.);
#1412 = DIRECTION('',(0.,1.,-2.2E-16));
#1413 = ORIENTED_EDGE('',*,*,#898,.F.);
#1414 = FACE_BOUND('',#1415,.F.);
#1415 = EDGE_LOOP('',(#1416,#1426,#1435,#1443));
#1416 = ORIENTED_EDGE('',*,*,#1417,.F.);
#1417 = EDGE_CURVE('',#1418,#1420,#1422,.T.);
#1418 = VERTEX_POINT('',#1419);
#1419 = CARTESIAN_POINT('',(26.5,20.,-10.95763088184));
#1420 = VERTEX_POINT('',#1421);
#1421 = CARTESIAN_POINT('',(26.5,5.,-10.95763088184));
#1422 = LINE('',#1423,#1424);
#1423 = CARTESIAN_POINT('',(26.5,2.5,-10.95763088184));
#1424 = VECTOR('',#1425,1.);
#1425 = DIRECTION('',(0.,-1.,4.7E-16));
#1426 = ORIENTED_EDGE('',*,*,#1427,.F.);
#1427 = EDGE_CURVE('',#1428,#1418,#1430,.T.);
#1428 = VERTEX_POINT('',#1429);
#1429 = CARTESIAN_POINT('',(26.5,20.,-14.15763088184));
#1430 = CIRCLE('',#1431,1.6);
#1431 = AXIS2_PLACEMENT_3D('',#1432,#1433,#1434);
#1432 = CARTESIAN_POINT('',(26.5,20.,-12.55763088184));
#1433 = DIRECTION('',(1.,0.,0.));
#1434 = DIRECTION('',(-0.,1.,0.));
#1435 = ORIENTED_EDGE('',*,*,#1436,.T.);
#1436 = EDGE_CURVE('',#1428,#1437,#1439,.T.);
#1437 = VERTEX_POINT('',#1438);
#1438 = CARTESIAN_POINT('',(26.5,5.,-14.15763088184));
#1439 = LINE('',#1440,#1441);
#1440 = CARTESIAN_POINT('',(26.5,2.5,-14.15763088184));
#1441 = VECTOR('',#1442,1.);
#1442 = DIRECTION('',(0.,-1.,0.));
#1443 = ORIENTED_EDGE('',*,*,#1444,.F.);
#1444 = EDGE_CURVE('',#1420,#1437,#1445,.T.);
#1445 = CIRCLE('',#1446,1.6);
#1446 = AXIS2_PLACEMENT_3D('',#1447,#1448,#1449);
#1447 = CARTESIAN_POINT('',(26.5,5.,-12.55763088184));
#1448 = DIRECTION('',(1.,0.,0.));
#1449 = DIRECTION('',(-0.,1.,0.));
#1450 = PLANE('',#1451);
#1451 = AXIS2_PLACEMENT_3D('',#1452,#1453,#1454);
#1452 = CARTESIAN_POINT('',(26.5,-3.49E-15,-15.70763088184));
#1453 = DIRECTION('',(1.,0.,0.));
#1454 = DIRECTION('',(-0.,2.2E-16,1.));
#1455 = ADVANCED_FACE('',(#1456),#1467,.F.);
#1456 = FACE_BOUND('',#1457,.F.);
#1457 = EDGE_LOOP('',(#1458,#1459,#1465,#1466));
#1458 = ORIENTED_EDGE('',*,*,#1408,.T.);
#1459 = ORIENTED_EDGE('',*,*,#1460,.T.);
#1460 = EDGE_CURVE('',#1401,#1309,#1461,.T.);
#1461 = LINE('',#1462,#1463);
#1462 = CARTESIAN_POINT('',(26.5,24.,-9.407630881842));
#1463 = VECTOR('',#1464,1.);
#1464 = DIRECTION('',(-1.,0.,0.));
#1465 = ORIENTED_EDGE('',*,*,#1308,.F.);
#1466 = ORIENTED_EDGE('',*,*,#890,.F.);
#1467 = PLANE('',#1468);
#1468 = AXIS2_PLACEMENT_3D('',#1469,#1470,#1471);
#1469 = CARTESIAN_POINT('',(26.5,-2.09E-15,-9.407630881842));
#1470 = DIRECTION('',(0.,2.2E-16,1.));
#1471 = DIRECTION('',(-1.,0.,0.));
#1472 = ADVANCED_FACE('',(#1473),#1489,.T.);
#1473 = FACE_BOUND('',#1474,.T.);
#1474 = EDGE_LOOP('',(#1475,#1476,#1482,#1483));
#1475 = ORIENTED_EDGE('',*,*,#942,.F.);
#1476 = ORIENTED_EDGE('',*,*,#1477,.T.);
#1477 = EDGE_CURVE('',#943,#1420,#1478,.T.);
#1478 = LINE('',#1479,#1480);
#1479 = CARTESIAN_POINT('',(29.5,5.,-10.95763088184));
#1480 = VECTOR('',#1481,1.);
#1481 = DIRECTION('',(-1.,-0.,-0.));
#1482 = ORIENTED_EDGE('',*,*,#1417,.F.);
#1483 = ORIENTED_EDGE('',*,*,#1484,.F.);
#1484 = EDGE_CURVE('',#945,#1418,#1485,.T.);
#1485 = LINE('',#1486,#1487);
#1486 = CARTESIAN_POINT('',(29.5,20.,-10.95763088184));
#1487 = VECTOR('',#1488,1.);
#1488 = DIRECTION('',(-1.,-0.,-0.));
#1489 = PLANE('',#1490);
#1490 = AXIS2_PLACEMENT_3D('',#1491,#1492,#1493);
#1491 = CARTESIAN_POINT('',(29.5,5.,-10.95763088184));
#1492 = DIRECTION('',(0.,-4.7E-16,-1.));
#1493 = DIRECTION('',(0.,1.,-4.7E-16));
#1494 = ADVANCED_FACE('',(#1495),#1506,.F.);
#1495 = FACE_BOUND('',#1496,.F.);
#1496 = EDGE_LOOP('',(#1497,#1498,#1504,#1505));
#1497 = ORIENTED_EDGE('',*,*,#969,.F.);
#1498 = ORIENTED_EDGE('',*,*,#1499,.T.);
#1499 = EDGE_CURVE('',#962,#1428,#1500,.T.);
#1500 = LINE('',#1501,#1502);
#1501 = CARTESIAN_POINT('',(29.5,20.,-14.15763088184));
#1502 = VECTOR('',#1503,1.);
#1503 = DIRECTION('',(-1.,-0.,-0.));
#1504 = ORIENTED_EDGE('',*,*,#1427,.T.);
#1505 = ORIENTED_EDGE('',*,*,#1484,.F.);
#1506 = CYLINDRICAL_SURFACE('',#1507,1.6);
#1507 = AXIS2_PLACEMENT_3D('',#1508,#1509,#1510);
#1508 = CARTESIAN_POINT('',(29.5,20.,-12.55763088184));
#1509 = DIRECTION('',(1.,0.,0.));
#1510 = DIRECTION('',(0.,1.,0.));
#1511 = ADVANCED_FACE('',(#1512),#1523,.F.);
#1512 = FACE_BOUND('',#1513,.F.);
#1513 = EDGE_LOOP('',(#1514,#1515,#1521,#1522));
#1514 = ORIENTED_EDGE('',*,*,#961,.F.);
#1515 = ORIENTED_EDGE('',*,*,#1516,.T.);
#1516 = EDGE_CURVE('',#953,#1437,#1517,.T.);
#1517 = LINE('',#1518,#1519);
#1518 = CARTESIAN_POINT('',(29.5,5.,-14.15763088184));
#1519 = VECTOR('',#1520,1.);
#1520 = DIRECTION('',(-1.,-0.,-0.));
#1521 = ORIENTED_EDGE('',*,*,#1436,.F.);
#1522 = ORIENTED_EDGE('',*,*,#1499,.F.);
#1523 = PLANE('',#1524);
#1524 = AXIS2_PLACEMENT_3D('',#1525,#1526,#1527);
#1525 = CARTESIAN_POINT('',(29.5,5.,-14.15763088184));
#1526 = DIRECTION('',(0.,0.,-1.));
#1527 = DIRECTION('',(0.,1.,0.));
#1528 = ADVANCED_FACE('',(#1529),#1535,.F.);
#1529 = FACE_BOUND('',#1530,.F.);
#1530 = EDGE_LOOP('',(#1531,#1532,#1533,#1534));
#1531 = ORIENTED_EDGE('',*,*,#952,.F.);
#1532 = ORIENTED_EDGE('',*,*,#1477,.T.);
#1533 = ORIENTED_EDGE('',*,*,#1444,.T.);
#1534 = ORIENTED_EDGE('',*,*,#1516,.F.);
#1535 = CYLINDRICAL_SURFACE('',#1536,1.6);
#1536 = AXIS2_PLACEMENT_3D('',#1537,#1538,#1539);
#1537 = CARTESIAN_POINT('',(29.5,5.,-12.55763088184));
#1538 = DIRECTION('',(1.,0.,0.));
#1539 = DIRECTION('',(0.,1.,0.));
#1540 = ADVANCED_FACE('',(#1541),#1557,.T.);
#1541 = FACE_BOUND('',#1542,.T.);
#1542 = EDGE_LOOP('',(#1543,#1544,#1550,#1551));
#1543 = ORIENTED_EDGE('',*,*,#978,.F.);
#1544 = ORIENTED_EDGE('',*,*,#1545,.T.);
#1545 = EDGE_CURVE('',#979,#1252,#1546,.T.);
#1546 = LINE('',#1547,#1548);
#1547 = CARTESIAN_POINT('',(29.5,5.,4.282369118158));
#1548 = VECTOR('',#1549,1.);
#1549 = DIRECTION('',(-1.,-0.,-0.));
#1550 = ORIENTED_EDGE('',*,*,#1249,.F.);
#1551 = ORIENTED_EDGE('',*,*,#1552,.F.);
#1552 = EDGE_CURVE('',#981,#1250,#1553,.T.);
#1553 = LINE('',#1554,#1555);
#1554 = CARTESIAN_POINT('',(29.5,20.,4.282369118157));
#1555 = VECTOR('',#1556,1.);
#1556 = DIRECTION('',(-1.,-0.,-0.));
#1557 = PLANE('',#1558);
#1558 = AXIS2_PLACEMENT_3D('',#1559,#1560,#1561);
#1559 = CARTESIAN_POINT('',(29.5,5.,4.282369118158));
#1560 = DIRECTION('',(0.,-5.9E-16,-1.));
#1561 = DIRECTION('',(0.,1.,-5.9E-16));
#1562 = ADVANCED_FACE('',(#1563),#1574,.F.);
#1563 = FACE_BOUND('',#1564,.F.);
#1564 = EDGE_LOOP('',(#1565,#1566,#1572,#1573));
#1565 = ORIENTED_EDGE('',*,*,#1005,.F.);
#1566 = ORIENTED_EDGE('',*,*,#1567,.T.);
#1567 = EDGE_CURVE('',#998,#1260,#1568,.T.);
#1568 = LINE('',#1569,#1570);
#1569 = CARTESIAN_POINT('',(29.5,20.,1.082369118157));
#1570 = VECTOR('',#1571,1.);
#1571 = DIRECTION('',(-1.,-0.,-0.));
#1572 = ORIENTED_EDGE('',*,*,#1259,.T.);
#1573 = ORIENTED_EDGE('',*,*,#1552,.F.);
#1574 = CYLINDRICAL_SURFACE('',#1575,1.6);
#1575 = AXIS2_PLACEMENT_3D('',#1576,#1577,#1578);
#1576 = CARTESIAN_POINT('',(29.5,20.,2.682369118157));
#1577 = DIRECTION('',(1.,0.,0.));
#1578 = DIRECTION('',(0.,1.,0.));
#1579 = ADVANCED_FACE('',(#1580),#1591,.F.);
#1580 = FACE_BOUND('',#1581,.F.);
#1581 = EDGE_LOOP('',(#1582,#1583,#1589,#1590));
#1582 = ORIENTED_EDGE('',*,*,#997,.F.);
#1583 = ORIENTED_EDGE('',*,*,#1584,.T.);
#1584 = EDGE_CURVE('',#989,#1269,#1585,.T.);
#1585 = LINE('',#1586,#1587);
#1586 = CARTESIAN_POINT('',(29.5,5.,1.082369118158));
#1587 = VECTOR('',#1588,1.);
#1588 = DIRECTION('',(-1.,-0.,-0.));
#1589 = ORIENTED_EDGE('',*,*,#1268,.F.);
#1590 = ORIENTED_EDGE('',*,*,#1567,.F.);
#1591 = PLANE('',#1592);
#1592 = AXIS2_PLACEMENT_3D('',#1593,#1594,#1595);
#1593 = CARTESIAN_POINT('',(29.5,5.,1.082369118157));
#1594 = DIRECTION('',(0.,0.,-1.));
#1595 = DIRECTION('',(0.,1.,0.));
#1596 = ADVANCED_FACE('',(#1597),#1603,.F.);
#1597 = FACE_BOUND('',#1598,.F.);
#1598 = EDGE_LOOP('',(#1599,#1600,#1601,#1602));
#1599 = ORIENTED_EDGE('',*,*,#988,.F.);
#1600 = ORIENTED_EDGE('',*,*,#1545,.T.);
#1601 = ORIENTED_EDGE('',*,*,#1276,.T.);
#1602 = ORIENTED_EDGE('',*,*,#1584,.F.);
#1603 = CYLINDRICAL_SURFACE('',#1604,1.6);
#1604 = AXIS2_PLACEMENT_3D('',#1605,#1606,#1607);
#1605 = CARTESIAN_POINT('',(29.5,5.,2.682369118158));
#1606 = DIRECTION('',(1.,0.,0.));
#1607 = DIRECTION('',(0.,1.,0.));
#1608 = ADVANCED_FACE('',(#1609),#1615,.F.);
#1609 = FACE_BOUND('',#1610,.T.);
#1610 = EDGE_LOOP('',(#1611,#1612,#1613,#1614));
#1611 = ORIENTED_EDGE('',*,*,#1148,.T.);
#1612 = ORIENTED_EDGE('',*,*,#1208,.T.);
#1613 = ORIENTED_EDGE('',*,*,#1232,.T.);
#1614 = ORIENTED_EDGE('',*,*,#1292,.T.);
#1615 = PLANE('',#1616);
#1616 = AXIS2_PLACEMENT_3D('',#1617,#1618,#1619);
#1617 = CARTESIAN_POINT('',(24.9,24.,-4.937630881842));
#1618 = DIRECTION('',(0.,1.,0.));
#1619 = DIRECTION('',(0.,0.,1.));
#1620 = ADVANCED_FACE('',(#1621),#1646,.T.);
#1621 = FACE_BOUND('',#1622,.T.);
#1622 = EDGE_LOOP('',(#1623,#1624,#1632,#1640));
#1623 = ORIENTED_EDGE('',*,*,#1165,.F.);
#1624 = ORIENTED_EDGE('',*,*,#1625,.T.);
#1625 = EDGE_CURVE('',#1166,#1626,#1628,.T.);
#1626 = VERTEX_POINT('',#1627);
#1627 = CARTESIAN_POINT('',(21.5,5.,4.282369118158));
#1628 = LINE('',#1629,#1630);
#1629 = CARTESIAN_POINT('',(29.5,5.,4.282369118158));
#1630 = VECTOR('',#1631,1.);
#1631 = DIRECTION('',(-1.,-0.,-0.));
#1632 = ORIENTED_EDGE('',*,*,#1633,.T.);
#1633 = EDGE_CURVE('',#1626,#1634,#1636,.T.);
#1634 = VERTEX_POINT('',#1635);
#1635 = CARTESIAN_POINT('',(21.5,20.,4.282369118157));
#1636 = LINE('',#1637,#1638);
#1637 = CARTESIAN_POINT('',(21.5,5.,4.282369118158));
#1638 = VECTOR('',#1639,1.);
#1639 = DIRECTION('',(0.,1.,-5.9E-16));
#1640 = ORIENTED_EDGE('',*,*,#1641,.F.);
#1641 = EDGE_CURVE('',#1168,#1634,#1642,.T.);
#1642 = LINE('',#1643,#1644);
#1643 = CARTESIAN_POINT('',(29.5,20.,4.282369118157));
#1644 = VECTOR('',#1645,1.);
#1645 = DIRECTION('',(-1.,-0.,-0.));
#1646 = PLANE('',#1647);
#1647 = AXIS2_PLACEMENT_3D('',#1648,#1649,#1650);
#1648 = CARTESIAN_POINT('',(29.5,5.,4.282369118158));
#1649 = DIRECTION('',(0.,-5.9E-16,-1.));
#1650 = DIRECTION('',(0.,1.,-5.9E-16));
#1651 = ADVANCED_FACE('',(#1652),#1671,.F.);
#1652 = FACE_BOUND('',#1653,.F.);
#1653 = EDGE_LOOP('',(#1654,#1655,#1663,#1670));
#1654 = ORIENTED_EDGE('',*,*,#1192,.F.);
#1655 = ORIENTED_EDGE('',*,*,#1656,.T.);
#1656 = EDGE_CURVE('',#1185,#1657,#1659,.T.);
#1657 = VERTEX_POINT('',#1658);
#1658 = CARTESIAN_POINT('',(21.5,20.,1.082369118157));
#1659 = LINE('',#1660,#1661);
#1660 = CARTESIAN_POINT('',(29.5,20.,1.082369118157));
#1661 = VECTOR('',#1662,1.);
#1662 = DIRECTION('',(-1.,-0.,-0.));
#1663 = ORIENTED_EDGE('',*,*,#1664,.T.);
#1664 = EDGE_CURVE('',#1657,#1634,#1665,.T.);
#1665 = CIRCLE('',#1666,1.6);
#1666 = AXIS2_PLACEMENT_3D('',#1667,#1668,#1669);
#1667 = CARTESIAN_POINT('',(21.5,20.,2.682369118157));
#1668 = DIRECTION('',(1.,0.,0.));
#1669 = DIRECTION('',(0.,1.,0.));
#1670 = ORIENTED_EDGE('',*,*,#1641,.F.);
#1671 = CYLINDRICAL_SURFACE('',#1672,1.6);
#1672 = AXIS2_PLACEMENT_3D('',#1673,#1674,#1675);
#1673 = CARTESIAN_POINT('',(29.5,20.,2.682369118157));
#1674 = DIRECTION('',(1.,0.,0.));
#1675 = DIRECTION('',(0.,1.,0.));
#1676 = ADVANCED_FACE('',(#1677),#1695,.F.);
#1677 = FACE_BOUND('',#1678,.F.);
#1678 = EDGE_LOOP('',(#1679,#1680,#1688,#1694));
#1679 = ORIENTED_EDGE('',*,*,#1184,.F.);
#1680 = ORIENTED_EDGE('',*,*,#1681,.T.);
#1681 = EDGE_CURVE('',#1176,#1682,#1684,.T.);
#1682 = VERTEX_POINT('',#1683);
#1683 = CARTESIAN_POINT('',(21.5,5.,1.082369118158));
#1684 = LINE('',#1685,#1686);
#1685 = CARTESIAN_POINT('',(29.5,5.,1.082369118158));
#1686 = VECTOR('',#1687,1.);
#1687 = DIRECTION('',(-1.,-0.,-0.));
#1688 = ORIENTED_EDGE('',*,*,#1689,.T.);
#1689 = EDGE_CURVE('',#1682,#1657,#1690,.T.);
#1690 = LINE('',#1691,#1692);
#1691 = CARTESIAN_POINT('',(21.5,5.,1.082369118157));
#1692 = VECTOR('',#1693,1.);
#1693 = DIRECTION('',(0.,1.,0.));
#1694 = ORIENTED_EDGE('',*,*,#1656,.F.);
#1695 = PLANE('',#1696);
#1696 = AXIS2_PLACEMENT_3D('',#1697,#1698,#1699);
#1697 = CARTESIAN_POINT('',(29.5,5.,1.082369118157));
#1698 = DIRECTION('',(0.,0.,-1.));
#1699 = DIRECTION('',(0.,1.,0.));
#1700 = ADVANCED_FACE('',(#1701),#1713,.F.);
#1701 = FACE_BOUND('',#1702,.F.);
#1702 = EDGE_LOOP('',(#1703,#1704,#1705,#1712));
#1703 = ORIENTED_EDGE('',*,*,#1175,.F.);
#1704 = ORIENTED_EDGE('',*,*,#1625,.T.);
#1705 = ORIENTED_EDGE('',*,*,#1706,.T.);
#1706 = EDGE_CURVE('',#1626,#1682,#1707,.T.);
#1707 = CIRCLE('',#1708,1.6);
#1708 = AXIS2_PLACEMENT_3D('',#1709,#1710,#1711);
#1709 = CARTESIAN_POINT('',(21.5,5.,2.682369118158));
#1710 = DIRECTION('',(1.,0.,0.));
#1711 = DIRECTION('',(0.,1.,0.));
#1712 = ORIENTED_EDGE('',*,*,#1681,.F.);
#1713 = CYLINDRICAL_SURFACE('',#1714,1.6);
#1714 = AXIS2_PLACEMENT_3D('',#1715,#1716,#1717);
#1715 = CARTESIAN_POINT('',(29.5,5.,2.682369118158));
#1716 = DIRECTION('',(1.,0.,0.));
#1717 = DIRECTION('',(0.,1.,0.));
#1718 = ADVANCED_FACE('',(#1719),#1725,.F.);
#1719 = FACE_BOUND('',#1720,.T.);
#1720 = EDGE_LOOP('',(#1721,#1722,#1723,#1724));
#1721 = ORIENTED_EDGE('',*,*,#1316,.T.);
#1722 = ORIENTED_EDGE('',*,*,#1376,.T.);
#1723 = ORIENTED_EDGE('',*,*,#1400,.T.);
#1724 = ORIENTED_EDGE('',*,*,#1460,.T.);
#1725 = PLANE('',#1726);
#1726 = AXIS2_PLACEMENT_3D('',#1727,#1728,#1729);
#1727 = CARTESIAN_POINT('',(24.9,24.,-4.937630881842));
#1728 = DIRECTION('',(0.,1.,0.));
#1729 = DIRECTION('',(0.,0.,1.));
#1730 = ADVANCED_FACE('',(#1731),#1756,.T.);
#1731 = FACE_BOUND('',#1732,.T.);
#1732 = EDGE_LOOP('',(#1733,#1734,#1742,#1750));
#1733 = ORIENTED_EDGE('',*,*,#1333,.F.);
#1734 = ORIENTED_EDGE('',*,*,#1735,.T.);
#1735 = EDGE_CURVE('',#1334,#1736,#1738,.T.);
#1736 = VERTEX_POINT('',#1737);
#1737 = CARTESIAN_POINT('',(21.5,5.,-10.95763088184));
#1738 = LINE('',#1739,#1740);
#1739 = CARTESIAN_POINT('',(29.5,5.,-10.95763088184));
#1740 = VECTOR('',#1741,1.);
#1741 = DIRECTION('',(-1.,-0.,-0.));
#1742 = ORIENTED_EDGE('',*,*,#1743,.T.);
#1743 = EDGE_CURVE('',#1736,#1744,#1746,.T.);
#1744 = VERTEX_POINT('',#1745);
#1745 = CARTESIAN_POINT('',(21.5,20.,-10.95763088184));
#1746 = LINE('',#1747,#1748);
#1747 = CARTESIAN_POINT('',(21.5,5.,-10.95763088184));
#1748 = VECTOR('',#1749,1.);
#1749 = DIRECTION('',(0.,1.,-4.7E-16));
#1750 = ORIENTED_EDGE('',*,*,#1751,.F.);
#1751 = EDGE_CURVE('',#1336,#1744,#1752,.T.);
#1752 = LINE('',#1753,#1754);
#1753 = CARTESIAN_POINT('',(29.5,20.,-10.95763088184));
#1754 = VECTOR('',#1755,1.);
#1755 = DIRECTION('',(-1.,-0.,-0.));
#1756 = PLANE('',#1757);
#1757 = AXIS2_PLACEMENT_3D('',#1758,#1759,#1760);
#1758 = CARTESIAN_POINT('',(29.5,5.,-10.95763088184));
#1759 = DIRECTION('',(0.,-4.7E-16,-1.));
#1760 = DIRECTION('',(0.,1.,-4.7E-16));
#1761 = ADVANCED_FACE('',(#1762),#1781,.F.);
#1762 = FACE_BOUND('',#1763,.F.);
#1763 = EDGE_LOOP('',(#1764,#1765,#1773,#1780));
#1764 = ORIENTED_EDGE('',*,*,#1360,.F.);
#1765 = ORIENTED_EDGE('',*,*,#1766,.T.);
#1766 = EDGE_CURVE('',#1353,#1767,#1769,.T.);
#1767 = VERTEX_POINT('',#1768);
#1768 = CARTESIAN_POINT('',(21.5,20.,-14.15763088184));
#1769 = LINE('',#1770,#1771);
#1770 = CARTESIAN_POINT('',(29.5,20.,-14.15763088184));
#1771 = VECTOR('',#1772,1.);
#1772 = DIRECTION('',(-1.,-0.,-0.));
#1773 = ORIENTED_EDGE('',*,*,#1774,.T.);
#1774 = EDGE_CURVE('',#1767,#1744,#1775,.T.);
#1775 = CIRCLE('',#1776,1.6);
#1776 = AXIS2_PLACEMENT_3D('',#1777,#1778,#1779);
#1777 = CARTESIAN_POINT('',(21.5,20.,-12.55763088184));
#1778 = DIRECTION('',(1.,0.,0.));
#1779 = DIRECTION('',(0.,1.,0.));
#1780 = ORIENTED_EDGE('',*,*,#1751,.F.);
#1781 = CYLINDRICAL_SURFACE('',#1782,1.6);
#1782 = AXIS2_PLACEMENT_3D('',#1783,#1784,#1785);
#1783 = CARTESIAN_POINT('',(29.5,20.,-12.55763088184));
#1784 = DIRECTION('',(1.,0.,0.));
#1785 = DIRECTION('',(0.,1.,0.));
#1786 = ADVANCED_FACE('',(#1787),#1805,.F.);
#1787 = FACE_BOUND('',#1788,.F.);
#1788 = EDGE_LOOP('',(#1789,#1790,#1798,#1804));
#1789 = ORIENTED_EDGE('',*,*,#1352,.F.);
#1790 = ORIENTED_EDGE('',*,*,#1791,.T.);
#1791 = EDGE_CURVE('',#1344,#1792,#1794,.T.);
#1792 = VERTEX_POINT('',#1793);
#1793 = CARTESIAN_POINT('',(21.5,5.,-14.15763088184));
#1794 = LINE('',#1795,#1796);
#1795 = CARTESIAN_POINT('',(29.5,5.,-14.15763088184));
#1796 = VECTOR('',#1797,1.);
#1797 = DIRECTION('',(-1.,-0.,-0.));
#1798 = ORIENTED_EDGE('',*,*,#1799,.T.);
#1799 = EDGE_CURVE('',#1792,#1767,#1800,.T.);
#1800 = LINE('',#1801,#1802);
#1801 = CARTESIAN_POINT('',(21.5,5.,-14.15763088184));
#1802 = VECTOR('',#1803,1.);
#1803 = DIRECTION('',(0.,1.,0.));
#1804 = ORIENTED_EDGE('',*,*,#1766,.F.);
#1805 = PLANE('',#1806);
#1806 = AXIS2_PLACEMENT_3D('',#1807,#1808,#1809);
#1807 = CARTESIAN_POINT('',(29.5,5.,-14.15763088184));
#1808 = DIRECTION('',(0.,0.,-1.));
#1809 = DIRECTION('',(0.,1.,0.));
#1810 = ADVANCED_FACE('',(#1811),#1823,.F.);
#1811 = FACE_BOUND('',#1812,.F.);
#1812 = EDGE_LOOP('',(#1813,#1814,#1815,#1822));
#1813 = ORIENTED_EDGE('',*,*,#1343,.F.);
#1814 = ORIENTED_EDGE('',*,*,#1735,.T.);
#1815 = ORIENTED_EDGE('',*,*,#1816,.T.);
#1816 = EDGE_CURVE('',#1736,#1792,#1817,.T.);
#1817 = CIRCLE('',#1818,1.6);
#1818 = AXIS2_PLACEMENT_3D('',#1819,#1820,#1821);
#1819 = CARTESIAN_POINT('',(21.5,5.,-12.55763088184));
#1820 = DIRECTION('',(1.,0.,0.));
#1821 = DIRECTION('',(0.,1.,0.));
#1822 = ORIENTED_EDGE('',*,*,#1791,.F.);
#1823 = CYLINDRICAL_SURFACE('',#1824,1.6);
#1824 = AXIS2_PLACEMENT_3D('',#1825,#1826,#1827);
#1825 = CARTESIAN_POINT('',(29.5,5.,-12.55763088184));
#1826 = DIRECTION('',(1.,0.,0.));
#1827 = DIRECTION('',(0.,1.,0.));
#1828 = ADVANCED_FACE('',(#1829),#1835,.T.);
#1829 = FACE_BOUND('',#1830,.T.);
#1830 = EDGE_LOOP('',(#1831,#1832,#1833,#1834));
#1831 = ORIENTED_EDGE('',*,*,#1706,.T.);
#1832 = ORIENTED_EDGE('',*,*,#1689,.T.);
#1833 = ORIENTED_EDGE('',*,*,#1664,.T.);
#1834 = ORIENTED_EDGE('',*,*,#1633,.F.);
#1835 = PLANE('',#1836);
#1836 = AXIS2_PLACEMENT_3D('',#1837,#1838,#1839);
#1837 = CARTESIAN_POINT('',(21.5,12.5,-4.937630881842));
#1838 = DIRECTION('',(1.,0.,0.));
#1839 = DIRECTION('',(0.,0.,1.));
#1840 = ADVANCED_FACE('',(#1841),#1847,.T.);
#1841 = FACE_BOUND('',#1842,.T.);
#1842 = EDGE_LOOP('',(#1843,#1844,#1845,#1846));
#1843 = ORIENTED_EDGE('',*,*,#1816,.T.);
#1844 = ORIENTED_EDGE('',*,*,#1799,.T.);
#1845 = ORIENTED_EDGE('',*,*,#1774,.T.);
#1846 = ORIENTED_EDGE('',*,*,#1743,.F.);
#1847 = PLANE('',#1848);
#1848 = AXIS2_PLACEMENT_3D('',#1849,#1850,#1851);
#1849 = CARTESIAN_POINT('',(21.5,12.5,-4.937630881842));
#1850 = DIRECTION('',(1.,0.,0.));
#1851 = DIRECTION('',(0.,0.,1.));
#1852 = ( GEOMETRIC_REPRESENTATION_CONTEXT(3) 
GLOBAL_UNCERTAINTY_ASSIGNED_CONTEXT((#1856)) 
GLOBAL_UNIT_ASSIGNED_CONTEXT((#1853,#1854,#1855)) REPRESENTATION_CONTEXT
('Context #1','3D Context with UNIT and UNCERTAINTY') );
#1853 = ( LENGTH_UNIT() NAMED_UNIT(*) SI_UNIT(.MILLI.,.METRE.) );
#1854 = ( NAMED_UNIT(*) PLANE_ANGLE_UNIT() SI_UNIT($,.RADIAN.) );
#1855 = ( NAMED_UNIT(*) SI_UNIT($,.STERADIAN.) SOLID_ANGLE_UNIT() );
#1856 = UNCERTAINTY_MEASURE_WITH_UNIT(LENGTH_MEASURE(1.E-05),#1853,
  'distance_accuracy_value','confusion accuracy');
#1857 = CONTEXT_DEPENDENT_SHAPE_REPRESENTATION(#1858,#1860);
#1858 = ( REPRESENTATION_RELATIONSHIP('','',#44,#10) 
REPRESENTATION_RELATIONSHIP_WITH_TRANSFORMATION(#1859) 
SHAPE_REPRESENTATION_RELATIONSHIP() );
#1859 = ITEM_DEFINED_TRANSFORMATION('','',#11,#15);
#1860 = PRODUCT_DEFINITION_SHAPE('Placement','Placement of an item',
  #1861);
#1861 = NEXT_ASSEMBLY_USAGE_OCCURRENCE('1','MotorHolderA','',#5,#39,$);
#1862 = PRODUCT_RELATED_PRODUCT_CATEGORY('part',$,(#41));
#1863 = SHAPE_DEFINITION_REPRESENTATION(#1864,#1870);
#1864 = PRODUCT_DEFINITION_SHAPE('','',#1865);
#1865 = PRODUCT_DEFINITION('design','',#1866,#1869);
#1866 = PRODUCT_DEFINITION_FORMATION('','',#1867);
#1867 = PRODUCT('Belt Tensioning3','Belt Tensioning3','',(#1868));
#1868 = PRODUCT_CONTEXT('',#2,'mechanical');
#1869 = PRODUCT_DEFINITION_CONTEXT('part definition',#2,'design');
#1870 = ADVANCED_BREP_SHAPE_REPRESENTATION('',(#11,#1871),#3071);
#1871 = MANIFOLD_SOLID_BREP('',#1872);
#1872 = CLOSED_SHELL('',(#1873,#1924,#1955,#1986,#2017,#2048,#2073,#2170
    ,#2194,#2210,#2277,#2294,#2310,#2341,#2438,#2463,#2480,#2497,#2528,
    #2553,#2584,#2612,#2640,#2662,#2690,#2707,#2730,#2747,#2764,#2788,
    #2805,#2822,#2839,#2851,#2875,#2906,#2934,#2950,#2972,#2984,#3001,
    #3026,#3042,#3054));
#1873 = ADVANCED_FACE('',(#1874,#1908),#1919,.F.);
#1874 = FACE_BOUND('',#1875,.F.);
#1875 = EDGE_LOOP('',(#1876,#1886,#1894,#1902));
#1876 = ORIENTED_EDGE('',*,*,#1877,.F.);
#1877 = EDGE_CURVE('',#1878,#1880,#1882,.T.);
#1878 = VERTEX_POINT('',#1879);
#1879 = CARTESIAN_POINT('',(-6.4,-405.,38.4));
#1880 = VERTEX_POINT('',#1881);
#1881 = CARTESIAN_POINT('',(-6.4,-433.,38.4));
#1882 = LINE('',#1883,#1884);
#1883 = CARTESIAN_POINT('',(-6.4,-404.,38.4));
#1884 = VECTOR('',#1885,1.);
#1885 = DIRECTION('',(3.3E-16,-1.,5.6E-16));
#1886 = ORIENTED_EDGE('',*,*,#1887,.T.);
#1887 = EDGE_CURVE('',#1878,#1888,#1890,.T.);
#1888 = VERTEX_POINT('',#1889);
#1889 = CARTESIAN_POINT('',(6.4,-405.,38.4));
#1890 = LINE('',#1891,#1892);
#1891 = CARTESIAN_POINT('',(-7.4,-405.,38.4));
#1892 = VECTOR('',#1893,1.);
#1893 = DIRECTION('',(1.,-5.5E-16,0.));
#1894 = ORIENTED_EDGE('',*,*,#1895,.T.);
#1895 = EDGE_CURVE('',#1888,#1896,#1898,.T.);
#1896 = VERTEX_POINT('',#1897);
#1897 = CARTESIAN_POINT('',(6.4,-433.,38.4));
#1898 = LINE('',#1899,#1900);
#1899 = CARTESIAN_POINT('',(6.4,-404.,38.4));
#1900 = VECTOR('',#1901,1.);
#1901 = DIRECTION('',(3.3E-16,-1.,5.6E-16));
#1902 = ORIENTED_EDGE('',*,*,#1903,.F.);
#1903 = EDGE_CURVE('',#1880,#1896,#1904,.T.);
#1904 = LINE('',#1905,#1906);
#1905 = CARTESIAN_POINT('',(-6.4,-433.,38.4));
#1906 = VECTOR('',#1907,1.);
#1907 = DIRECTION('',(1.,0.,6.7E-16));
#1908 = FACE_BOUND('',#1909,.F.);
#1909 = EDGE_LOOP('',(#1910));
#1910 = ORIENTED_EDGE('',*,*,#1911,.T.);
#1911 = EDGE_CURVE('',#1912,#1912,#1914,.T.);
#1912 = VERTEX_POINT('',#1913);
#1913 = CARTESIAN_POINT('',(-2.39808173319E-14,-413.5,38.4));
#1914 = CIRCLE('',#1915,3.5);
#1915 = AXIS2_PLACEMENT_3D('',#1916,#1917,#1918);
#1916 = CARTESIAN_POINT('',(-1.865E-14,-410.,38.4));
#1917 = DIRECTION('',(0.,7.8E-16,1.));
#1918 = DIRECTION('',(6.9E-16,-1.,7.8E-16));
#1919 = PLANE('',#1920);
#1920 = AXIS2_PLACEMENT_3D('',#1921,#1922,#1923);
#1921 = CARTESIAN_POINT('',(-7.4,-404.,38.4));
#1922 = DIRECTION('',(6.7E-16,1.1E-16,-1.));
#1923 = DIRECTION('',(5.6E-16,-1.,-1.1E-16));
#1924 = ADVANCED_FACE('',(#1925),#1950,.T.);
#1925 = FACE_BOUND('',#1926,.F.);
#1926 = EDGE_LOOP('',(#1927,#1937,#1943,#1944));
#1927 = ORIENTED_EDGE('',*,*,#1928,.F.);
#1928 = EDGE_CURVE('',#1929,#1931,#1933,.T.);
#1929 = VERTEX_POINT('',#1930);
#1930 = CARTESIAN_POINT('',(-7.4,-405.,37.4));
#1931 = VERTEX_POINT('',#1932);
#1932 = CARTESIAN_POINT('',(-7.4,-433.,37.4));
#1933 = LINE('',#1934,#1935);
#1934 = CARTESIAN_POINT('',(-7.4,-404.,37.4));
#1935 = VECTOR('',#1936,1.);
#1936 = DIRECTION('',(3.3E-16,-1.,5.6E-16));
#1937 = ORIENTED_EDGE('',*,*,#1938,.T.);
#1938 = EDGE_CURVE('',#1929,#1878,#1939,.T.);
#1939 = LINE('',#1940,#1941);
#1940 = CARTESIAN_POINT('',(-7.15,-405.,37.65));
#1941 = VECTOR('',#1942,1.);
#1942 = DIRECTION('',(0.707106781187,-5.4E-16,0.707106781187));
#1943 = ORIENTED_EDGE('',*,*,#1877,.T.);
#1944 = ORIENTED_EDGE('',*,*,#1945,.F.);
#1945 = EDGE_CURVE('',#1931,#1880,#1946,.T.);
#1946 = LINE('',#1947,#1948);
#1947 = CARTESIAN_POINT('',(-7.4,-433.,37.4));
#1948 = VECTOR('',#1949,1.);
#1949 = DIRECTION('',(0.707106781187,0.,0.707106781187));
#1950 = PLANE('',#1951);
#1951 = AXIS2_PLACEMENT_3D('',#1952,#1953,#1954);
#1952 = CARTESIAN_POINT('',(-6.9,-404.,37.9));
#1953 = DIRECTION('',(-0.707106781187,4.1E-16,0.707106781187));
#1954 = DIRECTION('',(-1.550862197135E-16,1.,-7.349137802865E-16));
#1955 = ADVANCED_FACE('',(#1956),#1981,.T.);
#1956 = FACE_BOUND('',#1957,.F.);
#1957 = EDGE_LOOP('',(#1958,#1966,#1967,#1975));
#1958 = ORIENTED_EDGE('',*,*,#1959,.F.);
#1959 = EDGE_CURVE('',#1880,#1960,#1962,.T.);
#1960 = VERTEX_POINT('',#1961);
#1961 = CARTESIAN_POINT('',(-5.985786437627,-434.,37.4));
#1962 = LINE('',#1963,#1964);
#1963 = CARTESIAN_POINT('',(-6.153388932034,-433.5953717849,
    37.804628215085));
#1964 = VECTOR('',#1965,1.);
#1965 = DIRECTION('',(0.281084637715,-0.678598344546,-0.678598344546));
#1966 = ORIENTED_EDGE('',*,*,#1903,.T.);
#1967 = ORIENTED_EDGE('',*,*,#1968,.T.);
#1968 = EDGE_CURVE('',#1896,#1969,#1971,.T.);
#1969 = VERTEX_POINT('',#1970);
#1970 = CARTESIAN_POINT('',(5.985786437627,-434.,37.4));
#1971 = LINE('',#1972,#1973);
#1972 = CARTESIAN_POINT('',(5.647734061254,-434.8161306318,
    36.583869368169));
#1973 = VECTOR('',#1974,1.);
#1974 = DIRECTION('',(-0.281084637715,-0.678598344546,-0.678598344546));
#1975 = ORIENTED_EDGE('',*,*,#1976,.F.);
#1976 = EDGE_CURVE('',#1960,#1969,#1977,.T.);
#1977 = LINE('',#1978,#1979);
#1978 = CARTESIAN_POINT('',(-6.4,-434.,37.4));
#1979 = VECTOR('',#1980,1.);
#1980 = DIRECTION('',(1.,0.,6.7E-16));
#1981 = PLANE('',#1982);
#1982 = AXIS2_PLACEMENT_3D('',#1983,#1984,#1985);
#1983 = CARTESIAN_POINT('',(-6.4,-433.5,37.9));
#1984 = DIRECTION('',(-5.E-16,-0.707106781187,0.707106781187));
#1985 = DIRECTION('',(-1.,1.855339059327E-17,-6.885533905933E-16));
#1986 = ADVANCED_FACE('',(#1987),#2012,.T.);
#1987 = FACE_BOUND('',#1988,.T.);
#1988 = EDGE_LOOP('',(#1989,#1990,#1998,#2006));
#1989 = ORIENTED_EDGE('',*,*,#1887,.T.);
#1990 = ORIENTED_EDGE('',*,*,#1991,.T.);
#1991 = EDGE_CURVE('',#1888,#1992,#1994,.T.);
#1992 = VERTEX_POINT('',#1993);
#1993 = CARTESIAN_POINT('',(6.4,-404.,37.4));
#1994 = LINE('',#1995,#1996);
#1995 = CARTESIAN_POINT('',(6.4,-404.5,37.9));
#1996 = VECTOR('',#1997,1.);
#1997 = DIRECTION('',(-2.E-17,0.707106781187,-0.707106781187));
#1998 = ORIENTED_EDGE('',*,*,#1999,.F.);
#1999 = EDGE_CURVE('',#2000,#1992,#2002,.T.);
#2000 = VERTEX_POINT('',#2001);
#2001 = CARTESIAN_POINT('',(-6.4,-404.,37.4));
#2002 = LINE('',#2003,#2004);
#2003 = CARTESIAN_POINT('',(-7.4,-404.,37.4));
#2004 = VECTOR('',#2005,1.);
#2005 = DIRECTION('',(1.,-5.5E-16,0.));
#2006 = ORIENTED_EDGE('',*,*,#2007,.F.);
#2007 = EDGE_CURVE('',#1878,#2000,#2008,.T.);
#2008 = LINE('',#2009,#2010);
#2009 = CARTESIAN_POINT('',(-6.4,-404.5,37.9));
#2010 = VECTOR('',#2011,1.);
#2011 = DIRECTION('',(7.5E-16,0.707106781187,-0.707106781187));
#2012 = PLANE('',#2013);
#2013 = AXIS2_PLACEMENT_3D('',#2014,#2015,#2016);
#2014 = CARTESIAN_POINT('',(-7.4,-404.5,37.9));
#2015 = DIRECTION('',(-6.5E-16,0.707106781187,0.707106781187));
#2016 = DIRECTION('',(1.,1.846194077713E-16,7.346194077713E-16));
#2017 = ADVANCED_FACE('',(#2018),#2043,.F.);
#2018 = FACE_BOUND('',#2019,.T.);
#2019 = EDGE_LOOP('',(#2020,#2030,#2036,#2037));
#2020 = ORIENTED_EDGE('',*,*,#2021,.F.);
#2021 = EDGE_CURVE('',#2022,#2024,#2026,.T.);
#2022 = VERTEX_POINT('',#2023);
#2023 = CARTESIAN_POINT('',(7.4,-405.,37.4));
#2024 = VERTEX_POINT('',#2025);
#2025 = CARTESIAN_POINT('',(7.4,-433.,37.4));
#2026 = LINE('',#2027,#2028);
#2027 = CARTESIAN_POINT('',(7.4,-404.,37.4));
#2028 = VECTOR('',#2029,1.);
#2029 = DIRECTION('',(3.3E-16,-1.,5.6E-16));
#2030 = ORIENTED_EDGE('',*,*,#2031,.T.);
#2031 = EDGE_CURVE('',#2022,#1888,#2032,.T.);
#2032 = LINE('',#2033,#2034);
#2033 = CARTESIAN_POINT('',(7.15,-405.,37.65));
#2034 = VECTOR('',#2035,1.);
#2035 = DIRECTION('',(-0.707106781187,4.8E-16,0.707106781187));
#2036 = ORIENTED_EDGE('',*,*,#1895,.T.);
#2037 = ORIENTED_EDGE('',*,*,#2038,.F.);
#2038 = EDGE_CURVE('',#2024,#1896,#2039,.T.);
#2039 = LINE('',#2040,#2041);
#2040 = CARTESIAN_POINT('',(7.4,-433.,37.4));
#2041 = VECTOR('',#2042,1.);
#2042 = DIRECTION('',(-0.707106781187,0.,0.707106781187));
#2043 = PLANE('',#2044);
#2044 = AXIS2_PLACEMENT_3D('',#2045,#2046,#2047);
#2045 = CARTESIAN_POINT('',(6.9,-404.,37.9));
#2046 = DIRECTION('',(-0.707106781187,3.E-17,-0.707106781187));
#2047 = DIRECTION('',(1.312132034356E-16,1.,-8.87867965644E-17));
#2048 = ADVANCED_FACE('',(#2049),#2068,.F.);
#2049 = FACE_BOUND('',#2050,.T.);
#2050 = EDGE_LOOP('',(#2051,#2059,#2060,#2061));
#2051 = ORIENTED_EDGE('',*,*,#2052,.F.);
#2052 = EDGE_CURVE('',#1912,#2053,#2055,.T.);
#2053 = VERTEX_POINT('',#2054);
#2054 = CARTESIAN_POINT('',(-2.39808173319E-14,-412.5,37.4));
#2055 = LINE('',#2056,#2057);
#2056 = CARTESIAN_POINT('',(-1.776E-14,-412.5,37.4));
#2057 = VECTOR('',#2058,1.);
#2058 = DIRECTION('',(3.3E-16,0.707106781187,-0.707106781187));
#2059 = ORIENTED_EDGE('',*,*,#1911,.T.);
#2060 = ORIENTED_EDGE('',*,*,#2052,.T.);
#2061 = ORIENTED_EDGE('',*,*,#2062,.F.);
#2062 = EDGE_CURVE('',#2053,#2053,#2063,.T.);
#2063 = CIRCLE('',#2064,2.5);
#2064 = AXIS2_PLACEMENT_3D('',#2065,#2066,#2067);
#2065 = CARTESIAN_POINT('',(-1.776E-14,-410.,37.4));
#2066 = DIRECTION('',(0.,7.8E-16,1.));
#2067 = DIRECTION('',(6.9E-16,-1.,7.8E-16));
#2068 = CONICAL_SURFACE('',#2069,2.5,0.785398163397);
#2069 = AXIS2_PLACEMENT_3D('',#2070,#2071,#2072);
#2070 = CARTESIAN_POINT('',(-1.776E-14,-410.,37.4));
#2071 = DIRECTION('',(-4.4E-16,3.3E-16,1.));
#2072 = DIRECTION('',(6.9E-16,-1.,3.3E-16));
#2073 = ADVANCED_FACE('',(#2074,#2131),#2165,.T.);
#2074 = FACE_BOUND('',#2075,.T.);
#2075 = EDGE_LOOP('',(#2076,#2077,#2085,#2093,#2101,#2109,#2117,#2125));
#2076 = ORIENTED_EDGE('',*,*,#1928,.F.);
#2077 = ORIENTED_EDGE('',*,*,#2078,.F.);
#2078 = EDGE_CURVE('',#2079,#1929,#2081,.T.);
#2079 = VERTEX_POINT('',#2080);
#2080 = CARTESIAN_POINT('',(-7.4,-405.,34.6));
#2081 = LINE('',#2082,#2083);
#2082 = CARTESIAN_POINT('',(-7.4,-405.,34.6));
#2083 = VECTOR('',#2084,1.);
#2084 = DIRECTION('',(-6.7E-16,-1.1E-16,1.));
#2085 = ORIENTED_EDGE('',*,*,#2086,.F.);
#2086 = EDGE_CURVE('',#2087,#2079,#2089,.T.);
#2087 = VERTEX_POINT('',#2088);
#2088 = CARTESIAN_POINT('',(-7.4,-425.,34.6));
#2089 = LINE('',#2090,#2091);
#2090 = CARTESIAN_POINT('',(-7.4,-440.,34.6));
#2091 = VECTOR('',#2092,1.);
#2092 = DIRECTION('',(-5.6E-16,1.,-5.6E-16));
#2093 = ORIENTED_EDGE('',*,*,#2094,.F.);
#2094 = EDGE_CURVE('',#2095,#2087,#2097,.T.);
#2095 = VERTEX_POINT('',#2096);
#2096 = CARTESIAN_POINT('',(-7.4,-425.,19.9));
#2097 = LINE('',#2098,#2099);
#2098 = CARTESIAN_POINT('',(-7.4,-425.,19.9));
#2099 = VECTOR('',#2100,1.);
#2100 = DIRECTION('',(-6.7E-16,-3.3E-16,1.));
#2101 = ORIENTED_EDGE('',*,*,#2102,.F.);
#2102 = EDGE_CURVE('',#2103,#2095,#2105,.T.);
#2103 = VERTEX_POINT('',#2104);
#2104 = CARTESIAN_POINT('',(-7.4,-405.,19.9));
#2105 = LINE('',#2106,#2107);
#2106 = CARTESIAN_POINT('',(-7.4,-404.,19.9));
#2107 = VECTOR('',#2108,1.);
#2108 = DIRECTION('',(5.6E-16,-1.,5.6E-16));
#2109 = ORIENTED_EDGE('',*,*,#2110,.F.);
#2110 = EDGE_CURVE('',#2111,#2103,#2113,.T.);
#2111 = VERTEX_POINT('',#2112);
#2112 = CARTESIAN_POINT('',(-7.4,-405.,17.1));
#2113 = LINE('',#2114,#2115);
#2114 = CARTESIAN_POINT('',(-7.4,-405.,16.1));
#2115 = VECTOR('',#2116,1.);
#2116 = DIRECTION('',(-6.7E-16,-1.1E-16,1.));
#2117 = ORIENTED_EDGE('',*,*,#2118,.F.);
#2118 = EDGE_CURVE('',#2119,#2111,#2121,.T.);
#2119 = VERTEX_POINT('',#2120);
#2120 = CARTESIAN_POINT('',(-7.4,-433.,17.1));
#2121 = LINE('',#2122,#2123);
#2122 = CARTESIAN_POINT('',(-7.4,-450.,17.1));
#2123 = VECTOR('',#2124,1.);
#2124 = DIRECTION('',(-3.3E-16,1.,-5.6E-16));
#2125 = ORIENTED_EDGE('',*,*,#2126,.T.);
#2126 = EDGE_CURVE('',#2119,#1931,#2127,.T.);
#2127 = LINE('',#2128,#2129);
#2128 = CARTESIAN_POINT('',(-7.4,-433.,17.1));
#2129 = VECTOR('',#2130,1.);
#2130 = DIRECTION('',(2.2E-16,0.,1.));
#2131 = FACE_BOUND('',#2132,.T.);
#2132 = EDGE_LOOP('',(#2133,#2143,#2151,#2159));
#2133 = ORIENTED_EDGE('',*,*,#2134,.T.);
#2134 = EDGE_CURVE('',#2135,#2137,#2139,.T.);
#2135 = VERTEX_POINT('',#2136);
#2136 = CARTESIAN_POINT('',(-7.4,-431.,24.25));
#2137 = VERTEX_POINT('',#2138);
#2138 = CARTESIAN_POINT('',(-7.4,-428.,24.25));
#2139 = LINE('',#2140,#2141);
#2140 = CARTESIAN_POINT('',(-7.4,-443.,24.25));
#2141 = VECTOR('',#2142,1.);
#2142 = DIRECTION('',(2.2E-16,1.,-1.1E-16));
#2143 = ORIENTED_EDGE('',*,*,#2144,.T.);
#2144 = EDGE_CURVE('',#2137,#2145,#2147,.T.);
#2145 = VERTEX_POINT('',#2146);
#2146 = CARTESIAN_POINT('',(-7.4,-428.,30.25));
#2147 = LINE('',#2148,#2149);
#2148 = CARTESIAN_POINT('',(-7.4,-428.,25.75));
#2149 = VECTOR('',#2150,1.);
#2150 = DIRECTION('',(-2.2E-16,1.1E-16,1.));
#2151 = ORIENTED_EDGE('',*,*,#2152,.F.);
#2152 = EDGE_CURVE('',#2153,#2145,#2155,.T.);
#2153 = VERTEX_POINT('',#2154);
#2154 = CARTESIAN_POINT('',(-7.4,-431.,30.25));
#2155 = LINE('',#2156,#2157);
#2156 = CARTESIAN_POINT('',(-7.4,-443.,30.25));
#2157 = VECTOR('',#2158,1.);
#2158 = DIRECTION('',(2.2E-16,1.,-1.1E-16));
#2159 = ORIENTED_EDGE('',*,*,#2160,.T.);
#2160 = EDGE_CURVE('',#2153,#2135,#2161,.T.);
#2161 = LINE('',#2162,#2163);
#2162 = CARTESIAN_POINT('',(-7.4,-431.,27.25));
#2163 = VECTOR('',#2164,1.);
#2164 = DIRECTION('',(2.2E-16,-1.1E-16,-1.));
#2165 = PLANE('',#2166);
#2166 = AXIS2_PLACEMENT_3D('',#2167,#2168,#2169);
#2167 = CARTESIAN_POINT('',(-7.4,-420.3225108225,27.25));
#2168 = DIRECTION('',(-1.,-3.4E-16,-0.));
#2169 = DIRECTION('',(3.4E-16,-1.,0.));
#2170 = ADVANCED_FACE('',(#2171),#2189,.T.);
#2171 = FACE_BOUND('',#2172,.F.);
#2172 = EDGE_LOOP('',(#2173,#2181,#2182,#2183));
#2173 = ORIENTED_EDGE('',*,*,#2174,.F.);
#2174 = EDGE_CURVE('',#1931,#2175,#2177,.T.);
#2175 = VERTEX_POINT('',#2176);
#2176 = CARTESIAN_POINT('',(-6.4,-434.,36.985786437627));
#2177 = LINE('',#2178,#2179);
#2178 = CARTESIAN_POINT('',(-5.003457053,-435.396542947,36.407319408543)
  );
#2179 = VECTOR('',#2180,1.);
#2180 = DIRECTION('',(0.678598344546,-0.678598344546,-0.281084637715));
#2181 = ORIENTED_EDGE('',*,*,#1945,.T.);
#2182 = ORIENTED_EDGE('',*,*,#1959,.T.);
#2183 = ORIENTED_EDGE('',*,*,#2184,.F.);
#2184 = EDGE_CURVE('',#2175,#1960,#2185,.T.);
#2185 = LINE('',#2186,#2187);
#2186 = CARTESIAN_POINT('',(-6.692893218813,-434.,36.692893218813));
#2187 = VECTOR('',#2188,1.);
#2188 = DIRECTION('',(0.707106781187,0.,0.707106781187));
#2189 = PLANE('',#2190);
#2190 = AXIS2_PLACEMENT_3D('',#2191,#2192,#2193);
#2191 = CARTESIAN_POINT('',(-7.046446609407,-433.5,37.046446609407));
#2192 = DIRECTION('',(-0.5,-0.707106781187,0.5));
#2193 = DIRECTION('',(-0.707106781187,5.551115123126E-17,-0.707106781187
    ));
#2194 = ADVANCED_FACE('',(#2195),#2205,.F.);
#2195 = FACE_BOUND('',#2196,.F.);
#2196 = EDGE_LOOP('',(#2197,#2198,#2204));
#2197 = ORIENTED_EDGE('',*,*,#1938,.F.);
#2198 = ORIENTED_EDGE('',*,*,#2199,.T.);
#2199 = EDGE_CURVE('',#1929,#2000,#2200,.T.);
#2200 = LINE('',#2201,#2202);
#2201 = CARTESIAN_POINT('',(-7.15,-404.75,37.4));
#2202 = VECTOR('',#2203,1.);
#2203 = DIRECTION('',(0.707106781187,0.707106781187,-6.2E-16));
#2204 = ORIENTED_EDGE('',*,*,#2007,.F.);
#2205 = PLANE('',#2206);
#2206 = AXIS2_PLACEMENT_3D('',#2207,#2208,#2209);
#2207 = CARTESIAN_POINT('',(-7.4,-405.,37.4));
#2208 = DIRECTION('',(0.57735026919,-0.57735026919,-0.57735026919));
#2209 = DIRECTION('',(5.273559366969E-16,0.707106781187,-0.707106781187)
  );
#2210 = ADVANCED_FACE('',(#2211,#2261),#2272,.F.);
#2211 = FACE_BOUND('',#2212,.F.);
#2212 = EDGE_LOOP('',(#2213,#2214,#2222,#2230,#2238,#2246,#2254,#2260));
#2213 = ORIENTED_EDGE('',*,*,#1976,.T.);
#2214 = ORIENTED_EDGE('',*,*,#2215,.F.);
#2215 = EDGE_CURVE('',#2216,#1969,#2218,.T.);
#2216 = VERTEX_POINT('',#2217);
#2217 = CARTESIAN_POINT('',(6.4,-434.,36.985786437627));
#2218 = LINE('',#2219,#2220);
#2219 = CARTESIAN_POINT('',(6.692893218813,-434.,36.692893218813));
#2220 = VECTOR('',#2221,1.);
#2221 = DIRECTION('',(-0.707106781187,0.,0.707106781187));
#2222 = ORIENTED_EDGE('',*,*,#2223,.F.);
#2223 = EDGE_CURVE('',#2224,#2216,#2226,.T.);
#2224 = VERTEX_POINT('',#2225);
#2225 = CARTESIAN_POINT('',(6.4,-434.,17.514213562373));
#2226 = LINE('',#2227,#2228);
#2227 = CARTESIAN_POINT('',(6.4,-434.,17.1));
#2228 = VECTOR('',#2229,1.);
#2229 = DIRECTION('',(2.2E-16,0.,1.));
#2230 = ORIENTED_EDGE('',*,*,#2231,.T.);
#2231 = EDGE_CURVE('',#2224,#2232,#2234,.T.);
#2232 = VERTEX_POINT('',#2233);
#2233 = CARTESIAN_POINT('',(5.985786437627,-434.,17.1));
#2234 = LINE('',#2235,#2236);
#2235 = CARTESIAN_POINT('',(6.692893218813,-434.,17.807106781187));
#2236 = VECTOR('',#2237,1.);
#2237 = DIRECTION('',(-0.707106781187,0.,-0.707106781187));
#2238 = ORIENTED_EDGE('',*,*,#2239,.T.);
#2239 = EDGE_CURVE('',#2232,#2240,#2242,.T.);
#2240 = VERTEX_POINT('',#2241);
#2241 = CARTESIAN_POINT('',(-5.985786437627,-434.,17.1));
#2242 = LINE('',#2243,#2244);
#2243 = CARTESIAN_POINT('',(6.4,-434.,17.1));
#2244 = VECTOR('',#2245,1.);
#2245 = DIRECTION('',(-1.,0.,-6.7E-16));
#2246 = ORIENTED_EDGE('',*,*,#2247,.F.);
#2247 = EDGE_CURVE('',#2248,#2240,#2250,.T.);
#2248 = VERTEX_POINT('',#2249);
#2249 = CARTESIAN_POINT('',(-6.4,-434.,17.514213562373));
#2250 = LINE('',#2251,#2252);
#2251 = CARTESIAN_POINT('',(-6.692893218813,-434.,17.807106781187));
#2252 = VECTOR('',#2253,1.);
#2253 = DIRECTION('',(0.707106781187,0.,-0.707106781187));
#2254 = ORIENTED_EDGE('',*,*,#2255,.T.);
#2255 = EDGE_CURVE('',#2248,#2175,#2256,.T.);
#2256 = LINE('',#2257,#2258);
#2257 = CARTESIAN_POINT('',(-6.4,-434.,17.1));
#2258 = VECTOR('',#2259,1.);
#2259 = DIRECTION('',(2.2E-16,0.,1.));
#2260 = ORIENTED_EDGE('',*,*,#2184,.T.);
#2261 = FACE_BOUND('',#2262,.F.);
#2262 = EDGE_LOOP('',(#2263));
#2263 = ORIENTED_EDGE('',*,*,#2264,.T.);
#2264 = EDGE_CURVE('',#2265,#2265,#2267,.T.);
#2265 = VERTEX_POINT('',#2266);
#2266 = CARTESIAN_POINT('',(1.7,-434.,27.25));
#2267 = CIRCLE('',#2268,1.7);
#2268 = AXIS2_PLACEMENT_3D('',#2269,#2270,#2271);
#2269 = CARTESIAN_POINT('',(-9.77E-15,-434.,27.25));
#2270 = DIRECTION('',(0.,-1.,6.7E-16));
#2271 = DIRECTION('',(1.,1.474E-31,2.2E-16));
#2272 = PLANE('',#2273);
#2273 = AXIS2_PLACEMENT_3D('',#2274,#2275,#2276);
#2274 = CARTESIAN_POINT('',(0.780135,-434.,25.9324075));
#2275 = DIRECTION('',(0.,1.,0.));
#2276 = DIRECTION('',(0.,0.,1.));
#2277 = ADVANCED_FACE('',(#2278),#2289,.F.);
#2278 = FACE_BOUND('',#2279,.F.);
#2279 = EDGE_LOOP('',(#2280,#2286,#2287,#2288));
#2280 = ORIENTED_EDGE('',*,*,#2281,.F.);
#2281 = EDGE_CURVE('',#2216,#2024,#2282,.T.);
#2282 = LINE('',#2283,#2284);
#2283 = CARTESIAN_POINT('',(5.003457053,-435.396542947,36.407319408543)
  );
#2284 = VECTOR('',#2285,1.);
#2285 = DIRECTION('',(0.678598344546,0.678598344546,0.281084637715));
#2286 = ORIENTED_EDGE('',*,*,#2215,.T.);
#2287 = ORIENTED_EDGE('',*,*,#1968,.F.);
#2288 = ORIENTED_EDGE('',*,*,#2038,.F.);
#2289 = PLANE('',#2290);
#2290 = AXIS2_PLACEMENT_3D('',#2291,#2292,#2293);
#2291 = CARTESIAN_POINT('',(7.046446609407,-433.5,37.046446609407));
#2292 = DIRECTION('',(-0.5,0.707106781187,-0.5));
#2293 = DIRECTION('',(-0.707106781187,-1.110223024625E-16,0.707106781187
    ));
#2294 = ADVANCED_FACE('',(#2295),#2305,.T.);
#2295 = FACE_BOUND('',#2296,.T.);
#2296 = EDGE_LOOP('',(#2297,#2298,#2304));
#2297 = ORIENTED_EDGE('',*,*,#2031,.F.);
#2298 = ORIENTED_EDGE('',*,*,#2299,.T.);
#2299 = EDGE_CURVE('',#2022,#1992,#2300,.T.);
#2300 = LINE('',#2301,#2302);
#2301 = CARTESIAN_POINT('',(7.15,-404.75,37.4));
#2302 = VECTOR('',#2303,1.);
#2303 = DIRECTION('',(-0.707106781187,0.707106781187,-4.3E-16));
#2304 = ORIENTED_EDGE('',*,*,#1991,.F.);
#2305 = PLANE('',#2306);
#2306 = AXIS2_PLACEMENT_3D('',#2307,#2308,#2309);
#2307 = CARTESIAN_POINT('',(7.4,-405.,37.4));
#2308 = DIRECTION('',(0.57735026919,0.57735026919,0.57735026919));
#2309 = DIRECTION('',(1.110223024625E-16,0.707106781187,-0.707106781187)
  );
#2310 = ADVANCED_FACE('',(#2311),#2336,.F.);
#2311 = FACE_BOUND('',#2312,.F.);
#2312 = EDGE_LOOP('',(#2313,#2314,#2322,#2330));
#2313 = ORIENTED_EDGE('',*,*,#1999,.F.);
#2314 = ORIENTED_EDGE('',*,*,#2315,.F.);
#2315 = EDGE_CURVE('',#2316,#2000,#2318,.T.);
#2316 = VERTEX_POINT('',#2317);
#2317 = CARTESIAN_POINT('',(-6.4,-404.,35.6));
#2318 = LINE('',#2319,#2320);
#2319 = CARTESIAN_POINT('',(-6.4,-404.,34.6));
#2320 = VECTOR('',#2321,1.);
#2321 = DIRECTION('',(-6.7E-16,-1.1E-16,1.));
#2322 = ORIENTED_EDGE('',*,*,#2323,.T.);
#2323 = EDGE_CURVE('',#2316,#2324,#2326,.T.);
#2324 = VERTEX_POINT('',#2325);
#2325 = CARTESIAN_POINT('',(6.4,-404.,35.6));
#2326 = LINE('',#2327,#2328);
#2327 = CARTESIAN_POINT('',(-7.4,-404.,35.6));
#2328 = VECTOR('',#2329,1.);
#2329 = DIRECTION('',(1.,-5.5E-16,0.));
#2330 = ORIENTED_EDGE('',*,*,#2331,.T.);
#2331 = EDGE_CURVE('',#2324,#1992,#2332,.T.);
#2332 = LINE('',#2333,#2334);
#2333 = CARTESIAN_POINT('',(6.4,-404.,34.6));
#2334 = VECTOR('',#2335,1.);
#2335 = DIRECTION('',(-6.7E-16,-1.1E-16,1.));
#2336 = PLANE('',#2337);
#2337 = AXIS2_PLACEMENT_3D('',#2338,#2339,#2340);
#2338 = CARTESIAN_POINT('',(-7.4,-404.,34.6));
#2339 = DIRECTION('',(3.4E-16,-1.,5.6E-16));
#2340 = DIRECTION('',(-8.9E-16,5.6E-16,1.));
#2341 = ADVANCED_FACE('',(#2342,#2399),#2433,.T.);
#2342 = FACE_BOUND('',#2343,.T.);
#2343 = EDGE_LOOP('',(#2344,#2354,#2362,#2370,#2378,#2386,#2392,#2393));
#2344 = ORIENTED_EDGE('',*,*,#2345,.T.);
#2345 = EDGE_CURVE('',#2346,#2348,#2350,.T.);
#2346 = VERTEX_POINT('',#2347);
#2347 = CARTESIAN_POINT('',(7.4,-433.,17.1));
#2348 = VERTEX_POINT('',#2349);
#2349 = CARTESIAN_POINT('',(7.4,-405.,17.1));
#2350 = LINE('',#2351,#2352);
#2351 = CARTESIAN_POINT('',(7.4,-450.,17.1));
#2352 = VECTOR('',#2353,1.);
#2353 = DIRECTION('',(-3.3E-16,1.,-5.6E-16));
#2354 = ORIENTED_EDGE('',*,*,#2355,.T.);
#2355 = EDGE_CURVE('',#2348,#2356,#2358,.T.);
#2356 = VERTEX_POINT('',#2357);
#2357 = CARTESIAN_POINT('',(7.4,-405.,19.9));
#2358 = LINE('',#2359,#2360);
#2359 = CARTESIAN_POINT('',(7.4,-405.,16.1));
#2360 = VECTOR('',#2361,1.);
#2361 = DIRECTION('',(-6.7E-16,-1.1E-16,1.));
#2362 = ORIENTED_EDGE('',*,*,#2363,.T.);
#2363 = EDGE_CURVE('',#2356,#2364,#2366,.T.);
#2364 = VERTEX_POINT('',#2365);
#2365 = CARTESIAN_POINT('',(7.4,-425.,19.9));
#2366 = LINE('',#2367,#2368);
#2367 = CARTESIAN_POINT('',(7.4,-404.,19.9));
#2368 = VECTOR('',#2369,1.);
#2369 = DIRECTION('',(5.6E-16,-1.,5.6E-16));
#2370 = ORIENTED_EDGE('',*,*,#2371,.T.);
#2371 = EDGE_CURVE('',#2364,#2372,#2374,.T.);
#2372 = VERTEX_POINT('',#2373);
#2373 = CARTESIAN_POINT('',(7.4,-425.,34.6));
#2374 = LINE('',#2375,#2376);
#2375 = CARTESIAN_POINT('',(7.4,-425.,19.9));
#2376 = VECTOR('',#2377,1.);
#2377 = DIRECTION('',(-6.7E-16,-3.3E-16,1.));
#2378 = ORIENTED_EDGE('',*,*,#2379,.T.);
#2379 = EDGE_CURVE('',#2372,#2380,#2382,.T.);
#2380 = VERTEX_POINT('',#2381);
#2381 = CARTESIAN_POINT('',(7.4,-405.,34.6));
#2382 = LINE('',#2383,#2384);
#2383 = CARTESIAN_POINT('',(7.4,-440.,34.6));
#2384 = VECTOR('',#2385,1.);
#2385 = DIRECTION('',(-5.6E-16,1.,-5.6E-16));
#2386 = ORIENTED_EDGE('',*,*,#2387,.T.);
#2387 = EDGE_CURVE('',#2380,#2022,#2388,.T.);
#2388 = LINE('',#2389,#2390);
#2389 = CARTESIAN_POINT('',(7.4,-405.,34.6));
#2390 = VECTOR('',#2391,1.);
#2391 = DIRECTION('',(-6.7E-16,-1.1E-16,1.));
#2392 = ORIENTED_EDGE('',*,*,#2021,.T.);
#2393 = ORIENTED_EDGE('',*,*,#2394,.F.);
#2394 = EDGE_CURVE('',#2346,#2024,#2395,.T.);
#2395 = LINE('',#2396,#2397);
#2396 = CARTESIAN_POINT('',(7.4,-433.,17.1));
#2397 = VECTOR('',#2398,1.);
#2398 = DIRECTION('',(2.2E-16,0.,1.));
#2399 = FACE_BOUND('',#2400,.T.);
#2400 = EDGE_LOOP('',(#2401,#2411,#2419,#2427));
#2401 = ORIENTED_EDGE('',*,*,#2402,.F.);
#2402 = EDGE_CURVE('',#2403,#2405,#2407,.T.);
#2403 = VERTEX_POINT('',#2404);
#2404 = CARTESIAN_POINT('',(7.4,-431.,24.25));
#2405 = VERTEX_POINT('',#2406);
#2406 = CARTESIAN_POINT('',(7.4,-428.,24.25));
#2407 = LINE('',#2408,#2409);
#2408 = CARTESIAN_POINT('',(7.4,-443.,24.25));
#2409 = VECTOR('',#2410,1.);
#2410 = DIRECTION('',(2.2E-16,1.,-1.1E-16));
#2411 = ORIENTED_EDGE('',*,*,#2412,.F.);
#2412 = EDGE_CURVE('',#2413,#2403,#2415,.T.);
#2413 = VERTEX_POINT('',#2414);
#2414 = CARTESIAN_POINT('',(7.4,-431.,30.25));
#2415 = LINE('',#2416,#2417);
#2416 = CARTESIAN_POINT('',(7.4,-431.,27.25));
#2417 = VECTOR('',#2418,1.);
#2418 = DIRECTION('',(3.3E-16,-1.1E-16,-1.));
#2419 = ORIENTED_EDGE('',*,*,#2420,.T.);
#2420 = EDGE_CURVE('',#2413,#2421,#2423,.T.);
#2421 = VERTEX_POINT('',#2422);
#2422 = CARTESIAN_POINT('',(7.4,-428.,30.25));
#2423 = LINE('',#2424,#2425);
#2424 = CARTESIAN_POINT('',(7.4,-443.,30.25));
#2425 = VECTOR('',#2426,1.);
#2426 = DIRECTION('',(2.2E-16,1.,-1.1E-16));
#2427 = ORIENTED_EDGE('',*,*,#2428,.F.);
#2428 = EDGE_CURVE('',#2405,#2421,#2429,.T.);
#2429 = LINE('',#2430,#2431);
#2430 = CARTESIAN_POINT('',(7.4,-428.,24.25));
#2431 = VECTOR('',#2432,1.);
#2432 = DIRECTION('',(-3.3E-16,-1.1E-16,1.));
#2433 = PLANE('',#2434);
#2434 = AXIS2_PLACEMENT_3D('',#2435,#2436,#2437);
#2435 = CARTESIAN_POINT('',(7.4,-420.3225108225,27.25));
#2436 = DIRECTION('',(1.,4.5E-16,2.8E-16));
#2437 = DIRECTION('',(-4.5E-16,1.,0.));
#2438 = ADVANCED_FACE('',(#2439),#2458,.F.);
#2439 = FACE_BOUND('',#2440,.F.);
#2440 = EDGE_LOOP('',(#2441,#2449,#2450,#2451));
#2441 = ORIENTED_EDGE('',*,*,#2442,.F.);
#2442 = EDGE_CURVE('',#2053,#2443,#2445,.T.);
#2443 = VERTEX_POINT('',#2444);
#2444 = CARTESIAN_POINT('',(-2.04281036531E-14,-412.5,34.6));
#2445 = LINE('',#2446,#2447);
#2446 = CARTESIAN_POINT('',(-1.51E-14,-412.5,38.4));
#2447 = VECTOR('',#2448,1.);
#2448 = DIRECTION('',(8.9E-16,3.3E-16,-1.));
#2449 = ORIENTED_EDGE('',*,*,#2062,.F.);
#2450 = ORIENTED_EDGE('',*,*,#2442,.T.);
#2451 = ORIENTED_EDGE('',*,*,#2452,.T.);
#2452 = EDGE_CURVE('',#2443,#2443,#2453,.T.);
#2453 = CIRCLE('',#2454,2.5);
#2454 = AXIS2_PLACEMENT_3D('',#2455,#2456,#2457);
#2455 = CARTESIAN_POINT('',(-1.421E-14,-410.,34.6));
#2456 = DIRECTION('',(2.2E-16,7.8E-16,1.));
#2457 = DIRECTION('',(7.8E-16,-1.,7.8E-16));
#2458 = CYLINDRICAL_SURFACE('',#2459,2.5);
#2459 = AXIS2_PLACEMENT_3D('',#2460,#2461,#2462);
#2460 = CARTESIAN_POINT('',(-1.688E-14,-410.,38.4));
#2461 = DIRECTION('',(-6.7E-16,-1.1E-16,1.));
#2462 = DIRECTION('',(7.8E-16,-1.,-1.1E-16));
#2463 = ADVANCED_FACE('',(#2464),#2475,.F.);
#2464 = FACE_BOUND('',#2465,.T.);
#2465 = EDGE_LOOP('',(#2466,#2472,#2473,#2474));
#2466 = ORIENTED_EDGE('',*,*,#2467,.F.);
#2467 = EDGE_CURVE('',#2248,#2119,#2468,.T.);
#2468 = LINE('',#2469,#2470);
#2469 = CARTESIAN_POINT('',(-6.93950428678,-433.4604957132,
    17.290743569831));
#2470 = VECTOR('',#2471,1.);
#2471 = DIRECTION('',(-0.678598344546,0.678598344546,-0.281084637715));
#2472 = ORIENTED_EDGE('',*,*,#2255,.T.);
#2473 = ORIENTED_EDGE('',*,*,#2174,.F.);
#2474 = ORIENTED_EDGE('',*,*,#2126,.F.);
#2475 = PLANE('',#2476);
#2476 = AXIS2_PLACEMENT_3D('',#2477,#2478,#2479);
#2477 = CARTESIAN_POINT('',(-6.9,-433.5,17.1));
#2478 = DIRECTION('',(0.707106781187,0.707106781187,0.));
#2479 = DIRECTION('',(-1.1E-16,1.1E-16,-1.));
#2480 = ADVANCED_FACE('',(#2481),#2492,.T.);
#2481 = FACE_BOUND('',#2482,.F.);
#2482 = EDGE_LOOP('',(#2483,#2489,#2490,#2491));
#2483 = ORIENTED_EDGE('',*,*,#2484,.F.);
#2484 = EDGE_CURVE('',#2316,#2079,#2485,.T.);
#2485 = LINE('',#2486,#2487);
#2486 = CARTESIAN_POINT('',(-7.066666666667,-404.6666666666,
    34.933333333333));
#2487 = VECTOR('',#2488,1.);
#2488 = DIRECTION('',(-0.57735026919,-0.57735026919,-0.57735026919));
#2489 = ORIENTED_EDGE('',*,*,#2315,.T.);
#2490 = ORIENTED_EDGE('',*,*,#2199,.F.);
#2491 = ORIENTED_EDGE('',*,*,#2078,.F.);
#2492 = PLANE('',#2493);
#2493 = AXIS2_PLACEMENT_3D('',#2494,#2495,#2496);
#2494 = CARTESIAN_POINT('',(-6.9,-404.5,34.6));
#2495 = DIRECTION('',(-0.707106781187,0.707106781187,-3.9E-16));
#2496 = DIRECTION('',(6.607716446628E-16,1.092283553372E-16,-1.));
#2497 = ADVANCED_FACE('',(#2498),#2523,.T.);
#2498 = FACE_BOUND('',#2499,.T.);
#2499 = EDGE_LOOP('',(#2500,#2510,#2516,#2517));
#2500 = ORIENTED_EDGE('',*,*,#2501,.F.);
#2501 = EDGE_CURVE('',#2502,#2504,#2506,.T.);
#2502 = VERTEX_POINT('',#2503);
#2503 = CARTESIAN_POINT('',(-6.4,-433.,16.1));
#2504 = VERTEX_POINT('',#2505);
#2505 = CARTESIAN_POINT('',(-6.4,-405.,16.1));
#2506 = LINE('',#2507,#2508);
#2507 = CARTESIAN_POINT('',(-6.4,-450.,16.1));
#2508 = VECTOR('',#2509,1.);
#2509 = DIRECTION('',(-3.3E-16,1.,-5.6E-16));
#2510 = ORIENTED_EDGE('',*,*,#2511,.F.);
#2511 = EDGE_CURVE('',#2119,#2502,#2512,.T.);
#2512 = LINE('',#2513,#2514);
#2513 = CARTESIAN_POINT('',(-7.4,-433.,17.1));
#2514 = VECTOR('',#2515,1.);
#2515 = DIRECTION('',(0.707106781187,0.,-0.707106781187));
#2516 = ORIENTED_EDGE('',*,*,#2118,.T.);
#2517 = ORIENTED_EDGE('',*,*,#2518,.F.);
#2518 = EDGE_CURVE('',#2504,#2111,#2519,.T.);
#2519 = LINE('',#2520,#2521);
#2520 = CARTESIAN_POINT('',(-6.9,-405.,16.6));
#2521 = VECTOR('',#2522,1.);
#2522 = DIRECTION('',(-0.707106781187,-3.46E-15,0.707106781187));
#2523 = PLANE('',#2524);
#2524 = AXIS2_PLACEMENT_3D('',#2525,#2526,#2527);
#2525 = CARTESIAN_POINT('',(-6.9,-450.,16.6));
#2526 = DIRECTION('',(-0.707106781187,1.7E-16,-0.707106781187));
#2527 = DIRECTION('',(2.302081528017E-16,1.,1.020815280171E-17));
#2528 = ADVANCED_FACE('',(#2529,#2545),#2548,.F.);
#2529 = FACE_BOUND('',#2530,.F.);
#2530 = EDGE_LOOP('',(#2531,#2532,#2538,#2539));
#2531 = ORIENTED_EDGE('',*,*,#2086,.F.);
#2532 = ORIENTED_EDGE('',*,*,#2533,.T.);
#2533 = EDGE_CURVE('',#2087,#2372,#2534,.T.);
#2534 = LINE('',#2535,#2536);
#2535 = CARTESIAN_POINT('',(-7.4,-425.,34.6));
#2536 = VECTOR('',#2537,1.);
#2537 = DIRECTION('',(1.,-5.5E-16,-2.2E-16));
#2538 = ORIENTED_EDGE('',*,*,#2379,.T.);
#2539 = ORIENTED_EDGE('',*,*,#2540,.F.);
#2540 = EDGE_CURVE('',#2079,#2380,#2541,.T.);
#2541 = LINE('',#2542,#2543);
#2542 = CARTESIAN_POINT('',(-7.4,-405.,34.6));
#2543 = VECTOR('',#2544,1.);
#2544 = DIRECTION('',(1.,-5.5E-16,0.));
#2545 = FACE_BOUND('',#2546,.F.);
#2546 = EDGE_LOOP('',(#2547));
#2547 = ORIENTED_EDGE('',*,*,#2452,.F.);
#2548 = PLANE('',#2549);
#2549 = AXIS2_PLACEMENT_3D('',#2550,#2551,#2552);
#2550 = CARTESIAN_POINT('',(-7.4,-440.,34.6));
#2551 = DIRECTION('',(-6.7E-16,-1.1E-16,1.));
#2552 = DIRECTION('',(-5.6E-16,1.,1.1E-16));
#2553 = ADVANCED_FACE('',(#2554),#2579,.T.);
#2554 = FACE_BOUND('',#2555,.T.);
#2555 = EDGE_LOOP('',(#2556,#2564,#2565,#2573));
#2556 = ORIENTED_EDGE('',*,*,#2557,.T.);
#2557 = EDGE_CURVE('',#2558,#2111,#2560,.T.);
#2558 = VERTEX_POINT('',#2559);
#2559 = CARTESIAN_POINT('',(-6.4,-404.,17.1));
#2560 = LINE('',#2561,#2562);
#2561 = CARTESIAN_POINT('',(-6.65,-404.25,17.1));
#2562 = VECTOR('',#2563,1.);
#2563 = DIRECTION('',(-0.707106781187,-0.707106781187,3.02E-15));
#2564 = ORIENTED_EDGE('',*,*,#2110,.T.);
#2565 = ORIENTED_EDGE('',*,*,#2566,.F.);
#2566 = EDGE_CURVE('',#2567,#2103,#2569,.T.);
#2567 = VERTEX_POINT('',#2568);
#2568 = CARTESIAN_POINT('',(-6.4,-404.,18.9));
#2569 = LINE('',#2570,#2571);
#2570 = CARTESIAN_POINT('',(-6.433333333333,-404.0333333333,
    18.933333333333));
#2571 = VECTOR('',#2572,1.);
#2572 = DIRECTION('',(-0.57735026919,-0.57735026919,0.57735026919));
#2573 = ORIENTED_EDGE('',*,*,#2574,.F.);
#2574 = EDGE_CURVE('',#2558,#2567,#2575,.T.);
#2575 = LINE('',#2576,#2577);
#2576 = CARTESIAN_POINT('',(-6.4,-404.,16.1));
#2577 = VECTOR('',#2578,1.);
#2578 = DIRECTION('',(-6.7E-16,-1.1E-16,1.));
#2579 = PLANE('',#2580);
#2580 = AXIS2_PLACEMENT_3D('',#2581,#2582,#2583);
#2581 = CARTESIAN_POINT('',(-6.9,-404.5,16.1));
#2582 = DIRECTION('',(-0.707106781187,0.707106781187,-3.9E-16));
#2583 = DIRECTION('',(-6.607716446628E-16,-1.092283553372E-16,1.));
#2584 = ADVANCED_FACE('',(#2585,#2596),#2607,.F.);
#2585 = FACE_BOUND('',#2586,.F.);
#2586 = EDGE_LOOP('',(#2587,#2593,#2594,#2595));
#2587 = ORIENTED_EDGE('',*,*,#2588,.T.);
#2588 = EDGE_CURVE('',#2095,#2364,#2589,.T.);
#2589 = LINE('',#2590,#2591);
#2590 = CARTESIAN_POINT('',(-7.4,-425.,19.9));
#2591 = VECTOR('',#2592,1.);
#2592 = DIRECTION('',(1.,-5.5E-16,-2.2E-16));
#2593 = ORIENTED_EDGE('',*,*,#2371,.T.);
#2594 = ORIENTED_EDGE('',*,*,#2533,.F.);
#2595 = ORIENTED_EDGE('',*,*,#2094,.F.);
#2596 = FACE_BOUND('',#2597,.F.);
#2597 = EDGE_LOOP('',(#2598));
#2598 = ORIENTED_EDGE('',*,*,#2599,.T.);
#2599 = EDGE_CURVE('',#2600,#2600,#2602,.T.);
#2600 = VERTEX_POINT('',#2601);
#2601 = CARTESIAN_POINT('',(1.7,-425.,27.25));
#2602 = CIRCLE('',#2603,1.7);
#2603 = AXIS2_PLACEMENT_3D('',#2604,#2605,#2606);
#2604 = CARTESIAN_POINT('',(-1.779070518201E-15,-425.,27.25));
#2605 = DIRECTION('',(1.1E-16,1.,-1.1E-16));
#2606 = DIRECTION('',(1.,-1.1E-16,0.));
#2607 = PLANE('',#2608);
#2608 = AXIS2_PLACEMENT_3D('',#2609,#2610,#2611);
#2609 = CARTESIAN_POINT('',(-7.4,-425.,19.9));
#2610 = DIRECTION('',(3.4E-16,-1.,5.6E-16));
#2611 = DIRECTION('',(-8.9E-16,5.6E-16,1.));
#2612 = ADVANCED_FACE('',(#2613,#2624),#2635,.F.);
#2613 = FACE_BOUND('',#2614,.F.);
#2614 = EDGE_LOOP('',(#2615,#2616,#2622,#2623));
#2615 = ORIENTED_EDGE('',*,*,#2102,.F.);
#2616 = ORIENTED_EDGE('',*,*,#2617,.T.);
#2617 = EDGE_CURVE('',#2103,#2356,#2618,.T.);
#2618 = LINE('',#2619,#2620);
#2619 = CARTESIAN_POINT('',(-7.4,-405.,19.9));
#2620 = VECTOR('',#2621,1.);
#2621 = DIRECTION('',(1.,-5.5E-16,0.));
#2622 = ORIENTED_EDGE('',*,*,#2363,.T.);
#2623 = ORIENTED_EDGE('',*,*,#2588,.F.);
#2624 = FACE_BOUND('',#2625,.F.);
#2625 = EDGE_LOOP('',(#2626));
#2626 = ORIENTED_EDGE('',*,*,#2627,.T.);
#2627 = EDGE_CURVE('',#2628,#2628,#2630,.T.);
#2628 = VERTEX_POINT('',#2629);
#2629 = CARTESIAN_POINT('',(-6.217248937901E-15,-412.5,19.9));
#2630 = CIRCLE('',#2631,2.5);
#2631 = AXIS2_PLACEMENT_3D('',#2632,#2633,#2634);
#2632 = CARTESIAN_POINT('',(-4.44E-15,-410.,19.9));
#2633 = DIRECTION('',(2.2E-16,7.8E-16,1.));
#2634 = DIRECTION('',(7.8E-16,-1.,7.8E-16));
#2635 = PLANE('',#2636);
#2636 = AXIS2_PLACEMENT_3D('',#2637,#2638,#2639);
#2637 = CARTESIAN_POINT('',(-7.4,-404.,19.9));
#2638 = DIRECTION('',(6.7E-16,1.1E-16,-1.));
#2639 = DIRECTION('',(5.6E-16,-1.,-1.1E-16));
#2640 = ADVANCED_FACE('',(#2641),#2657,.T.);
#2641 = FACE_BOUND('',#2642,.T.);
#2642 = EDGE_LOOP('',(#2643,#2649,#2650,#2656));
#2643 = ORIENTED_EDGE('',*,*,#2644,.F.);
#2644 = EDGE_CURVE('',#2403,#2135,#2645,.T.);
#2645 = LINE('',#2646,#2647);
#2646 = CARTESIAN_POINT('',(7.4,-431.,24.25));
#2647 = VECTOR('',#2648,1.);
#2648 = DIRECTION('',(-1.,2.2E-16,-1.1E-16));
#2649 = ORIENTED_EDGE('',*,*,#2402,.T.);
#2650 = ORIENTED_EDGE('',*,*,#2651,.T.);
#2651 = EDGE_CURVE('',#2405,#2137,#2652,.T.);
#2652 = LINE('',#2653,#2654);
#2653 = CARTESIAN_POINT('',(7.4,-428.,24.25));
#2654 = VECTOR('',#2655,1.);
#2655 = DIRECTION('',(-1.,2.2E-16,-1.1E-16));
#2656 = ORIENTED_EDGE('',*,*,#2134,.F.);
#2657 = PLANE('',#2658);
#2658 = AXIS2_PLACEMENT_3D('',#2659,#2660,#2661);
#2659 = CARTESIAN_POINT('',(7.4,-443.,24.25));
#2660 = DIRECTION('',(-1.1E-16,1.1E-16,1.));
#2661 = DIRECTION('',(-1.,2.2E-16,-1.1E-16));
#2662 = ADVANCED_FACE('',(#2663,#2674),#2685,.F.);
#2663 = FACE_BOUND('',#2664,.F.);
#2664 = EDGE_LOOP('',(#2665,#2666,#2667,#2668));
#2665 = ORIENTED_EDGE('',*,*,#2428,.F.);
#2666 = ORIENTED_EDGE('',*,*,#2651,.T.);
#2667 = ORIENTED_EDGE('',*,*,#2144,.T.);
#2668 = ORIENTED_EDGE('',*,*,#2669,.F.);
#2669 = EDGE_CURVE('',#2421,#2145,#2670,.T.);
#2670 = LINE('',#2671,#2672);
#2671 = CARTESIAN_POINT('',(7.4,-428.,30.25));
#2672 = VECTOR('',#2673,1.);
#2673 = DIRECTION('',(-1.,2.2E-16,-1.1E-16));
#2674 = FACE_BOUND('',#2675,.F.);
#2675 = EDGE_LOOP('',(#2676));
#2676 = ORIENTED_EDGE('',*,*,#2677,.F.);
#2677 = EDGE_CURVE('',#2678,#2678,#2680,.T.);
#2678 = VERTEX_POINT('',#2679);
#2679 = CARTESIAN_POINT('',(1.7,-428.,27.25));
#2680 = CIRCLE('',#2681,1.7);
#2681 = AXIS2_PLACEMENT_3D('',#2682,#2683,#2684);
#2682 = CARTESIAN_POINT('',(-7.1054647409E-15,-428.,27.25));
#2683 = DIRECTION('',(0.,1.,-6.7E-16));
#2684 = DIRECTION('',(1.,1.474E-31,2.2E-16));
#2685 = PLANE('',#2686);
#2686 = AXIS2_PLACEMENT_3D('',#2687,#2688,#2689);
#2687 = CARTESIAN_POINT('',(7.4,-428.,24.25));
#2688 = DIRECTION('',(2.2E-16,1.,-1.1E-16));
#2689 = DIRECTION('',(-3.3E-16,1.1E-16,1.));
#2690 = ADVANCED_FACE('',(#2691),#2702,.F.);
#2691 = FACE_BOUND('',#2692,.F.);
#2692 = EDGE_LOOP('',(#2693,#2699,#2700,#2701));
#2693 = ORIENTED_EDGE('',*,*,#2694,.F.);
#2694 = EDGE_CURVE('',#2413,#2153,#2695,.T.);
#2695 = LINE('',#2696,#2697);
#2696 = CARTESIAN_POINT('',(7.4,-431.,30.25));
#2697 = VECTOR('',#2698,1.);
#2698 = DIRECTION('',(-1.,2.2E-16,-1.1E-16));
#2699 = ORIENTED_EDGE('',*,*,#2420,.T.);
#2700 = ORIENTED_EDGE('',*,*,#2669,.T.);
#2701 = ORIENTED_EDGE('',*,*,#2152,.F.);
#2702 = PLANE('',#2703);
#2703 = AXIS2_PLACEMENT_3D('',#2704,#2705,#2706);
#2704 = CARTESIAN_POINT('',(7.4,-443.,30.25));
#2705 = DIRECTION('',(-1.1E-16,1.1E-16,1.));
#2706 = DIRECTION('',(-1.,2.2E-16,-1.1E-16));
#2707 = ADVANCED_FACE('',(#2708,#2714),#2725,.T.);
#2708 = FACE_BOUND('',#2709,.T.);
#2709 = EDGE_LOOP('',(#2710,#2711,#2712,#2713));
#2710 = ORIENTED_EDGE('',*,*,#2694,.F.);
#2711 = ORIENTED_EDGE('',*,*,#2412,.T.);
#2712 = ORIENTED_EDGE('',*,*,#2644,.T.);
#2713 = ORIENTED_EDGE('',*,*,#2160,.F.);
#2714 = FACE_BOUND('',#2715,.T.);
#2715 = EDGE_LOOP('',(#2716));
#2716 = ORIENTED_EDGE('',*,*,#2717,.T.);
#2717 = EDGE_CURVE('',#2718,#2718,#2720,.T.);
#2718 = VERTEX_POINT('',#2719);
#2719 = CARTESIAN_POINT('',(1.7,-431.,27.25));
#2720 = CIRCLE('',#2721,1.7);
#2721 = AXIS2_PLACEMENT_3D('',#2722,#2723,#2724);
#2722 = CARTESIAN_POINT('',(-9.77E-15,-431.,27.25));
#2723 = DIRECTION('',(0.,-1.,6.7E-16));
#2724 = DIRECTION('',(1.,1.474E-31,2.2E-16));
#2725 = PLANE('',#2726);
#2726 = AXIS2_PLACEMENT_3D('',#2727,#2728,#2729);
#2727 = CARTESIAN_POINT('',(7.4,-431.,24.25));
#2728 = DIRECTION('',(2.2E-16,1.,-1.1E-16));
#2729 = DIRECTION('',(-3.3E-16,1.1E-16,1.));
#2730 = ADVANCED_FACE('',(#2731),#2742,.F.);
#2731 = FACE_BOUND('',#2732,.F.);
#2732 = EDGE_LOOP('',(#2733,#2739,#2740,#2741));
#2733 = ORIENTED_EDGE('',*,*,#2734,.F.);
#2734 = EDGE_CURVE('',#2224,#2346,#2735,.T.);
#2735 = LINE('',#2736,#2737);
#2736 = CARTESIAN_POINT('',(6.93950428678,-433.4604957132,
    17.290743569831));
#2737 = VECTOR('',#2738,1.);
#2738 = DIRECTION('',(0.678598344546,0.678598344546,-0.281084637715));
#2739 = ORIENTED_EDGE('',*,*,#2223,.T.);
#2740 = ORIENTED_EDGE('',*,*,#2281,.T.);
#2741 = ORIENTED_EDGE('',*,*,#2394,.F.);
#2742 = PLANE('',#2743);
#2743 = AXIS2_PLACEMENT_3D('',#2744,#2745,#2746);
#2744 = CARTESIAN_POINT('',(6.9,-433.5,17.1));
#2745 = DIRECTION('',(-0.707106781187,0.707106781187,-2.4E-16));
#2746 = DIRECTION('',(-5.970562748477E-17,2.797056274848E-16,1.));
#2747 = ADVANCED_FACE('',(#2748),#2759,.F.);
#2748 = FACE_BOUND('',#2749,.F.);
#2749 = EDGE_LOOP('',(#2750,#2751,#2752,#2758));
#2750 = ORIENTED_EDGE('',*,*,#2467,.F.);
#2751 = ORIENTED_EDGE('',*,*,#2247,.T.);
#2752 = ORIENTED_EDGE('',*,*,#2753,.T.);
#2753 = EDGE_CURVE('',#2240,#2502,#2754,.T.);
#2754 = LINE('',#2755,#2756);
#2755 = CARTESIAN_POINT('',(-5.647734061254,-434.8161306318,
    17.916130631831));
#2756 = VECTOR('',#2757,1.);
#2757 = DIRECTION('',(-0.281084637715,0.678598344546,-0.678598344546));
#2758 = ORIENTED_EDGE('',*,*,#2511,.F.);
#2759 = PLANE('',#2760);
#2760 = AXIS2_PLACEMENT_3D('',#2761,#2762,#2763);
#2761 = CARTESIAN_POINT('',(-7.046446609407,-433.5,17.453553390593));
#2762 = DIRECTION('',(0.5,0.707106781187,0.5));
#2763 = DIRECTION('',(0.707106781187,0.,-0.707106781187));
#2764 = ADVANCED_FACE('',(#2765),#2783,.T.);
#2765 = FACE_BOUND('',#2766,.T.);
#2766 = EDGE_LOOP('',(#2767,#2768,#2769,#2777));
#2767 = ORIENTED_EDGE('',*,*,#2734,.F.);
#2768 = ORIENTED_EDGE('',*,*,#2231,.T.);
#2769 = ORIENTED_EDGE('',*,*,#2770,.T.);
#2770 = EDGE_CURVE('',#2232,#2771,#2773,.T.);
#2771 = VERTEX_POINT('',#2772);
#2772 = CARTESIAN_POINT('',(6.4,-433.,16.1));
#2773 = LINE('',#2774,#2775);
#2774 = CARTESIAN_POINT('',(6.153388932034,-433.5953717849,
    16.695371784915));
#2775 = VECTOR('',#2776,1.);
#2776 = DIRECTION('',(0.281084637715,0.678598344546,-0.678598344546));
#2777 = ORIENTED_EDGE('',*,*,#2778,.F.);
#2778 = EDGE_CURVE('',#2346,#2771,#2779,.T.);
#2779 = LINE('',#2780,#2781);
#2780 = CARTESIAN_POINT('',(7.4,-433.,17.1));
#2781 = VECTOR('',#2782,1.);
#2782 = DIRECTION('',(-0.707106781187,0.,-0.707106781187));
#2783 = PLANE('',#2784);
#2784 = AXIS2_PLACEMENT_3D('',#2785,#2786,#2787);
#2785 = CARTESIAN_POINT('',(7.046446609407,-433.5,17.453553390593));
#2786 = DIRECTION('',(0.5,-0.707106781187,-0.5));
#2787 = DIRECTION('',(-0.707106781187,-2.498001805407E-16,
    -0.707106781187));
#2788 = ADVANCED_FACE('',(#2789),#2800,.T.);
#2789 = FACE_BOUND('',#2790,.T.);
#2790 = EDGE_LOOP('',(#2791,#2792,#2793,#2794));
#2791 = ORIENTED_EDGE('',*,*,#2770,.F.);
#2792 = ORIENTED_EDGE('',*,*,#2239,.T.);
#2793 = ORIENTED_EDGE('',*,*,#2753,.T.);
#2794 = ORIENTED_EDGE('',*,*,#2795,.F.);
#2795 = EDGE_CURVE('',#2771,#2502,#2796,.T.);
#2796 = LINE('',#2797,#2798);
#2797 = CARTESIAN_POINT('',(6.4,-433.,16.1));
#2798 = VECTOR('',#2799,1.);
#2799 = DIRECTION('',(-1.,0.,-6.7E-16));
#2800 = PLANE('',#2801);
#2801 = AXIS2_PLACEMENT_3D('',#2802,#2803,#2804);
#2802 = CARTESIAN_POINT('',(6.4,-433.5,16.6));
#2803 = DIRECTION('',(4.8E-16,-0.707106781187,-0.707106781187));
#2804 = DIRECTION('',(-1.,-4.411254969543E-18,-6.744112549695E-16));
#2805 = ADVANCED_FACE('',(#2806),#2817,.F.);
#2806 = FACE_BOUND('',#2807,.T.);
#2807 = EDGE_LOOP('',(#2808,#2809,#2815,#2816));
#2808 = ORIENTED_EDGE('',*,*,#2264,.T.);
#2809 = ORIENTED_EDGE('',*,*,#2810,.T.);
#2810 = EDGE_CURVE('',#2265,#2718,#2811,.T.);
#2811 = LINE('',#2812,#2813);
#2812 = CARTESIAN_POINT('',(1.7,-446.,27.25));
#2813 = VECTOR('',#2814,1.);
#2814 = DIRECTION('',(2.2E-16,1.,-1.1E-16));
#2815 = ORIENTED_EDGE('',*,*,#2717,.F.);
#2816 = ORIENTED_EDGE('',*,*,#2810,.F.);
#2817 = CYLINDRICAL_SURFACE('',#2818,1.7);
#2818 = AXIS2_PLACEMENT_3D('',#2819,#2820,#2821);
#2819 = CARTESIAN_POINT('',(-9.77E-15,-446.,27.25));
#2820 = DIRECTION('',(0.,-1.,6.7E-16));
#2821 = DIRECTION('',(1.,1.474E-31,2.2E-16));
#2822 = ADVANCED_FACE('',(#2823),#2834,.F.);
#2823 = FACE_BOUND('',#2824,.T.);
#2824 = EDGE_LOOP('',(#2825,#2831,#2832,#2833));
#2825 = ORIENTED_EDGE('',*,*,#2826,.F.);
#2826 = EDGE_CURVE('',#2324,#2380,#2827,.T.);
#2827 = LINE('',#2828,#2829);
#2828 = CARTESIAN_POINT('',(4.6,-402.2,37.4));
#2829 = VECTOR('',#2830,1.);
#2830 = DIRECTION('',(0.57735026919,-0.57735026919,-0.57735026919));
#2831 = ORIENTED_EDGE('',*,*,#2331,.T.);
#2832 = ORIENTED_EDGE('',*,*,#2299,.F.);
#2833 = ORIENTED_EDGE('',*,*,#2387,.F.);
#2834 = PLANE('',#2835);
#2835 = AXIS2_PLACEMENT_3D('',#2836,#2837,#2838);
#2836 = CARTESIAN_POINT('',(6.9,-404.5,34.6));
#2837 = DIRECTION('',(-0.707106781187,-0.707106781187,3.9E-16));
#2838 = DIRECTION('',(4.228355337246E-18,-5.557716446628E-16,-1.));
#2839 = ADVANCED_FACE('',(#2840),#2846,.T.);
#2840 = FACE_BOUND('',#2841,.T.);
#2841 = EDGE_LOOP('',(#2842,#2843,#2844,#2845));
#2842 = ORIENTED_EDGE('',*,*,#2484,.F.);
#2843 = ORIENTED_EDGE('',*,*,#2323,.T.);
#2844 = ORIENTED_EDGE('',*,*,#2826,.T.);
#2845 = ORIENTED_EDGE('',*,*,#2540,.F.);
#2846 = PLANE('',#2847);
#2847 = AXIS2_PLACEMENT_3D('',#2848,#2849,#2850);
#2848 = CARTESIAN_POINT('',(-7.4,-404.5,35.1));
#2849 = DIRECTION('',(4.8E-16,0.707106781187,-0.707106781187));
#2850 = DIRECTION('',(1.,-6.144112549695E-16,6.441125496954E-17));
#2851 = ADVANCED_FACE('',(#2852),#2870,.F.);
#2852 = FACE_BOUND('',#2853,.F.);
#2853 = EDGE_LOOP('',(#2854,#2862,#2863,#2864));
#2854 = ORIENTED_EDGE('',*,*,#2855,.F.);
#2855 = EDGE_CURVE('',#2771,#2856,#2858,.T.);
#2856 = VERTEX_POINT('',#2857);
#2857 = CARTESIAN_POINT('',(6.4,-405.,16.1));
#2858 = LINE('',#2859,#2860);
#2859 = CARTESIAN_POINT('',(6.4,-450.,16.1));
#2860 = VECTOR('',#2861,1.);
#2861 = DIRECTION('',(-3.3E-16,1.,-5.6E-16));
#2862 = ORIENTED_EDGE('',*,*,#2778,.F.);
#2863 = ORIENTED_EDGE('',*,*,#2345,.T.);
#2864 = ORIENTED_EDGE('',*,*,#2865,.F.);
#2865 = EDGE_CURVE('',#2856,#2348,#2866,.T.);
#2866 = LINE('',#2867,#2868);
#2867 = CARTESIAN_POINT('',(6.9,-405.,16.6));
#2868 = VECTOR('',#2869,1.);
#2869 = DIRECTION('',(0.707106781187,4.46E-15,0.707106781187));
#2870 = PLANE('',#2871);
#2871 = AXIS2_PLACEMENT_3D('',#2872,#2873,#2874);
#2872 = CARTESIAN_POINT('',(6.9,-450.,16.6));
#2873 = DIRECTION('',(-0.707106781187,4.1E-16,0.707106781187));
#2874 = DIRECTION('',(-1.550862197135E-16,1.,-7.349137802865E-16));
#2875 = ADVANCED_FACE('',(#2876),#2901,.F.);
#2876 = FACE_BOUND('',#2877,.F.);
#2877 = EDGE_LOOP('',(#2878,#2886,#2887,#2895));
#2878 = ORIENTED_EDGE('',*,*,#2879,.T.);
#2879 = EDGE_CURVE('',#2880,#2348,#2882,.T.);
#2880 = VERTEX_POINT('',#2881);
#2881 = CARTESIAN_POINT('',(6.4,-404.,17.1));
#2882 = LINE('',#2883,#2884);
#2883 = CARTESIAN_POINT('',(6.65,-404.25,17.1));
#2884 = VECTOR('',#2885,1.);
#2885 = DIRECTION('',(0.707106781187,-0.707106781187,-4.E-15));
#2886 = ORIENTED_EDGE('',*,*,#2355,.T.);
#2887 = ORIENTED_EDGE('',*,*,#2888,.F.);
#2888 = EDGE_CURVE('',#2889,#2356,#2891,.T.);
#2889 = VERTEX_POINT('',#2890);
#2890 = CARTESIAN_POINT('',(6.4,-404.,18.9));
#2891 = LINE('',#2892,#2893);
#2892 = CARTESIAN_POINT('',(3.966666666667,-401.5666666666,
    16.466666666667));
#2893 = VECTOR('',#2894,1.);
#2894 = DIRECTION('',(0.57735026919,-0.57735026919,0.57735026919));
#2895 = ORIENTED_EDGE('',*,*,#2896,.F.);
#2896 = EDGE_CURVE('',#2880,#2889,#2897,.T.);
#2897 = LINE('',#2898,#2899);
#2898 = CARTESIAN_POINT('',(6.4,-404.,16.1));
#2899 = VECTOR('',#2900,1.);
#2900 = DIRECTION('',(-6.7E-16,-1.1E-16,1.));
#2901 = PLANE('',#2902);
#2902 = AXIS2_PLACEMENT_3D('',#2903,#2904,#2905);
#2903 = CARTESIAN_POINT('',(6.9,-404.5,16.1));
#2904 = DIRECTION('',(-0.707106781187,-0.707106781187,3.9E-16));
#2905 = DIRECTION('',(-4.228355337246E-18,5.557716446628E-16,1.));
#2906 = ADVANCED_FACE('',(#2907,#2918),#2929,.F.);
#2907 = FACE_BOUND('',#2908,.F.);
#2908 = EDGE_LOOP('',(#2909,#2910,#2911,#2912));
#2909 = ORIENTED_EDGE('',*,*,#2501,.F.);
#2910 = ORIENTED_EDGE('',*,*,#2795,.F.);
#2911 = ORIENTED_EDGE('',*,*,#2855,.T.);
#2912 = ORIENTED_EDGE('',*,*,#2913,.F.);
#2913 = EDGE_CURVE('',#2504,#2856,#2914,.T.);
#2914 = LINE('',#2915,#2916);
#2915 = CARTESIAN_POINT('',(-7.4,-405.,16.1));
#2916 = VECTOR('',#2917,1.);
#2917 = DIRECTION('',(1.,-5.5E-16,0.));
#2918 = FACE_BOUND('',#2919,.F.);
#2919 = EDGE_LOOP('',(#2920));
#2920 = ORIENTED_EDGE('',*,*,#2921,.F.);
#2921 = EDGE_CURVE('',#2922,#2922,#2924,.T.);
#2922 = VERTEX_POINT('',#2923);
#2923 = CARTESIAN_POINT('',(-1.06581410364E-14,-413.5,16.1));
#2924 = CIRCLE('',#2925,3.5);
#2925 = AXIS2_PLACEMENT_3D('',#2926,#2927,#2928);
#2926 = CARTESIAN_POINT('',(-1.954E-14,-410.,16.1));
#2927 = DIRECTION('',(0.,7.8E-16,1.));
#2928 = DIRECTION('',(6.73E-15,-1.,7.8E-16));
#2929 = PLANE('',#2930);
#2930 = AXIS2_PLACEMENT_3D('',#2931,#2932,#2933);
#2931 = CARTESIAN_POINT('',(-7.4,-450.,16.1));
#2932 = DIRECTION('',(-6.7E-16,-1.1E-16,1.));
#2933 = DIRECTION('',(-5.6E-16,1.,1.1E-16));
#2934 = ADVANCED_FACE('',(#2935),#2945,.F.);
#2935 = FACE_BOUND('',#2936,.F.);
#2936 = EDGE_LOOP('',(#2937,#2943,#2944));
#2937 = ORIENTED_EDGE('',*,*,#2938,.F.);
#2938 = EDGE_CURVE('',#2558,#2504,#2939,.T.);
#2939 = LINE('',#2940,#2941);
#2940 = CARTESIAN_POINT('',(-6.4,-404.25,16.85));
#2941 = VECTOR('',#2942,1.);
#2942 = DIRECTION('',(-7.E-16,-0.707106781187,-0.707106781187));
#2943 = ORIENTED_EDGE('',*,*,#2557,.T.);
#2944 = ORIENTED_EDGE('',*,*,#2518,.F.);
#2945 = PLANE('',#2946);
#2946 = AXIS2_PLACEMENT_3D('',#2947,#2948,#2949);
#2947 = CARTESIAN_POINT('',(-6.4,-404.,17.1));
#2948 = DIRECTION('',(0.57735026919,-0.57735026919,0.57735026919));
#2949 = DIRECTION('',(-0.707106781187,3.608224830032E-16,0.707106781187)
  );
#2950 = ADVANCED_FACE('',(#2951),#2967,.F.);
#2951 = FACE_BOUND('',#2952,.F.);
#2952 = EDGE_LOOP('',(#2953,#2959,#2960,#2966));
#2953 = ORIENTED_EDGE('',*,*,#2954,.T.);
#2954 = EDGE_CURVE('',#2558,#2880,#2955,.T.);
#2955 = LINE('',#2956,#2957);
#2956 = CARTESIAN_POINT('',(-7.4,-404.,17.1));
#2957 = VECTOR('',#2958,1.);
#2958 = DIRECTION('',(1.,-5.5E-16,0.));
#2959 = ORIENTED_EDGE('',*,*,#2896,.T.);
#2960 = ORIENTED_EDGE('',*,*,#2961,.F.);
#2961 = EDGE_CURVE('',#2567,#2889,#2962,.T.);
#2962 = LINE('',#2963,#2964);
#2963 = CARTESIAN_POINT('',(-7.4,-404.,18.9));
#2964 = VECTOR('',#2965,1.);
#2965 = DIRECTION('',(1.,-5.5E-16,0.));
#2966 = ORIENTED_EDGE('',*,*,#2574,.F.);
#2967 = PLANE('',#2968);
#2968 = AXIS2_PLACEMENT_3D('',#2969,#2970,#2971);
#2969 = CARTESIAN_POINT('',(-7.4,-404.,16.1));
#2970 = DIRECTION('',(3.4E-16,-1.,5.6E-16));
#2971 = DIRECTION('',(-8.9E-16,5.6E-16,1.));
#2972 = ADVANCED_FACE('',(#2973),#2979,.T.);
#2973 = FACE_BOUND('',#2974,.F.);
#2974 = EDGE_LOOP('',(#2975,#2976,#2977,#2978));
#2975 = ORIENTED_EDGE('',*,*,#2566,.F.);
#2976 = ORIENTED_EDGE('',*,*,#2961,.T.);
#2977 = ORIENTED_EDGE('',*,*,#2888,.T.);
#2978 = ORIENTED_EDGE('',*,*,#2617,.F.);
#2979 = PLANE('',#2980);
#2980 = AXIS2_PLACEMENT_3D('',#2981,#2982,#2983);
#2981 = CARTESIAN_POINT('',(-7.4,-404.5,19.4));
#2982 = DIRECTION('',(-5.5E-16,0.707106781187,0.707106781187));
#2983 = DIRECTION('',(-1.,-1.139087296526E-16,-6.639087296526E-16));
#2984 = ADVANCED_FACE('',(#2985),#2996,.F.);
#2985 = FACE_BOUND('',#2986,.T.);
#2986 = EDGE_LOOP('',(#2987,#2988,#2994,#2995));
#2987 = ORIENTED_EDGE('',*,*,#2677,.F.);
#2988 = ORIENTED_EDGE('',*,*,#2989,.T.);
#2989 = EDGE_CURVE('',#2678,#2600,#2990,.T.);
#2990 = LINE('',#2991,#2992);
#2991 = CARTESIAN_POINT('',(1.7,-440.,27.25));
#2992 = VECTOR('',#2993,1.);
#2993 = DIRECTION('',(-3.4E-16,1.,-5.6E-16));
#2994 = ORIENTED_EDGE('',*,*,#2599,.T.);
#2995 = ORIENTED_EDGE('',*,*,#2989,.F.);
#2996 = CYLINDRICAL_SURFACE('',#2997,1.7);
#2997 = AXIS2_PLACEMENT_3D('',#2998,#2999,#3000);
#2998 = CARTESIAN_POINT('',(3.55E-15,-440.,27.25));
#2999 = DIRECTION('',(-1.1E-16,-1.,1.1E-16));
#3000 = DIRECTION('',(1.,-1.1E-16,0.));
#3001 = ADVANCED_FACE('',(#3002),#3021,.F.);
#3002 = FACE_BOUND('',#3003,.F.);
#3003 = EDGE_LOOP('',(#3004,#3012,#3013,#3014));
#3004 = ORIENTED_EDGE('',*,*,#3005,.F.);
#3005 = EDGE_CURVE('',#2628,#3006,#3008,.T.);
#3006 = VERTEX_POINT('',#3007);
#3007 = CARTESIAN_POINT('',(-1.42108547152E-14,-412.5,17.1));
#3008 = LINE('',#3009,#3010);
#3009 = CARTESIAN_POINT('',(-1.51E-14,-412.5,38.4));
#3010 = VECTOR('',#3011,1.);
#3011 = DIRECTION('',(8.9E-16,3.3E-16,-1.));
#3012 = ORIENTED_EDGE('',*,*,#2627,.F.);
#3013 = ORIENTED_EDGE('',*,*,#3005,.T.);
#3014 = ORIENTED_EDGE('',*,*,#3015,.T.);
#3015 = EDGE_CURVE('',#3006,#3006,#3016,.T.);
#3016 = CIRCLE('',#3017,2.5);
#3017 = AXIS2_PLACEMENT_3D('',#3018,#3019,#3020);
#3018 = CARTESIAN_POINT('',(-1.954E-14,-410.,17.1));
#3019 = DIRECTION('',(0.,7.8E-16,1.));
#3020 = DIRECTION('',(6.73E-15,-1.,7.8E-16));
#3021 = CYLINDRICAL_SURFACE('',#3022,2.5);
#3022 = AXIS2_PLACEMENT_3D('',#3023,#3024,#3025);
#3023 = CARTESIAN_POINT('',(-1.688E-14,-410.,38.4));
#3024 = DIRECTION('',(-6.7E-16,-1.1E-16,1.));
#3025 = DIRECTION('',(7.8E-16,-1.,-1.1E-16));
#3026 = ADVANCED_FACE('',(#3027),#3037,.T.);
#3027 = FACE_BOUND('',#3028,.T.);
#3028 = EDGE_LOOP('',(#3029,#3035,#3036));
#3029 = ORIENTED_EDGE('',*,*,#3030,.F.);
#3030 = EDGE_CURVE('',#2880,#2856,#3031,.T.);
#3031 = LINE('',#3032,#3033);
#3032 = CARTESIAN_POINT('',(6.4,-404.25,16.85));
#3033 = VECTOR('',#3034,1.);
#3034 = DIRECTION('',(7.E-17,-0.707106781187,-0.707106781187));
#3035 = ORIENTED_EDGE('',*,*,#2879,.T.);
#3036 = ORIENTED_EDGE('',*,*,#2865,.F.);
#3037 = PLANE('',#3038);
#3038 = AXIS2_PLACEMENT_3D('',#3039,#3040,#3041);
#3039 = CARTESIAN_POINT('',(6.4,-404.,17.1));
#3040 = DIRECTION('',(0.57735026919,0.57735026919,-0.57735026919));
#3041 = DIRECTION('',(0.707106781187,4.080069615497E-15,0.707106781187)
  );
#3042 = ADVANCED_FACE('',(#3043),#3049,.T.);
#3043 = FACE_BOUND('',#3044,.F.);
#3044 = EDGE_LOOP('',(#3045,#3046,#3047,#3048));
#3045 = ORIENTED_EDGE('',*,*,#2938,.T.);
#3046 = ORIENTED_EDGE('',*,*,#2913,.T.);
#3047 = ORIENTED_EDGE('',*,*,#3030,.F.);
#3048 = ORIENTED_EDGE('',*,*,#2954,.F.);
#3049 = PLANE('',#3050);
#3050 = AXIS2_PLACEMENT_3D('',#3051,#3052,#3053);
#3051 = CARTESIAN_POINT('',(-7.4,-404.5,16.6));
#3052 = DIRECTION('',(4.E-16,0.707106781187,-0.707106781187));
#3053 = DIRECTION('',(-1.,5.578427124746E-16,-7.842712474619E-18));
#3054 = ADVANCED_FACE('',(#3055),#3066,.F.);
#3055 = FACE_BOUND('',#3056,.F.);
#3056 = EDGE_LOOP('',(#3057,#3063,#3064,#3065));
#3057 = ORIENTED_EDGE('',*,*,#3058,.F.);
#3058 = EDGE_CURVE('',#2922,#3006,#3059,.T.);
#3059 = LINE('',#3060,#3061);
#3060 = CARTESIAN_POINT('',(-8.88E-15,-412.5,17.1));
#3061 = VECTOR('',#3062,1.);
#3062 = DIRECTION('',(-3.31E-15,0.707106781187,0.707106781187));
#3063 = ORIENTED_EDGE('',*,*,#2921,.T.);
#3064 = ORIENTED_EDGE('',*,*,#3058,.T.);
#3065 = ORIENTED_EDGE('',*,*,#3015,.F.);
#3066 = CONICAL_SURFACE('',#3067,2.5,0.785398163397);
#3067 = AXIS2_PLACEMENT_3D('',#3068,#3069,#3070);
#3068 = CARTESIAN_POINT('',(-1.954E-14,-410.,17.1));
#3069 = DIRECTION('',(4.4E-16,-3.3E-16,-1.));
#3070 = DIRECTION('',(6.73E-15,-1.,3.3E-16));
#3071 = ( GEOMETRIC_REPRESENTATION_CONTEXT(3) 
GLOBAL_UNCERTAINTY_ASSIGNED_CONTEXT((#3075)) 
GLOBAL_UNIT_ASSIGNED_CONTEXT((#3072,#3073,#3074)) REPRESENTATION_CONTEXT
('Context #1','3D Context with UNIT and UNCERTAINTY') );
#3072 = ( LENGTH_UNIT() NAMED_UNIT(*) SI_UNIT(.MILLI.,.METRE.) );
#3073 = ( NAMED_UNIT(*) PLANE_ANGLE_UNIT() SI_UNIT($,.RADIAN.) );
#3074 = ( NAMED_UNIT(*) SI_UNIT($,.STERADIAN.) SOLID_ANGLE_UNIT() );
#3075 = UNCERTAINTY_MEASURE_WITH_UNIT(LENGTH_MEASURE(5.E-05),#3072,
  'distance_accuracy_value','confusion accuracy');
#3076 = CONTEXT_DEPENDENT_SHAPE_REPRESENTATION(#3077,#3079);
#3077 = ( REPRESENTATION_RELATIONSHIP('','',#1870,#10) 
REPRESENTATION_RELATIONSHIP_WITH_TRANSFORMATION(#3078) 
SHAPE_REPRESENTATION_RELATIONSHIP() );
#3078 = ITEM_DEFINED_TRANSFORMATION('','',#11,#19);
#3079 = PRODUCT_DEFINITION_SHAPE('Placement','Placement of an item',
  #3080);
#3080 = NEXT_ASSEMBLY_USAGE_OCCURRENCE('2','Belt Tensioning3','',#5,
  #1865,$);
#3081 = PRODUCT_RELATED_PRODUCT_CATEGORY('part',$,(#1867));
#3082 = SHAPE_DEFINITION_REPRESENTATION(#3083,#3089);
#3083 = PRODUCT_DEFINITION_SHAPE('','',#3084);
#3084 = PRODUCT_DEFINITION('design','',#3085,#3088);
#3085 = PRODUCT_DEFINITION_FORMATION('','',#3086);
#3086 = PRODUCT('Body','Body','',(#3087));
#3087 = PRODUCT_CONTEXT('',#2,'mechanical');
#3088 = PRODUCT_DEFINITION_CONTEXT('part definition',#2,'design');
#3089 = ADVANCED_BREP_SHAPE_REPRESENTATION('',(#11,#3090),#8791);
#3090 = MANIFOLD_SOLID_BREP('',#3091);
#3091 = CLOSED_SHELL('',(#3092,#3188,#3219,#3252,#3283,#3799,#3851,#3882
    ,#3913,#3961,#3992,#4037,#4062,#4086,#4110,#4156,#4187,#4212,#4236,
    #4260,#4285,#4309,#4333,#4357,#4382,#4407,#4431,#4455,#4479,#4504,
    #4529,#4553,#4577,#4601,#4626,#4650,#4674,#4699,#4723,#4747,#4771,
    #4796,#4821,#4845,#4869,#4893,#4918,#4942,#4966,#4991,#5015,#5039,
    #5063,#5088,#5113,#5137,#5161,#5185,#5210,#5234,#5258,#5283,#5307,
    #5331,#5355,#5380,#5405,#5423,#5447,#5472,#5496,#5514,#5531,#5572,
    #5607,#5632,#5659,#5676,#5709,#5733,#5766,#5839,#5864,#5899,#5923,
    #5947,#5959,#5976,#6021,#6094,#6131,#6156,#6229,#6254,#6291,#6328,
    #6401,#6474,#6499,#6536,#6573,#6646,#6719,#6744,#6781,#6806,#6879,
    #6916,#6941,#7014,#7039,#7076,#7113,#7186,#7259,#7284,#7321,#7346,
    #7419,#7456,#7481,#7554,#7579,#7616,#7653,#7726,#7799,#7824,#7861,
    #7886,#7959,#7996,#8021,#8094,#8119,#8156,#8193,#8266,#8339,#8356,
    #8393,#8466,#8491,#8509,#8526,#8551,#8578,#8603,#8620,#8650,#8680,
    #8698,#8710,#8736));
#3092 = ADVANCED_FACE('',(#3093),#3183,.F.);
#3093 = FACE_BOUND('',#3094,.F.);
#3094 = EDGE_LOOP('',(#3095,#3105,#3113,#3121,#3129,#3137,#3145,#3153,
    #3161,#3169,#3177));
#3095 = ORIENTED_EDGE('',*,*,#3096,.T.);
#3096 = EDGE_CURVE('',#3097,#3099,#3101,.T.);
#3097 = VERTEX_POINT('',#3098);
#3098 = CARTESIAN_POINT('',(0.,0.,6.));
#3099 = VERTEX_POINT('',#3100);
#3100 = CARTESIAN_POINT('',(8.1,0.,6.));
#3101 = LINE('',#3102,#3103);
#3102 = CARTESIAN_POINT('',(0.,0.,6.));
#3103 = VECTOR('',#3104,1.);
#3104 = DIRECTION('',(1.,0.,0.));
#3105 = ORIENTED_EDGE('',*,*,#3106,.F.);
#3106 = EDGE_CURVE('',#3107,#3099,#3109,.T.);
#3107 = VERTEX_POINT('',#3108);
#3108 = CARTESIAN_POINT('',(8.1,0.,0.5));
#3109 = LINE('',#3110,#3111);
#3110 = CARTESIAN_POINT('',(8.1,-6.E-17,0.5));
#3111 = VECTOR('',#3112,1.);
#3112 = DIRECTION('',(0.,0.,1.));
#3113 = ORIENTED_EDGE('',*,*,#3114,.F.);
#3114 = EDGE_CURVE('',#3115,#3107,#3117,.T.);
#3115 = VERTEX_POINT('',#3116);
#3116 = CARTESIAN_POINT('',(8.5,0.,0.5));
#3117 = LINE('',#3118,#3119);
#3118 = CARTESIAN_POINT('',(10.,0.,0.5));
#3119 = VECTOR('',#3120,1.);
#3120 = DIRECTION('',(-1.,0.,0.));
#3121 = ORIENTED_EDGE('',*,*,#3122,.F.);
#3122 = EDGE_CURVE('',#3123,#3115,#3125,.T.);
#3123 = VERTEX_POINT('',#3124);
#3124 = CARTESIAN_POINT('',(10.2,-2.96985E-10,0.5));
#3125 = LINE('',#3126,#3127);
#3126 = CARTESIAN_POINT('',(10.,0.,0.5));
#3127 = VECTOR('',#3128,1.);
#3128 = DIRECTION('',(-1.,0.,0.));
#3129 = ORIENTED_EDGE('',*,*,#3130,.F.);
#3130 = EDGE_CURVE('',#3131,#3123,#3133,.T.);
#3131 = VERTEX_POINT('',#3132);
#3132 = CARTESIAN_POINT('',(12.2,0.,0.5));
#3133 = LINE('',#3134,#3135);
#3134 = CARTESIAN_POINT('',(10.,0.,0.5));
#3135 = VECTOR('',#3136,1.);
#3136 = DIRECTION('',(-1.,0.,0.));
#3137 = ORIENTED_EDGE('',*,*,#3138,.F.);
#3138 = EDGE_CURVE('',#3139,#3131,#3141,.T.);
#3139 = VERTEX_POINT('',#3140);
#3140 = CARTESIAN_POINT('',(13.9,0.,0.5));
#3141 = LINE('',#3142,#3143);
#3142 = CARTESIAN_POINT('',(10.,0.,0.5));
#3143 = VECTOR('',#3144,1.);
#3144 = DIRECTION('',(-1.,0.,0.));
#3145 = ORIENTED_EDGE('',*,*,#3146,.F.);
#3146 = EDGE_CURVE('',#3147,#3139,#3149,.T.);
#3147 = VERTEX_POINT('',#3148);
#3148 = CARTESIAN_POINT('',(15.9,0.,0.5));
#3149 = LINE('',#3150,#3151);
#3150 = CARTESIAN_POINT('',(10.,0.,0.5));
#3151 = VECTOR('',#3152,1.);
#3152 = DIRECTION('',(-1.,0.,0.));
#3153 = ORIENTED_EDGE('',*,*,#3154,.F.);
#3154 = EDGE_CURVE('',#3155,#3147,#3157,.T.);
#3155 = VERTEX_POINT('',#3156);
#3156 = CARTESIAN_POINT('',(20.,0.,0.5));
#3157 = LINE('',#3158,#3159);
#3158 = CARTESIAN_POINT('',(10.,0.,0.5));
#3159 = VECTOR('',#3160,1.);
#3160 = DIRECTION('',(-1.,0.,0.));
#3161 = ORIENTED_EDGE('',*,*,#3162,.F.);
#3162 = EDGE_CURVE('',#3163,#3155,#3165,.T.);
#3163 = VERTEX_POINT('',#3164);
#3164 = CARTESIAN_POINT('',(20.,0.,0.));
#3165 = LINE('',#3166,#3167);
#3166 = CARTESIAN_POINT('',(20.,0.,0.));
#3167 = VECTOR('',#3168,1.);
#3168 = DIRECTION('',(0.,0.,1.));
#3169 = ORIENTED_EDGE('',*,*,#3170,.F.);
#3170 = EDGE_CURVE('',#3171,#3163,#3173,.T.);
#3171 = VERTEX_POINT('',#3172);
#3172 = CARTESIAN_POINT('',(0.,0.,0.));
#3173 = LINE('',#3174,#3175);
#3174 = CARTESIAN_POINT('',(0.,0.,0.));
#3175 = VECTOR('',#3176,1.);
#3176 = DIRECTION('',(1.,0.,0.));
#3177 = ORIENTED_EDGE('',*,*,#3178,.T.);
#3178 = EDGE_CURVE('',#3171,#3097,#3179,.T.);
#3179 = LINE('',#3180,#3181);
#3180 = CARTESIAN_POINT('',(0.,0.,0.));
#3181 = VECTOR('',#3182,1.);
#3182 = DIRECTION('',(0.,0.,1.));
#3183 = PLANE('',#3184);
#3184 = AXIS2_PLACEMENT_3D('',#3185,#3186,#3187);
#3185 = CARTESIAN_POINT('',(0.,0.,0.));
#3186 = DIRECTION('',(0.,1.,0.));
#3187 = DIRECTION('',(1.,0.,0.));
#3188 = ADVANCED_FACE('',(#3189),#3214,.F.);
#3189 = FACE_BOUND('',#3190,.F.);
#3190 = EDGE_LOOP('',(#3191,#3201,#3207,#3208));
#3191 = ORIENTED_EDGE('',*,*,#3192,.T.);
#3192 = EDGE_CURVE('',#3193,#3195,#3197,.T.);
#3193 = VERTEX_POINT('',#3194);
#3194 = CARTESIAN_POINT('',(0.,0.,7.0001));
#3195 = VERTEX_POINT('',#3196);
#3196 = CARTESIAN_POINT('',(8.1,0.,7.0001));
#3197 = LINE('',#3198,#3199);
#3198 = CARTESIAN_POINT('',(0.,-1.1E-16,7.0001));
#3199 = VECTOR('',#3200,1.);
#3200 = DIRECTION('',(1.,0.,0.));
#3201 = ORIENTED_EDGE('',*,*,#3202,.F.);
#3202 = EDGE_CURVE('',#3099,#3195,#3203,.T.);
#3203 = LINE('',#3204,#3205);
#3204 = CARTESIAN_POINT('',(8.1,-6.E-17,6.));
#3205 = VECTOR('',#3206,1.);
#3206 = DIRECTION('',(0.,0.,1.));
#3207 = ORIENTED_EDGE('',*,*,#3096,.F.);
#3208 = ORIENTED_EDGE('',*,*,#3209,.T.);
#3209 = EDGE_CURVE('',#3097,#3193,#3210,.T.);
#3210 = LINE('',#3211,#3212);
#3211 = CARTESIAN_POINT('',(0.,0.,6.));
#3212 = VECTOR('',#3213,1.);
#3213 = DIRECTION('',(0.,0.,1.));
#3214 = PLANE('',#3215);
#3215 = AXIS2_PLACEMENT_3D('',#3216,#3217,#3218);
#3216 = CARTESIAN_POINT('',(0.,0.,6.));
#3217 = DIRECTION('',(0.,1.,0.));
#3218 = DIRECTION('',(1.,0.,0.));
#3219 = ADVANCED_FACE('',(#3220),#3247,.T.);
#3220 = FACE_BOUND('',#3221,.T.);
#3221 = EDGE_LOOP('',(#3222,#3231,#3239,#3246));
#3222 = ORIENTED_EDGE('',*,*,#3223,.T.);
#3223 = EDGE_CURVE('',#3107,#3224,#3226,.T.);
#3224 = VERTEX_POINT('',#3225);
#3225 = CARTESIAN_POINT('',(8.5,0.4,0.5));
#3226 = CIRCLE('',#3227,0.4);
#3227 = AXIS2_PLACEMENT_3D('',#3228,#3229,#3230);
#3228 = CARTESIAN_POINT('',(8.1,0.4,0.5));
#3229 = DIRECTION('',(-0.,0.,1.));
#3230 = DIRECTION('',(0.,-1.,0.));
#3231 = ORIENTED_EDGE('',*,*,#3232,.T.);
#3232 = EDGE_CURVE('',#3224,#3233,#3235,.T.);
#3233 = VERTEX_POINT('',#3234);
#3234 = CARTESIAN_POINT('',(8.5,0.4,6.));
#3235 = LINE('',#3236,#3237);
#3236 = CARTESIAN_POINT('',(8.5,0.4,0.5));
#3237 = VECTOR('',#3238,1.);
#3238 = DIRECTION('',(0.,0.,1.));
#3239 = ORIENTED_EDGE('',*,*,#3240,.F.);
#3240 = EDGE_CURVE('',#3099,#3233,#3241,.T.);
#3241 = CIRCLE('',#3242,0.4);
#3242 = AXIS2_PLACEMENT_3D('',#3243,#3244,#3245);
#3243 = CARTESIAN_POINT('',(8.1,0.4,6.));
#3244 = DIRECTION('',(-0.,0.,1.));
#3245 = DIRECTION('',(0.,-1.,0.));
#3246 = ORIENTED_EDGE('',*,*,#3106,.F.);
#3247 = CYLINDRICAL_SURFACE('',#3248,0.4);
#3248 = AXIS2_PLACEMENT_3D('',#3249,#3250,#3251);
#3249 = CARTESIAN_POINT('',(8.1,0.4,0.5));
#3250 = DIRECTION('',(0.,0.,1.));
#3251 = DIRECTION('',(0.,-1.,0.));
#3252 = ADVANCED_FACE('',(#3253),#3278,.F.);
#3253 = FACE_BOUND('',#3254,.F.);
#3254 = EDGE_LOOP('',(#3255,#3265,#3271,#3272));
#3255 = ORIENTED_EDGE('',*,*,#3256,.T.);
#3256 = EDGE_CURVE('',#3257,#3259,#3261,.T.);
#3257 = VERTEX_POINT('',#3258);
#3258 = CARTESIAN_POINT('',(0.,20.,0.));
#3259 = VERTEX_POINT('',#3260);
#3260 = CARTESIAN_POINT('',(0.,20.,6.));
#3261 = LINE('',#3262,#3263);
#3262 = CARTESIAN_POINT('',(0.,20.,0.));
#3263 = VECTOR('',#3264,1.);
#3264 = DIRECTION('',(0.,0.,1.));
#3265 = ORIENTED_EDGE('',*,*,#3266,.T.);
#3266 = EDGE_CURVE('',#3259,#3097,#3267,.T.);
#3267 = LINE('',#3268,#3269);
#3268 = CARTESIAN_POINT('',(0.,20.,6.));
#3269 = VECTOR('',#3270,1.);
#3270 = DIRECTION('',(0.,-1.,0.));
#3271 = ORIENTED_EDGE('',*,*,#3178,.F.);
#3272 = ORIENTED_EDGE('',*,*,#3273,.F.);
#3273 = EDGE_CURVE('',#3257,#3171,#3274,.T.);
#3274 = LINE('',#3275,#3276);
#3275 = CARTESIAN_POINT('',(0.,20.,0.));
#3276 = VECTOR('',#3277,1.);
#3277 = DIRECTION('',(0.,-1.,0.));
#3278 = PLANE('',#3279);
#3279 = AXIS2_PLACEMENT_3D('',#3280,#3281,#3282);
#3280 = CARTESIAN_POINT('',(0.,20.,0.));
#3281 = DIRECTION('',(1.,0.,0.));
#3282 = DIRECTION('',(0.,-1.,0.));
#3283 = ADVANCED_FACE('',(#3284),#3794,.F.);
#3284 = FACE_BOUND('',#3285,.F.);
#3285 = EDGE_LOOP('',(#3286,#3296,#3304,#3310,#3311,#3319,#3328,#3336,
    #3344,#3353,#3361,#3370,#3378,#3386,#3394,#3403,#3411,#3420,#3428,
    #3436,#3444,#3453,#3461,#3470,#3478,#3486,#3494,#3503,#3511,#3520,
    #3528,#3534,#3535,#3536,#3537,#3545,#3554,#3562,#3570,#3578,#3587,
    #3595,#3604,#3612,#3620,#3628,#3637,#3645,#3654,#3662,#3670,#3678,
    #3687,#3695,#3704,#3712,#3720,#3728,#3737,#3745,#3754,#3762,#3770,
    #3779,#3787));
#3286 = ORIENTED_EDGE('',*,*,#3287,.F.);
#3287 = EDGE_CURVE('',#3288,#3290,#3292,.T.);
#3288 = VERTEX_POINT('',#3289);
#3289 = CARTESIAN_POINT('',(12.2,20.,0.5));
#3290 = VERTEX_POINT('',#3291);
#3291 = CARTESIAN_POINT('',(12.2,12.39999999976,0.5));
#3292 = LINE('',#3293,#3294);
#3293 = CARTESIAN_POINT('',(12.2,20.,0.5));
#3294 = VECTOR('',#3295,1.);
#3295 = DIRECTION('',(0.,-1.,0.));
#3296 = ORIENTED_EDGE('',*,*,#3297,.F.);
#3297 = EDGE_CURVE('',#3298,#3288,#3300,.T.);
#3298 = VERTEX_POINT('',#3299);
#3299 = CARTESIAN_POINT('',(13.9,20.,0.5));
#3300 = LINE('',#3301,#3302);
#3301 = CARTESIAN_POINT('',(20.,20.,0.5));
#3302 = VECTOR('',#3303,1.);
#3303 = DIRECTION('',(-1.,0.,0.));
#3304 = ORIENTED_EDGE('',*,*,#3305,.T.);
#3305 = EDGE_CURVE('',#3298,#3139,#3306,.T.);
#3306 = LINE('',#3307,#3308);
#3307 = CARTESIAN_POINT('',(13.9,20.,0.5));
#3308 = VECTOR('',#3309,1.);
#3309 = DIRECTION('',(0.,-1.,0.));
#3310 = ORIENTED_EDGE('',*,*,#3138,.T.);
#3311 = ORIENTED_EDGE('',*,*,#3312,.F.);
#3312 = EDGE_CURVE('',#3313,#3131,#3315,.T.);
#3313 = VERTEX_POINT('',#3314);
#3314 = CARTESIAN_POINT('',(12.2,7.599999999675,0.5));
#3315 = LINE('',#3316,#3317);
#3316 = CARTESIAN_POINT('',(12.2,7.999999999675,0.5));
#3317 = VECTOR('',#3318,1.);
#3318 = DIRECTION('',(0.,-1.,0.));
#3319 = ORIENTED_EDGE('',*,*,#3320,.F.);
#3320 = EDGE_CURVE('',#3321,#3313,#3323,.T.);
#3321 = VERTEX_POINT('',#3322);
#3322 = CARTESIAN_POINT('',(11.8,7.999999999675,0.5));
#3323 = CIRCLE('',#3324,0.4);
#3324 = AXIS2_PLACEMENT_3D('',#3325,#3326,#3327);
#3325 = CARTESIAN_POINT('',(11.8,7.599999999675,0.5));
#3326 = DIRECTION('',(-0.,-0.,-1.));
#3327 = DIRECTION('',(0.,-1.,0.));
#3328 = ORIENTED_EDGE('',*,*,#3329,.F.);
#3329 = EDGE_CURVE('',#3330,#3321,#3332,.T.);
#3330 = VERTEX_POINT('',#3331);
#3331 = CARTESIAN_POINT('',(10.2,7.999999999675,0.5));
#3332 = LINE('',#3333,#3334);
#3333 = CARTESIAN_POINT('',(10.2,7.999999999675,0.5));
#3334 = VECTOR('',#3335,1.);
#3335 = DIRECTION('',(1.,0.,0.));
#3336 = ORIENTED_EDGE('',*,*,#3337,.T.);
#3337 = EDGE_CURVE('',#3330,#3338,#3340,.T.);
#3338 = VERTEX_POINT('',#3339);
#3339 = CARTESIAN_POINT('',(9.6,7.999999999675,0.5));
#3340 = LINE('',#3341,#3342);
#3341 = CARTESIAN_POINT('',(10.2,7.999999999675,0.5));
#3342 = VECTOR('',#3343,1.);
#3343 = DIRECTION('',(-1.,0.,0.));
#3344 = ORIENTED_EDGE('',*,*,#3345,.F.);
#3345 = EDGE_CURVE('',#3346,#3338,#3348,.T.);
#3346 = VERTEX_POINT('',#3347);
#3347 = CARTESIAN_POINT('',(9.2,7.599999999675,0.5));
#3348 = CIRCLE('',#3349,0.4);
#3349 = AXIS2_PLACEMENT_3D('',#3350,#3351,#3352);
#3350 = CARTESIAN_POINT('',(9.6,7.599999999675,0.5));
#3351 = DIRECTION('',(-0.,-0.,-1.));
#3352 = DIRECTION('',(0.,-1.,0.));
#3353 = ORIENTED_EDGE('',*,*,#3354,.T.);
#3354 = EDGE_CURVE('',#3346,#3355,#3357,.T.);
#3355 = VERTEX_POINT('',#3356);
#3356 = CARTESIAN_POINT('',(9.2,7.399999999661,0.5));
#3357 = LINE('',#3358,#3359);
#3358 = CARTESIAN_POINT('',(9.2,7.999999999675,0.5));
#3359 = VECTOR('',#3360,1.);
#3360 = DIRECTION('',(0.,-1.,0.));
#3361 = ORIENTED_EDGE('',*,*,#3362,.F.);
#3362 = EDGE_CURVE('',#3363,#3355,#3365,.T.);
#3363 = VERTEX_POINT('',#3364);
#3364 = CARTESIAN_POINT('',(9.6,6.999999999661,0.5));
#3365 = CIRCLE('',#3366,0.4);
#3366 = AXIS2_PLACEMENT_3D('',#3367,#3368,#3369);
#3367 = CARTESIAN_POINT('',(9.6,7.399999999661,0.5));
#3368 = DIRECTION('',(-0.,-0.,-1.));
#3369 = DIRECTION('',(0.,-1.,0.));
#3370 = ORIENTED_EDGE('',*,*,#3371,.T.);
#3371 = EDGE_CURVE('',#3363,#3372,#3374,.T.);
#3372 = VERTEX_POINT('',#3373);
#3373 = CARTESIAN_POINT('',(10.2,6.999999999661,0.5));
#3374 = LINE('',#3375,#3376);
#3375 = CARTESIAN_POINT('',(9.2,6.999999999661,0.5));
#3376 = VECTOR('',#3377,1.);
#3377 = DIRECTION('',(1.,0.,0.));
#3378 = ORIENTED_EDGE('',*,*,#3379,.T.);
#3379 = EDGE_CURVE('',#3372,#3380,#3382,.T.);
#3380 = VERTEX_POINT('',#3381);
#3381 = CARTESIAN_POINT('',(10.2,5.999999999654,0.5));
#3382 = LINE('',#3383,#3384);
#3383 = CARTESIAN_POINT('',(10.2,6.999999999661,0.5));
#3384 = VECTOR('',#3385,1.);
#3385 = DIRECTION('',(0.,-1.,0.));
#3386 = ORIENTED_EDGE('',*,*,#3387,.T.);
#3387 = EDGE_CURVE('',#3380,#3388,#3390,.T.);
#3388 = VERTEX_POINT('',#3389);
#3389 = CARTESIAN_POINT('',(9.6,5.999999999654,0.5));
#3390 = LINE('',#3391,#3392);
#3391 = CARTESIAN_POINT('',(10.2,5.999999999654,0.5));
#3392 = VECTOR('',#3393,1.);
#3393 = DIRECTION('',(-1.,0.,0.));
#3394 = ORIENTED_EDGE('',*,*,#3395,.F.);
#3395 = EDGE_CURVE('',#3396,#3388,#3398,.T.);
#3396 = VERTEX_POINT('',#3397);
#3397 = CARTESIAN_POINT('',(9.2,5.599999999654,0.5));
#3398 = CIRCLE('',#3399,0.4);
#3399 = AXIS2_PLACEMENT_3D('',#3400,#3401,#3402);
#3400 = CARTESIAN_POINT('',(9.6,5.599999999654,0.5));
#3401 = DIRECTION('',(-0.,-0.,-1.));
#3402 = DIRECTION('',(0.,-1.,0.));
#3403 = ORIENTED_EDGE('',*,*,#3404,.T.);
#3404 = EDGE_CURVE('',#3396,#3405,#3407,.T.);
#3405 = VERTEX_POINT('',#3406);
#3406 = CARTESIAN_POINT('',(9.2,5.399999999654,0.5));
#3407 = LINE('',#3408,#3409);
#3408 = CARTESIAN_POINT('',(9.2,5.999999999654,0.5));
#3409 = VECTOR('',#3410,1.);
#3410 = DIRECTION('',(0.,-1.,0.));
#3411 = ORIENTED_EDGE('',*,*,#3412,.F.);
#3412 = EDGE_CURVE('',#3413,#3405,#3415,.T.);
#3413 = VERTEX_POINT('',#3414);
#3414 = CARTESIAN_POINT('',(9.6,4.999999999654,0.5));
#3415 = CIRCLE('',#3416,0.4);
#3416 = AXIS2_PLACEMENT_3D('',#3417,#3418,#3419);
#3417 = CARTESIAN_POINT('',(9.6,5.399999999654,0.5));
#3418 = DIRECTION('',(-0.,-0.,-1.));
#3419 = DIRECTION('',(0.,-1.,0.));
#3420 = ORIENTED_EDGE('',*,*,#3421,.T.);
#3421 = EDGE_CURVE('',#3413,#3422,#3424,.T.);
#3422 = VERTEX_POINT('',#3423);
#3423 = CARTESIAN_POINT('',(10.2,4.999999999654,0.5));
#3424 = LINE('',#3425,#3426);
#3425 = CARTESIAN_POINT('',(9.2,4.999999999654,0.5));
#3426 = VECTOR('',#3427,1.);
#3427 = DIRECTION('',(1.,0.,0.));
#3428 = ORIENTED_EDGE('',*,*,#3429,.T.);
#3429 = EDGE_CURVE('',#3422,#3430,#3432,.T.);
#3430 = VERTEX_POINT('',#3431);
#3431 = CARTESIAN_POINT('',(10.2,3.999999999661,0.5));
#3432 = LINE('',#3433,#3434);
#3433 = CARTESIAN_POINT('',(10.2,4.999999999654,0.5));
#3434 = VECTOR('',#3435,1.);
#3435 = DIRECTION('',(0.,-1.,0.));
#3436 = ORIENTED_EDGE('',*,*,#3437,.T.);
#3437 = EDGE_CURVE('',#3430,#3438,#3440,.T.);
#3438 = VERTEX_POINT('',#3439);
#3439 = CARTESIAN_POINT('',(9.6,3.999999999661,0.5));
#3440 = LINE('',#3441,#3442);
#3441 = CARTESIAN_POINT('',(10.2,3.999999999661,0.5));
#3442 = VECTOR('',#3443,1.);
#3443 = DIRECTION('',(-1.,0.,0.));
#3444 = ORIENTED_EDGE('',*,*,#3445,.F.);
#3445 = EDGE_CURVE('',#3446,#3438,#3448,.T.);
#3446 = VERTEX_POINT('',#3447);
#3447 = CARTESIAN_POINT('',(9.2,3.599999999661,0.5));
#3448 = CIRCLE('',#3449,0.4);
#3449 = AXIS2_PLACEMENT_3D('',#3450,#3451,#3452);
#3450 = CARTESIAN_POINT('',(9.6,3.599999999661,0.5));
#3451 = DIRECTION('',(-0.,-0.,-1.));
#3452 = DIRECTION('',(0.,-1.,0.));
#3453 = ORIENTED_EDGE('',*,*,#3454,.T.);
#3454 = EDGE_CURVE('',#3446,#3455,#3457,.T.);
#3455 = VERTEX_POINT('',#3456);
#3456 = CARTESIAN_POINT('',(9.2,3.399999999661,0.5));
#3457 = LINE('',#3458,#3459);
#3458 = CARTESIAN_POINT('',(9.2,3.999999999661,0.5));
#3459 = VECTOR('',#3460,1.);
#3460 = DIRECTION('',(0.,-1.,0.));
#3461 = ORIENTED_EDGE('',*,*,#3462,.F.);
#3462 = EDGE_CURVE('',#3463,#3455,#3465,.T.);
#3463 = VERTEX_POINT('',#3464);
#3464 = CARTESIAN_POINT('',(9.6,2.999999999661,0.5));
#3465 = CIRCLE('',#3466,0.4);
#3466 = AXIS2_PLACEMENT_3D('',#3467,#3468,#3469);
#3467 = CARTESIAN_POINT('',(9.6,3.399999999661,0.5));
#3468 = DIRECTION('',(-0.,-0.,-1.));
#3469 = DIRECTION('',(0.,-1.,0.));
#3470 = ORIENTED_EDGE('',*,*,#3471,.T.);
#3471 = EDGE_CURVE('',#3463,#3472,#3474,.T.);
#3472 = VERTEX_POINT('',#3473);
#3473 = CARTESIAN_POINT('',(10.2,2.999999999661,0.5));
#3474 = LINE('',#3475,#3476);
#3475 = CARTESIAN_POINT('',(9.2,2.999999999661,0.5));
#3476 = VECTOR('',#3477,1.);
#3477 = DIRECTION('',(1.,0.,0.));
#3478 = ORIENTED_EDGE('',*,*,#3479,.T.);
#3479 = EDGE_CURVE('',#3472,#3480,#3482,.T.);
#3480 = VERTEX_POINT('',#3481);
#3481 = CARTESIAN_POINT('',(10.2,1.999999999668,0.5));
#3482 = LINE('',#3483,#3484);
#3483 = CARTESIAN_POINT('',(10.2,2.999999999661,0.5));
#3484 = VECTOR('',#3485,1.);
#3485 = DIRECTION('',(0.,-1.,0.));
#3486 = ORIENTED_EDGE('',*,*,#3487,.T.);
#3487 = EDGE_CURVE('',#3480,#3488,#3490,.T.);
#3488 = VERTEX_POINT('',#3489);
#3489 = CARTESIAN_POINT('',(9.6,1.999999999668,0.5));
#3490 = LINE('',#3491,#3492);
#3491 = CARTESIAN_POINT('',(10.2,1.999999999668,0.5));
#3492 = VECTOR('',#3493,1.);
#3493 = DIRECTION('',(-1.,0.,0.));
#3494 = ORIENTED_EDGE('',*,*,#3495,.F.);
#3495 = EDGE_CURVE('',#3496,#3488,#3498,.T.);
#3496 = VERTEX_POINT('',#3497);
#3497 = CARTESIAN_POINT('',(9.2,1.599999999668,0.5));
#3498 = CIRCLE('',#3499,0.4);
#3499 = AXIS2_PLACEMENT_3D('',#3500,#3501,#3502);
#3500 = CARTESIAN_POINT('',(9.6,1.599999999668,0.5));
#3501 = DIRECTION('',(-0.,-0.,-1.));
#3502 = DIRECTION('',(0.,-1.,0.));
#3503 = ORIENTED_EDGE('',*,*,#3504,.T.);
#3504 = EDGE_CURVE('',#3496,#3505,#3507,.T.);
#3505 = VERTEX_POINT('',#3506);
#3506 = CARTESIAN_POINT('',(9.2,1.399999999682,0.5));
#3507 = LINE('',#3508,#3509);
#3508 = CARTESIAN_POINT('',(9.2,1.999999999668,0.5));
#3509 = VECTOR('',#3510,1.);
#3510 = DIRECTION('',(0.,-1.,0.));
#3511 = ORIENTED_EDGE('',*,*,#3512,.F.);
#3512 = EDGE_CURVE('',#3513,#3505,#3515,.T.);
#3513 = VERTEX_POINT('',#3514);
#3514 = CARTESIAN_POINT('',(9.6,0.999999999682,0.5));
#3515 = CIRCLE('',#3516,0.4);
#3516 = AXIS2_PLACEMENT_3D('',#3517,#3518,#3519);
#3517 = CARTESIAN_POINT('',(9.6,1.399999999682,0.5));
#3518 = DIRECTION('',(-0.,-0.,-1.));
#3519 = DIRECTION('',(0.,-1.,0.));
#3520 = ORIENTED_EDGE('',*,*,#3521,.T.);
#3521 = EDGE_CURVE('',#3513,#3522,#3524,.T.);
#3522 = VERTEX_POINT('',#3523);
#3523 = CARTESIAN_POINT('',(10.2,0.999999999682,0.5));
#3524 = LINE('',#3525,#3526);
#3525 = CARTESIAN_POINT('',(9.2,0.999999999682,0.5));
#3526 = VECTOR('',#3527,1.);
#3527 = DIRECTION('',(1.,0.,0.));
#3528 = ORIENTED_EDGE('',*,*,#3529,.T.);
#3529 = EDGE_CURVE('',#3522,#3123,#3530,.T.);
#3530 = LINE('',#3531,#3532);
#3531 = CARTESIAN_POINT('',(10.2,0.999999999682,0.5));
#3532 = VECTOR('',#3533,1.);
#3533 = DIRECTION('',(0.,-1.,0.));
#3534 = ORIENTED_EDGE('',*,*,#3122,.T.);
#3535 = ORIENTED_EDGE('',*,*,#3114,.T.);
#3536 = ORIENTED_EDGE('',*,*,#3223,.T.);
#3537 = ORIENTED_EDGE('',*,*,#3538,.F.);
#3538 = EDGE_CURVE('',#3539,#3224,#3541,.T.);
#3539 = VERTEX_POINT('',#3540);
#3540 = CARTESIAN_POINT('',(8.5,19.6,0.5));
#3541 = LINE('',#3542,#3543);
#3542 = CARTESIAN_POINT('',(8.5,20.,0.5));
#3543 = VECTOR('',#3544,1.);
#3544 = DIRECTION('',(0.,-1.,2.2E-16));
#3545 = ORIENTED_EDGE('',*,*,#3546,.T.);
#3546 = EDGE_CURVE('',#3539,#3547,#3549,.T.);
#3547 = VERTEX_POINT('',#3548);
#3548 = CARTESIAN_POINT('',(8.1,20.,0.5));
#3549 = CIRCLE('',#3550,0.4);
#3550 = AXIS2_PLACEMENT_3D('',#3551,#3552,#3553);
#3551 = CARTESIAN_POINT('',(8.1,19.6,0.5));
#3552 = DIRECTION('',(-0.,2.2E-16,1.));
#3553 = DIRECTION('',(0.,-1.,2.2E-16));
#3554 = ORIENTED_EDGE('',*,*,#3555,.F.);
#3555 = EDGE_CURVE('',#3556,#3547,#3558,.T.);
#3556 = VERTEX_POINT('',#3557);
#3557 = CARTESIAN_POINT('',(8.5,20.,0.5));
#3558 = LINE('',#3559,#3560);
#3559 = CARTESIAN_POINT('',(20.,20.,0.5));
#3560 = VECTOR('',#3561,1.);
#3561 = DIRECTION('',(-1.,0.,0.));
#3562 = ORIENTED_EDGE('',*,*,#3563,.F.);
#3563 = EDGE_CURVE('',#3564,#3556,#3566,.T.);
#3564 = VERTEX_POINT('',#3565);
#3565 = CARTESIAN_POINT('',(9.2,20.,0.5));
#3566 = LINE('',#3567,#3568);
#3567 = CARTESIAN_POINT('',(20.,20.,0.5));
#3568 = VECTOR('',#3569,1.);
#3569 = DIRECTION('',(-1.,0.,0.));
#3570 = ORIENTED_EDGE('',*,*,#3571,.T.);
#3571 = EDGE_CURVE('',#3564,#3572,#3574,.T.);
#3572 = VERTEX_POINT('',#3573);
#3573 = CARTESIAN_POINT('',(9.6,20.,0.5));
#3574 = LINE('',#3575,#3576);
#3575 = CARTESIAN_POINT('',(14.6,20.,0.5));
#3576 = VECTOR('',#3577,1.);
#3577 = DIRECTION('',(1.,0.,0.));
#3578 = ORIENTED_EDGE('',*,*,#3579,.F.);
#3579 = EDGE_CURVE('',#3580,#3572,#3582,.T.);
#3580 = VERTEX_POINT('',#3581);
#3581 = CARTESIAN_POINT('',(9.2,19.6,0.5));
#3582 = CIRCLE('',#3583,0.4);
#3583 = AXIS2_PLACEMENT_3D('',#3584,#3585,#3586);
#3584 = CARTESIAN_POINT('',(9.6,19.6,0.5));
#3585 = DIRECTION('',(-0.,-0.,-1.));
#3586 = DIRECTION('',(0.,-1.,0.));
#3587 = ORIENTED_EDGE('',*,*,#3588,.T.);
#3588 = EDGE_CURVE('',#3580,#3589,#3591,.T.);
#3589 = VERTEX_POINT('',#3590);
#3590 = CARTESIAN_POINT('',(9.2,19.399999999958,0.5));
#3591 = LINE('',#3592,#3593);
#3592 = CARTESIAN_POINT('',(9.2,20.,0.5));
#3593 = VECTOR('',#3594,1.);
#3594 = DIRECTION('',(0.,-1.,0.));
#3595 = ORIENTED_EDGE('',*,*,#3596,.F.);
#3596 = EDGE_CURVE('',#3597,#3589,#3599,.T.);
#3597 = VERTEX_POINT('',#3598);
#3598 = CARTESIAN_POINT('',(9.6,18.999999999958,0.5));
#3599 = CIRCLE('',#3600,0.4);
#3600 = AXIS2_PLACEMENT_3D('',#3601,#3602,#3603);
#3601 = CARTESIAN_POINT('',(9.6,19.399999999958,0.5));
#3602 = DIRECTION('',(-0.,-0.,-1.));
#3603 = DIRECTION('',(0.,-1.,0.));
#3604 = ORIENTED_EDGE('',*,*,#3605,.T.);
#3605 = EDGE_CURVE('',#3597,#3606,#3608,.T.);
#3606 = VERTEX_POINT('',#3607);
#3607 = CARTESIAN_POINT('',(10.2,18.999999999958,0.5));
#3608 = LINE('',#3609,#3610);
#3609 = CARTESIAN_POINT('',(9.2,18.999999999958,0.5));
#3610 = VECTOR('',#3611,1.);
#3611 = DIRECTION('',(1.,0.,0.));
#3612 = ORIENTED_EDGE('',*,*,#3613,.T.);
#3613 = EDGE_CURVE('',#3606,#3614,#3616,.T.);
#3614 = VERTEX_POINT('',#3615);
#3615 = CARTESIAN_POINT('',(10.2,17.999999999908,0.5));
#3616 = LINE('',#3617,#3618);
#3617 = CARTESIAN_POINT('',(10.2,18.999999999958,0.5));
#3618 = VECTOR('',#3619,1.);
#3619 = DIRECTION('',(0.,-1.,0.));
#3620 = ORIENTED_EDGE('',*,*,#3621,.T.);
#3621 = EDGE_CURVE('',#3614,#3622,#3624,.T.);
#3622 = VERTEX_POINT('',#3623);
#3623 = CARTESIAN_POINT('',(9.6,17.999999999908,0.5));
#3624 = LINE('',#3625,#3626);
#3625 = CARTESIAN_POINT('',(10.2,17.999999999908,0.5));
#3626 = VECTOR('',#3627,1.);
#3627 = DIRECTION('',(-1.,0.,0.));
#3628 = ORIENTED_EDGE('',*,*,#3629,.F.);
#3629 = EDGE_CURVE('',#3630,#3622,#3632,.T.);
#3630 = VERTEX_POINT('',#3631);
#3631 = CARTESIAN_POINT('',(9.2,17.599999999908,0.5));
#3632 = CIRCLE('',#3633,0.4);
#3633 = AXIS2_PLACEMENT_3D('',#3634,#3635,#3636);
#3634 = CARTESIAN_POINT('',(9.6,17.599999999908,0.5));
#3635 = DIRECTION('',(-0.,-0.,-1.));
#3636 = DIRECTION('',(0.,-1.,0.));
#3637 = ORIENTED_EDGE('',*,*,#3638,.T.);
#3638 = EDGE_CURVE('',#3630,#3639,#3641,.T.);
#3639 = VERTEX_POINT('',#3640);
#3640 = CARTESIAN_POINT('',(9.2,17.399999999866,0.5));
#3641 = LINE('',#3642,#3643);
#3642 = CARTESIAN_POINT('',(9.2,17.999999999908,0.5));
#3643 = VECTOR('',#3644,1.);
#3644 = DIRECTION('',(0.,-1.,0.));
#3645 = ORIENTED_EDGE('',*,*,#3646,.F.);
#3646 = EDGE_CURVE('',#3647,#3639,#3649,.T.);
#3647 = VERTEX_POINT('',#3648);
#3648 = CARTESIAN_POINT('',(9.6,16.999999999866,0.5));
#3649 = CIRCLE('',#3650,0.4);
#3650 = AXIS2_PLACEMENT_3D('',#3651,#3652,#3653);
#3651 = CARTESIAN_POINT('',(9.6,17.399999999866,0.5));
#3652 = DIRECTION('',(-0.,-0.,-1.));
#3653 = DIRECTION('',(0.,-1.,0.));
#3654 = ORIENTED_EDGE('',*,*,#3655,.T.);
#3655 = EDGE_CURVE('',#3647,#3656,#3658,.T.);
#3656 = VERTEX_POINT('',#3657);
#3657 = CARTESIAN_POINT('',(10.2,16.999999999866,0.5));
#3658 = LINE('',#3659,#3660);
#3659 = CARTESIAN_POINT('',(9.2,16.999999999866,0.5));
#3660 = VECTOR('',#3661,1.);
#3661 = DIRECTION('',(1.,0.,0.));
#3662 = ORIENTED_EDGE('',*,*,#3663,.T.);
#3663 = EDGE_CURVE('',#3656,#3664,#3666,.T.);
#3664 = VERTEX_POINT('',#3665);
#3665 = CARTESIAN_POINT('',(10.2,15.99999999983,0.5));
#3666 = LINE('',#3667,#3668);
#3667 = CARTESIAN_POINT('',(10.2,16.999999999866,0.5));
#3668 = VECTOR('',#3669,1.);
#3669 = DIRECTION('',(0.,-1.,0.));
#3670 = ORIENTED_EDGE('',*,*,#3671,.T.);
#3671 = EDGE_CURVE('',#3664,#3672,#3674,.T.);
#3672 = VERTEX_POINT('',#3673);
#3673 = CARTESIAN_POINT('',(9.6,15.99999999983,0.5));
#3674 = LINE('',#3675,#3676);
#3675 = CARTESIAN_POINT('',(10.2,15.99999999983,0.5));
#3676 = VECTOR('',#3677,1.);
#3677 = DIRECTION('',(-1.,0.,0.));
#3678 = ORIENTED_EDGE('',*,*,#3679,.F.);
#3679 = EDGE_CURVE('',#3680,#3672,#3682,.T.);
#3680 = VERTEX_POINT('',#3681);
#3681 = CARTESIAN_POINT('',(9.2,15.59999999983,0.5));
#3682 = CIRCLE('',#3683,0.4);
#3683 = AXIS2_PLACEMENT_3D('',#3684,#3685,#3686);
#3684 = CARTESIAN_POINT('',(9.6,15.59999999983,0.5));
#3685 = DIRECTION('',(-0.,-0.,-1.));
#3686 = DIRECTION('',(0.,-1.,0.));
#3687 = ORIENTED_EDGE('',*,*,#3688,.T.);
#3688 = EDGE_CURVE('',#3680,#3689,#3691,.T.);
#3689 = VERTEX_POINT('',#3690);
#3690 = CARTESIAN_POINT('',(9.2,15.399999999802,0.5));
#3691 = LINE('',#3692,#3693);
#3692 = CARTESIAN_POINT('',(9.2,15.99999999983,0.5));
#3693 = VECTOR('',#3694,1.);
#3694 = DIRECTION('',(0.,-1.,0.));
#3695 = ORIENTED_EDGE('',*,*,#3696,.F.);
#3696 = EDGE_CURVE('',#3697,#3689,#3699,.T.);
#3697 = VERTEX_POINT('',#3698);
#3698 = CARTESIAN_POINT('',(9.6,14.999999999802,0.5));
#3699 = CIRCLE('',#3700,0.4);
#3700 = AXIS2_PLACEMENT_3D('',#3701,#3702,#3703);
#3701 = CARTESIAN_POINT('',(9.6,15.399999999802,0.5));
#3702 = DIRECTION('',(-0.,-0.,-1.));
#3703 = DIRECTION('',(0.,-1.,0.));
#3704 = ORIENTED_EDGE('',*,*,#3705,.T.);
#3705 = EDGE_CURVE('',#3697,#3706,#3708,.T.);
#3706 = VERTEX_POINT('',#3707);
#3707 = CARTESIAN_POINT('',(10.2,14.999999999802,0.5));
#3708 = LINE('',#3709,#3710);
#3709 = CARTESIAN_POINT('',(9.2,14.999999999802,0.5));
#3710 = VECTOR('',#3711,1.);
#3711 = DIRECTION('',(1.,0.,0.));
#3712 = ORIENTED_EDGE('',*,*,#3713,.T.);
#3713 = EDGE_CURVE('',#3706,#3714,#3716,.T.);
#3714 = VERTEX_POINT('',#3715);
#3715 = CARTESIAN_POINT('',(10.2,13.999999999781,0.5));
#3716 = LINE('',#3717,#3718);
#3717 = CARTESIAN_POINT('',(10.2,14.999999999802,0.5));
#3718 = VECTOR('',#3719,1.);
#3719 = DIRECTION('',(0.,-1.,0.));
#3720 = ORIENTED_EDGE('',*,*,#3721,.T.);
#3721 = EDGE_CURVE('',#3714,#3722,#3724,.T.);
#3722 = VERTEX_POINT('',#3723);
#3723 = CARTESIAN_POINT('',(9.6,13.999999999781,0.5));
#3724 = LINE('',#3725,#3726);
#3725 = CARTESIAN_POINT('',(10.2,13.999999999781,0.5));
#3726 = VECTOR('',#3727,1.);
#3727 = DIRECTION('',(-1.,0.,0.));
#3728 = ORIENTED_EDGE('',*,*,#3729,.F.);
#3729 = EDGE_CURVE('',#3730,#3722,#3732,.T.);
#3730 = VERTEX_POINT('',#3731);
#3731 = CARTESIAN_POINT('',(9.2,13.599999999781,0.5));
#3732 = CIRCLE('',#3733,0.4);
#3733 = AXIS2_PLACEMENT_3D('',#3734,#3735,#3736);
#3734 = CARTESIAN_POINT('',(9.6,13.599999999781,0.5));
#3735 = DIRECTION('',(-0.,-0.,-1.));
#3736 = DIRECTION('',(0.,-1.,0.));
#3737 = ORIENTED_EDGE('',*,*,#3738,.T.);
#3738 = EDGE_CURVE('',#3730,#3739,#3741,.T.);
#3739 = VERTEX_POINT('',#3740);
#3740 = CARTESIAN_POINT('',(9.2,13.399999999767,0.5));
#3741 = LINE('',#3742,#3743);
#3742 = CARTESIAN_POINT('',(9.2,13.999999999781,0.5));
#3743 = VECTOR('',#3744,1.);
#3744 = DIRECTION('',(0.,-1.,0.));
#3745 = ORIENTED_EDGE('',*,*,#3746,.F.);
#3746 = EDGE_CURVE('',#3747,#3739,#3749,.T.);
#3747 = VERTEX_POINT('',#3748);
#3748 = CARTESIAN_POINT('',(9.6,12.999999999767,0.5));
#3749 = CIRCLE('',#3750,0.4);
#3750 = AXIS2_PLACEMENT_3D('',#3751,#3752,#3753);
#3751 = CARTESIAN_POINT('',(9.6,13.399999999767,0.5));
#3752 = DIRECTION('',(-0.,-0.,-1.));
#3753 = DIRECTION('',(0.,-1.,0.));
#3754 = ORIENTED_EDGE('',*,*,#3755,.T.);
#3755 = EDGE_CURVE('',#3747,#3756,#3758,.T.);
#3756 = VERTEX_POINT('',#3757);
#3757 = CARTESIAN_POINT('',(10.2,12.999999999767,0.5));
#3758 = LINE('',#3759,#3760);
#3759 = CARTESIAN_POINT('',(9.2,12.999999999767,0.5));
#3760 = VECTOR('',#3761,1.);
#3761 = DIRECTION('',(1.,0.,0.));
#3762 = ORIENTED_EDGE('',*,*,#3763,.T.);
#3763 = EDGE_CURVE('',#3756,#3764,#3766,.T.);
#3764 = VERTEX_POINT('',#3765);
#3765 = CARTESIAN_POINT('',(10.2,12.39999999976,0.5));
#3766 = LINE('',#3767,#3768);
#3767 = CARTESIAN_POINT('',(10.2,12.999999999767,0.5));
#3768 = VECTOR('',#3769,1.);
#3769 = DIRECTION('',(0.,-1.,0.));
#3770 = ORIENTED_EDGE('',*,*,#3771,.F.);
#3771 = EDGE_CURVE('',#3772,#3764,#3774,.T.);
#3772 = VERTEX_POINT('',#3773);
#3773 = CARTESIAN_POINT('',(10.6,11.99999999976,0.5));
#3774 = CIRCLE('',#3775,0.4);
#3775 = AXIS2_PLACEMENT_3D('',#3776,#3777,#3778);
#3776 = CARTESIAN_POINT('',(10.6,12.39999999976,0.5));
#3777 = DIRECTION('',(-0.,-0.,-1.));
#3778 = DIRECTION('',(0.,-1.,0.));
#3779 = ORIENTED_EDGE('',*,*,#3780,.F.);
#3780 = EDGE_CURVE('',#3781,#3772,#3783,.T.);
#3781 = VERTEX_POINT('',#3782);
#3782 = CARTESIAN_POINT('',(11.8,11.99999999976,0.5));
#3783 = LINE('',#3784,#3785);
#3784 = CARTESIAN_POINT('',(12.2,11.99999999976,0.5));
#3785 = VECTOR('',#3786,1.);
#3786 = DIRECTION('',(-1.,0.,0.));
#3787 = ORIENTED_EDGE('',*,*,#3788,.F.);
#3788 = EDGE_CURVE('',#3290,#3781,#3789,.T.);
#3789 = CIRCLE('',#3790,0.4);
#3790 = AXIS2_PLACEMENT_3D('',#3791,#3792,#3793);
#3791 = CARTESIAN_POINT('',(11.8,12.39999999976,0.5));
#3792 = DIRECTION('',(-0.,-0.,-1.));
#3793 = DIRECTION('',(0.,-1.,0.));
#3794 = PLANE('',#3795);
#3795 = AXIS2_PLACEMENT_3D('',#3796,#3797,#3798);
#3796 = CARTESIAN_POINT('',(20.,20.,0.5));
#3797 = DIRECTION('',(-0.,-2.2E-16,-1.));
#3798 = DIRECTION('',(-1.,0.,0.));
#3799 = ADVANCED_FACE('',(#3800,#3835),#3846,.F.);
#3800 = FACE_BOUND('',#3801,.F.);
#3801 = EDGE_LOOP('',(#3802,#3803,#3804,#3812,#3821,#3829));
#3802 = ORIENTED_EDGE('',*,*,#3273,.T.);
#3803 = ORIENTED_EDGE('',*,*,#3170,.T.);
#3804 = ORIENTED_EDGE('',*,*,#3805,.T.);
#3805 = EDGE_CURVE('',#3163,#3806,#3808,.T.);
#3806 = VERTEX_POINT('',#3807);
#3807 = CARTESIAN_POINT('',(20.,8.391429205785,0.));
#3808 = LINE('',#3809,#3810);
#3809 = CARTESIAN_POINT('',(20.,0.,0.));
#3810 = VECTOR('',#3811,1.);
#3811 = DIRECTION('',(0.,1.,0.));
#3812 = ORIENTED_EDGE('',*,*,#3813,.T.);
#3813 = EDGE_CURVE('',#3806,#3814,#3816,.T.);
#3814 = VERTEX_POINT('',#3815);
#3815 = CARTESIAN_POINT('',(20.,11.608570794215,0.));
#3816 = CIRCLE('',#3817,1.7);
#3817 = AXIS2_PLACEMENT_3D('',#3818,#3819,#3820);
#3818 = CARTESIAN_POINT('',(19.45,10.,0.));
#3819 = DIRECTION('',(0.,0.,-1.));
#3820 = DIRECTION('',(1.,0.,0.));
#3821 = ORIENTED_EDGE('',*,*,#3822,.T.);
#3822 = EDGE_CURVE('',#3814,#3823,#3825,.T.);
#3823 = VERTEX_POINT('',#3824);
#3824 = CARTESIAN_POINT('',(20.,20.,0.));
#3825 = LINE('',#3826,#3827);
#3826 = CARTESIAN_POINT('',(20.,0.,0.));
#3827 = VECTOR('',#3828,1.);
#3828 = DIRECTION('',(0.,1.,0.));
#3829 = ORIENTED_EDGE('',*,*,#3830,.T.);
#3830 = EDGE_CURVE('',#3823,#3257,#3831,.T.);
#3831 = LINE('',#3832,#3833);
#3832 = CARTESIAN_POINT('',(20.,20.,0.));
#3833 = VECTOR('',#3834,1.);
#3834 = DIRECTION('',(-1.,0.,0.));
#3835 = FACE_BOUND('',#3836,.F.);
#3836 = EDGE_LOOP('',(#3837));
#3837 = ORIENTED_EDGE('',*,*,#3838,.T.);
#3838 = EDGE_CURVE('',#3839,#3839,#3841,.T.);
#3839 = VERTEX_POINT('',#3840);
#3840 = CARTESIAN_POINT('',(5.95,10.,0.));
#3841 = CIRCLE('',#3842,1.7);
#3842 = AXIS2_PLACEMENT_3D('',#3843,#3844,#3845);
#3843 = CARTESIAN_POINT('',(4.25,10.,0.));
#3844 = DIRECTION('',(0.,0.,-1.));
#3845 = DIRECTION('',(1.,0.,0.));
#3846 = PLANE('',#3847);
#3847 = AXIS2_PLACEMENT_3D('',#3848,#3849,#3850);
#3848 = CARTESIAN_POINT('',(10.,10.,0.));
#3849 = DIRECTION('',(0.,0.,1.));
#3850 = DIRECTION('',(1.,0.,0.));
#3851 = ADVANCED_FACE('',(#3852),#3877,.T.);
#3852 = FACE_BOUND('',#3853,.T.);
#3853 = EDGE_LOOP('',(#3854,#3862,#3870,#3876));
#3854 = ORIENTED_EDGE('',*,*,#3855,.T.);
#3855 = EDGE_CURVE('',#3163,#3856,#3858,.T.);
#3856 = VERTEX_POINT('',#3857);
#3857 = CARTESIAN_POINT('',(23.,0.,0.));
#3858 = LINE('',#3859,#3860);
#3859 = CARTESIAN_POINT('',(20.,0.,0.));
#3860 = VECTOR('',#3861,1.);
#3861 = DIRECTION('',(1.,0.,0.));
#3862 = ORIENTED_EDGE('',*,*,#3863,.T.);
#3863 = EDGE_CURVE('',#3856,#3864,#3866,.T.);
#3864 = VERTEX_POINT('',#3865);
#3865 = CARTESIAN_POINT('',(23.,0.,0.5));
#3866 = LINE('',#3867,#3868);
#3867 = CARTESIAN_POINT('',(23.,0.,0.));
#3868 = VECTOR('',#3869,1.);
#3869 = DIRECTION('',(0.,0.,1.));
#3870 = ORIENTED_EDGE('',*,*,#3871,.F.);
#3871 = EDGE_CURVE('',#3155,#3864,#3872,.T.);
#3872 = LINE('',#3873,#3874);
#3873 = CARTESIAN_POINT('',(20.,0.,0.5));
#3874 = VECTOR('',#3875,1.);
#3875 = DIRECTION('',(1.,0.,0.));
#3876 = ORIENTED_EDGE('',*,*,#3162,.F.);
#3877 = PLANE('',#3878);
#3878 = AXIS2_PLACEMENT_3D('',#3879,#3880,#3881);
#3879 = CARTESIAN_POINT('',(20.,0.,0.));
#3880 = DIRECTION('',(0.,-1.,0.));
#3881 = DIRECTION('',(0.,0.,1.));
#3882 = ADVANCED_FACE('',(#3883),#3908,.T.);
#3883 = FACE_BOUND('',#3884,.T.);
#3884 = EDGE_LOOP('',(#3885,#3893,#3901,#3907));
#3885 = ORIENTED_EDGE('',*,*,#3886,.T.);
#3886 = EDGE_CURVE('',#3131,#3887,#3889,.T.);
#3887 = VERTEX_POINT('',#3888);
#3888 = CARTESIAN_POINT('',(12.2,1.E-15,7.0001));
#3889 = LINE('',#3890,#3891);
#3890 = CARTESIAN_POINT('',(12.2,1.1E-16,0.5));
#3891 = VECTOR('',#3892,1.);
#3892 = DIRECTION('',(0.,0.,1.));
#3893 = ORIENTED_EDGE('',*,*,#3894,.T.);
#3894 = EDGE_CURVE('',#3887,#3895,#3897,.T.);
#3895 = VERTEX_POINT('',#3896);
#3896 = CARTESIAN_POINT('',(10.2,-2.96985E-10,7.0001));
#3897 = LINE('',#3898,#3899);
#3898 = CARTESIAN_POINT('',(12.2,5.6E-16,7.0001));
#3899 = VECTOR('',#3900,1.);
#3900 = DIRECTION('',(-1.,-1.4849244E-10,0.));
#3901 = ORIENTED_EDGE('',*,*,#3902,.F.);
#3902 = EDGE_CURVE('',#3123,#3895,#3903,.T.);
#3903 = LINE('',#3904,#3905);
#3904 = CARTESIAN_POINT('',(10.2,-2.9698477E-10,0.5));
#3905 = VECTOR('',#3906,1.);
#3906 = DIRECTION('',(0.,0.,1.));
#3907 = ORIENTED_EDGE('',*,*,#3130,.F.);
#3908 = PLANE('',#3909);
#3909 = AXIS2_PLACEMENT_3D('',#3910,#3911,#3912);
#3910 = CARTESIAN_POINT('',(12.2,1.1E-16,0.5));
#3911 = DIRECTION('',(1.4849244E-10,-1.,0.));
#3912 = DIRECTION('',(-1.,-1.4849244E-10,0.));
#3913 = ADVANCED_FACE('',(#3914),#3956,.F.);
#3914 = FACE_BOUND('',#3915,.F.);
#3915 = EDGE_LOOP('',(#3916,#3926,#3934,#3943,#3949,#3950));
#3916 = ORIENTED_EDGE('',*,*,#3917,.F.);
#3917 = EDGE_CURVE('',#3918,#3920,#3922,.T.);
#3918 = VERTEX_POINT('',#3919);
#3919 = CARTESIAN_POINT('',(20.,20.,0.5));
#3920 = VERTEX_POINT('',#3921);
#3921 = CARTESIAN_POINT('',(15.9,20.,0.5));
#3922 = LINE('',#3923,#3924);
#3923 = CARTESIAN_POINT('',(20.,20.,0.5));
#3924 = VECTOR('',#3925,1.);
#3925 = DIRECTION('',(-1.,0.,0.));
#3926 = ORIENTED_EDGE('',*,*,#3927,.T.);
#3927 = EDGE_CURVE('',#3918,#3928,#3930,.T.);
#3928 = VERTEX_POINT('',#3929);
#3929 = CARTESIAN_POINT('',(20.,11.608570794215,0.5));
#3930 = LINE('',#3931,#3932);
#3931 = CARTESIAN_POINT('',(20.,20.,0.5));
#3932 = VECTOR('',#3933,1.);
#3933 = DIRECTION('',(0.,-1.,2.2E-16));
#3934 = ORIENTED_EDGE('',*,*,#3935,.T.);
#3935 = EDGE_CURVE('',#3928,#3936,#3938,.T.);
#3936 = VERTEX_POINT('',#3937);
#3937 = CARTESIAN_POINT('',(20.,8.391429205785,0.5));
#3938 = CIRCLE('',#3939,1.7);
#3939 = AXIS2_PLACEMENT_3D('',#3940,#3941,#3942);
#3940 = CARTESIAN_POINT('',(19.45,10.,0.5));
#3941 = DIRECTION('',(0.,0.,1.));
#3942 = DIRECTION('',(1.,0.,0.));
#3943 = ORIENTED_EDGE('',*,*,#3944,.T.);
#3944 = EDGE_CURVE('',#3936,#3155,#3945,.T.);
#3945 = LINE('',#3946,#3947);
#3946 = CARTESIAN_POINT('',(20.,20.,0.5));
#3947 = VECTOR('',#3948,1.);
#3948 = DIRECTION('',(0.,-1.,2.2E-16));
#3949 = ORIENTED_EDGE('',*,*,#3154,.T.);
#3950 = ORIENTED_EDGE('',*,*,#3951,.T.);
#3951 = EDGE_CURVE('',#3147,#3920,#3952,.T.);
#3952 = LINE('',#3953,#3954);
#3953 = CARTESIAN_POINT('',(15.9,0.,0.5));
#3954 = VECTOR('',#3955,1.);
#3955 = DIRECTION('',(0.,1.,0.));
#3956 = PLANE('',#3957);
#3957 = AXIS2_PLACEMENT_3D('',#3958,#3959,#3960);
#3958 = CARTESIAN_POINT('',(20.,20.,0.5));
#3959 = DIRECTION('',(-0.,-2.2E-16,-1.));
#3960 = DIRECTION('',(-1.,0.,0.));
#3961 = ADVANCED_FACE('',(#3962),#3987,.F.);
#3962 = FACE_BOUND('',#3963,.F.);
#3963 = EDGE_LOOP('',(#3964,#3972,#3973,#3981));
#3964 = ORIENTED_EDGE('',*,*,#3965,.F.);
#3965 = EDGE_CURVE('',#3147,#3966,#3968,.T.);
#3966 = VERTEX_POINT('',#3967);
#3967 = CARTESIAN_POINT('',(15.9,0.,6.5001));
#3968 = LINE('',#3969,#3970);
#3969 = CARTESIAN_POINT('',(15.9,1.1E-16,0.5));
#3970 = VECTOR('',#3971,1.);
#3971 = DIRECTION('',(0.,0.,1.));
#3972 = ORIENTED_EDGE('',*,*,#3146,.T.);
#3973 = ORIENTED_EDGE('',*,*,#3974,.T.);
#3974 = EDGE_CURVE('',#3139,#3975,#3977,.T.);
#3975 = VERTEX_POINT('',#3976);
#3976 = CARTESIAN_POINT('',(13.9,0.,6.5001));
#3977 = LINE('',#3978,#3979);
#3978 = CARTESIAN_POINT('',(13.9,1.1E-16,0.5));
#3979 = VECTOR('',#3980,1.);
#3980 = DIRECTION('',(0.,0.,1.));
#3981 = ORIENTED_EDGE('',*,*,#3982,.T.);
#3982 = EDGE_CURVE('',#3975,#3966,#3983,.T.);
#3983 = LINE('',#3984,#3985);
#3984 = CARTESIAN_POINT('',(13.9,0.,6.5001));
#3985 = VECTOR('',#3986,1.);
#3986 = DIRECTION('',(1.,0.,0.));
#3987 = PLANE('',#3988);
#3988 = AXIS2_PLACEMENT_3D('',#3989,#3990,#3991);
#3989 = CARTESIAN_POINT('',(13.9,1.1E-16,0.5));
#3990 = DIRECTION('',(0.,1.,0.));
#3991 = DIRECTION('',(1.,0.,0.));
#3992 = ADVANCED_FACE('',(#3993),#4032,.T.);
#3993 = FACE_BOUND('',#3994,.F.);
#3994 = EDGE_LOOP('',(#3995,#3996,#4005,#4013));
#3995 = ORIENTED_EDGE('',*,*,#3192,.F.);
#3996 = ORIENTED_EDGE('',*,*,#3997,.T.);
#3997 = EDGE_CURVE('',#3193,#3998,#4000,.T.);
#3998 = VERTEX_POINT('',#3999);
#3999 = CARTESIAN_POINT('',(0.4999,0.4999,7.5));
#4000 = ELLIPSE('',#4001,0.70696535983,0.4999);
#4001 = AXIS2_PLACEMENT_3D('',#4002,#4003,#4004);
#4002 = CARTESIAN_POINT('',(0.4999,0.4999,7.0001));
#4003 = DIRECTION('',(-0.707106781187,0.707106781187,0.));
#4004 = DIRECTION('',(0.707106781187,0.707106781187,0.));
#4005 = ORIENTED_EDGE('',*,*,#4006,.T.);
#4006 = EDGE_CURVE('',#3998,#4007,#4009,.T.);
#4007 = VERTEX_POINT('',#4008);
#4008 = CARTESIAN_POINT('',(8.0001,0.4999,7.5));
#4009 = LINE('',#4010,#4011);
#4010 = CARTESIAN_POINT('',(0.,0.4999,7.5));
#4011 = VECTOR('',#4012,1.);
#4012 = DIRECTION('',(1.,0.,0.));
#4013 = ORIENTED_EDGE('',*,*,#4014,.F.);
#4014 = EDGE_CURVE('',#3195,#4007,#4015,.T.);
#4015 = ( BOUNDED_CURVE() B_SPLINE_CURVE(8,(#4016,#4017,#4018,#4019,
    #4020,#4021,#4022,#4023,#4024,#4025,#4026,#4027,#4028,#4029,#4030,
#4031),.UNSPECIFIED.,.F.,.F.) B_SPLINE_CURVE_WITH_KNOTS((9,7,9),(6.5001,
6.977529218685,7.45495843737),.UNSPECIFIED.) CURVE() 
GEOMETRIC_REPRESENTATION_ITEM() RATIONAL_B_SPLINE_CURVE((1.,1.,1.,1.,1.,
1.,1.,1.,1.,1.,1.,1.,1.,1.,1.,1.)) REPRESENTATION_ITEM('') );
#4016 = CARTESIAN_POINT('',(8.1,-1.1E-16,7.0001));
#4017 = CARTESIAN_POINT('',(8.1,8.3E-16,7.009907614667));
#4018 = CARTESIAN_POINT('',(8.097160188872,2.221511713811E-04,
    7.019782486262));
#4019 = CARTESIAN_POINT('',(8.091275509129,6.643271709619E-04,
    7.03044894237));
#4020 = CARTESIAN_POINT('',(8.084153870941,1.407101647847E-03,
    7.045016693381));
#4021 = CARTESIAN_POINT('',(8.075670568038,3.243935550806E-03,
    7.061427446855));
#4022 = CARTESIAN_POINT('',(8.072574659616,5.453028575333E-03,
    7.090555705666));
#4023 = CARTESIAN_POINT('',(8.072021938025,1.491699838629E-02,
    7.132857719408));
#4024 = CARTESIAN_POINT('',(8.071162137412,5.460130000506E-02,
    7.233642697808));
#4025 = CARTESIAN_POINT('',(8.070900751206,8.479146446135E-02,
    7.292190994014));
#4026 = CARTESIAN_POINT('',(8.067964244962,0.129177750741,7.354150864733
    ));
#4027 = CARTESIAN_POINT('',(8.05994883592,0.188077419032,7.409801921722)
  );
#4028 = CARTESIAN_POINT('',(8.047606647287,0.258457847083,7.453963713378
    ));
#4029 = CARTESIAN_POINT('',(8.032840039876,0.336246876425,7.484743764111
    ));
#4030 = CARTESIAN_POINT('',(8.016448204642,0.418093518513,7.5));
#4031 = CARTESIAN_POINT('',(8.0001,0.4999,7.5));
#4032 = CYLINDRICAL_SURFACE('',#4033,0.4999);
#4033 = AXIS2_PLACEMENT_3D('',#4034,#4035,#4036);
#4034 = CARTESIAN_POINT('',(0.,0.4999,7.0001));
#4035 = DIRECTION('',(1.,0.,0.));
#4036 = DIRECTION('',(0.,-1.,0.));
#4037 = ADVANCED_FACE('',(#4038),#4057,.T.);
#4038 = FACE_BOUND('',#4039,.T.);
#4039 = EDGE_LOOP('',(#4040,#4041,#4049,#4056));
#4040 = ORIENTED_EDGE('',*,*,#3240,.T.);
#4041 = ORIENTED_EDGE('',*,*,#4042,.T.);
#4042 = EDGE_CURVE('',#3233,#4043,#4045,.T.);
#4043 = VERTEX_POINT('',#4044);
#4044 = CARTESIAN_POINT('',(8.5,0.4,7.0001));
#4045 = LINE('',#4046,#4047);
#4046 = CARTESIAN_POINT('',(8.5,0.4,6.));
#4047 = VECTOR('',#4048,1.);
#4048 = DIRECTION('',(0.,0.,1.));
#4049 = ORIENTED_EDGE('',*,*,#4050,.F.);
#4050 = EDGE_CURVE('',#3195,#4043,#4051,.T.);
#4051 = CIRCLE('',#4052,0.4);
#4052 = AXIS2_PLACEMENT_3D('',#4053,#4054,#4055);
#4053 = CARTESIAN_POINT('',(8.1,0.4,7.0001));
#4054 = DIRECTION('',(-0.,0.,1.));
#4055 = DIRECTION('',(0.,-1.,0.));
#4056 = ORIENTED_EDGE('',*,*,#3202,.F.);
#4057 = CYLINDRICAL_SURFACE('',#4058,0.4);
#4058 = AXIS2_PLACEMENT_3D('',#4059,#4060,#4061);
#4059 = CARTESIAN_POINT('',(8.1,0.4,6.));
#4060 = DIRECTION('',(0.,0.,1.));
#4061 = DIRECTION('',(0.,-1.,0.));
#4062 = ADVANCED_FACE('',(#4063),#4081,.F.);
#4063 = FACE_BOUND('',#4064,.F.);
#4064 = EDGE_LOOP('',(#4065,#4066,#4067,#4075));
#4065 = ORIENTED_EDGE('',*,*,#3209,.F.);
#4066 = ORIENTED_EDGE('',*,*,#3266,.F.);
#4067 = ORIENTED_EDGE('',*,*,#4068,.T.);
#4068 = EDGE_CURVE('',#3259,#4069,#4071,.T.);
#4069 = VERTEX_POINT('',#4070);
#4070 = CARTESIAN_POINT('',(0.,20.,7.0001));
#4071 = LINE('',#4072,#4073);
#4072 = CARTESIAN_POINT('',(0.,20.,6.));
#4073 = VECTOR('',#4074,1.);
#4074 = DIRECTION('',(0.,0.,1.));
#4075 = ORIENTED_EDGE('',*,*,#4076,.T.);
#4076 = EDGE_CURVE('',#4069,#3193,#4077,.T.);
#4077 = LINE('',#4078,#4079);
#4078 = CARTESIAN_POINT('',(-1.1E-16,20.,7.0001));
#4079 = VECTOR('',#4080,1.);
#4080 = DIRECTION('',(0.,-1.,0.));
#4081 = PLANE('',#4082);
#4082 = AXIS2_PLACEMENT_3D('',#4083,#4084,#4085);
#4083 = CARTESIAN_POINT('',(0.,20.,6.));
#4084 = DIRECTION('',(1.,0.,0.));
#4085 = DIRECTION('',(0.,-1.,0.));
#4086 = ADVANCED_FACE('',(#4087),#4105,.F.);
#4087 = FACE_BOUND('',#4088,.F.);
#4088 = EDGE_LOOP('',(#4089,#4097,#4103,#4104));
#4089 = ORIENTED_EDGE('',*,*,#4090,.F.);
#4090 = EDGE_CURVE('',#4091,#3233,#4093,.T.);
#4091 = VERTEX_POINT('',#4092);
#4092 = CARTESIAN_POINT('',(8.5,19.6,6.));
#4093 = LINE('',#4094,#4095);
#4094 = CARTESIAN_POINT('',(8.5,20.,6.));
#4095 = VECTOR('',#4096,1.);
#4096 = DIRECTION('',(0.,-1.,2.2E-16));
#4097 = ORIENTED_EDGE('',*,*,#4098,.F.);
#4098 = EDGE_CURVE('',#3539,#4091,#4099,.T.);
#4099 = LINE('',#4100,#4101);
#4100 = CARTESIAN_POINT('',(8.5,19.6,0.5));
#4101 = VECTOR('',#4102,1.);
#4102 = DIRECTION('',(0.,2.2E-16,1.));
#4103 = ORIENTED_EDGE('',*,*,#3538,.T.);
#4104 = ORIENTED_EDGE('',*,*,#3232,.T.);
#4105 = PLANE('',#4106);
#4106 = AXIS2_PLACEMENT_3D('',#4107,#4108,#4109);
#4107 = CARTESIAN_POINT('',(8.5,20.,0.5));
#4108 = DIRECTION('',(-1.,0.,0.));
#4109 = DIRECTION('',(0.,2.2E-16,1.));
#4110 = ADVANCED_FACE('',(#4111),#4151,.F.);
#4111 = FACE_BOUND('',#4112,.F.);
#4112 = EDGE_LOOP('',(#4113,#4121,#4122,#4123,#4129,#4130,#4136,#4137,
    #4143,#4144,#4145));
#4113 = ORIENTED_EDGE('',*,*,#4114,.T.);
#4114 = EDGE_CURVE('',#4115,#3259,#4117,.T.);
#4115 = VERTEX_POINT('',#4116);
#4116 = CARTESIAN_POINT('',(8.1,20.,6.));
#4117 = LINE('',#4118,#4119);
#4118 = CARTESIAN_POINT('',(20.,20.,6.));
#4119 = VECTOR('',#4120,1.);
#4120 = DIRECTION('',(-1.,0.,0.));
#4121 = ORIENTED_EDGE('',*,*,#3256,.F.);
#4122 = ORIENTED_EDGE('',*,*,#3830,.F.);
#4123 = ORIENTED_EDGE('',*,*,#4124,.T.);
#4124 = EDGE_CURVE('',#3823,#3918,#4125,.T.);
#4125 = LINE('',#4126,#4127);
#4126 = CARTESIAN_POINT('',(20.,20.,0.));
#4127 = VECTOR('',#4128,1.);
#4128 = DIRECTION('',(0.,0.,1.));
#4129 = ORIENTED_EDGE('',*,*,#3917,.T.);
#4130 = ORIENTED_EDGE('',*,*,#4131,.T.);
#4131 = EDGE_CURVE('',#3920,#3298,#4132,.T.);
#4132 = LINE('',#4133,#4134);
#4133 = CARTESIAN_POINT('',(20.,20.,0.5));
#4134 = VECTOR('',#4135,1.);
#4135 = DIRECTION('',(-1.,0.,0.));
#4136 = ORIENTED_EDGE('',*,*,#3297,.T.);
#4137 = ORIENTED_EDGE('',*,*,#4138,.T.);
#4138 = EDGE_CURVE('',#3288,#3564,#4139,.T.);
#4139 = LINE('',#4140,#4141);
#4140 = CARTESIAN_POINT('',(20.,20.,0.5));
#4141 = VECTOR('',#4142,1.);
#4142 = DIRECTION('',(-1.,0.,0.));
#4143 = ORIENTED_EDGE('',*,*,#3563,.T.);
#4144 = ORIENTED_EDGE('',*,*,#3555,.T.);
#4145 = ORIENTED_EDGE('',*,*,#4146,.T.);
#4146 = EDGE_CURVE('',#3547,#4115,#4147,.T.);
#4147 = LINE('',#4148,#4149);
#4148 = CARTESIAN_POINT('',(8.1,20.,0.5));
#4149 = VECTOR('',#4150,1.);
#4150 = DIRECTION('',(0.,2.2E-16,1.));
#4151 = PLANE('',#4152);
#4152 = AXIS2_PLACEMENT_3D('',#4153,#4154,#4155);
#4153 = CARTESIAN_POINT('',(20.,20.,0.));
#4154 = DIRECTION('',(0.,-1.,0.));
#4155 = DIRECTION('',(-1.,0.,0.));
#4156 = ADVANCED_FACE('',(#4157),#4182,.T.);
#4157 = FACE_BOUND('',#4158,.T.);
#4158 = EDGE_LOOP('',(#4159,#4169,#4175,#4176));
#4159 = ORIENTED_EDGE('',*,*,#4160,.T.);
#4160 = EDGE_CURVE('',#4161,#4163,#4165,.T.);
#4161 = VERTEX_POINT('',#4162);
#4162 = CARTESIAN_POINT('',(12.2,20.,7.0001));
#4163 = VERTEX_POINT('',#4164);
#4164 = CARTESIAN_POINT('',(12.2,12.39999999976,7.0001));
#4165 = LINE('',#4166,#4167);
#4166 = CARTESIAN_POINT('',(12.2,20.,7.0001));
#4167 = VECTOR('',#4168,1.);
#4168 = DIRECTION('',(0.,-1.,0.));
#4169 = ORIENTED_EDGE('',*,*,#4170,.F.);
#4170 = EDGE_CURVE('',#3290,#4163,#4171,.T.);
#4171 = LINE('',#4172,#4173);
#4172 = CARTESIAN_POINT('',(12.2,12.39999999976,0.5));
#4173 = VECTOR('',#4174,1.);
#4174 = DIRECTION('',(0.,0.,1.));
#4175 = ORIENTED_EDGE('',*,*,#3287,.F.);
#4176 = ORIENTED_EDGE('',*,*,#4177,.T.);
#4177 = EDGE_CURVE('',#3288,#4161,#4178,.T.);
#4178 = LINE('',#4179,#4180);
#4179 = CARTESIAN_POINT('',(12.2,20.,0.5));
#4180 = VECTOR('',#4181,1.);
#4181 = DIRECTION('',(0.,0.,1.));
#4182 = PLANE('',#4183);
#4183 = AXIS2_PLACEMENT_3D('',#4184,#4185,#4186);
#4184 = CARTESIAN_POINT('',(12.2,20.,0.5));
#4185 = DIRECTION('',(1.,0.,0.));
#4186 = DIRECTION('',(0.,-1.,0.));
#4187 = ADVANCED_FACE('',(#4188),#4207,.T.);
#4188 = FACE_BOUND('',#4189,.F.);
#4189 = EDGE_LOOP('',(#4190,#4191,#4199,#4206));
#4190 = ORIENTED_EDGE('',*,*,#3788,.T.);
#4191 = ORIENTED_EDGE('',*,*,#4192,.T.);
#4192 = EDGE_CURVE('',#3781,#4193,#4195,.T.);
#4193 = VERTEX_POINT('',#4194);
#4194 = CARTESIAN_POINT('',(11.8,11.99999999976,7.0001));
#4195 = LINE('',#4196,#4197);
#4196 = CARTESIAN_POINT('',(11.8,11.99999999976,0.5));
#4197 = VECTOR('',#4198,1.);
#4198 = DIRECTION('',(0.,0.,1.));
#4199 = ORIENTED_EDGE('',*,*,#4200,.F.);
#4200 = EDGE_CURVE('',#4163,#4193,#4201,.T.);
#4201 = CIRCLE('',#4202,0.4);
#4202 = AXIS2_PLACEMENT_3D('',#4203,#4204,#4205);
#4203 = CARTESIAN_POINT('',(11.8,12.39999999976,7.0001));
#4204 = DIRECTION('',(0.,0.,-1.));
#4205 = DIRECTION('',(1.,0.,0.));
#4206 = ORIENTED_EDGE('',*,*,#4170,.F.);
#4207 = CYLINDRICAL_SURFACE('',#4208,0.4);
#4208 = AXIS2_PLACEMENT_3D('',#4209,#4210,#4211);
#4209 = CARTESIAN_POINT('',(11.8,12.39999999976,0.5));
#4210 = DIRECTION('',(0.,0.,1.));
#4211 = DIRECTION('',(1.,0.,-0.));
#4212 = ADVANCED_FACE('',(#4213),#4231,.T.);
#4213 = FACE_BOUND('',#4214,.T.);
#4214 = EDGE_LOOP('',(#4215,#4223,#4229,#4230));
#4215 = ORIENTED_EDGE('',*,*,#4216,.T.);
#4216 = EDGE_CURVE('',#4193,#4217,#4219,.T.);
#4217 = VERTEX_POINT('',#4218);
#4218 = CARTESIAN_POINT('',(10.6,11.99999999976,7.0001));
#4219 = LINE('',#4220,#4221);
#4220 = CARTESIAN_POINT('',(12.2,11.99999999976,7.0001));
#4221 = VECTOR('',#4222,1.);
#4222 = DIRECTION('',(-1.,0.,0.));
#4223 = ORIENTED_EDGE('',*,*,#4224,.F.);
#4224 = EDGE_CURVE('',#3772,#4217,#4225,.T.);
#4225 = LINE('',#4226,#4227);
#4226 = CARTESIAN_POINT('',(10.6,11.99999999976,0.5));
#4227 = VECTOR('',#4228,1.);
#4228 = DIRECTION('',(0.,0.,1.));
#4229 = ORIENTED_EDGE('',*,*,#3780,.F.);
#4230 = ORIENTED_EDGE('',*,*,#4192,.T.);
#4231 = PLANE('',#4232);
#4232 = AXIS2_PLACEMENT_3D('',#4233,#4234,#4235);
#4233 = CARTESIAN_POINT('',(12.2,11.99999999976,0.5));
#4234 = DIRECTION('',(0.,-1.,0.));
#4235 = DIRECTION('',(-1.,0.,0.));
#4236 = ADVANCED_FACE('',(#4237),#4255,.F.);
#4237 = FACE_BOUND('',#4238,.F.);
#4238 = EDGE_LOOP('',(#4239,#4240,#4241,#4249));
#4239 = ORIENTED_EDGE('',*,*,#3974,.F.);
#4240 = ORIENTED_EDGE('',*,*,#3305,.F.);
#4241 = ORIENTED_EDGE('',*,*,#4242,.T.);
#4242 = EDGE_CURVE('',#3298,#4243,#4245,.T.);
#4243 = VERTEX_POINT('',#4244);
#4244 = CARTESIAN_POINT('',(13.9,20.,6.5001));
#4245 = LINE('',#4246,#4247);
#4246 = CARTESIAN_POINT('',(13.9,20.,0.5));
#4247 = VECTOR('',#4248,1.);
#4248 = DIRECTION('',(0.,0.,1.));
#4249 = ORIENTED_EDGE('',*,*,#4250,.T.);
#4250 = EDGE_CURVE('',#4243,#3975,#4251,.T.);
#4251 = LINE('',#4252,#4253);
#4252 = CARTESIAN_POINT('',(13.9,20.,6.5001));
#4253 = VECTOR('',#4254,1.);
#4254 = DIRECTION('',(0.,-1.,0.));
#4255 = PLANE('',#4256);
#4256 = AXIS2_PLACEMENT_3D('',#4257,#4258,#4259);
#4257 = CARTESIAN_POINT('',(13.9,20.,0.5));
#4258 = DIRECTION('',(1.,0.,0.));
#4259 = DIRECTION('',(0.,-1.,0.));
#4260 = ADVANCED_FACE('',(#4261),#4280,.T.);
#4261 = FACE_BOUND('',#4262,.F.);
#4262 = EDGE_LOOP('',(#4263,#4264,#4272,#4279));
#4263 = ORIENTED_EDGE('',*,*,#3771,.T.);
#4264 = ORIENTED_EDGE('',*,*,#4265,.T.);
#4265 = EDGE_CURVE('',#3764,#4266,#4268,.T.);
#4266 = VERTEX_POINT('',#4267);
#4267 = CARTESIAN_POINT('',(10.2,12.39999999976,7.0001));
#4268 = LINE('',#4269,#4270);
#4269 = CARTESIAN_POINT('',(10.2,12.39999999976,0.5));
#4270 = VECTOR('',#4271,1.);
#4271 = DIRECTION('',(0.,0.,1.));
#4272 = ORIENTED_EDGE('',*,*,#4273,.F.);
#4273 = EDGE_CURVE('',#4217,#4266,#4274,.T.);
#4274 = CIRCLE('',#4275,0.4);
#4275 = AXIS2_PLACEMENT_3D('',#4276,#4277,#4278);
#4276 = CARTESIAN_POINT('',(10.6,12.39999999976,7.0001));
#4277 = DIRECTION('',(-0.,-0.,-1.));
#4278 = DIRECTION('',(0.,-1.,0.));
#4279 = ORIENTED_EDGE('',*,*,#4224,.F.);
#4280 = CYLINDRICAL_SURFACE('',#4281,0.4);
#4281 = AXIS2_PLACEMENT_3D('',#4282,#4283,#4284);
#4282 = CARTESIAN_POINT('',(10.6,12.39999999976,0.5));
#4283 = DIRECTION('',(0.,0.,1.));
#4284 = DIRECTION('',(0.,-1.,0.));
#4285 = ADVANCED_FACE('',(#4286),#4304,.F.);
#4286 = FACE_BOUND('',#4287,.F.);
#4287 = EDGE_LOOP('',(#4288,#4296,#4297,#4298));
#4288 = ORIENTED_EDGE('',*,*,#4289,.T.);
#4289 = EDGE_CURVE('',#4290,#4266,#4292,.T.);
#4290 = VERTEX_POINT('',#4291);
#4291 = CARTESIAN_POINT('',(10.2,12.999999999767,7.0001));
#4292 = LINE('',#4293,#4294);
#4293 = CARTESIAN_POINT('',(10.2,12.999999999767,7.0001));
#4294 = VECTOR('',#4295,1.);
#4295 = DIRECTION('',(0.,-1.,0.));
#4296 = ORIENTED_EDGE('',*,*,#4265,.F.);
#4297 = ORIENTED_EDGE('',*,*,#3763,.F.);
#4298 = ORIENTED_EDGE('',*,*,#4299,.T.);
#4299 = EDGE_CURVE('',#3756,#4290,#4300,.T.);
#4300 = LINE('',#4301,#4302);
#4301 = CARTESIAN_POINT('',(10.2,12.999999999767,0.5));
#4302 = VECTOR('',#4303,1.);
#4303 = DIRECTION('',(0.,0.,1.));
#4304 = PLANE('',#4305);
#4305 = AXIS2_PLACEMENT_3D('',#4306,#4307,#4308);
#4306 = CARTESIAN_POINT('',(10.2,12.999999999767,0.5));
#4307 = DIRECTION('',(1.,0.,0.));
#4308 = DIRECTION('',(0.,-1.,0.));
#4309 = ADVANCED_FACE('',(#4310),#4328,.T.);
#4310 = FACE_BOUND('',#4311,.T.);
#4311 = EDGE_LOOP('',(#4312,#4320,#4321,#4322));
#4312 = ORIENTED_EDGE('',*,*,#4313,.T.);
#4313 = EDGE_CURVE('',#4314,#3887,#4316,.T.);
#4314 = VERTEX_POINT('',#4315);
#4315 = CARTESIAN_POINT('',(12.2,7.599999999675,7.0001));
#4316 = LINE('',#4317,#4318);
#4317 = CARTESIAN_POINT('',(12.2,7.999999999675,7.0001));
#4318 = VECTOR('',#4319,1.);
#4319 = DIRECTION('',(0.,-1.,0.));
#4320 = ORIENTED_EDGE('',*,*,#3886,.F.);
#4321 = ORIENTED_EDGE('',*,*,#3312,.F.);
#4322 = ORIENTED_EDGE('',*,*,#4323,.T.);
#4323 = EDGE_CURVE('',#3313,#4314,#4324,.T.);
#4324 = LINE('',#4325,#4326);
#4325 = CARTESIAN_POINT('',(12.2,7.599999999675,0.5));
#4326 = VECTOR('',#4327,1.);
#4327 = DIRECTION('',(0.,0.,1.));
#4328 = PLANE('',#4329);
#4329 = AXIS2_PLACEMENT_3D('',#4330,#4331,#4332);
#4330 = CARTESIAN_POINT('',(12.2,7.999999999675,0.5));
#4331 = DIRECTION('',(1.,0.,0.));
#4332 = DIRECTION('',(0.,-1.,0.));
#4333 = ADVANCED_FACE('',(#4334),#4352,.F.);
#4334 = FACE_BOUND('',#4335,.F.);
#4335 = EDGE_LOOP('',(#4336,#4344,#4345,#4346));
#4336 = ORIENTED_EDGE('',*,*,#4337,.T.);
#4337 = EDGE_CURVE('',#4338,#4290,#4340,.T.);
#4338 = VERTEX_POINT('',#4339);
#4339 = CARTESIAN_POINT('',(9.6,12.999999999767,7.0001));
#4340 = LINE('',#4341,#4342);
#4341 = CARTESIAN_POINT('',(9.2,12.999999999767,7.0001));
#4342 = VECTOR('',#4343,1.);
#4343 = DIRECTION('',(1.,0.,0.));
#4344 = ORIENTED_EDGE('',*,*,#4299,.F.);
#4345 = ORIENTED_EDGE('',*,*,#3755,.F.);
#4346 = ORIENTED_EDGE('',*,*,#4347,.T.);
#4347 = EDGE_CURVE('',#3747,#4338,#4348,.T.);
#4348 = LINE('',#4349,#4350);
#4349 = CARTESIAN_POINT('',(9.6,12.999999999767,0.5));
#4350 = VECTOR('',#4351,1.);
#4351 = DIRECTION('',(0.,0.,1.));
#4352 = PLANE('',#4353);
#4353 = AXIS2_PLACEMENT_3D('',#4354,#4355,#4356);
#4354 = CARTESIAN_POINT('',(9.2,12.999999999767,0.5));
#4355 = DIRECTION('',(0.,1.,0.));
#4356 = DIRECTION('',(1.,0.,0.));
#4357 = ADVANCED_FACE('',(#4358),#4377,.T.);
#4358 = FACE_BOUND('',#4359,.F.);
#4359 = EDGE_LOOP('',(#4360,#4361,#4362,#4371));
#4360 = ORIENTED_EDGE('',*,*,#3320,.T.);
#4361 = ORIENTED_EDGE('',*,*,#4323,.T.);
#4362 = ORIENTED_EDGE('',*,*,#4363,.F.);
#4363 = EDGE_CURVE('',#4364,#4314,#4366,.T.);
#4364 = VERTEX_POINT('',#4365);
#4365 = CARTESIAN_POINT('',(11.8,7.999999999675,7.0001));
#4366 = CIRCLE('',#4367,0.4);
#4367 = AXIS2_PLACEMENT_3D('',#4368,#4369,#4370);
#4368 = CARTESIAN_POINT('',(11.8,7.599999999675,7.0001));
#4369 = DIRECTION('',(0.,0.,-1.));
#4370 = DIRECTION('',(0.,1.,0.));
#4371 = ORIENTED_EDGE('',*,*,#4372,.F.);
#4372 = EDGE_CURVE('',#3321,#4364,#4373,.T.);
#4373 = LINE('',#4374,#4375);
#4374 = CARTESIAN_POINT('',(11.8,7.999999999675,0.5));
#4375 = VECTOR('',#4376,1.);
#4376 = DIRECTION('',(0.,0.,1.));
#4377 = CYLINDRICAL_SURFACE('',#4378,0.4);
#4378 = AXIS2_PLACEMENT_3D('',#4379,#4380,#4381);
#4379 = CARTESIAN_POINT('',(11.8,7.599999999675,0.5));
#4380 = DIRECTION('',(0.,0.,1.));
#4381 = DIRECTION('',(0.,1.,0.));
#4382 = ADVANCED_FACE('',(#4383),#4402,.T.);
#4383 = FACE_BOUND('',#4384,.F.);
#4384 = EDGE_LOOP('',(#4385,#4386,#4394,#4401));
#4385 = ORIENTED_EDGE('',*,*,#3746,.T.);
#4386 = ORIENTED_EDGE('',*,*,#4387,.T.);
#4387 = EDGE_CURVE('',#3739,#4388,#4390,.T.);
#4388 = VERTEX_POINT('',#4389);
#4389 = CARTESIAN_POINT('',(9.2,13.399999999767,7.0001));
#4390 = LINE('',#4391,#4392);
#4391 = CARTESIAN_POINT('',(9.2,13.399999999767,0.5));
#4392 = VECTOR('',#4393,1.);
#4393 = DIRECTION('',(0.,0.,1.));
#4394 = ORIENTED_EDGE('',*,*,#4395,.F.);
#4395 = EDGE_CURVE('',#4338,#4388,#4396,.T.);
#4396 = CIRCLE('',#4397,0.4);
#4397 = AXIS2_PLACEMENT_3D('',#4398,#4399,#4400);
#4398 = CARTESIAN_POINT('',(9.6,13.399999999767,7.0001));
#4399 = DIRECTION('',(-0.,-0.,-1.));
#4400 = DIRECTION('',(0.,-1.,0.));
#4401 = ORIENTED_EDGE('',*,*,#4347,.F.);
#4402 = CYLINDRICAL_SURFACE('',#4403,0.4);
#4403 = AXIS2_PLACEMENT_3D('',#4404,#4405,#4406);
#4404 = CARTESIAN_POINT('',(9.6,13.399999999767,0.5));
#4405 = DIRECTION('',(0.,0.,1.));
#4406 = DIRECTION('',(0.,-1.,0.));
#4407 = ADVANCED_FACE('',(#4408),#4426,.T.);
#4408 = FACE_BOUND('',#4409,.T.);
#4409 = EDGE_LOOP('',(#4410,#4418,#4419,#4420));
#4410 = ORIENTED_EDGE('',*,*,#4411,.F.);
#4411 = EDGE_CURVE('',#4364,#4412,#4414,.T.);
#4412 = VERTEX_POINT('',#4413);
#4413 = CARTESIAN_POINT('',(10.2,7.999999999675,7.0001));
#4414 = LINE('',#4415,#4416);
#4415 = CARTESIAN_POINT('',(12.2,7.999999999675,7.0001));
#4416 = VECTOR('',#4417,1.);
#4417 = DIRECTION('',(-1.,-0.,-0.));
#4418 = ORIENTED_EDGE('',*,*,#4372,.F.);
#4419 = ORIENTED_EDGE('',*,*,#3329,.F.);
#4420 = ORIENTED_EDGE('',*,*,#4421,.T.);
#4421 = EDGE_CURVE('',#3330,#4412,#4422,.T.);
#4422 = LINE('',#4423,#4424);
#4423 = CARTESIAN_POINT('',(10.2,7.999999999675,0.5));
#4424 = VECTOR('',#4425,1.);
#4425 = DIRECTION('',(0.,0.,1.));
#4426 = PLANE('',#4427);
#4427 = AXIS2_PLACEMENT_3D('',#4428,#4429,#4430);
#4428 = CARTESIAN_POINT('',(10.2,7.999999999675,0.5));
#4429 = DIRECTION('',(0.,1.,0.));
#4430 = DIRECTION('',(1.,0.,0.));
#4431 = ADVANCED_FACE('',(#4432),#4450,.F.);
#4432 = FACE_BOUND('',#4433,.F.);
#4433 = EDGE_LOOP('',(#4434,#4442,#4443,#4444));
#4434 = ORIENTED_EDGE('',*,*,#4435,.T.);
#4435 = EDGE_CURVE('',#4436,#4388,#4438,.T.);
#4436 = VERTEX_POINT('',#4437);
#4437 = CARTESIAN_POINT('',(9.2,13.599999999781,7.0001));
#4438 = LINE('',#4439,#4440);
#4439 = CARTESIAN_POINT('',(9.2,13.999999999781,7.0001));
#4440 = VECTOR('',#4441,1.);
#4441 = DIRECTION('',(0.,-1.,0.));
#4442 = ORIENTED_EDGE('',*,*,#4387,.F.);
#4443 = ORIENTED_EDGE('',*,*,#3738,.F.);
#4444 = ORIENTED_EDGE('',*,*,#4445,.T.);
#4445 = EDGE_CURVE('',#3730,#4436,#4446,.T.);
#4446 = LINE('',#4447,#4448);
#4447 = CARTESIAN_POINT('',(9.2,13.599999999781,0.5));
#4448 = VECTOR('',#4449,1.);
#4449 = DIRECTION('',(0.,0.,1.));
#4450 = PLANE('',#4451);
#4451 = AXIS2_PLACEMENT_3D('',#4452,#4453,#4454);
#4452 = CARTESIAN_POINT('',(9.2,13.999999999781,0.5));
#4453 = DIRECTION('',(1.,0.,0.));
#4454 = DIRECTION('',(0.,-1.,0.));
#4455 = ADVANCED_FACE('',(#4456),#4474,.F.);
#4456 = FACE_BOUND('',#4457,.F.);
#4457 = EDGE_LOOP('',(#4458,#4466,#4472,#4473));
#4458 = ORIENTED_EDGE('',*,*,#4459,.T.);
#4459 = EDGE_CURVE('',#4412,#4460,#4462,.T.);
#4460 = VERTEX_POINT('',#4461);
#4461 = CARTESIAN_POINT('',(9.6,7.999999999675,7.0001));
#4462 = LINE('',#4463,#4464);
#4463 = CARTESIAN_POINT('',(10.2,7.999999999675,7.0001));
#4464 = VECTOR('',#4465,1.);
#4465 = DIRECTION('',(-1.,0.,0.));
#4466 = ORIENTED_EDGE('',*,*,#4467,.F.);
#4467 = EDGE_CURVE('',#3338,#4460,#4468,.T.);
#4468 = LINE('',#4469,#4470);
#4469 = CARTESIAN_POINT('',(9.6,7.999999999675,0.5));
#4470 = VECTOR('',#4471,1.);
#4471 = DIRECTION('',(0.,0.,1.));
#4472 = ORIENTED_EDGE('',*,*,#3337,.F.);
#4473 = ORIENTED_EDGE('',*,*,#4421,.T.);
#4474 = PLANE('',#4475);
#4475 = AXIS2_PLACEMENT_3D('',#4476,#4477,#4478);
#4476 = CARTESIAN_POINT('',(10.2,7.999999999675,0.5));
#4477 = DIRECTION('',(0.,-1.,0.));
#4478 = DIRECTION('',(-1.,0.,0.));
#4479 = ADVANCED_FACE('',(#4480),#4499,.T.);
#4480 = FACE_BOUND('',#4481,.F.);
#4481 = EDGE_LOOP('',(#4482,#4483,#4491,#4498));
#4482 = ORIENTED_EDGE('',*,*,#3729,.T.);
#4483 = ORIENTED_EDGE('',*,*,#4484,.T.);
#4484 = EDGE_CURVE('',#3722,#4485,#4487,.T.);
#4485 = VERTEX_POINT('',#4486);
#4486 = CARTESIAN_POINT('',(9.6,13.999999999781,7.0001));
#4487 = LINE('',#4488,#4489);
#4488 = CARTESIAN_POINT('',(9.6,13.999999999781,0.5));
#4489 = VECTOR('',#4490,1.);
#4490 = DIRECTION('',(0.,0.,1.));
#4491 = ORIENTED_EDGE('',*,*,#4492,.F.);
#4492 = EDGE_CURVE('',#4436,#4485,#4493,.T.);
#4493 = CIRCLE('',#4494,0.4);
#4494 = AXIS2_PLACEMENT_3D('',#4495,#4496,#4497);
#4495 = CARTESIAN_POINT('',(9.6,13.599999999781,7.0001));
#4496 = DIRECTION('',(0.,0.,-1.));
#4497 = DIRECTION('',(-1.,0.,0.));
#4498 = ORIENTED_EDGE('',*,*,#4445,.F.);
#4499 = CYLINDRICAL_SURFACE('',#4500,0.4);
#4500 = AXIS2_PLACEMENT_3D('',#4501,#4502,#4503);
#4501 = CARTESIAN_POINT('',(9.6,13.599999999781,0.5));
#4502 = DIRECTION('',(0.,0.,1.));
#4503 = DIRECTION('',(-1.,0.,0.));
#4504 = ADVANCED_FACE('',(#4505),#4524,.T.);
#4505 = FACE_BOUND('',#4506,.F.);
#4506 = EDGE_LOOP('',(#4507,#4508,#4509,#4518));
#4507 = ORIENTED_EDGE('',*,*,#3345,.T.);
#4508 = ORIENTED_EDGE('',*,*,#4467,.T.);
#4509 = ORIENTED_EDGE('',*,*,#4510,.F.);
#4510 = EDGE_CURVE('',#4511,#4460,#4513,.T.);
#4511 = VERTEX_POINT('',#4512);
#4512 = CARTESIAN_POINT('',(9.2,7.599999999675,7.0001));
#4513 = CIRCLE('',#4514,0.4);
#4514 = AXIS2_PLACEMENT_3D('',#4515,#4516,#4517);
#4515 = CARTESIAN_POINT('',(9.6,7.599999999675,7.0001));
#4516 = DIRECTION('',(0.,0.,-1.));
#4517 = DIRECTION('',(-1.,0.,0.));
#4518 = ORIENTED_EDGE('',*,*,#4519,.F.);
#4519 = EDGE_CURVE('',#3346,#4511,#4520,.T.);
#4520 = LINE('',#4521,#4522);
#4521 = CARTESIAN_POINT('',(9.2,7.599999999675,0.5));
#4522 = VECTOR('',#4523,1.);
#4523 = DIRECTION('',(0.,0.,1.));
#4524 = CYLINDRICAL_SURFACE('',#4525,0.4);
#4525 = AXIS2_PLACEMENT_3D('',#4526,#4527,#4528);
#4526 = CARTESIAN_POINT('',(9.6,7.599999999675,0.5));
#4527 = DIRECTION('',(0.,0.,1.));
#4528 = DIRECTION('',(-1.,0.,0.));
#4529 = ADVANCED_FACE('',(#4530),#4548,.F.);
#4530 = FACE_BOUND('',#4531,.F.);
#4531 = EDGE_LOOP('',(#4532,#4540,#4541,#4542));
#4532 = ORIENTED_EDGE('',*,*,#4533,.T.);
#4533 = EDGE_CURVE('',#4534,#4485,#4536,.T.);
#4534 = VERTEX_POINT('',#4535);
#4535 = CARTESIAN_POINT('',(10.2,13.999999999781,7.0001));
#4536 = LINE('',#4537,#4538);
#4537 = CARTESIAN_POINT('',(10.2,13.999999999781,7.0001));
#4538 = VECTOR('',#4539,1.);
#4539 = DIRECTION('',(-1.,0.,0.));
#4540 = ORIENTED_EDGE('',*,*,#4484,.F.);
#4541 = ORIENTED_EDGE('',*,*,#3721,.F.);
#4542 = ORIENTED_EDGE('',*,*,#4543,.T.);
#4543 = EDGE_CURVE('',#3714,#4534,#4544,.T.);
#4544 = LINE('',#4545,#4546);
#4545 = CARTESIAN_POINT('',(10.2,13.999999999781,0.5));
#4546 = VECTOR('',#4547,1.);
#4547 = DIRECTION('',(0.,0.,1.));
#4548 = PLANE('',#4549);
#4549 = AXIS2_PLACEMENT_3D('',#4550,#4551,#4552);
#4550 = CARTESIAN_POINT('',(10.2,13.999999999781,0.5));
#4551 = DIRECTION('',(0.,-1.,0.));
#4552 = DIRECTION('',(-1.,0.,0.));
#4553 = ADVANCED_FACE('',(#4554),#4572,.F.);
#4554 = FACE_BOUND('',#4555,.F.);
#4555 = EDGE_LOOP('',(#4556,#4564,#4570,#4571));
#4556 = ORIENTED_EDGE('',*,*,#4557,.T.);
#4557 = EDGE_CURVE('',#4511,#4558,#4560,.T.);
#4558 = VERTEX_POINT('',#4559);
#4559 = CARTESIAN_POINT('',(9.2,7.399999999661,7.0001));
#4560 = LINE('',#4561,#4562);
#4561 = CARTESIAN_POINT('',(9.2,7.999999999675,7.0001));
#4562 = VECTOR('',#4563,1.);
#4563 = DIRECTION('',(0.,-1.,0.));
#4564 = ORIENTED_EDGE('',*,*,#4565,.F.);
#4565 = EDGE_CURVE('',#3355,#4558,#4566,.T.);
#4566 = LINE('',#4567,#4568);
#4567 = CARTESIAN_POINT('',(9.2,7.399999999661,0.5));
#4568 = VECTOR('',#4569,1.);
#4569 = DIRECTION('',(0.,0.,1.));
#4570 = ORIENTED_EDGE('',*,*,#3354,.F.);
#4571 = ORIENTED_EDGE('',*,*,#4519,.T.);
#4572 = PLANE('',#4573);
#4573 = AXIS2_PLACEMENT_3D('',#4574,#4575,#4576);
#4574 = CARTESIAN_POINT('',(9.2,7.999999999675,0.5));
#4575 = DIRECTION('',(1.,0.,0.));
#4576 = DIRECTION('',(0.,-1.,0.));
#4577 = ADVANCED_FACE('',(#4578),#4596,.F.);
#4578 = FACE_BOUND('',#4579,.F.);
#4579 = EDGE_LOOP('',(#4580,#4588,#4594,#4595));
#4580 = ORIENTED_EDGE('',*,*,#4581,.T.);
#4581 = EDGE_CURVE('',#3706,#4582,#4584,.T.);
#4582 = VERTEX_POINT('',#4583);
#4583 = CARTESIAN_POINT('',(10.2,14.999999999802,7.0001));
#4584 = LINE('',#4585,#4586);
#4585 = CARTESIAN_POINT('',(10.2,14.999999999802,0.5));
#4586 = VECTOR('',#4587,1.);
#4587 = DIRECTION('',(0.,0.,1.));
#4588 = ORIENTED_EDGE('',*,*,#4589,.T.);
#4589 = EDGE_CURVE('',#4582,#4534,#4590,.T.);
#4590 = LINE('',#4591,#4592);
#4591 = CARTESIAN_POINT('',(10.2,14.999999999802,7.0001));
#4592 = VECTOR('',#4593,1.);
#4593 = DIRECTION('',(0.,-1.,0.));
#4594 = ORIENTED_EDGE('',*,*,#4543,.F.);
#4595 = ORIENTED_EDGE('',*,*,#3713,.F.);
#4596 = PLANE('',#4597);
#4597 = AXIS2_PLACEMENT_3D('',#4598,#4599,#4600);
#4598 = CARTESIAN_POINT('',(10.2,14.999999999802,0.5));
#4599 = DIRECTION('',(1.,0.,0.));
#4600 = DIRECTION('',(0.,-1.,0.));
#4601 = ADVANCED_FACE('',(#4602),#4621,.T.);
#4602 = FACE_BOUND('',#4603,.F.);
#4603 = EDGE_LOOP('',(#4604,#4605,#4606,#4615));
#4604 = ORIENTED_EDGE('',*,*,#3362,.T.);
#4605 = ORIENTED_EDGE('',*,*,#4565,.T.);
#4606 = ORIENTED_EDGE('',*,*,#4607,.F.);
#4607 = EDGE_CURVE('',#4608,#4558,#4610,.T.);
#4608 = VERTEX_POINT('',#4609);
#4609 = CARTESIAN_POINT('',(9.6,6.999999999661,7.0001));
#4610 = CIRCLE('',#4611,0.4);
#4611 = AXIS2_PLACEMENT_3D('',#4612,#4613,#4614);
#4612 = CARTESIAN_POINT('',(9.6,7.399999999661,7.0001));
#4613 = DIRECTION('',(-0.,-0.,-1.));
#4614 = DIRECTION('',(0.,-1.,0.));
#4615 = ORIENTED_EDGE('',*,*,#4616,.F.);
#4616 = EDGE_CURVE('',#3363,#4608,#4617,.T.);
#4617 = LINE('',#4618,#4619);
#4618 = CARTESIAN_POINT('',(9.6,6.999999999661,0.5));
#4619 = VECTOR('',#4620,1.);
#4620 = DIRECTION('',(0.,0.,1.));
#4621 = CYLINDRICAL_SURFACE('',#4622,0.4);
#4622 = AXIS2_PLACEMENT_3D('',#4623,#4624,#4625);
#4623 = CARTESIAN_POINT('',(9.6,7.399999999661,0.5));
#4624 = DIRECTION('',(0.,0.,1.));
#4625 = DIRECTION('',(0.,-1.,0.));
#4626 = ADVANCED_FACE('',(#4627),#4645,.F.);
#4627 = FACE_BOUND('',#4628,.F.);
#4628 = EDGE_LOOP('',(#4629,#4637,#4638,#4639));
#4629 = ORIENTED_EDGE('',*,*,#4630,.T.);
#4630 = EDGE_CURVE('',#4631,#4582,#4633,.T.);
#4631 = VERTEX_POINT('',#4632);
#4632 = CARTESIAN_POINT('',(9.6,14.999999999802,7.0001));
#4633 = LINE('',#4634,#4635);
#4634 = CARTESIAN_POINT('',(9.2,14.999999999802,7.0001));
#4635 = VECTOR('',#4636,1.);
#4636 = DIRECTION('',(1.,0.,0.));
#4637 = ORIENTED_EDGE('',*,*,#4581,.F.);
#4638 = ORIENTED_EDGE('',*,*,#3705,.F.);
#4639 = ORIENTED_EDGE('',*,*,#4640,.T.);
#4640 = EDGE_CURVE('',#3697,#4631,#4641,.T.);
#4641 = LINE('',#4642,#4643);
#4642 = CARTESIAN_POINT('',(9.6,14.999999999802,0.5));
#4643 = VECTOR('',#4644,1.);
#4644 = DIRECTION('',(0.,0.,1.));
#4645 = PLANE('',#4646);
#4646 = AXIS2_PLACEMENT_3D('',#4647,#4648,#4649);
#4647 = CARTESIAN_POINT('',(9.2,14.999999999802,0.5));
#4648 = DIRECTION('',(0.,1.,0.));
#4649 = DIRECTION('',(1.,0.,0.));
#4650 = ADVANCED_FACE('',(#4651),#4669,.F.);
#4651 = FACE_BOUND('',#4652,.F.);
#4652 = EDGE_LOOP('',(#4653,#4661,#4667,#4668));
#4653 = ORIENTED_EDGE('',*,*,#4654,.T.);
#4654 = EDGE_CURVE('',#4608,#4655,#4657,.T.);
#4655 = VERTEX_POINT('',#4656);
#4656 = CARTESIAN_POINT('',(10.2,6.999999999661,7.0001));
#4657 = LINE('',#4658,#4659);
#4658 = CARTESIAN_POINT('',(9.2,6.999999999661,7.0001));
#4659 = VECTOR('',#4660,1.);
#4660 = DIRECTION('',(1.,0.,0.));
#4661 = ORIENTED_EDGE('',*,*,#4662,.F.);
#4662 = EDGE_CURVE('',#3372,#4655,#4663,.T.);
#4663 = LINE('',#4664,#4665);
#4664 = CARTESIAN_POINT('',(10.2,6.999999999661,0.5));
#4665 = VECTOR('',#4666,1.);
#4666 = DIRECTION('',(0.,0.,1.));
#4667 = ORIENTED_EDGE('',*,*,#3371,.F.);
#4668 = ORIENTED_EDGE('',*,*,#4616,.T.);
#4669 = PLANE('',#4670);
#4670 = AXIS2_PLACEMENT_3D('',#4671,#4672,#4673);
#4671 = CARTESIAN_POINT('',(9.2,6.999999999661,0.5));
#4672 = DIRECTION('',(0.,1.,0.));
#4673 = DIRECTION('',(1.,0.,0.));
#4674 = ADVANCED_FACE('',(#4675),#4694,.T.);
#4675 = FACE_BOUND('',#4676,.F.);
#4676 = EDGE_LOOP('',(#4677,#4678,#4686,#4693));
#4677 = ORIENTED_EDGE('',*,*,#3696,.T.);
#4678 = ORIENTED_EDGE('',*,*,#4679,.T.);
#4679 = EDGE_CURVE('',#3689,#4680,#4682,.T.);
#4680 = VERTEX_POINT('',#4681);
#4681 = CARTESIAN_POINT('',(9.2,15.399999999802,7.0001));
#4682 = LINE('',#4683,#4684);
#4683 = CARTESIAN_POINT('',(9.2,15.399999999802,0.5));
#4684 = VECTOR('',#4685,1.);
#4685 = DIRECTION('',(0.,0.,1.));
#4686 = ORIENTED_EDGE('',*,*,#4687,.F.);
#4687 = EDGE_CURVE('',#4631,#4680,#4688,.T.);
#4688 = CIRCLE('',#4689,0.4);
#4689 = AXIS2_PLACEMENT_3D('',#4690,#4691,#4692);
#4690 = CARTESIAN_POINT('',(9.6,15.399999999802,7.0001));
#4691 = DIRECTION('',(-0.,-0.,-1.));
#4692 = DIRECTION('',(0.,-1.,0.));
#4693 = ORIENTED_EDGE('',*,*,#4640,.F.);
#4694 = CYLINDRICAL_SURFACE('',#4695,0.4);
#4695 = AXIS2_PLACEMENT_3D('',#4696,#4697,#4698);
#4696 = CARTESIAN_POINT('',(9.6,15.399999999802,0.5));
#4697 = DIRECTION('',(0.,0.,1.));
#4698 = DIRECTION('',(0.,-1.,0.));
#4699 = ADVANCED_FACE('',(#4700),#4718,.F.);
#4700 = FACE_BOUND('',#4701,.F.);
#4701 = EDGE_LOOP('',(#4702,#4703,#4711,#4717));
#4702 = ORIENTED_EDGE('',*,*,#4662,.T.);
#4703 = ORIENTED_EDGE('',*,*,#4704,.T.);
#4704 = EDGE_CURVE('',#4655,#4705,#4707,.T.);
#4705 = VERTEX_POINT('',#4706);
#4706 = CARTESIAN_POINT('',(10.2,5.999999999654,7.0001));
#4707 = LINE('',#4708,#4709);
#4708 = CARTESIAN_POINT('',(10.2,6.999999999661,7.0001));
#4709 = VECTOR('',#4710,1.);
#4710 = DIRECTION('',(0.,-1.,0.));
#4711 = ORIENTED_EDGE('',*,*,#4712,.F.);
#4712 = EDGE_CURVE('',#3380,#4705,#4713,.T.);
#4713 = LINE('',#4714,#4715);
#4714 = CARTESIAN_POINT('',(10.2,5.999999999654,0.5));
#4715 = VECTOR('',#4716,1.);
#4716 = DIRECTION('',(0.,0.,1.));
#4717 = ORIENTED_EDGE('',*,*,#3379,.F.);
#4718 = PLANE('',#4719);
#4719 = AXIS2_PLACEMENT_3D('',#4720,#4721,#4722);
#4720 = CARTESIAN_POINT('',(10.2,6.999999999661,0.5));
#4721 = DIRECTION('',(1.,0.,0.));
#4722 = DIRECTION('',(0.,-1.,0.));
#4723 = ADVANCED_FACE('',(#4724),#4742,.F.);
#4724 = FACE_BOUND('',#4725,.F.);
#4725 = EDGE_LOOP('',(#4726,#4734,#4735,#4736));
#4726 = ORIENTED_EDGE('',*,*,#4727,.T.);
#4727 = EDGE_CURVE('',#4728,#4680,#4730,.T.);
#4728 = VERTEX_POINT('',#4729);
#4729 = CARTESIAN_POINT('',(9.2,15.59999999983,7.0001));
#4730 = LINE('',#4731,#4732);
#4731 = CARTESIAN_POINT('',(9.2,15.99999999983,7.0001));
#4732 = VECTOR('',#4733,1.);
#4733 = DIRECTION('',(0.,-1.,0.));
#4734 = ORIENTED_EDGE('',*,*,#4679,.F.);
#4735 = ORIENTED_EDGE('',*,*,#3688,.F.);
#4736 = ORIENTED_EDGE('',*,*,#4737,.T.);
#4737 = EDGE_CURVE('',#3680,#4728,#4738,.T.);
#4738 = LINE('',#4739,#4740);
#4739 = CARTESIAN_POINT('',(9.2,15.59999999983,0.5));
#4740 = VECTOR('',#4741,1.);
#4741 = DIRECTION('',(0.,0.,1.));
#4742 = PLANE('',#4743);
#4743 = AXIS2_PLACEMENT_3D('',#4744,#4745,#4746);
#4744 = CARTESIAN_POINT('',(9.2,15.99999999983,0.5));
#4745 = DIRECTION('',(1.,0.,0.));
#4746 = DIRECTION('',(0.,-1.,0.));
#4747 = ADVANCED_FACE('',(#4748),#4766,.F.);
#4748 = FACE_BOUND('',#4749,.F.);
#4749 = EDGE_LOOP('',(#4750,#4758,#4764,#4765));
#4750 = ORIENTED_EDGE('',*,*,#4751,.T.);
#4751 = EDGE_CURVE('',#4705,#4752,#4754,.T.);
#4752 = VERTEX_POINT('',#4753);
#4753 = CARTESIAN_POINT('',(9.6,5.999999999654,7.0001));
#4754 = LINE('',#4755,#4756);
#4755 = CARTESIAN_POINT('',(10.2,5.999999999654,7.0001));
#4756 = VECTOR('',#4757,1.);
#4757 = DIRECTION('',(-1.,0.,0.));
#4758 = ORIENTED_EDGE('',*,*,#4759,.F.);
#4759 = EDGE_CURVE('',#3388,#4752,#4760,.T.);
#4760 = LINE('',#4761,#4762);
#4761 = CARTESIAN_POINT('',(9.6,5.999999999654,0.5));
#4762 = VECTOR('',#4763,1.);
#4763 = DIRECTION('',(0.,0.,1.));
#4764 = ORIENTED_EDGE('',*,*,#3387,.F.);
#4765 = ORIENTED_EDGE('',*,*,#4712,.T.);
#4766 = PLANE('',#4767);
#4767 = AXIS2_PLACEMENT_3D('',#4768,#4769,#4770);
#4768 = CARTESIAN_POINT('',(10.2,5.999999999654,0.5));
#4769 = DIRECTION('',(0.,-1.,0.));
#4770 = DIRECTION('',(-1.,0.,0.));
#4771 = ADVANCED_FACE('',(#4772),#4791,.T.);
#4772 = FACE_BOUND('',#4773,.F.);
#4773 = EDGE_LOOP('',(#4774,#4775,#4783,#4790));
#4774 = ORIENTED_EDGE('',*,*,#3679,.T.);
#4775 = ORIENTED_EDGE('',*,*,#4776,.T.);
#4776 = EDGE_CURVE('',#3672,#4777,#4779,.T.);
#4777 = VERTEX_POINT('',#4778);
#4778 = CARTESIAN_POINT('',(9.6,15.99999999983,7.0001));
#4779 = LINE('',#4780,#4781);
#4780 = CARTESIAN_POINT('',(9.6,15.99999999983,0.5));
#4781 = VECTOR('',#4782,1.);
#4782 = DIRECTION('',(0.,0.,1.));
#4783 = ORIENTED_EDGE('',*,*,#4784,.F.);
#4784 = EDGE_CURVE('',#4728,#4777,#4785,.T.);
#4785 = CIRCLE('',#4786,0.4);
#4786 = AXIS2_PLACEMENT_3D('',#4787,#4788,#4789);
#4787 = CARTESIAN_POINT('',(9.6,15.59999999983,7.0001));
#4788 = DIRECTION('',(0.,0.,-1.));
#4789 = DIRECTION('',(-1.,0.,0.));
#4790 = ORIENTED_EDGE('',*,*,#4737,.F.);
#4791 = CYLINDRICAL_SURFACE('',#4792,0.4);
#4792 = AXIS2_PLACEMENT_3D('',#4793,#4794,#4795);
#4793 = CARTESIAN_POINT('',(9.6,15.59999999983,0.5));
#4794 = DIRECTION('',(0.,0.,1.));
#4795 = DIRECTION('',(-1.,0.,0.));
#4796 = ADVANCED_FACE('',(#4797),#4816,.T.);
#4797 = FACE_BOUND('',#4798,.F.);
#4798 = EDGE_LOOP('',(#4799,#4800,#4801,#4810));
#4799 = ORIENTED_EDGE('',*,*,#3395,.T.);
#4800 = ORIENTED_EDGE('',*,*,#4759,.T.);
#4801 = ORIENTED_EDGE('',*,*,#4802,.F.);
#4802 = EDGE_CURVE('',#4803,#4752,#4805,.T.);
#4803 = VERTEX_POINT('',#4804);
#4804 = CARTESIAN_POINT('',(9.2,5.599999999654,7.0001));
#4805 = CIRCLE('',#4806,0.4);
#4806 = AXIS2_PLACEMENT_3D('',#4807,#4808,#4809);
#4807 = CARTESIAN_POINT('',(9.6,5.599999999654,7.0001));
#4808 = DIRECTION('',(0.,0.,-1.));
#4809 = DIRECTION('',(-1.,0.,0.));
#4810 = ORIENTED_EDGE('',*,*,#4811,.F.);
#4811 = EDGE_CURVE('',#3396,#4803,#4812,.T.);
#4812 = LINE('',#4813,#4814);
#4813 = CARTESIAN_POINT('',(9.2,5.599999999654,0.5));
#4814 = VECTOR('',#4815,1.);
#4815 = DIRECTION('',(0.,0.,1.));
#4816 = CYLINDRICAL_SURFACE('',#4817,0.4);
#4817 = AXIS2_PLACEMENT_3D('',#4818,#4819,#4820);
#4818 = CARTESIAN_POINT('',(9.6,5.599999999654,0.5));
#4819 = DIRECTION('',(0.,0.,1.));
#4820 = DIRECTION('',(-1.,0.,0.));
#4821 = ADVANCED_FACE('',(#4822),#4840,.F.);
#4822 = FACE_BOUND('',#4823,.F.);
#4823 = EDGE_LOOP('',(#4824,#4832,#4833,#4834));
#4824 = ORIENTED_EDGE('',*,*,#4825,.T.);
#4825 = EDGE_CURVE('',#4826,#4777,#4828,.T.);
#4826 = VERTEX_POINT('',#4827);
#4827 = CARTESIAN_POINT('',(10.2,15.99999999983,7.0001));
#4828 = LINE('',#4829,#4830);
#4829 = CARTESIAN_POINT('',(10.2,15.99999999983,7.0001));
#4830 = VECTOR('',#4831,1.);
#4831 = DIRECTION('',(-1.,0.,0.));
#4832 = ORIENTED_EDGE('',*,*,#4776,.F.);
#4833 = ORIENTED_EDGE('',*,*,#3671,.F.);
#4834 = ORIENTED_EDGE('',*,*,#4835,.T.);
#4835 = EDGE_CURVE('',#3664,#4826,#4836,.T.);
#4836 = LINE('',#4837,#4838);
#4837 = CARTESIAN_POINT('',(10.2,15.99999999983,0.5));
#4838 = VECTOR('',#4839,1.);
#4839 = DIRECTION('',(0.,0.,1.));
#4840 = PLANE('',#4841);
#4841 = AXIS2_PLACEMENT_3D('',#4842,#4843,#4844);
#4842 = CARTESIAN_POINT('',(10.2,15.99999999983,0.5));
#4843 = DIRECTION('',(0.,-1.,0.));
#4844 = DIRECTION('',(-1.,0.,0.));
#4845 = ADVANCED_FACE('',(#4846),#4864,.F.);
#4846 = FACE_BOUND('',#4847,.F.);
#4847 = EDGE_LOOP('',(#4848,#4856,#4862,#4863));
#4848 = ORIENTED_EDGE('',*,*,#4849,.T.);
#4849 = EDGE_CURVE('',#4803,#4850,#4852,.T.);
#4850 = VERTEX_POINT('',#4851);
#4851 = CARTESIAN_POINT('',(9.2,5.399999999654,7.0001));
#4852 = LINE('',#4853,#4854);
#4853 = CARTESIAN_POINT('',(9.2,5.999999999654,7.0001));
#4854 = VECTOR('',#4855,1.);
#4855 = DIRECTION('',(0.,-1.,0.));
#4856 = ORIENTED_EDGE('',*,*,#4857,.F.);
#4857 = EDGE_CURVE('',#3405,#4850,#4858,.T.);
#4858 = LINE('',#4859,#4860);
#4859 = CARTESIAN_POINT('',(9.2,5.399999999654,0.5));
#4860 = VECTOR('',#4861,1.);
#4861 = DIRECTION('',(0.,0.,1.));
#4862 = ORIENTED_EDGE('',*,*,#3404,.F.);
#4863 = ORIENTED_EDGE('',*,*,#4811,.T.);
#4864 = PLANE('',#4865);
#4865 = AXIS2_PLACEMENT_3D('',#4866,#4867,#4868);
#4866 = CARTESIAN_POINT('',(9.2,5.999999999654,0.5));
#4867 = DIRECTION('',(1.,0.,0.));
#4868 = DIRECTION('',(0.,-1.,0.));
#4869 = ADVANCED_FACE('',(#4870),#4888,.F.);
#4870 = FACE_BOUND('',#4871,.F.);
#4871 = EDGE_LOOP('',(#4872,#4880,#4886,#4887));
#4872 = ORIENTED_EDGE('',*,*,#4873,.T.);
#4873 = EDGE_CURVE('',#3656,#4874,#4876,.T.);
#4874 = VERTEX_POINT('',#4875);
#4875 = CARTESIAN_POINT('',(10.2,16.999999999866,7.0001));
#4876 = LINE('',#4877,#4878);
#4877 = CARTESIAN_POINT('',(10.2,16.999999999866,0.5));
#4878 = VECTOR('',#4879,1.);
#4879 = DIRECTION('',(0.,0.,1.));
#4880 = ORIENTED_EDGE('',*,*,#4881,.T.);
#4881 = EDGE_CURVE('',#4874,#4826,#4882,.T.);
#4882 = LINE('',#4883,#4884);
#4883 = CARTESIAN_POINT('',(10.2,16.999999999866,7.0001));
#4884 = VECTOR('',#4885,1.);
#4885 = DIRECTION('',(0.,-1.,0.));
#4886 = ORIENTED_EDGE('',*,*,#4835,.F.);
#4887 = ORIENTED_EDGE('',*,*,#3663,.F.);
#4888 = PLANE('',#4889);
#4889 = AXIS2_PLACEMENT_3D('',#4890,#4891,#4892);
#4890 = CARTESIAN_POINT('',(10.2,16.999999999866,0.5));
#4891 = DIRECTION('',(1.,0.,0.));
#4892 = DIRECTION('',(0.,-1.,0.));
#4893 = ADVANCED_FACE('',(#4894),#4913,.T.);
#4894 = FACE_BOUND('',#4895,.F.);
#4895 = EDGE_LOOP('',(#4896,#4897,#4898,#4907));
#4896 = ORIENTED_EDGE('',*,*,#3412,.T.);
#4897 = ORIENTED_EDGE('',*,*,#4857,.T.);
#4898 = ORIENTED_EDGE('',*,*,#4899,.F.);
#4899 = EDGE_CURVE('',#4900,#4850,#4902,.T.);
#4900 = VERTEX_POINT('',#4901);
#4901 = CARTESIAN_POINT('',(9.6,4.999999999654,7.0001));
#4902 = CIRCLE('',#4903,0.4);
#4903 = AXIS2_PLACEMENT_3D('',#4904,#4905,#4906);
#4904 = CARTESIAN_POINT('',(9.6,5.399999999654,7.0001));
#4905 = DIRECTION('',(-0.,-0.,-1.));
#4906 = DIRECTION('',(0.,-1.,0.));
#4907 = ORIENTED_EDGE('',*,*,#4908,.F.);
#4908 = EDGE_CURVE('',#3413,#4900,#4909,.T.);
#4909 = LINE('',#4910,#4911);
#4910 = CARTESIAN_POINT('',(9.6,4.999999999654,0.5));
#4911 = VECTOR('',#4912,1.);
#4912 = DIRECTION('',(0.,0.,1.));
#4913 = CYLINDRICAL_SURFACE('',#4914,0.4);
#4914 = AXIS2_PLACEMENT_3D('',#4915,#4916,#4917);
#4915 = CARTESIAN_POINT('',(9.6,5.399999999654,0.5));
#4916 = DIRECTION('',(0.,0.,1.));
#4917 = DIRECTION('',(0.,-1.,0.));
#4918 = ADVANCED_FACE('',(#4919),#4937,.F.);
#4919 = FACE_BOUND('',#4920,.F.);
#4920 = EDGE_LOOP('',(#4921,#4929,#4930,#4931));
#4921 = ORIENTED_EDGE('',*,*,#4922,.T.);
#4922 = EDGE_CURVE('',#4923,#4874,#4925,.T.);
#4923 = VERTEX_POINT('',#4924);
#4924 = CARTESIAN_POINT('',(9.6,16.999999999866,7.0001));
#4925 = LINE('',#4926,#4927);
#4926 = CARTESIAN_POINT('',(9.2,16.999999999866,7.0001));
#4927 = VECTOR('',#4928,1.);
#4928 = DIRECTION('',(1.,0.,0.));
#4929 = ORIENTED_EDGE('',*,*,#4873,.F.);
#4930 = ORIENTED_EDGE('',*,*,#3655,.F.);
#4931 = ORIENTED_EDGE('',*,*,#4932,.T.);
#4932 = EDGE_CURVE('',#3647,#4923,#4933,.T.);
#4933 = LINE('',#4934,#4935);
#4934 = CARTESIAN_POINT('',(9.6,16.999999999866,0.5));
#4935 = VECTOR('',#4936,1.);
#4936 = DIRECTION('',(0.,0.,1.));
#4937 = PLANE('',#4938);
#4938 = AXIS2_PLACEMENT_3D('',#4939,#4940,#4941);
#4939 = CARTESIAN_POINT('',(9.2,16.999999999866,0.5));
#4940 = DIRECTION('',(0.,1.,0.));
#4941 = DIRECTION('',(1.,0.,0.));
#4942 = ADVANCED_FACE('',(#4943),#4961,.F.);
#4943 = FACE_BOUND('',#4944,.F.);
#4944 = EDGE_LOOP('',(#4945,#4953,#4959,#4960));
#4945 = ORIENTED_EDGE('',*,*,#4946,.T.);
#4946 = EDGE_CURVE('',#4900,#4947,#4949,.T.);
#4947 = VERTEX_POINT('',#4948);
#4948 = CARTESIAN_POINT('',(10.2,4.999999999654,7.0001));
#4949 = LINE('',#4950,#4951);
#4950 = CARTESIAN_POINT('',(9.2,4.999999999654,7.0001));
#4951 = VECTOR('',#4952,1.);
#4952 = DIRECTION('',(1.,0.,0.));
#4953 = ORIENTED_EDGE('',*,*,#4954,.F.);
#4954 = EDGE_CURVE('',#3422,#4947,#4955,.T.);
#4955 = LINE('',#4956,#4957);
#4956 = CARTESIAN_POINT('',(10.2,4.999999999654,0.5));
#4957 = VECTOR('',#4958,1.);
#4958 = DIRECTION('',(0.,0.,1.));
#4959 = ORIENTED_EDGE('',*,*,#3421,.F.);
#4960 = ORIENTED_EDGE('',*,*,#4908,.T.);
#4961 = PLANE('',#4962);
#4962 = AXIS2_PLACEMENT_3D('',#4963,#4964,#4965);
#4963 = CARTESIAN_POINT('',(9.2,4.999999999654,0.5));
#4964 = DIRECTION('',(0.,1.,0.));
#4965 = DIRECTION('',(1.,0.,0.));
#4966 = ADVANCED_FACE('',(#4967),#4986,.T.);
#4967 = FACE_BOUND('',#4968,.F.);
#4968 = EDGE_LOOP('',(#4969,#4970,#4978,#4985));
#4969 = ORIENTED_EDGE('',*,*,#3646,.T.);
#4970 = ORIENTED_EDGE('',*,*,#4971,.T.);
#4971 = EDGE_CURVE('',#3639,#4972,#4974,.T.);
#4972 = VERTEX_POINT('',#4973);
#4973 = CARTESIAN_POINT('',(9.2,17.399999999866,7.0001));
#4974 = LINE('',#4975,#4976);
#4975 = CARTESIAN_POINT('',(9.2,17.399999999866,0.5));
#4976 = VECTOR('',#4977,1.);
#4977 = DIRECTION('',(0.,0.,1.));
#4978 = ORIENTED_EDGE('',*,*,#4979,.F.);
#4979 = EDGE_CURVE('',#4923,#4972,#4980,.T.);
#4980 = CIRCLE('',#4981,0.4);
#4981 = AXIS2_PLACEMENT_3D('',#4982,#4983,#4984);
#4982 = CARTESIAN_POINT('',(9.6,17.399999999866,7.0001));
#4983 = DIRECTION('',(-0.,-0.,-1.));
#4984 = DIRECTION('',(0.,-1.,0.));
#4985 = ORIENTED_EDGE('',*,*,#4932,.F.);
#4986 = CYLINDRICAL_SURFACE('',#4987,0.4);
#4987 = AXIS2_PLACEMENT_3D('',#4988,#4989,#4990);
#4988 = CARTESIAN_POINT('',(9.6,17.399999999866,0.5));
#4989 = DIRECTION('',(0.,0.,1.));
#4990 = DIRECTION('',(0.,-1.,0.));
#4991 = ADVANCED_FACE('',(#4992),#5010,.F.);
#4992 = FACE_BOUND('',#4993,.F.);
#4993 = EDGE_LOOP('',(#4994,#4995,#5003,#5009));
#4994 = ORIENTED_EDGE('',*,*,#4954,.T.);
#4995 = ORIENTED_EDGE('',*,*,#4996,.T.);
#4996 = EDGE_CURVE('',#4947,#4997,#4999,.T.);
#4997 = VERTEX_POINT('',#4998);
#4998 = CARTESIAN_POINT('',(10.2,3.999999999661,7.0001));
#4999 = LINE('',#5000,#5001);
#5000 = CARTESIAN_POINT('',(10.2,4.999999999654,7.0001));
#5001 = VECTOR('',#5002,1.);
#5002 = DIRECTION('',(0.,-1.,0.));
#5003 = ORIENTED_EDGE('',*,*,#5004,.F.);
#5004 = EDGE_CURVE('',#3430,#4997,#5005,.T.);
#5005 = LINE('',#5006,#5007);
#5006 = CARTESIAN_POINT('',(10.2,3.999999999661,0.5));
#5007 = VECTOR('',#5008,1.);
#5008 = DIRECTION('',(0.,0.,1.));
#5009 = ORIENTED_EDGE('',*,*,#3429,.F.);
#5010 = PLANE('',#5011);
#5011 = AXIS2_PLACEMENT_3D('',#5012,#5013,#5014);
#5012 = CARTESIAN_POINT('',(10.2,4.999999999654,0.5));
#5013 = DIRECTION('',(1.,0.,0.));
#5014 = DIRECTION('',(0.,-1.,0.));
#5015 = ADVANCED_FACE('',(#5016),#5034,.F.);
#5016 = FACE_BOUND('',#5017,.F.);
#5017 = EDGE_LOOP('',(#5018,#5026,#5027,#5028));
#5018 = ORIENTED_EDGE('',*,*,#5019,.T.);
#5019 = EDGE_CURVE('',#5020,#4972,#5022,.T.);
#5020 = VERTEX_POINT('',#5021);
#5021 = CARTESIAN_POINT('',(9.2,17.599999999908,7.0001));
#5022 = LINE('',#5023,#5024);
#5023 = CARTESIAN_POINT('',(9.2,17.999999999908,7.0001));
#5024 = VECTOR('',#5025,1.);
#5025 = DIRECTION('',(0.,-1.,0.));
#5026 = ORIENTED_EDGE('',*,*,#4971,.F.);
#5027 = ORIENTED_EDGE('',*,*,#3638,.F.);
#5028 = ORIENTED_EDGE('',*,*,#5029,.T.);
#5029 = EDGE_CURVE('',#3630,#5020,#5030,.T.);
#5030 = LINE('',#5031,#5032);
#5031 = CARTESIAN_POINT('',(9.2,17.599999999908,0.5));
#5032 = VECTOR('',#5033,1.);
#5033 = DIRECTION('',(0.,0.,1.));
#5034 = PLANE('',#5035);
#5035 = AXIS2_PLACEMENT_3D('',#5036,#5037,#5038);
#5036 = CARTESIAN_POINT('',(9.2,17.999999999908,0.5));
#5037 = DIRECTION('',(1.,0.,0.));
#5038 = DIRECTION('',(0.,-1.,0.));
#5039 = ADVANCED_FACE('',(#5040),#5058,.F.);
#5040 = FACE_BOUND('',#5041,.F.);
#5041 = EDGE_LOOP('',(#5042,#5050,#5056,#5057));
#5042 = ORIENTED_EDGE('',*,*,#5043,.T.);
#5043 = EDGE_CURVE('',#4997,#5044,#5046,.T.);
#5044 = VERTEX_POINT('',#5045);
#5045 = CARTESIAN_POINT('',(9.6,3.999999999661,7.0001));
#5046 = LINE('',#5047,#5048);
#5047 = CARTESIAN_POINT('',(10.2,3.999999999661,7.0001));
#5048 = VECTOR('',#5049,1.);
#5049 = DIRECTION('',(-1.,0.,0.));
#5050 = ORIENTED_EDGE('',*,*,#5051,.F.);
#5051 = EDGE_CURVE('',#3438,#5044,#5052,.T.);
#5052 = LINE('',#5053,#5054);
#5053 = CARTESIAN_POINT('',(9.6,3.999999999661,0.5));
#5054 = VECTOR('',#5055,1.);
#5055 = DIRECTION('',(0.,0.,1.));
#5056 = ORIENTED_EDGE('',*,*,#3437,.F.);
#5057 = ORIENTED_EDGE('',*,*,#5004,.T.);
#5058 = PLANE('',#5059);
#5059 = AXIS2_PLACEMENT_3D('',#5060,#5061,#5062);
#5060 = CARTESIAN_POINT('',(10.2,3.999999999661,0.5));
#5061 = DIRECTION('',(0.,-1.,0.));
#5062 = DIRECTION('',(-1.,0.,0.));
#5063 = ADVANCED_FACE('',(#5064),#5083,.T.);
#5064 = FACE_BOUND('',#5065,.F.);
#5065 = EDGE_LOOP('',(#5066,#5067,#5075,#5082));
#5066 = ORIENTED_EDGE('',*,*,#3629,.T.);
#5067 = ORIENTED_EDGE('',*,*,#5068,.T.);
#5068 = EDGE_CURVE('',#3622,#5069,#5071,.T.);
#5069 = VERTEX_POINT('',#5070);
#5070 = CARTESIAN_POINT('',(9.6,17.999999999908,7.0001));
#5071 = LINE('',#5072,#5073);
#5072 = CARTESIAN_POINT('',(9.6,17.999999999908,0.5));
#5073 = VECTOR('',#5074,1.);
#5074 = DIRECTION('',(0.,0.,1.));
#5075 = ORIENTED_EDGE('',*,*,#5076,.F.);
#5076 = EDGE_CURVE('',#5020,#5069,#5077,.T.);
#5077 = CIRCLE('',#5078,0.4);
#5078 = AXIS2_PLACEMENT_3D('',#5079,#5080,#5081);
#5079 = CARTESIAN_POINT('',(9.6,17.599999999908,7.0001));
#5080 = DIRECTION('',(0.,0.,-1.));
#5081 = DIRECTION('',(-1.,0.,0.));
#5082 = ORIENTED_EDGE('',*,*,#5029,.F.);
#5083 = CYLINDRICAL_SURFACE('',#5084,0.4);
#5084 = AXIS2_PLACEMENT_3D('',#5085,#5086,#5087);
#5085 = CARTESIAN_POINT('',(9.6,17.599999999908,0.5));
#5086 = DIRECTION('',(0.,0.,1.));
#5087 = DIRECTION('',(-1.,0.,0.));
#5088 = ADVANCED_FACE('',(#5089),#5108,.T.);
#5089 = FACE_BOUND('',#5090,.F.);
#5090 = EDGE_LOOP('',(#5091,#5092,#5093,#5102));
#5091 = ORIENTED_EDGE('',*,*,#3445,.T.);
#5092 = ORIENTED_EDGE('',*,*,#5051,.T.);
#5093 = ORIENTED_EDGE('',*,*,#5094,.F.);
#5094 = EDGE_CURVE('',#5095,#5044,#5097,.T.);
#5095 = VERTEX_POINT('',#5096);
#5096 = CARTESIAN_POINT('',(9.2,3.599999999661,7.0001));
#5097 = CIRCLE('',#5098,0.4);
#5098 = AXIS2_PLACEMENT_3D('',#5099,#5100,#5101);
#5099 = CARTESIAN_POINT('',(9.6,3.599999999661,7.0001));
#5100 = DIRECTION('',(0.,0.,-1.));
#5101 = DIRECTION('',(-1.,0.,0.));
#5102 = ORIENTED_EDGE('',*,*,#5103,.F.);
#5103 = EDGE_CURVE('',#3446,#5095,#5104,.T.);
#5104 = LINE('',#5105,#5106);
#5105 = CARTESIAN_POINT('',(9.2,3.599999999661,0.5));
#5106 = VECTOR('',#5107,1.);
#5107 = DIRECTION('',(0.,0.,1.));
#5108 = CYLINDRICAL_SURFACE('',#5109,0.4);
#5109 = AXIS2_PLACEMENT_3D('',#5110,#5111,#5112);
#5110 = CARTESIAN_POINT('',(9.6,3.599999999661,0.5));
#5111 = DIRECTION('',(0.,0.,1.));
#5112 = DIRECTION('',(-1.,0.,0.));
#5113 = ADVANCED_FACE('',(#5114),#5132,.F.);
#5114 = FACE_BOUND('',#5115,.F.);
#5115 = EDGE_LOOP('',(#5116,#5124,#5125,#5126));
#5116 = ORIENTED_EDGE('',*,*,#5117,.T.);
#5117 = EDGE_CURVE('',#5118,#5069,#5120,.T.);
#5118 = VERTEX_POINT('',#5119);
#5119 = CARTESIAN_POINT('',(10.2,17.999999999908,7.0001));
#5120 = LINE('',#5121,#5122);
#5121 = CARTESIAN_POINT('',(10.2,17.999999999908,7.0001));
#5122 = VECTOR('',#5123,1.);
#5123 = DIRECTION('',(-1.,0.,0.));
#5124 = ORIENTED_EDGE('',*,*,#5068,.F.);
#5125 = ORIENTED_EDGE('',*,*,#3621,.F.);
#5126 = ORIENTED_EDGE('',*,*,#5127,.T.);
#5127 = EDGE_CURVE('',#3614,#5118,#5128,.T.);
#5128 = LINE('',#5129,#5130);
#5129 = CARTESIAN_POINT('',(10.2,17.999999999908,0.5));
#5130 = VECTOR('',#5131,1.);
#5131 = DIRECTION('',(0.,0.,1.));
#5132 = PLANE('',#5133);
#5133 = AXIS2_PLACEMENT_3D('',#5134,#5135,#5136);
#5134 = CARTESIAN_POINT('',(10.2,17.999999999908,0.5));
#5135 = DIRECTION('',(0.,-1.,0.));
#5136 = DIRECTION('',(-1.,0.,0.));
#5137 = ADVANCED_FACE('',(#5138),#5156,.F.);
#5138 = FACE_BOUND('',#5139,.F.);
#5139 = EDGE_LOOP('',(#5140,#5148,#5154,#5155));
#5140 = ORIENTED_EDGE('',*,*,#5141,.T.);
#5141 = EDGE_CURVE('',#5095,#5142,#5144,.T.);
#5142 = VERTEX_POINT('',#5143);
#5143 = CARTESIAN_POINT('',(9.2,3.399999999661,7.0001));
#5144 = LINE('',#5145,#5146);
#5145 = CARTESIAN_POINT('',(9.2,3.999999999661,7.0001));
#5146 = VECTOR('',#5147,1.);
#5147 = DIRECTION('',(0.,-1.,0.));
#5148 = ORIENTED_EDGE('',*,*,#5149,.F.);
#5149 = EDGE_CURVE('',#3455,#5142,#5150,.T.);
#5150 = LINE('',#5151,#5152);
#5151 = CARTESIAN_POINT('',(9.2,3.399999999661,0.5));
#5152 = VECTOR('',#5153,1.);
#5153 = DIRECTION('',(0.,0.,1.));
#5154 = ORIENTED_EDGE('',*,*,#3454,.F.);
#5155 = ORIENTED_EDGE('',*,*,#5103,.T.);
#5156 = PLANE('',#5157);
#5157 = AXIS2_PLACEMENT_3D('',#5158,#5159,#5160);
#5158 = CARTESIAN_POINT('',(9.2,3.999999999661,0.5));
#5159 = DIRECTION('',(1.,0.,0.));
#5160 = DIRECTION('',(0.,-1.,0.));
#5161 = ADVANCED_FACE('',(#5162),#5180,.F.);
#5162 = FACE_BOUND('',#5163,.F.);
#5163 = EDGE_LOOP('',(#5164,#5172,#5178,#5179));
#5164 = ORIENTED_EDGE('',*,*,#5165,.T.);
#5165 = EDGE_CURVE('',#3606,#5166,#5168,.T.);
#5166 = VERTEX_POINT('',#5167);
#5167 = CARTESIAN_POINT('',(10.2,18.999999999958,7.0001));
#5168 = LINE('',#5169,#5170);
#5169 = CARTESIAN_POINT('',(10.2,18.999999999958,0.5));
#5170 = VECTOR('',#5171,1.);
#5171 = DIRECTION('',(0.,0.,1.));
#5172 = ORIENTED_EDGE('',*,*,#5173,.T.);
#5173 = EDGE_CURVE('',#5166,#5118,#5174,.T.);
#5174 = LINE('',#5175,#5176);
#5175 = CARTESIAN_POINT('',(10.2,18.999999999958,7.0001));
#5176 = VECTOR('',#5177,1.);
#5177 = DIRECTION('',(0.,-1.,0.));
#5178 = ORIENTED_EDGE('',*,*,#5127,.F.);
#5179 = ORIENTED_EDGE('',*,*,#3613,.F.);
#5180 = PLANE('',#5181);
#5181 = AXIS2_PLACEMENT_3D('',#5182,#5183,#5184);
#5182 = CARTESIAN_POINT('',(10.2,18.999999999958,0.5));
#5183 = DIRECTION('',(1.,0.,0.));
#5184 = DIRECTION('',(0.,-1.,0.));
#5185 = ADVANCED_FACE('',(#5186),#5205,.T.);
#5186 = FACE_BOUND('',#5187,.F.);
#5187 = EDGE_LOOP('',(#5188,#5189,#5190,#5199));
#5188 = ORIENTED_EDGE('',*,*,#3462,.T.);
#5189 = ORIENTED_EDGE('',*,*,#5149,.T.);
#5190 = ORIENTED_EDGE('',*,*,#5191,.F.);
#5191 = EDGE_CURVE('',#5192,#5142,#5194,.T.);
#5192 = VERTEX_POINT('',#5193);
#5193 = CARTESIAN_POINT('',(9.6,2.999999999661,7.0001));
#5194 = CIRCLE('',#5195,0.4);
#5195 = AXIS2_PLACEMENT_3D('',#5196,#5197,#5198);
#5196 = CARTESIAN_POINT('',(9.6,3.399999999661,7.0001));
#5197 = DIRECTION('',(-0.,-0.,-1.));
#5198 = DIRECTION('',(0.,-1.,0.));
#5199 = ORIENTED_EDGE('',*,*,#5200,.F.);
#5200 = EDGE_CURVE('',#3463,#5192,#5201,.T.);
#5201 = LINE('',#5202,#5203);
#5202 = CARTESIAN_POINT('',(9.6,2.999999999661,0.5));
#5203 = VECTOR('',#5204,1.);
#5204 = DIRECTION('',(0.,0.,1.));
#5205 = CYLINDRICAL_SURFACE('',#5206,0.4);
#5206 = AXIS2_PLACEMENT_3D('',#5207,#5208,#5209);
#5207 = CARTESIAN_POINT('',(9.6,3.399999999661,0.5));
#5208 = DIRECTION('',(0.,0.,1.));
#5209 = DIRECTION('',(0.,-1.,0.));
#5210 = ADVANCED_FACE('',(#5211),#5229,.F.);
#5211 = FACE_BOUND('',#5212,.F.);
#5212 = EDGE_LOOP('',(#5213,#5221,#5222,#5223));
#5213 = ORIENTED_EDGE('',*,*,#5214,.T.);
#5214 = EDGE_CURVE('',#5215,#5166,#5217,.T.);
#5215 = VERTEX_POINT('',#5216);
#5216 = CARTESIAN_POINT('',(9.6,18.999999999958,7.0001));
#5217 = LINE('',#5218,#5219);
#5218 = CARTESIAN_POINT('',(9.2,18.999999999958,7.0001));
#5219 = VECTOR('',#5220,1.);
#5220 = DIRECTION('',(1.,0.,0.));
#5221 = ORIENTED_EDGE('',*,*,#5165,.F.);
#5222 = ORIENTED_EDGE('',*,*,#3605,.F.);
#5223 = ORIENTED_EDGE('',*,*,#5224,.T.);
#5224 = EDGE_CURVE('',#3597,#5215,#5225,.T.);
#5225 = LINE('',#5226,#5227);
#5226 = CARTESIAN_POINT('',(9.6,18.999999999958,0.5));
#5227 = VECTOR('',#5228,1.);
#5228 = DIRECTION('',(0.,0.,1.));
#5229 = PLANE('',#5230);
#5230 = AXIS2_PLACEMENT_3D('',#5231,#5232,#5233);
#5231 = CARTESIAN_POINT('',(9.2,18.999999999958,0.5));
#5232 = DIRECTION('',(0.,1.,0.));
#5233 = DIRECTION('',(1.,0.,0.));
#5234 = ADVANCED_FACE('',(#5235),#5253,.F.);
#5235 = FACE_BOUND('',#5236,.F.);
#5236 = EDGE_LOOP('',(#5237,#5245,#5251,#5252));
#5237 = ORIENTED_EDGE('',*,*,#5238,.T.);
#5238 = EDGE_CURVE('',#5192,#5239,#5241,.T.);
#5239 = VERTEX_POINT('',#5240);
#5240 = CARTESIAN_POINT('',(10.2,2.999999999661,7.0001));
#5241 = LINE('',#5242,#5243);
#5242 = CARTESIAN_POINT('',(9.2,2.999999999661,7.0001));
#5243 = VECTOR('',#5244,1.);
#5244 = DIRECTION('',(1.,0.,0.));
#5245 = ORIENTED_EDGE('',*,*,#5246,.F.);
#5246 = EDGE_CURVE('',#3472,#5239,#5247,.T.);
#5247 = LINE('',#5248,#5249);
#5248 = CARTESIAN_POINT('',(10.2,2.999999999661,0.5));
#5249 = VECTOR('',#5250,1.);
#5250 = DIRECTION('',(0.,0.,1.));
#5251 = ORIENTED_EDGE('',*,*,#3471,.F.);
#5252 = ORIENTED_EDGE('',*,*,#5200,.T.);
#5253 = PLANE('',#5254);
#5254 = AXIS2_PLACEMENT_3D('',#5255,#5256,#5257);
#5255 = CARTESIAN_POINT('',(9.2,2.999999999661,0.5));
#5256 = DIRECTION('',(0.,1.,0.));
#5257 = DIRECTION('',(1.,0.,0.));
#5258 = ADVANCED_FACE('',(#5259),#5278,.T.);
#5259 = FACE_BOUND('',#5260,.F.);
#5260 = EDGE_LOOP('',(#5261,#5262,#5270,#5277));
#5261 = ORIENTED_EDGE('',*,*,#3596,.T.);
#5262 = ORIENTED_EDGE('',*,*,#5263,.T.);
#5263 = EDGE_CURVE('',#3589,#5264,#5266,.T.);
#5264 = VERTEX_POINT('',#5265);
#5265 = CARTESIAN_POINT('',(9.2,19.399999999958,7.0001));
#5266 = LINE('',#5267,#5268);
#5267 = CARTESIAN_POINT('',(9.2,19.399999999958,0.5));
#5268 = VECTOR('',#5269,1.);
#5269 = DIRECTION('',(0.,0.,1.));
#5270 = ORIENTED_EDGE('',*,*,#5271,.F.);
#5271 = EDGE_CURVE('',#5215,#5264,#5272,.T.);
#5272 = CIRCLE('',#5273,0.4);
#5273 = AXIS2_PLACEMENT_3D('',#5274,#5275,#5276);
#5274 = CARTESIAN_POINT('',(9.6,19.399999999958,7.0001));
#5275 = DIRECTION('',(-0.,-0.,-1.));
#5276 = DIRECTION('',(0.,-1.,0.));
#5277 = ORIENTED_EDGE('',*,*,#5224,.F.);
#5278 = CYLINDRICAL_SURFACE('',#5279,0.4);
#5279 = AXIS2_PLACEMENT_3D('',#5280,#5281,#5282);
#5280 = CARTESIAN_POINT('',(9.6,19.399999999958,0.5));
#5281 = DIRECTION('',(0.,0.,1.));
#5282 = DIRECTION('',(0.,-1.,0.));
#5283 = ADVANCED_FACE('',(#5284),#5302,.F.);
#5284 = FACE_BOUND('',#5285,.F.);
#5285 = EDGE_LOOP('',(#5286,#5287,#5295,#5301));
#5286 = ORIENTED_EDGE('',*,*,#5246,.T.);
#5287 = ORIENTED_EDGE('',*,*,#5288,.T.);
#5288 = EDGE_CURVE('',#5239,#5289,#5291,.T.);
#5289 = VERTEX_POINT('',#5290);
#5290 = CARTESIAN_POINT('',(10.2,1.999999999668,7.0001));
#5291 = LINE('',#5292,#5293);
#5292 = CARTESIAN_POINT('',(10.2,2.999999999661,7.0001));
#5293 = VECTOR('',#5294,1.);
#5294 = DIRECTION('',(0.,-1.,0.));
#5295 = ORIENTED_EDGE('',*,*,#5296,.F.);
#5296 = EDGE_CURVE('',#3480,#5289,#5297,.T.);
#5297 = LINE('',#5298,#5299);
#5298 = CARTESIAN_POINT('',(10.2,1.999999999668,0.5));
#5299 = VECTOR('',#5300,1.);
#5300 = DIRECTION('',(0.,0.,1.));
#5301 = ORIENTED_EDGE('',*,*,#3479,.F.);
#5302 = PLANE('',#5303);
#5303 = AXIS2_PLACEMENT_3D('',#5304,#5305,#5306);
#5304 = CARTESIAN_POINT('',(10.2,2.999999999661,0.5));
#5305 = DIRECTION('',(1.,0.,0.));
#5306 = DIRECTION('',(0.,-1.,0.));
#5307 = ADVANCED_FACE('',(#5308),#5326,.F.);
#5308 = FACE_BOUND('',#5309,.F.);
#5309 = EDGE_LOOP('',(#5310,#5318,#5319,#5320));
#5310 = ORIENTED_EDGE('',*,*,#5311,.T.);
#5311 = EDGE_CURVE('',#5312,#5264,#5314,.T.);
#5312 = VERTEX_POINT('',#5313);
#5313 = CARTESIAN_POINT('',(9.2,19.6,7.0001));
#5314 = LINE('',#5315,#5316);
#5315 = CARTESIAN_POINT('',(9.2,20.,7.0001));
#5316 = VECTOR('',#5317,1.);
#5317 = DIRECTION('',(0.,-1.,0.));
#5318 = ORIENTED_EDGE('',*,*,#5263,.F.);
#5319 = ORIENTED_EDGE('',*,*,#3588,.F.);
#5320 = ORIENTED_EDGE('',*,*,#5321,.T.);
#5321 = EDGE_CURVE('',#3580,#5312,#5322,.T.);
#5322 = LINE('',#5323,#5324);
#5323 = CARTESIAN_POINT('',(9.2,19.6,0.5));
#5324 = VECTOR('',#5325,1.);
#5325 = DIRECTION('',(0.,0.,1.));
#5326 = PLANE('',#5327);
#5327 = AXIS2_PLACEMENT_3D('',#5328,#5329,#5330);
#5328 = CARTESIAN_POINT('',(9.2,20.,0.5));
#5329 = DIRECTION('',(1.,0.,0.));
#5330 = DIRECTION('',(0.,-1.,0.));
#5331 = ADVANCED_FACE('',(#5332),#5350,.F.);
#5332 = FACE_BOUND('',#5333,.F.);
#5333 = EDGE_LOOP('',(#5334,#5342,#5348,#5349));
#5334 = ORIENTED_EDGE('',*,*,#5335,.T.);
#5335 = EDGE_CURVE('',#5289,#5336,#5338,.T.);
#5336 = VERTEX_POINT('',#5337);
#5337 = CARTESIAN_POINT('',(9.6,1.999999999668,7.0001));
#5338 = LINE('',#5339,#5340);
#5339 = CARTESIAN_POINT('',(10.2,1.999999999668,7.0001));
#5340 = VECTOR('',#5341,1.);
#5341 = DIRECTION('',(-1.,0.,0.));
#5342 = ORIENTED_EDGE('',*,*,#5343,.F.);
#5343 = EDGE_CURVE('',#3488,#5336,#5344,.T.);
#5344 = LINE('',#5345,#5346);
#5345 = CARTESIAN_POINT('',(9.6,1.999999999668,0.5));
#5346 = VECTOR('',#5347,1.);
#5347 = DIRECTION('',(0.,0.,1.));
#5348 = ORIENTED_EDGE('',*,*,#3487,.F.);
#5349 = ORIENTED_EDGE('',*,*,#5296,.T.);
#5350 = PLANE('',#5351);
#5351 = AXIS2_PLACEMENT_3D('',#5352,#5353,#5354);
#5352 = CARTESIAN_POINT('',(10.2,1.999999999668,0.5));
#5353 = DIRECTION('',(0.,-1.,0.));
#5354 = DIRECTION('',(-1.,0.,0.));
#5355 = ADVANCED_FACE('',(#5356),#5375,.T.);
#5356 = FACE_BOUND('',#5357,.F.);
#5357 = EDGE_LOOP('',(#5358,#5359,#5367,#5374));
#5358 = ORIENTED_EDGE('',*,*,#3579,.T.);
#5359 = ORIENTED_EDGE('',*,*,#5360,.T.);
#5360 = EDGE_CURVE('',#3572,#5361,#5363,.T.);
#5361 = VERTEX_POINT('',#5362);
#5362 = CARTESIAN_POINT('',(9.6,20.,7.0001));
#5363 = LINE('',#5364,#5365);
#5364 = CARTESIAN_POINT('',(9.6,20.,0.5));
#5365 = VECTOR('',#5366,1.);
#5366 = DIRECTION('',(0.,0.,1.));
#5367 = ORIENTED_EDGE('',*,*,#5368,.F.);
#5368 = EDGE_CURVE('',#5312,#5361,#5369,.T.);
#5369 = CIRCLE('',#5370,0.4);
#5370 = AXIS2_PLACEMENT_3D('',#5371,#5372,#5373);
#5371 = CARTESIAN_POINT('',(9.6,19.6,7.0001));
#5372 = DIRECTION('',(0.,0.,-1.));
#5373 = DIRECTION('',(-1.,0.,0.));
#5374 = ORIENTED_EDGE('',*,*,#5321,.F.);
#5375 = CYLINDRICAL_SURFACE('',#5376,0.4);
#5376 = AXIS2_PLACEMENT_3D('',#5377,#5378,#5379);
#5377 = CARTESIAN_POINT('',(9.6,19.6,0.5));
#5378 = DIRECTION('',(0.,0.,1.));
#5379 = DIRECTION('',(-1.,0.,0.));
#5380 = ADVANCED_FACE('',(#5381),#5400,.T.);
#5381 = FACE_BOUND('',#5382,.F.);
#5382 = EDGE_LOOP('',(#5383,#5384,#5385,#5394));
#5383 = ORIENTED_EDGE('',*,*,#3495,.T.);
#5384 = ORIENTED_EDGE('',*,*,#5343,.T.);
#5385 = ORIENTED_EDGE('',*,*,#5386,.F.);
#5386 = EDGE_CURVE('',#5387,#5336,#5389,.T.);
#5387 = VERTEX_POINT('',#5388);
#5388 = CARTESIAN_POINT('',(9.2,1.599999999668,7.0001));
#5389 = CIRCLE('',#5390,0.4);
#5390 = AXIS2_PLACEMENT_3D('',#5391,#5392,#5393);
#5391 = CARTESIAN_POINT('',(9.6,1.599999999668,7.0001));
#5392 = DIRECTION('',(0.,0.,-1.));
#5393 = DIRECTION('',(-1.,0.,0.));
#5394 = ORIENTED_EDGE('',*,*,#5395,.F.);
#5395 = EDGE_CURVE('',#3496,#5387,#5396,.T.);
#5396 = LINE('',#5397,#5398);
#5397 = CARTESIAN_POINT('',(9.2,1.599999999668,0.5));
#5398 = VECTOR('',#5399,1.);
#5399 = DIRECTION('',(0.,0.,1.));
#5400 = CYLINDRICAL_SURFACE('',#5401,0.4);
#5401 = AXIS2_PLACEMENT_3D('',#5402,#5403,#5404);
#5402 = CARTESIAN_POINT('',(9.6,1.599999999668,0.5));
#5403 = DIRECTION('',(0.,0.,1.));
#5404 = DIRECTION('',(-1.,0.,0.));
#5405 = ADVANCED_FACE('',(#5406),#5418,.T.);
#5406 = FACE_BOUND('',#5407,.T.);
#5407 = EDGE_LOOP('',(#5408,#5409,#5415,#5416,#5417));
#5408 = ORIENTED_EDGE('',*,*,#5360,.T.);
#5409 = ORIENTED_EDGE('',*,*,#5410,.T.);
#5410 = EDGE_CURVE('',#5361,#4161,#5411,.T.);
#5411 = LINE('',#5412,#5413);
#5412 = CARTESIAN_POINT('',(9.2,20.,7.0001));
#5413 = VECTOR('',#5414,1.);
#5414 = DIRECTION('',(1.,0.,0.));
#5415 = ORIENTED_EDGE('',*,*,#4177,.F.);
#5416 = ORIENTED_EDGE('',*,*,#4138,.T.);
#5417 = ORIENTED_EDGE('',*,*,#3571,.T.);
#5418 = PLANE('',#5419);
#5419 = AXIS2_PLACEMENT_3D('',#5420,#5421,#5422);
#5420 = CARTESIAN_POINT('',(9.2,20.,0.5));
#5421 = DIRECTION('',(0.,1.,0.));
#5422 = DIRECTION('',(1.,0.,0.));
#5423 = ADVANCED_FACE('',(#5424),#5442,.F.);
#5424 = FACE_BOUND('',#5425,.F.);
#5425 = EDGE_LOOP('',(#5426,#5434,#5440,#5441));
#5426 = ORIENTED_EDGE('',*,*,#5427,.T.);
#5427 = EDGE_CURVE('',#5387,#5428,#5430,.T.);
#5428 = VERTEX_POINT('',#5429);
#5429 = CARTESIAN_POINT('',(9.2,1.399999999682,7.0001));
#5430 = LINE('',#5431,#5432);
#5431 = CARTESIAN_POINT('',(9.2,1.999999999668,7.0001));
#5432 = VECTOR('',#5433,1.);
#5433 = DIRECTION('',(0.,-1.,0.));
#5434 = ORIENTED_EDGE('',*,*,#5435,.F.);
#5435 = EDGE_CURVE('',#3505,#5428,#5436,.T.);
#5436 = LINE('',#5437,#5438);
#5437 = CARTESIAN_POINT('',(9.2,1.399999999682,0.5));
#5438 = VECTOR('',#5439,1.);
#5439 = DIRECTION('',(0.,0.,1.));
#5440 = ORIENTED_EDGE('',*,*,#3504,.F.);
#5441 = ORIENTED_EDGE('',*,*,#5395,.T.);
#5442 = PLANE('',#5443);
#5443 = AXIS2_PLACEMENT_3D('',#5444,#5445,#5446);
#5444 = CARTESIAN_POINT('',(9.2,1.999999999668,0.5));
#5445 = DIRECTION('',(1.,0.,0.));
#5446 = DIRECTION('',(0.,-1.,0.));
#5447 = ADVANCED_FACE('',(#5448),#5467,.T.);
#5448 = FACE_BOUND('',#5449,.F.);
#5449 = EDGE_LOOP('',(#5450,#5451,#5452,#5461));
#5450 = ORIENTED_EDGE('',*,*,#3512,.T.);
#5451 = ORIENTED_EDGE('',*,*,#5435,.T.);
#5452 = ORIENTED_EDGE('',*,*,#5453,.F.);
#5453 = EDGE_CURVE('',#5454,#5428,#5456,.T.);
#5454 = VERTEX_POINT('',#5455);
#5455 = CARTESIAN_POINT('',(9.6,0.999999999682,7.0001));
#5456 = CIRCLE('',#5457,0.4);
#5457 = AXIS2_PLACEMENT_3D('',#5458,#5459,#5460);
#5458 = CARTESIAN_POINT('',(9.6,1.399999999682,7.0001));
#5459 = DIRECTION('',(-0.,-0.,-1.));
#5460 = DIRECTION('',(0.,-1.,0.));
#5461 = ORIENTED_EDGE('',*,*,#5462,.F.);
#5462 = EDGE_CURVE('',#3513,#5454,#5463,.T.);
#5463 = LINE('',#5464,#5465);
#5464 = CARTESIAN_POINT('',(9.6,0.999999999682,0.5));
#5465 = VECTOR('',#5466,1.);
#5466 = DIRECTION('',(0.,0.,1.));
#5467 = CYLINDRICAL_SURFACE('',#5468,0.4);
#5468 = AXIS2_PLACEMENT_3D('',#5469,#5470,#5471);
#5469 = CARTESIAN_POINT('',(9.6,1.399999999682,0.5));
#5470 = DIRECTION('',(0.,0.,1.));
#5471 = DIRECTION('',(0.,-1.,0.));
#5472 = ADVANCED_FACE('',(#5473),#5491,.F.);
#5473 = FACE_BOUND('',#5474,.F.);
#5474 = EDGE_LOOP('',(#5475,#5483,#5489,#5490));
#5475 = ORIENTED_EDGE('',*,*,#5476,.T.);
#5476 = EDGE_CURVE('',#5454,#5477,#5479,.T.);
#5477 = VERTEX_POINT('',#5478);
#5478 = CARTESIAN_POINT('',(10.2,0.999999999682,7.0001));
#5479 = LINE('',#5480,#5481);
#5480 = CARTESIAN_POINT('',(9.2,0.999999999682,7.0001));
#5481 = VECTOR('',#5482,1.);
#5482 = DIRECTION('',(1.,0.,0.));
#5483 = ORIENTED_EDGE('',*,*,#5484,.F.);
#5484 = EDGE_CURVE('',#3522,#5477,#5485,.T.);
#5485 = LINE('',#5486,#5487);
#5486 = CARTESIAN_POINT('',(10.2,0.999999999682,0.5));
#5487 = VECTOR('',#5488,1.);
#5488 = DIRECTION('',(0.,0.,1.));
#5489 = ORIENTED_EDGE('',*,*,#3521,.F.);
#5490 = ORIENTED_EDGE('',*,*,#5462,.T.);
#5491 = PLANE('',#5492);
#5492 = AXIS2_PLACEMENT_3D('',#5493,#5494,#5495);
#5493 = CARTESIAN_POINT('',(9.2,0.999999999682,0.5));
#5494 = DIRECTION('',(0.,1.,0.));
#5495 = DIRECTION('',(1.,0.,0.));
#5496 = ADVANCED_FACE('',(#5497),#5509,.T.);
#5497 = FACE_BOUND('',#5498,.T.);
#5498 = EDGE_LOOP('',(#5499,#5500,#5501,#5508));
#5499 = ORIENTED_EDGE('',*,*,#3546,.T.);
#5500 = ORIENTED_EDGE('',*,*,#4146,.T.);
#5501 = ORIENTED_EDGE('',*,*,#5502,.F.);
#5502 = EDGE_CURVE('',#4091,#4115,#5503,.T.);
#5503 = CIRCLE('',#5504,0.4);
#5504 = AXIS2_PLACEMENT_3D('',#5505,#5506,#5507);
#5505 = CARTESIAN_POINT('',(8.1,19.6,6.));
#5506 = DIRECTION('',(-0.,2.2E-16,1.));
#5507 = DIRECTION('',(1.,0.,0.));
#5508 = ORIENTED_EDGE('',*,*,#4098,.F.);
#5509 = CYLINDRICAL_SURFACE('',#5510,0.4);
#5510 = AXIS2_PLACEMENT_3D('',#5511,#5512,#5513);
#5511 = CARTESIAN_POINT('',(8.1,19.6,0.5));
#5512 = DIRECTION('',(0.,2.2E-16,1.));
#5513 = DIRECTION('',(1.,0.,-0.));
#5514 = ADVANCED_FACE('',(#5515),#5526,.F.);
#5515 = FACE_BOUND('',#5516,.F.);
#5516 = EDGE_LOOP('',(#5517,#5518,#5524,#5525));
#5517 = ORIENTED_EDGE('',*,*,#5484,.T.);
#5518 = ORIENTED_EDGE('',*,*,#5519,.T.);
#5519 = EDGE_CURVE('',#5477,#3895,#5520,.T.);
#5520 = LINE('',#5521,#5522);
#5521 = CARTESIAN_POINT('',(10.2,0.999999999682,7.0001));
#5522 = VECTOR('',#5523,1.);
#5523 = DIRECTION('',(0.,-1.,0.));
#5524 = ORIENTED_EDGE('',*,*,#3902,.F.);
#5525 = ORIENTED_EDGE('',*,*,#3529,.F.);
#5526 = PLANE('',#5527);
#5527 = AXIS2_PLACEMENT_3D('',#5528,#5529,#5530);
#5528 = CARTESIAN_POINT('',(10.2,0.999999999682,0.5));
#5529 = DIRECTION('',(1.,0.,0.));
#5530 = DIRECTION('',(0.,-1.,0.));
#5531 = ADVANCED_FACE('',(#5532),#5567,.F.);
#5532 = FACE_BOUND('',#5533,.F.);
#5533 = EDGE_LOOP('',(#5534,#5535,#5536,#5544,#5550,#5551,#5560));
#5534 = ORIENTED_EDGE('',*,*,#3805,.F.);
#5535 = ORIENTED_EDGE('',*,*,#3855,.T.);
#5536 = ORIENTED_EDGE('',*,*,#5537,.T.);
#5537 = EDGE_CURVE('',#3856,#5538,#5540,.T.);
#5538 = VERTEX_POINT('',#5539);
#5539 = CARTESIAN_POINT('',(23.,20.,0.));
#5540 = LINE('',#5541,#5542);
#5541 = CARTESIAN_POINT('',(23.,0.,0.));
#5542 = VECTOR('',#5543,1.);
#5543 = DIRECTION('',(0.,1.,0.));
#5544 = ORIENTED_EDGE('',*,*,#5545,.F.);
#5545 = EDGE_CURVE('',#3823,#5538,#5546,.T.);
#5546 = LINE('',#5547,#5548);
#5547 = CARTESIAN_POINT('',(20.,20.,0.));
#5548 = VECTOR('',#5549,1.);
#5549 = DIRECTION('',(1.,0.,0.));
#5550 = ORIENTED_EDGE('',*,*,#3822,.F.);
#5551 = ORIENTED_EDGE('',*,*,#5552,.T.);
#5552 = EDGE_CURVE('',#3814,#5553,#5555,.T.);
#5553 = VERTEX_POINT('',#5554);
#5554 = CARTESIAN_POINT('',(21.15,10.,0.));
#5555 = CIRCLE('',#5556,1.7);
#5556 = AXIS2_PLACEMENT_3D('',#5557,#5558,#5559);
#5557 = CARTESIAN_POINT('',(19.45,10.,0.));
#5558 = DIRECTION('',(0.,0.,-1.));
#5559 = DIRECTION('',(1.,0.,0.));
#5560 = ORIENTED_EDGE('',*,*,#5561,.T.);
#5561 = EDGE_CURVE('',#5553,#3806,#5562,.T.);
#5562 = CIRCLE('',#5563,1.7);
#5563 = AXIS2_PLACEMENT_3D('',#5564,#5565,#5566);
#5564 = CARTESIAN_POINT('',(19.45,10.,0.));
#5565 = DIRECTION('',(0.,0.,-1.));
#5566 = DIRECTION('',(1.,0.,0.));
#5567 = PLANE('',#5568);
#5568 = AXIS2_PLACEMENT_3D('',#5569,#5570,#5571);
#5569 = CARTESIAN_POINT('',(20.,0.,0.));
#5570 = DIRECTION('',(0.,0.,1.));
#5571 = DIRECTION('',(0.,1.,0.));
#5572 = ADVANCED_FACE('',(#5573),#5602,.F.);
#5573 = FACE_BOUND('',#5574,.T.);
#5574 = EDGE_LOOP('',(#5575,#5583,#5590,#5591,#5598,#5599,#5600,#5601));
#5575 = ORIENTED_EDGE('',*,*,#5576,.F.);
#5576 = EDGE_CURVE('',#5577,#5553,#5579,.T.);
#5577 = VERTEX_POINT('',#5578);
#5578 = CARTESIAN_POINT('',(21.15,10.,0.5));
#5579 = LINE('',#5580,#5581);
#5580 = CARTESIAN_POINT('',(21.15,10.,0.5));
#5581 = VECTOR('',#5582,1.);
#5582 = DIRECTION('',(-6.E-17,0.,-1.));
#5583 = ORIENTED_EDGE('',*,*,#5584,.T.);
#5584 = EDGE_CURVE('',#5577,#3928,#5585,.T.);
#5585 = CIRCLE('',#5586,1.7);
#5586 = AXIS2_PLACEMENT_3D('',#5587,#5588,#5589);
#5587 = CARTESIAN_POINT('',(19.45,10.,0.5));
#5588 = DIRECTION('',(0.,0.,1.));
#5589 = DIRECTION('',(1.,0.,0.));
#5590 = ORIENTED_EDGE('',*,*,#3935,.T.);
#5591 = ORIENTED_EDGE('',*,*,#5592,.T.);
#5592 = EDGE_CURVE('',#3936,#5577,#5593,.T.);
#5593 = CIRCLE('',#5594,1.7);
#5594 = AXIS2_PLACEMENT_3D('',#5595,#5596,#5597);
#5595 = CARTESIAN_POINT('',(19.45,10.,0.5));
#5596 = DIRECTION('',(0.,0.,1.));
#5597 = DIRECTION('',(1.,0.,0.));
#5598 = ORIENTED_EDGE('',*,*,#5576,.T.);
#5599 = ORIENTED_EDGE('',*,*,#5561,.T.);
#5600 = ORIENTED_EDGE('',*,*,#3813,.T.);
#5601 = ORIENTED_EDGE('',*,*,#5552,.T.);
#5602 = CYLINDRICAL_SURFACE('',#5603,1.7);
#5603 = AXIS2_PLACEMENT_3D('',#5604,#5605,#5606);
#5604 = CARTESIAN_POINT('',(19.45,10.,0.5));
#5605 = DIRECTION('',(-0.,-0.,-1.));
#5606 = DIRECTION('',(1.,0.,0.));
#5607 = ADVANCED_FACE('',(#5608),#5627,.F.);
#5608 = FACE_BOUND('',#5609,.T.);
#5609 = EDGE_LOOP('',(#5610,#5619,#5625,#5626));
#5610 = ORIENTED_EDGE('',*,*,#5611,.T.);
#5611 = EDGE_CURVE('',#5612,#5612,#5614,.T.);
#5612 = VERTEX_POINT('',#5613);
#5613 = CARTESIAN_POINT('',(5.95,10.,6.));
#5614 = CIRCLE('',#5615,1.7);
#5615 = AXIS2_PLACEMENT_3D('',#5616,#5617,#5618);
#5616 = CARTESIAN_POINT('',(4.25,10.,6.));
#5617 = DIRECTION('',(0.,0.,1.));
#5618 = DIRECTION('',(1.,0.,0.));
#5619 = ORIENTED_EDGE('',*,*,#5620,.T.);
#5620 = EDGE_CURVE('',#5612,#3839,#5621,.T.);
#5621 = LINE('',#5622,#5623);
#5622 = CARTESIAN_POINT('',(5.95,10.,6.));
#5623 = VECTOR('',#5624,1.);
#5624 = DIRECTION('',(-6.E-17,0.,-1.));
#5625 = ORIENTED_EDGE('',*,*,#3838,.T.);
#5626 = ORIENTED_EDGE('',*,*,#5620,.F.);
#5627 = CYLINDRICAL_SURFACE('',#5628,1.7);
#5628 = AXIS2_PLACEMENT_3D('',#5629,#5630,#5631);
#5629 = CARTESIAN_POINT('',(4.25,10.,6.));
#5630 = DIRECTION('',(-0.,-0.,-1.));
#5631 = DIRECTION('',(1.,0.,0.));
#5632 = ADVANCED_FACE('',(#5633),#5654,.F.);
#5633 = FACE_BOUND('',#5634,.F.);
#5634 = EDGE_LOOP('',(#5635,#5636,#5644,#5650,#5651,#5652,#5653));
#5635 = ORIENTED_EDGE('',*,*,#3927,.F.);
#5636 = ORIENTED_EDGE('',*,*,#5637,.T.);
#5637 = EDGE_CURVE('',#3918,#5638,#5640,.T.);
#5638 = VERTEX_POINT('',#5639);
#5639 = CARTESIAN_POINT('',(23.,20.,0.5));
#5640 = LINE('',#5641,#5642);
#5641 = CARTESIAN_POINT('',(20.,20.,0.5));
#5642 = VECTOR('',#5643,1.);
#5643 = DIRECTION('',(1.,0.,0.));
#5644 = ORIENTED_EDGE('',*,*,#5645,.T.);
#5645 = EDGE_CURVE('',#5638,#3864,#5646,.T.);
#5646 = LINE('',#5647,#5648);
#5647 = CARTESIAN_POINT('',(23.,20.,0.5));
#5648 = VECTOR('',#5649,1.);
#5649 = DIRECTION('',(0.,-1.,2.2E-16));
#5650 = ORIENTED_EDGE('',*,*,#3871,.F.);
#5651 = ORIENTED_EDGE('',*,*,#3944,.F.);
#5652 = ORIENTED_EDGE('',*,*,#5592,.T.);
#5653 = ORIENTED_EDGE('',*,*,#5584,.T.);
#5654 = PLANE('',#5655);
#5655 = AXIS2_PLACEMENT_3D('',#5656,#5657,#5658);
#5656 = CARTESIAN_POINT('',(20.,20.,0.5));
#5657 = DIRECTION('',(0.,-2.2E-16,-1.));
#5658 = DIRECTION('',(0.,-1.,2.2E-16));
#5659 = ADVANCED_FACE('',(#5660),#5671,.F.);
#5660 = FACE_BOUND('',#5661,.F.);
#5661 = EDGE_LOOP('',(#5662,#5663,#5664,#5665));
#5662 = ORIENTED_EDGE('',*,*,#5537,.F.);
#5663 = ORIENTED_EDGE('',*,*,#3863,.T.);
#5664 = ORIENTED_EDGE('',*,*,#5645,.F.);
#5665 = ORIENTED_EDGE('',*,*,#5666,.F.);
#5666 = EDGE_CURVE('',#5538,#5638,#5667,.T.);
#5667 = LINE('',#5668,#5669);
#5668 = CARTESIAN_POINT('',(23.,20.,0.));
#5669 = VECTOR('',#5670,1.);
#5670 = DIRECTION('',(0.,0.,1.));
#5671 = PLANE('',#5672);
#5672 = AXIS2_PLACEMENT_3D('',#5673,#5674,#5675);
#5673 = CARTESIAN_POINT('',(23.,0.,0.));
#5674 = DIRECTION('',(-1.,0.,0.));
#5675 = DIRECTION('',(0.,1.,0.));
#5676 = ADVANCED_FACE('',(#5677),#5704,.T.);
#5677 = FACE_BOUND('',#5678,.T.);
#5678 = EDGE_LOOP('',(#5679,#5688,#5696,#5703));
#5679 = ORIENTED_EDGE('',*,*,#5680,.T.);
#5680 = EDGE_CURVE('',#3887,#5681,#5683,.T.);
#5681 = VERTEX_POINT('',#5682);
#5682 = CARTESIAN_POINT('',(11.7001,0.499899999926,7.5));
#5683 = ELLIPSE('',#5684,0.706965359778,0.4999);
#5684 = AXIS2_PLACEMENT_3D('',#5685,#5686,#5687);
#5685 = CARTESIAN_POINT('',(11.7001,0.4999,7.0001));
#5686 = DIRECTION('',(-0.707106781134,-0.707106781239,-0.));
#5687 = DIRECTION('',(-0.707106781239,0.707106781134,0.));
#5688 = ORIENTED_EDGE('',*,*,#5689,.T.);
#5689 = EDGE_CURVE('',#5681,#5690,#5692,.T.);
#5690 = VERTEX_POINT('',#5691);
#5691 = CARTESIAN_POINT('',(10.6999,0.499899999777,7.5));
#5692 = LINE('',#5693,#5694);
#5693 = CARTESIAN_POINT('',(12.199999999926,0.4999,7.5));
#5694 = VECTOR('',#5695,1.);
#5695 = DIRECTION('',(-1.,-1.4849244E-10,0.));
#5696 = ORIENTED_EDGE('',*,*,#5697,.F.);
#5697 = EDGE_CURVE('',#3895,#5690,#5698,.T.);
#5698 = ELLIPSE('',#5699,0.706965359883,0.4999);
#5699 = AXIS2_PLACEMENT_3D('',#5700,#5701,#5702);
#5700 = CARTESIAN_POINT('',(10.6999,0.4999,7.0001));
#5701 = DIRECTION('',(-0.707106781239,0.707106781134,0.));
#5702 = DIRECTION('',(-0.707106781134,-0.707106781239,0.));
#5703 = ORIENTED_EDGE('',*,*,#3894,.F.);
#5704 = CYLINDRICAL_SURFACE('',#5705,0.4999);
#5705 = AXIS2_PLACEMENT_3D('',#5706,#5707,#5708);
#5706 = CARTESIAN_POINT('',(12.199999999926,0.4999,7.0001));
#5707 = DIRECTION('',(-1.,-1.4849244E-10,0.));
#5708 = DIRECTION('',(1.4849244E-10,-1.,0.));
#5709 = ADVANCED_FACE('',(#5710),#5728,.F.);
#5710 = FACE_BOUND('',#5711,.F.);
#5711 = EDGE_LOOP('',(#5712,#5720,#5721,#5722));
#5712 = ORIENTED_EDGE('',*,*,#5713,.F.);
#5713 = EDGE_CURVE('',#3920,#5714,#5716,.T.);
#5714 = VERTEX_POINT('',#5715);
#5715 = CARTESIAN_POINT('',(15.9,20.,6.5001));
#5716 = LINE('',#5717,#5718);
#5717 = CARTESIAN_POINT('',(15.9,20.,0.5));
#5718 = VECTOR('',#5719,1.);
#5719 = DIRECTION('',(0.,0.,1.));
#5720 = ORIENTED_EDGE('',*,*,#3951,.F.);
#5721 = ORIENTED_EDGE('',*,*,#3965,.T.);
#5722 = ORIENTED_EDGE('',*,*,#5723,.T.);
#5723 = EDGE_CURVE('',#3966,#5714,#5724,.T.);
#5724 = LINE('',#5725,#5726);
#5725 = CARTESIAN_POINT('',(15.9,0.,6.5001));
#5726 = VECTOR('',#5727,1.);
#5727 = DIRECTION('',(0.,1.,0.));
#5728 = PLANE('',#5729);
#5729 = AXIS2_PLACEMENT_3D('',#5730,#5731,#5732);
#5730 = CARTESIAN_POINT('',(15.9,1.1E-16,0.5));
#5731 = DIRECTION('',(-1.,0.,0.));
#5732 = DIRECTION('',(0.,1.,0.));
#5733 = ADVANCED_FACE('',(#5734),#5761,.T.);
#5734 = FACE_BOUND('',#5735,.F.);
#5735 = EDGE_LOOP('',(#5736,#5745,#5753,#5760));
#5736 = ORIENTED_EDGE('',*,*,#5737,.T.);
#5737 = EDGE_CURVE('',#3975,#5738,#5740,.T.);
#5738 = VERTEX_POINT('',#5739);
#5739 = CARTESIAN_POINT('',(14.8999,0.9999,7.5));
#5740 = ELLIPSE('',#5741,1.414072141017,0.9999);
#5741 = AXIS2_PLACEMENT_3D('',#5742,#5743,#5744);
#5742 = CARTESIAN_POINT('',(14.8999,0.9999,6.5001));
#5743 = DIRECTION('',(-0.707106781187,0.707106781187,0.));
#5744 = DIRECTION('',(0.707106781187,0.707106781187,0.));
#5745 = ORIENTED_EDGE('',*,*,#5746,.T.);
#5746 = EDGE_CURVE('',#5738,#5747,#5749,.T.);
#5747 = VERTEX_POINT('',#5748);
#5748 = CARTESIAN_POINT('',(14.9001,0.9999,7.5));
#5749 = LINE('',#5750,#5751);
#5750 = CARTESIAN_POINT('',(13.9,0.9999,7.5));
#5751 = VECTOR('',#5752,1.);
#5752 = DIRECTION('',(1.,0.,0.));
#5753 = ORIENTED_EDGE('',*,*,#5754,.F.);
#5754 = EDGE_CURVE('',#3966,#5747,#5755,.T.);
#5755 = ELLIPSE('',#5756,1.414072141017,0.9999);
#5756 = AXIS2_PLACEMENT_3D('',#5757,#5758,#5759);
#5757 = CARTESIAN_POINT('',(14.9001,0.9999,6.5001));
#5758 = DIRECTION('',(-0.707106781187,-0.707106781187,-0.));
#5759 = DIRECTION('',(-0.707106781187,0.707106781187,0.));
#5760 = ORIENTED_EDGE('',*,*,#3982,.F.);
#5761 = CYLINDRICAL_SURFACE('',#5762,0.9999);
#5762 = AXIS2_PLACEMENT_3D('',#5763,#5764,#5765);
#5763 = CARTESIAN_POINT('',(13.9,0.9999,6.5001));
#5764 = DIRECTION('',(1.,0.,0.));
#5765 = DIRECTION('',(0.,-1.,0.));
#5766 = ADVANCED_FACE('',(#5767),#5790,.T.);
#5767 = FACE_BOUND('',#5768,.T.);
#5768 = EDGE_LOOP('',(#5769,#5770,#5789));
#5769 = ORIENTED_EDGE('',*,*,#4050,.T.);
#5770 = ORIENTED_EDGE('',*,*,#5771,.T.);
#5771 = EDGE_CURVE('',#4043,#4007,#5772,.T.);
#5772 = ( BOUNDED_CURVE() B_SPLINE_CURVE(8,(#5773,#5774,#5775,#5776,
    #5777,#5778,#5779,#5780,#5781,#5782,#5783,#5784,#5785,#5786,#5787,
#5788),.UNSPECIFIED.,.F.,.F.) B_SPLINE_CURVE_WITH_KNOTS((9,7,9),(6.5001,
6.977529218685,7.45495843737),.UNSPECIFIED.) CURVE() 
GEOMETRIC_REPRESENTATION_ITEM() RATIONAL_B_SPLINE_CURVE((1.,1.,1.,1.,1.,
1.,1.,1.,1.,1.,1.,1.,1.,1.,1.,1.)) REPRESENTATION_ITEM('') );
#5773 = CARTESIAN_POINT('',(8.5,0.4,7.0001));
#5774 = CARTESIAN_POINT('',(8.5,0.4,7.009907614667));
#5775 = CARTESIAN_POINT('',(8.499777848829,0.402839811128,7.019782486262
    ));
#5776 = CARTESIAN_POINT('',(8.499335672829,0.408724490871,7.03044894237)
  );
#5777 = CARTESIAN_POINT('',(8.498592898352,0.415846129058,7.045016693381
    ));
#5778 = CARTESIAN_POINT('',(8.496756064449,0.424329431962,7.061427446855
    ));
#5779 = CARTESIAN_POINT('',(8.494546971425,0.427425340384,7.090555705665
    ));
#5780 = CARTESIAN_POINT('',(8.485083001614,0.427978061975,7.132857719408
    ));
#5781 = CARTESIAN_POINT('',(8.445398699995,0.428837862588,7.233642697808
    ));
#5782 = CARTESIAN_POINT('',(8.415208535539,0.429099248794,7.292190994014
    ));
#5783 = CARTESIAN_POINT('',(8.370822249259,0.432035755038,7.354150864733
    ));
#5784 = CARTESIAN_POINT('',(8.311922580968,0.44005116408,7.409801921722)
  );
#5785 = CARTESIAN_POINT('',(8.241542152917,0.452393352713,7.453963713378
    ));
#5786 = CARTESIAN_POINT('',(8.163753123575,0.467159960124,7.484743764111
    ));
#5787 = CARTESIAN_POINT('',(8.081906481487,0.483551795358,7.5));
#5788 = CARTESIAN_POINT('',(8.0001,0.4999,7.5));
#5789 = ORIENTED_EDGE('',*,*,#4014,.F.);
#5790 = ( BOUNDED_SURFACE() B_SPLINE_SURFACE(2,8,(
    (#5791,#5792,#5793,#5794,#5795,#5796,#5797,#5798,#5799,#5800,#5801
      ,#5802,#5803,#5804,#5805,#5806)
    ,(#5807,#5808,#5809,#5810,#5811,#5812,#5813,#5814,#5815,#5816,#5817
      ,#5818,#5819,#5820,#5821,#5822)
    ,(#5823,#5824,#5825,#5826,#5827,#5828,#5829,#5830,#5831,#5832,#5833
      ,#5834,#5835,#5836,#5837,#5838
)),.UNSPECIFIED.,.F.,.F.,.F.) B_SPLINE_SURFACE_WITH_KNOTS((3,3),(9,7,9),
  (0.,0.95485843737),(6.5001,6.977529218685,7.45495843737),
.UNSPECIFIED.) GEOMETRIC_REPRESENTATION_ITEM() RATIONAL_B_SPLINE_SURFACE
((
    (1.,1.,1.,1.,1.,1.,1.,1.,1.,1.,1.,1.,1.,1.,1.,1.)
    ,(0.707106781187,0.707106781187,0.702567909995,0.692448262626
      ,0.682180618163,0.666736059067,0.665937288614,0.684906951562
      ,0.751410440052,0.799088973871,0.856490193915,0.910356855827
      ,0.953865293504,0.984770033708,1.,1.)
    ,(1.,1.,1.,1.,1.,1.,1.,1.,1.,1.,1.,1.,1.,1.,1.,1.
))) REPRESENTATION_ITEM('') SURFACE() );
#5791 = CARTESIAN_POINT('',(8.1,-1.1E-16,7.0001));
#5792 = CARTESIAN_POINT('',(8.1,8.3E-16,7.009907614667));
#5793 = CARTESIAN_POINT('',(8.097160188872,2.221511713811E-04,
    7.019782486262));
#5794 = CARTESIAN_POINT('',(8.091275509129,6.643271709619E-04,
    7.03044894237));
#5795 = CARTESIAN_POINT('',(8.084153870941,1.407101647847E-03,
    7.045016693381));
#5796 = CARTESIAN_POINT('',(8.075670568038,3.243935550806E-03,
    7.061427446855));
#5797 = CARTESIAN_POINT('',(8.072574659616,5.453028575333E-03,
    7.090555705666));
#5798 = CARTESIAN_POINT('',(8.072021938025,1.491699838629E-02,
    7.132857719408));
#5799 = CARTESIAN_POINT('',(8.071162137412,5.460130000506E-02,
    7.233642697808));
#5800 = CARTESIAN_POINT('',(8.070900751206,8.479146446135E-02,
    7.292190994014));
#5801 = CARTESIAN_POINT('',(8.067964244962,0.129177750741,7.354150864733
    ));
#5802 = CARTESIAN_POINT('',(8.05994883592,0.188077419032,7.409801921722)
  );
#5803 = CARTESIAN_POINT('',(8.047606647287,0.258457847083,7.453963713378
    ));
#5804 = CARTESIAN_POINT('',(8.032840039876,0.336246876425,7.484743764111
    ));
#5805 = CARTESIAN_POINT('',(8.016448204642,0.418093518513,7.5));
#5806 = CARTESIAN_POINT('',(8.0001,0.4999,7.5));
#5807 = CARTESIAN_POINT('',(8.5,-1.36E-15,7.0001));
#5808 = CARTESIAN_POINT('',(8.5,-6.4E-16,7.049177343065));
#5809 = CARTESIAN_POINT('',(8.497954155392,2.045844607798E-03,
    7.098861739759));
#5810 = CARTESIAN_POINT('',(8.494177499984,5.82250001591E-03,
    7.151358404293));
#5811 = CARTESIAN_POINT('',(8.486330749787,1.366925021297E-02,
    7.206303710558));
#5812 = CARTESIAN_POINT('',(8.475918761509,2.408123849074E-02,
    7.268408127654));
#5813 = CARTESIAN_POINT('',(8.454639259831,4.536074016933E-02,
    7.323993846259));
#5814 = CARTESIAN_POINT('',(8.42100220234,7.899779766016E-02,
    7.368986567836));
#5815 = CARTESIAN_POINT('',(8.339812466826,0.160187533174,7.434906816806
    ));
#5816 = CARTESIAN_POINT('',(8.296297450064,0.203702549935,7.455345030018
    ));
#5817 = CARTESIAN_POINT('',(8.250099406325,0.249900593675,7.46848438649)
  );
#5818 = CARTESIAN_POINT('',(8.201565156524,0.298434843476,7.480404342731
    ));
#5819 = CARTESIAN_POINT('',(8.151000847185,0.348999152815,7.49060391563)
  );
#5820 = CARTESIAN_POINT('',(8.099787812995,0.400212187005,7.496822690572
    ));
#5821 = CARTESIAN_POINT('',(8.049177343065,0.450822656935,7.5));
#5822 = CARTESIAN_POINT('',(8.0001,0.4999,7.5));
#5823 = CARTESIAN_POINT('',(8.5,0.4,7.0001));
#5824 = CARTESIAN_POINT('',(8.5,0.4,7.009907614667));
#5825 = CARTESIAN_POINT('',(8.499777848829,0.402839811128,7.019782486262
    ));
#5826 = CARTESIAN_POINT('',(8.499335672829,0.408724490871,7.03044894237)
  );
#5827 = CARTESIAN_POINT('',(8.498592898352,0.415846129058,7.045016693381
    ));
#5828 = CARTESIAN_POINT('',(8.496756064449,0.424329431962,7.061427446855
    ));
#5829 = CARTESIAN_POINT('',(8.494546971425,0.427425340384,7.090555705665
    ));
#5830 = CARTESIAN_POINT('',(8.485083001614,0.427978061975,7.132857719408
    ));
#5831 = CARTESIAN_POINT('',(8.445398699995,0.428837862588,7.233642697808
    ));
#5832 = CARTESIAN_POINT('',(8.415208535539,0.429099248794,7.292190994014
    ));
#5833 = CARTESIAN_POINT('',(8.370822249259,0.432035755038,7.354150864733
    ));
#5834 = CARTESIAN_POINT('',(8.311922580968,0.44005116408,7.409801921722)
  );
#5835 = CARTESIAN_POINT('',(8.241542152917,0.452393352713,7.453963713378
    ));
#5836 = CARTESIAN_POINT('',(8.163753123575,0.467159960124,7.484743764111
    ));
#5837 = CARTESIAN_POINT('',(8.081906481487,0.483551795358,7.5));
#5838 = CARTESIAN_POINT('',(8.0001,0.4999,7.5));
#5839 = ADVANCED_FACE('',(#5840),#5859,.T.);
#5840 = FACE_BOUND('',#5841,.T.);
#5841 = EDGE_LOOP('',(#5842,#5851,#5852,#5853));
#5842 = ORIENTED_EDGE('',*,*,#5843,.T.);
#5843 = EDGE_CURVE('',#5844,#4069,#5846,.T.);
#5844 = VERTEX_POINT('',#5845);
#5845 = CARTESIAN_POINT('',(0.4999,19.5001,7.5));
#5846 = ELLIPSE('',#5847,0.70696535983,0.4999);
#5847 = AXIS2_PLACEMENT_3D('',#5848,#5849,#5850);
#5848 = CARTESIAN_POINT('',(0.4999,19.5001,7.0001));
#5849 = DIRECTION('',(-0.707106781187,-0.707106781187,-0.));
#5850 = DIRECTION('',(-0.707106781187,0.707106781187,0.));
#5851 = ORIENTED_EDGE('',*,*,#4076,.T.);
#5852 = ORIENTED_EDGE('',*,*,#3997,.T.);
#5853 = ORIENTED_EDGE('',*,*,#5854,.F.);
#5854 = EDGE_CURVE('',#5844,#3998,#5855,.T.);
#5855 = LINE('',#5856,#5857);
#5856 = CARTESIAN_POINT('',(0.4999,20.,7.5));
#5857 = VECTOR('',#5858,1.);
#5858 = DIRECTION('',(0.,-1.,0.));
#5859 = CYLINDRICAL_SURFACE('',#5860,0.4999);
#5860 = AXIS2_PLACEMENT_3D('',#5861,#5862,#5863);
#5861 = CARTESIAN_POINT('',(0.4999,20.,7.0001));
#5862 = DIRECTION('',(0.,-1.,0.));
#5863 = DIRECTION('',(0.,0.,1.));
#5864 = ADVANCED_FACE('',(#5865,#5883),#5894,.T.);
#5865 = FACE_BOUND('',#5866,.T.);
#5866 = EDGE_LOOP('',(#5867,#5875,#5876,#5877));
#5867 = ORIENTED_EDGE('',*,*,#5868,.T.);
#5868 = EDGE_CURVE('',#5869,#5844,#5871,.T.);
#5869 = VERTEX_POINT('',#5870);
#5870 = CARTESIAN_POINT('',(8.0001,19.5001,7.5));
#5871 = LINE('',#5872,#5873);
#5872 = CARTESIAN_POINT('',(8.5,19.5001,7.5));
#5873 = VECTOR('',#5874,1.);
#5874 = DIRECTION('',(-1.,0.,0.));
#5875 = ORIENTED_EDGE('',*,*,#5854,.T.);
#5876 = ORIENTED_EDGE('',*,*,#4006,.T.);
#5877 = ORIENTED_EDGE('',*,*,#5878,.F.);
#5878 = EDGE_CURVE('',#5869,#4007,#5879,.T.);
#5879 = LINE('',#5880,#5881);
#5880 = CARTESIAN_POINT('',(8.0001,20.,7.5));
#5881 = VECTOR('',#5882,1.);
#5882 = DIRECTION('',(0.,-1.,0.));
#5883 = FACE_BOUND('',#5884,.T.);
#5884 = EDGE_LOOP('',(#5885));
#5885 = ORIENTED_EDGE('',*,*,#5886,.T.);
#5886 = EDGE_CURVE('',#5887,#5887,#5889,.T.);
#5887 = VERTEX_POINT('',#5888);
#5888 = CARTESIAN_POINT('',(6.4499,10.,7.5));
#5889 = CIRCLE('',#5890,2.1999);
#5890 = AXIS2_PLACEMENT_3D('',#5891,#5892,#5893);
#5891 = CARTESIAN_POINT('',(4.25,10.,7.5));
#5892 = DIRECTION('',(0.,0.,-1.));
#5893 = DIRECTION('',(1.,0.,0.));
#5894 = PLANE('',#5895);
#5895 = AXIS2_PLACEMENT_3D('',#5896,#5897,#5898);
#5896 = CARTESIAN_POINT('',(10.628571428565,10.142857142751,7.5));
#5897 = DIRECTION('',(0.,0.,1.));
#5898 = DIRECTION('',(1.,0.,0.));
#5899 = ADVANCED_FACE('',(#5900),#5918,.T.);
#5900 = FACE_BOUND('',#5901,.T.);
#5901 = EDGE_LOOP('',(#5902,#5910,#5911,#5912));
#5902 = ORIENTED_EDGE('',*,*,#5903,.T.);
#5903 = EDGE_CURVE('',#5904,#4043,#5906,.T.);
#5904 = VERTEX_POINT('',#5905);
#5905 = CARTESIAN_POINT('',(8.5,19.6,7.0001));
#5906 = LINE('',#5907,#5908);
#5907 = CARTESIAN_POINT('',(8.5,20.,7.0001));
#5908 = VECTOR('',#5909,1.);
#5909 = DIRECTION('',(0.,-1.,0.));
#5910 = ORIENTED_EDGE('',*,*,#4042,.F.);
#5911 = ORIENTED_EDGE('',*,*,#4090,.F.);
#5912 = ORIENTED_EDGE('',*,*,#5913,.T.);
#5913 = EDGE_CURVE('',#4091,#5904,#5914,.T.);
#5914 = LINE('',#5915,#5916);
#5915 = CARTESIAN_POINT('',(8.5,19.6,6.));
#5916 = VECTOR('',#5917,1.);
#5917 = DIRECTION('',(0.,0.,1.));
#5918 = PLANE('',#5919);
#5919 = AXIS2_PLACEMENT_3D('',#5920,#5921,#5922);
#5920 = CARTESIAN_POINT('',(8.5,20.,6.));
#5921 = DIRECTION('',(1.,0.,0.));
#5922 = DIRECTION('',(0.,-1.,2.2E-16));
#5923 = ADVANCED_FACE('',(#5924),#5942,.F.);
#5924 = FACE_BOUND('',#5925,.F.);
#5925 = EDGE_LOOP('',(#5926,#5934,#5935,#5936));
#5926 = ORIENTED_EDGE('',*,*,#5927,.T.);
#5927 = EDGE_CURVE('',#5928,#4069,#5930,.T.);
#5928 = VERTEX_POINT('',#5929);
#5929 = CARTESIAN_POINT('',(8.1,20.,7.0001));
#5930 = LINE('',#5931,#5932);
#5931 = CARTESIAN_POINT('',(8.5,20.,7.0001));
#5932 = VECTOR('',#5933,1.);
#5933 = DIRECTION('',(-1.,0.,0.));
#5934 = ORIENTED_EDGE('',*,*,#4068,.F.);
#5935 = ORIENTED_EDGE('',*,*,#4114,.F.);
#5936 = ORIENTED_EDGE('',*,*,#5937,.T.);
#5937 = EDGE_CURVE('',#4115,#5928,#5938,.T.);
#5938 = LINE('',#5939,#5940);
#5939 = CARTESIAN_POINT('',(8.1,20.,6.));
#5940 = VECTOR('',#5941,1.);
#5941 = DIRECTION('',(0.,0.,1.));
#5942 = PLANE('',#5943);
#5943 = AXIS2_PLACEMENT_3D('',#5944,#5945,#5946);
#5944 = CARTESIAN_POINT('',(8.5,20.,6.));
#5945 = DIRECTION('',(0.,-1.,0.));
#5946 = DIRECTION('',(-1.,0.,0.));
#5947 = ADVANCED_FACE('',(#5948),#5954,.F.);
#5948 = FACE_BOUND('',#5949,.F.);
#5949 = EDGE_LOOP('',(#5950,#5951,#5952,#5953));
#5950 = ORIENTED_EDGE('',*,*,#5545,.T.);
#5951 = ORIENTED_EDGE('',*,*,#5666,.T.);
#5952 = ORIENTED_EDGE('',*,*,#5637,.F.);
#5953 = ORIENTED_EDGE('',*,*,#4124,.F.);
#5954 = PLANE('',#5955);
#5955 = AXIS2_PLACEMENT_3D('',#5956,#5957,#5958);
#5956 = CARTESIAN_POINT('',(20.,20.,0.));
#5957 = DIRECTION('',(0.,-1.,0.));
#5958 = DIRECTION('',(0.,0.,1.));
#5959 = ADVANCED_FACE('',(#5960),#5971,.F.);
#5960 = FACE_BOUND('',#5961,.F.);
#5961 = EDGE_LOOP('',(#5962,#5963,#5964,#5965));
#5962 = ORIENTED_EDGE('',*,*,#4242,.F.);
#5963 = ORIENTED_EDGE('',*,*,#4131,.F.);
#5964 = ORIENTED_EDGE('',*,*,#5713,.T.);
#5965 = ORIENTED_EDGE('',*,*,#5966,.T.);
#5966 = EDGE_CURVE('',#5714,#4243,#5967,.T.);
#5967 = LINE('',#5968,#5969);
#5968 = CARTESIAN_POINT('',(15.9,20.,6.5001));
#5969 = VECTOR('',#5970,1.);
#5970 = DIRECTION('',(-1.,0.,0.));
#5971 = PLANE('',#5972);
#5972 = AXIS2_PLACEMENT_3D('',#5973,#5974,#5975);
#5973 = CARTESIAN_POINT('',(15.9,20.,0.5));
#5974 = DIRECTION('',(0.,-1.,0.));
#5975 = DIRECTION('',(-1.,0.,0.));
#5976 = ADVANCED_FACE('',(#5977),#6016,.T.);
#5977 = FACE_BOUND('',#5978,.T.);
#5978 = EDGE_LOOP('',(#5979,#5980,#5989,#5997));
#5979 = ORIENTED_EDGE('',*,*,#4160,.F.);
#5980 = ORIENTED_EDGE('',*,*,#5981,.T.);
#5981 = EDGE_CURVE('',#4161,#5982,#5984,.T.);
#5982 = VERTEX_POINT('',#5983);
#5983 = CARTESIAN_POINT('',(11.7001,19.5001,7.5));
#5984 = ELLIPSE('',#5985,0.70696535983,0.4999);
#5985 = AXIS2_PLACEMENT_3D('',#5986,#5987,#5988);
#5986 = CARTESIAN_POINT('',(11.7001,19.5001,7.0001));
#5987 = DIRECTION('',(0.707106781187,-0.707106781187,0.));
#5988 = DIRECTION('',(0.707106781187,0.707106781187,0.));
#5989 = ORIENTED_EDGE('',*,*,#5990,.T.);
#5990 = EDGE_CURVE('',#5982,#5991,#5993,.T.);
#5991 = VERTEX_POINT('',#5992);
#5992 = CARTESIAN_POINT('',(11.7001,12.49989999976,7.5));
#5993 = LINE('',#5994,#5995);
#5994 = CARTESIAN_POINT('',(11.7001,20.,7.5));
#5995 = VECTOR('',#5996,1.);
#5996 = DIRECTION('',(0.,-1.,0.));
#5997 = ORIENTED_EDGE('',*,*,#5998,.F.);
#5998 = EDGE_CURVE('',#4163,#5991,#5999,.T.);
#5999 = ( BOUNDED_CURVE() B_SPLINE_CURVE(8,(#6000,#6001,#6002,#6003,
    #6004,#6005,#6006,#6007,#6008,#6009,#6010,#6011,#6012,#6013,#6014,
#6015),.UNSPECIFIED.,.F.,.F.) B_SPLINE_CURVE_WITH_KNOTS((9,7,9),(6.5001,
6.977529218685,7.45495843737),.UNSPECIFIED.) CURVE() 
GEOMETRIC_REPRESENTATION_ITEM() RATIONAL_B_SPLINE_CURVE((1.,1.,1.,1.,1.,
1.,1.,1.,1.,1.,1.,1.,1.,1.,1.,1.)) REPRESENTATION_ITEM('') );
#6000 = CARTESIAN_POINT('',(12.2,12.39999999976,7.0001));
#6001 = CARTESIAN_POINT('',(12.2,12.39999999976,7.009907614667));
#6002 = CARTESIAN_POINT('',(12.199777848829,12.402839810888,
    7.019782486262));
#6003 = CARTESIAN_POINT('',(12.199335672829,12.40872449063,7.03044894237
    ));
#6004 = CARTESIAN_POINT('',(12.198592898352,12.415846128818,
    7.045016693381));
#6005 = CARTESIAN_POINT('',(12.196756064449,12.424329431722,
    7.061427446855));
#6006 = CARTESIAN_POINT('',(12.194546971425,12.427425340143,
    7.090555705666));
#6007 = CARTESIAN_POINT('',(12.185083001614,12.427978061734,
    7.132857719408));
#6008 = CARTESIAN_POINT('',(12.145398699995,12.428837862348,
    7.233642697808));
#6009 = CARTESIAN_POINT('',(12.115208535539,12.429099248554,
    7.292190994014));
#6010 = CARTESIAN_POINT('',(12.070822249259,12.432035754798,
    7.354150864733));
#6011 = CARTESIAN_POINT('',(12.011922580968,12.44005116384,
    7.409801921722));
#6012 = CARTESIAN_POINT('',(11.941542152917,12.452393352472,
    7.453963713378));
#6013 = CARTESIAN_POINT('',(11.863753123575,12.467159959883,
    7.484743764111));
#6014 = CARTESIAN_POINT('',(11.781906481487,12.483551795117,7.5));
#6015 = CARTESIAN_POINT('',(11.7001,12.49989999976,7.5));
#6016 = CYLINDRICAL_SURFACE('',#6017,0.4999);
#6017 = AXIS2_PLACEMENT_3D('',#6018,#6019,#6020);
#6018 = CARTESIAN_POINT('',(11.7001,20.,7.0001));
#6019 = DIRECTION('',(0.,-1.,0.));
#6020 = DIRECTION('',(1.,0.,0.));
#6021 = ADVANCED_FACE('',(#6022),#6045,.F.);
#6022 = FACE_BOUND('',#6023,.F.);
#6023 = EDGE_LOOP('',(#6024,#6025,#6044));
#6024 = ORIENTED_EDGE('',*,*,#4200,.T.);
#6025 = ORIENTED_EDGE('',*,*,#6026,.T.);
#6026 = EDGE_CURVE('',#4193,#5991,#6027,.T.);
#6027 = ( BOUNDED_CURVE() B_SPLINE_CURVE(8,(#6028,#6029,#6030,#6031,
    #6032,#6033,#6034,#6035,#6036,#6037,#6038,#6039,#6040,#6041,#6042,
#6043),.UNSPECIFIED.,.F.,.F.) B_SPLINE_CURVE_WITH_KNOTS((9,7,9),(6.5001,
6.977529218685,7.45495843737),.UNSPECIFIED.) CURVE() 
GEOMETRIC_REPRESENTATION_ITEM() RATIONAL_B_SPLINE_CURVE((1.,1.,1.,1.,1.,
1.,1.,1.,1.,1.,1.,1.,1.,1.,1.,1.)) REPRESENTATION_ITEM('') );
#6028 = CARTESIAN_POINT('',(11.8,11.99999999976,7.0001));
#6029 = CARTESIAN_POINT('',(11.8,11.99999999976,7.009907614667));
#6030 = CARTESIAN_POINT('',(11.797160188872,12.000222150931,
    7.019782486262));
#6031 = CARTESIAN_POINT('',(11.791275509129,12.000664326931,
    7.03044894237));
#6032 = CARTESIAN_POINT('',(11.784153870942,12.001407101407,
    7.045016693381));
#6033 = CARTESIAN_POINT('',(11.775670568038,12.00324393531,
    7.061427446855));
#6034 = CARTESIAN_POINT('',(11.772574659616,12.005453028335,
    7.090555705666));
#6035 = CARTESIAN_POINT('',(11.772021938025,12.014916998146,
    7.132857719408));
#6036 = CARTESIAN_POINT('',(11.771162137412,12.054601299765,
    7.233642697808));
#6037 = CARTESIAN_POINT('',(11.770900751206,12.084791464221,
    7.292190994014));
#6038 = CARTESIAN_POINT('',(11.767964244962,12.1291777505,7.354150864733
    ));
#6039 = CARTESIAN_POINT('',(11.75994883592,12.188077418792,
    7.409801921722));
#6040 = CARTESIAN_POINT('',(11.747606647287,12.258457846842,
    7.453963713378));
#6041 = CARTESIAN_POINT('',(11.732840039876,12.336246876185,
    7.484743764111));
#6042 = CARTESIAN_POINT('',(11.716448204642,12.418093518272,7.5));
#6043 = CARTESIAN_POINT('',(11.7001,12.49989999976,7.5));
#6044 = ORIENTED_EDGE('',*,*,#5998,.F.);
#6045 = ( BOUNDED_SURFACE() B_SPLINE_SURFACE(2,8,(
    (#6046,#6047,#6048,#6049,#6050,#6051,#6052,#6053,#6054,#6055,#6056
      ,#6057,#6058,#6059,#6060,#6061)
    ,(#6062,#6063,#6064,#6065,#6066,#6067,#6068,#6069,#6070,#6071,#6072
      ,#6073,#6074,#6075,#6076,#6077)
    ,(#6078,#6079,#6080,#6081,#6082,#6083,#6084,#6085,#6086,#6087,#6088
      ,#6089,#6090,#6091,#6092,#6093
)),.UNSPECIFIED.,.F.,.F.,.F.) B_SPLINE_SURFACE_WITH_KNOTS((3,3),(9,7,9),
  (0.,0.95485843737),(6.5001,6.977529218685,7.45495843737),
.UNSPECIFIED.) GEOMETRIC_REPRESENTATION_ITEM() RATIONAL_B_SPLINE_SURFACE
((
    (1.,1.,1.,1.,1.,1.,1.,1.,1.,1.,1.,1.,1.,1.,1.,1.)
    ,(0.707106781187,0.707106781187,0.702567909995,0.692448262626
      ,0.682180618163,0.666736059067,0.665937288614,0.684906951562
      ,0.751410440052,0.799088973871,0.856490193915,0.910356855827
      ,0.953865293504,0.984770033708,1.,1.)
    ,(1.,1.,1.,1.,1.,1.,1.,1.,1.,1.,1.,1.,1.,1.,1.,1.
))) REPRESENTATION_ITEM('') SURFACE() );
#6046 = CARTESIAN_POINT('',(12.2,12.39999999976,7.0001));
#6047 = CARTESIAN_POINT('',(12.2,12.39999999976,7.009907614667));
#6048 = CARTESIAN_POINT('',(12.199777848829,12.402839810888,
    7.019782486262));
#6049 = CARTESIAN_POINT('',(12.199335672829,12.40872449063,7.03044894237
    ));
#6050 = CARTESIAN_POINT('',(12.198592898352,12.415846128818,
    7.045016693381));
#6051 = CARTESIAN_POINT('',(12.196756064449,12.424329431722,
    7.061427446855));
#6052 = CARTESIAN_POINT('',(12.194546971425,12.427425340143,
    7.090555705666));
#6053 = CARTESIAN_POINT('',(12.185083001614,12.427978061734,
    7.132857719408));
#6054 = CARTESIAN_POINT('',(12.145398699995,12.428837862348,
    7.233642697808));
#6055 = CARTESIAN_POINT('',(12.115208535539,12.429099248554,
    7.292190994014));
#6056 = CARTESIAN_POINT('',(12.070822249259,12.432035754798,
    7.354150864733));
#6057 = CARTESIAN_POINT('',(12.011922580968,12.44005116384,
    7.409801921722));
#6058 = CARTESIAN_POINT('',(11.941542152917,12.452393352472,
    7.453963713378));
#6059 = CARTESIAN_POINT('',(11.863753123575,12.467159959883,
    7.484743764111));
#6060 = CARTESIAN_POINT('',(11.781906481487,12.483551795117,7.5));
#6061 = CARTESIAN_POINT('',(11.7001,12.49989999976,7.5));
#6062 = CARTESIAN_POINT('',(12.2,11.99999999976,7.0001));
#6063 = CARTESIAN_POINT('',(12.2,11.99999999976,7.049177343065));
#6064 = CARTESIAN_POINT('',(12.197954155392,12.002045844367,
    7.098861739759));
#6065 = CARTESIAN_POINT('',(12.194177499984,12.005822499775,
    7.151358404293));
#6066 = CARTESIAN_POINT('',(12.186330749787,12.013669249973,
    7.206303710558));
#6067 = CARTESIAN_POINT('',(12.175918761509,12.024081238251,
    7.268408127654));
#6068 = CARTESIAN_POINT('',(12.154639259831,12.045360739929,
    7.323993846259));
#6069 = CARTESIAN_POINT('',(12.12100220234,12.07899779742,7.368986567836
    ));
#6070 = CARTESIAN_POINT('',(12.039812466826,12.160187532933,
    7.434906816806));
#6071 = CARTESIAN_POINT('',(11.996297450065,12.203702549695,
    7.455345030018));
#6072 = CARTESIAN_POINT('',(11.950099406325,12.249900593434,
    7.46848438649));
#6073 = CARTESIAN_POINT('',(11.901565156524,12.298434843236,
    7.480404342731));
#6074 = CARTESIAN_POINT('',(11.851000847185,12.348999152574,
    7.49060391563));
#6075 = CARTESIAN_POINT('',(11.799787812995,12.400212186765,
    7.496822690572));
#6076 = CARTESIAN_POINT('',(11.749177343065,12.450822656695,7.5));
#6077 = CARTESIAN_POINT('',(11.7001,12.49989999976,7.5));
#6078 = CARTESIAN_POINT('',(11.8,11.99999999976,7.0001));
#6079 = CARTESIAN_POINT('',(11.8,11.99999999976,7.009907614667));
#6080 = CARTESIAN_POINT('',(11.797160188872,12.000222150931,
    7.019782486262));
#6081 = CARTESIAN_POINT('',(11.791275509129,12.000664326931,
    7.03044894237));
#6082 = CARTESIAN_POINT('',(11.784153870942,12.001407101407,
    7.045016693381));
#6083 = CARTESIAN_POINT('',(11.775670568038,12.00324393531,
    7.061427446855));
#6084 = CARTESIAN_POINT('',(11.772574659616,12.005453028335,
    7.090555705666));
#6085 = CARTESIAN_POINT('',(11.772021938025,12.014916998146,
    7.132857719408));
#6086 = CARTESIAN_POINT('',(11.771162137412,12.054601299765,
    7.233642697808));
#6087 = CARTESIAN_POINT('',(11.770900751206,12.084791464221,
    7.292190994014));
#6088 = CARTESIAN_POINT('',(11.767964244962,12.1291777505,7.354150864733
    ));
#6089 = CARTESIAN_POINT('',(11.75994883592,12.188077418792,
    7.409801921722));
#6090 = CARTESIAN_POINT('',(11.747606647287,12.258457846842,
    7.453963713378));
#6091 = CARTESIAN_POINT('',(11.732840039876,12.336246876185,
    7.484743764111));
#6092 = CARTESIAN_POINT('',(11.716448204642,12.418093518272,7.5));
#6093 = CARTESIAN_POINT('',(11.7001,12.49989999976,7.5));
#6094 = ADVANCED_FACE('',(#6095),#6126,.T.);
#6095 = FACE_BOUND('',#6096,.T.);
#6096 = EDGE_LOOP('',(#6097,#6098,#6099,#6107));
#6097 = ORIENTED_EDGE('',*,*,#4216,.F.);
#6098 = ORIENTED_EDGE('',*,*,#6026,.T.);
#6099 = ORIENTED_EDGE('',*,*,#6100,.T.);
#6100 = EDGE_CURVE('',#5991,#6101,#6103,.T.);
#6101 = VERTEX_POINT('',#6102);
#6102 = CARTESIAN_POINT('',(10.6999,12.49989999976,7.5));
#6103 = LINE('',#6104,#6105);
#6104 = CARTESIAN_POINT('',(12.2,12.49989999976,7.5));
#6105 = VECTOR('',#6106,1.);
#6106 = DIRECTION('',(-1.,0.,0.));
#6107 = ORIENTED_EDGE('',*,*,#6108,.F.);
#6108 = EDGE_CURVE('',#4217,#6101,#6109,.T.);
#6109 = ( BOUNDED_CURVE() B_SPLINE_CURVE(8,(#6110,#6111,#6112,#6113,
    #6114,#6115,#6116,#6117,#6118,#6119,#6120,#6121,#6122,#6123,#6124,
#6125),.UNSPECIFIED.,.F.,.F.) B_SPLINE_CURVE_WITH_KNOTS((9,7,9),(6.5001,
6.977529218685,7.45495843737),.UNSPECIFIED.) CURVE() 
GEOMETRIC_REPRESENTATION_ITEM() RATIONAL_B_SPLINE_CURVE((1.,1.,1.,1.,1.,
1.,1.,1.,1.,1.,1.,1.,1.,1.,1.,1.)) REPRESENTATION_ITEM('') );
#6110 = CARTESIAN_POINT('',(10.6,11.99999999976,7.0001));
#6111 = CARTESIAN_POINT('',(10.6,11.99999999976,7.009907614667));
#6112 = CARTESIAN_POINT('',(10.602839811128,12.000222150931,
    7.019782486262));
#6113 = CARTESIAN_POINT('',(10.608724490871,12.000664326931,
    7.03044894237));
#6114 = CARTESIAN_POINT('',(10.615846129058,12.001407101407,
    7.045016693381));
#6115 = CARTESIAN_POINT('',(10.624329431962,12.00324393531,
    7.061427446855));
#6116 = CARTESIAN_POINT('',(10.627425340384,12.005453028335,
    7.090555705666));
#6117 = CARTESIAN_POINT('',(10.627978061975,12.014916998146,
    7.132857719408));
#6118 = CARTESIAN_POINT('',(10.628837862588,12.054601299765,
    7.233642697808));
#6119 = CARTESIAN_POINT('',(10.629099248794,12.084791464221,
    7.292190994014));
#6120 = CARTESIAN_POINT('',(10.632035755038,12.1291777505,7.354150864733
    ));
#6121 = CARTESIAN_POINT('',(10.64005116408,12.188077418792,
    7.409801921722));
#6122 = CARTESIAN_POINT('',(10.652393352712,12.258457846842,
    7.453963713378));
#6123 = CARTESIAN_POINT('',(10.667159960124,12.336246876185,
    7.484743764111));
#6124 = CARTESIAN_POINT('',(10.683551795358,12.418093518272,7.5));
#6125 = CARTESIAN_POINT('',(10.6999,12.49989999976,7.5));
#6126 = CYLINDRICAL_SURFACE('',#6127,0.4999);
#6127 = AXIS2_PLACEMENT_3D('',#6128,#6129,#6130);
#6128 = CARTESIAN_POINT('',(12.2,12.49989999976,7.0001));
#6129 = DIRECTION('',(-1.,0.,0.));
#6130 = DIRECTION('',(0.,-1.,0.));
#6131 = ADVANCED_FACE('',(#6132),#6151,.T.);
#6132 = FACE_BOUND('',#6133,.F.);
#6133 = EDGE_LOOP('',(#6134,#6143,#6149,#6150));
#6134 = ORIENTED_EDGE('',*,*,#6135,.F.);
#6135 = EDGE_CURVE('',#6136,#4243,#6138,.T.);
#6136 = VERTEX_POINT('',#6137);
#6137 = CARTESIAN_POINT('',(14.8999,19.0001,7.5));
#6138 = ELLIPSE('',#6139,1.414072141017,0.9999);
#6139 = AXIS2_PLACEMENT_3D('',#6140,#6141,#6142);
#6140 = CARTESIAN_POINT('',(14.8999,19.0001,6.5001));
#6141 = DIRECTION('',(-0.707106781187,-0.707106781187,-0.));
#6142 = DIRECTION('',(-0.707106781187,0.707106781187,0.));
#6143 = ORIENTED_EDGE('',*,*,#6144,.T.);
#6144 = EDGE_CURVE('',#6136,#5738,#6145,.T.);
#6145 = LINE('',#6146,#6147);
#6146 = CARTESIAN_POINT('',(14.8999,20.,7.5));
#6147 = VECTOR('',#6148,1.);
#6148 = DIRECTION('',(0.,-1.,0.));
#6149 = ORIENTED_EDGE('',*,*,#5737,.F.);
#6150 = ORIENTED_EDGE('',*,*,#4250,.F.);
#6151 = CYLINDRICAL_SURFACE('',#6152,0.9999);
#6152 = AXIS2_PLACEMENT_3D('',#6153,#6154,#6155);
#6153 = CARTESIAN_POINT('',(14.8999,20.,6.5001));
#6154 = DIRECTION('',(0.,-1.,0.));
#6155 = DIRECTION('',(-1.,0.,0.));
#6156 = ADVANCED_FACE('',(#6157),#6180,.F.);
#6157 = FACE_BOUND('',#6158,.F.);
#6158 = EDGE_LOOP('',(#6159,#6160,#6179));
#6159 = ORIENTED_EDGE('',*,*,#4273,.T.);
#6160 = ORIENTED_EDGE('',*,*,#6161,.T.);
#6161 = EDGE_CURVE('',#4266,#6101,#6162,.T.);
#6162 = ( BOUNDED_CURVE() B_SPLINE_CURVE(8,(#6163,#6164,#6165,#6166,
    #6167,#6168,#6169,#6170,#6171,#6172,#6173,#6174,#6175,#6176,#6177,
#6178),.UNSPECIFIED.,.F.,.F.) B_SPLINE_CURVE_WITH_KNOTS((9,7,9),(6.5001,
6.977529218685,7.45495843737),.UNSPECIFIED.) CURVE() 
GEOMETRIC_REPRESENTATION_ITEM() RATIONAL_B_SPLINE_CURVE((1.,1.,1.,1.,1.,
1.,1.,1.,1.,1.,1.,1.,1.,1.,1.,1.)) REPRESENTATION_ITEM('') );
#6163 = CARTESIAN_POINT('',(10.2,12.39999999976,7.0001));
#6164 = CARTESIAN_POINT('',(10.2,12.39999999976,7.009907614667));
#6165 = CARTESIAN_POINT('',(10.200222151171,12.402839810888,
    7.019782486262));
#6166 = CARTESIAN_POINT('',(10.200664327171,12.40872449063,7.03044894237
    ));
#6167 = CARTESIAN_POINT('',(10.201407101648,12.415846128818,
    7.045016693381));
#6168 = CARTESIAN_POINT('',(10.203243935551,12.424329431722,
    7.061427446855));
#6169 = CARTESIAN_POINT('',(10.205453028575,12.427425340143,
    7.090555705666));
#6170 = CARTESIAN_POINT('',(10.214916998386,12.427978061734,
    7.132857719407));
#6171 = CARTESIAN_POINT('',(10.254601300005,12.428837862348,
    7.233642697808));
#6172 = CARTESIAN_POINT('',(10.284791464461,12.429099248554,
    7.292190994014));
#6173 = CARTESIAN_POINT('',(10.329177750741,12.432035754798,
    7.354150864733));
#6174 = CARTESIAN_POINT('',(10.388077419032,12.44005116384,
    7.409801921722));
#6175 = CARTESIAN_POINT('',(10.458457847083,12.452393352472,
    7.453963713378));
#6176 = CARTESIAN_POINT('',(10.536246876425,12.467159959883,
    7.484743764111));
#6177 = CARTESIAN_POINT('',(10.618093518513,12.483551795117,7.5));
#6178 = CARTESIAN_POINT('',(10.6999,12.49989999976,7.5));
#6179 = ORIENTED_EDGE('',*,*,#6108,.F.);
#6180 = ( BOUNDED_SURFACE() B_SPLINE_SURFACE(2,8,(
    (#6181,#6182,#6183,#6184,#6185,#6186,#6187,#6188,#6189,#6190,#6191
      ,#6192,#6193,#6194,#6195,#6196)
    ,(#6197,#6198,#6199,#6200,#6201,#6202,#6203,#6204,#6205,#6206,#6207
      ,#6208,#6209,#6210,#6211,#6212)
    ,(#6213,#6214,#6215,#6216,#6217,#6218,#6219,#6220,#6221,#6222,#6223
      ,#6224,#6225,#6226,#6227,#6228
)),.UNSPECIFIED.,.F.,.F.,.F.) B_SPLINE_SURFACE_WITH_KNOTS((3,3),(9,7,9),
  (0.,0.95485843737),(6.5001,6.977529218685,7.45495843737),
.UNSPECIFIED.) GEOMETRIC_REPRESENTATION_ITEM() RATIONAL_B_SPLINE_SURFACE
((
    (1.,1.,1.,1.,1.,1.,1.,1.,1.,1.,1.,1.,1.,1.,1.,1.)
    ,(0.707106781187,0.707106781187,0.702567909995,0.692448262626
      ,0.682180618163,0.666736059067,0.665937288614,0.684906951562
      ,0.751410440052,0.799088973871,0.856490193915,0.910356855827
      ,0.953865293504,0.984770033708,1.,1.)
    ,(1.,1.,1.,1.,1.,1.,1.,1.,1.,1.,1.,1.,1.,1.,1.,1.
))) REPRESENTATION_ITEM('') SURFACE() );
#6181 = CARTESIAN_POINT('',(10.6,11.99999999976,7.0001));
#6182 = CARTESIAN_POINT('',(10.6,11.99999999976,7.009907614667));
#6183 = CARTESIAN_POINT('',(10.602839811128,12.000222150931,
    7.019782486262));
#6184 = CARTESIAN_POINT('',(10.608724490871,12.000664326931,
    7.03044894237));
#6185 = CARTESIAN_POINT('',(10.615846129058,12.001407101407,
    7.045016693381));
#6186 = CARTESIAN_POINT('',(10.624329431962,12.00324393531,
    7.061427446855));
#6187 = CARTESIAN_POINT('',(10.627425340384,12.005453028335,
    7.090555705666));
#6188 = CARTESIAN_POINT('',(10.627978061975,12.014916998146,
    7.132857719408));
#6189 = CARTESIAN_POINT('',(10.628837862588,12.054601299765,
    7.233642697808));
#6190 = CARTESIAN_POINT('',(10.629099248794,12.084791464221,
    7.292190994014));
#6191 = CARTESIAN_POINT('',(10.632035755038,12.1291777505,7.354150864733
    ));
#6192 = CARTESIAN_POINT('',(10.64005116408,12.188077418792,
    7.409801921722));
#6193 = CARTESIAN_POINT('',(10.652393352712,12.258457846842,
    7.453963713378));
#6194 = CARTESIAN_POINT('',(10.667159960124,12.336246876185,
    7.484743764111));
#6195 = CARTESIAN_POINT('',(10.683551795358,12.418093518272,7.5));
#6196 = CARTESIAN_POINT('',(10.6999,12.49989999976,7.5));
#6197 = CARTESIAN_POINT('',(10.2,11.99999999976,7.0001));
#6198 = CARTESIAN_POINT('',(10.2,11.99999999976,7.049177343065));
#6199 = CARTESIAN_POINT('',(10.202045844608,12.002045844367,
    7.098861739759));
#6200 = CARTESIAN_POINT('',(10.205822500016,12.005822499775,
    7.151358404293));
#6201 = CARTESIAN_POINT('',(10.213669250213,12.013669249973,
    7.206303710558));
#6202 = CARTESIAN_POINT('',(10.224081238491,12.02408123825,
    7.268408127654));
#6203 = CARTESIAN_POINT('',(10.245360740169,12.045360739929,
    7.323993846259));
#6204 = CARTESIAN_POINT('',(10.27899779766,12.07899779742,7.368986567836
    ));
#6205 = CARTESIAN_POINT('',(10.360187533174,12.160187532933,
    7.434906816806));
#6206 = CARTESIAN_POINT('',(10.403702549936,12.203702549695,
    7.455345030019));
#6207 = CARTESIAN_POINT('',(10.449900593675,12.249900593434,
    7.46848438649));
#6208 = CARTESIAN_POINT('',(10.498434843476,12.298434843236,
    7.480404342731));
#6209 = CARTESIAN_POINT('',(10.548999152815,12.348999152574,
    7.49060391563));
#6210 = CARTESIAN_POINT('',(10.600212187005,12.400212186765,
    7.496822690572));
#6211 = CARTESIAN_POINT('',(10.650822656935,12.450822656695,7.5));
#6212 = CARTESIAN_POINT('',(10.6999,12.49989999976,7.5));
#6213 = CARTESIAN_POINT('',(10.2,12.39999999976,7.0001));
#6214 = CARTESIAN_POINT('',(10.2,12.39999999976,7.009907614667));
#6215 = CARTESIAN_POINT('',(10.200222151171,12.402839810888,
    7.019782486262));
#6216 = CARTESIAN_POINT('',(10.200664327171,12.40872449063,7.03044894237
    ));
#6217 = CARTESIAN_POINT('',(10.201407101648,12.415846128818,
    7.045016693381));
#6218 = CARTESIAN_POINT('',(10.203243935551,12.424329431722,
    7.061427446855));
#6219 = CARTESIAN_POINT('',(10.205453028575,12.427425340143,
    7.090555705666));
#6220 = CARTESIAN_POINT('',(10.214916998386,12.427978061734,
    7.132857719407));
#6221 = CARTESIAN_POINT('',(10.254601300005,12.428837862348,
    7.233642697808));
#6222 = CARTESIAN_POINT('',(10.284791464461,12.429099248554,
    7.292190994014));
#6223 = CARTESIAN_POINT('',(10.329177750741,12.432035754798,
    7.354150864733));
#6224 = CARTESIAN_POINT('',(10.388077419032,12.44005116384,
    7.409801921722));
#6225 = CARTESIAN_POINT('',(10.458457847083,12.452393352472,
    7.453963713378));
#6226 = CARTESIAN_POINT('',(10.536246876425,12.467159959883,
    7.484743764111));
#6227 = CARTESIAN_POINT('',(10.618093518513,12.483551795117,7.5));
#6228 = CARTESIAN_POINT('',(10.6999,12.49989999976,7.5));
#6229 = ADVANCED_FACE('',(#6230),#6249,.T.);
#6230 = FACE_BOUND('',#6231,.F.);
#6231 = EDGE_LOOP('',(#6232,#6233,#6242,#6248));
#6232 = ORIENTED_EDGE('',*,*,#4289,.F.);
#6233 = ORIENTED_EDGE('',*,*,#6234,.T.);
#6234 = EDGE_CURVE('',#4290,#6235,#6237,.T.);
#6235 = VERTEX_POINT('',#6236);
#6236 = CARTESIAN_POINT('',(10.6999,13.499899999767,7.5));
#6237 = ELLIPSE('',#6238,0.70696535983,0.4999);
#6238 = AXIS2_PLACEMENT_3D('',#6239,#6240,#6241);
#6239 = CARTESIAN_POINT('',(10.6999,13.499899999767,7.0001));
#6240 = DIRECTION('',(-0.707106781187,0.707106781187,0.));
#6241 = DIRECTION('',(0.707106781187,0.707106781187,0.));
#6242 = ORIENTED_EDGE('',*,*,#6243,.T.);
#6243 = EDGE_CURVE('',#6235,#6101,#6244,.T.);
#6244 = LINE('',#6245,#6246);
#6245 = CARTESIAN_POINT('',(10.6999,12.999999999767,7.5));
#6246 = VECTOR('',#6247,1.);
#6247 = DIRECTION('',(0.,-1.,0.));
#6248 = ORIENTED_EDGE('',*,*,#6161,.F.);
#6249 = CYLINDRICAL_SURFACE('',#6250,0.4999);
#6250 = AXIS2_PLACEMENT_3D('',#6251,#6252,#6253);
#6251 = CARTESIAN_POINT('',(10.6999,12.999999999767,7.0001));
#6252 = DIRECTION('',(0.,-1.,0.));
#6253 = DIRECTION('',(-1.,0.,0.));
#6254 = ADVANCED_FACE('',(#6255),#6286,.T.);
#6255 = FACE_BOUND('',#6256,.T.);
#6256 = EDGE_LOOP('',(#6257,#6258,#6279,#6285));
#6257 = ORIENTED_EDGE('',*,*,#4313,.F.);
#6258 = ORIENTED_EDGE('',*,*,#6259,.T.);
#6259 = EDGE_CURVE('',#4314,#6260,#6262,.T.);
#6260 = VERTEX_POINT('',#6261);
#6261 = CARTESIAN_POINT('',(11.7001,7.500099999675,7.5));
#6262 = ( BOUNDED_CURVE() B_SPLINE_CURVE(8,(#6263,#6264,#6265,#6266,
    #6267,#6268,#6269,#6270,#6271,#6272,#6273,#6274,#6275,#6276,#6277,
#6278),.UNSPECIFIED.,.F.,.F.) B_SPLINE_CURVE_WITH_KNOTS((9,7,9),(6.5001,
6.977529218685,7.45495843737),.UNSPECIFIED.) CURVE() 
GEOMETRIC_REPRESENTATION_ITEM() RATIONAL_B_SPLINE_CURVE((1.,1.,1.,1.,1.,
1.,1.,1.,1.,1.,1.,1.,1.,1.,1.,1.)) REPRESENTATION_ITEM('') );
#6263 = CARTESIAN_POINT('',(12.2,7.599999999675,7.0001));
#6264 = CARTESIAN_POINT('',(12.2,7.599999999675,7.009907614667));
#6265 = CARTESIAN_POINT('',(12.199777848829,7.597160188547,
    7.019782486262));
#6266 = CARTESIAN_POINT('',(12.199335672829,7.591275508804,7.03044894237
    ));
#6267 = CARTESIAN_POINT('',(12.198592898352,7.584153870616,
    7.045016693381));
#6268 = CARTESIAN_POINT('',(12.196756064449,7.575670567713,
    7.061427446855));
#6269 = CARTESIAN_POINT('',(12.194546971425,7.572574659291,
    7.090555705666));
#6270 = CARTESIAN_POINT('',(12.185083001614,7.5720219377,7.132857719408)
  );
#6271 = CARTESIAN_POINT('',(12.145398699995,7.571162137086,
    7.233642697808));
#6272 = CARTESIAN_POINT('',(12.115208535539,7.57090075088,7.292190994014
    ));
#6273 = CARTESIAN_POINT('',(12.070822249259,7.567964244637,
    7.354150864733));
#6274 = CARTESIAN_POINT('',(12.011922580968,7.559948835595,
    7.409801921722));
#6275 = CARTESIAN_POINT('',(11.941542152917,7.547606646962,
    7.453963713378));
#6276 = CARTESIAN_POINT('',(11.863753123575,7.532840039551,
    7.484743764111));
#6277 = CARTESIAN_POINT('',(11.781906481487,7.516448204317,7.5));
#6278 = CARTESIAN_POINT('',(11.7001,7.500099999675,7.5));
#6279 = ORIENTED_EDGE('',*,*,#6280,.T.);
#6280 = EDGE_CURVE('',#6260,#5681,#6281,.T.);
#6281 = LINE('',#6282,#6283);
#6282 = CARTESIAN_POINT('',(11.7001,7.999999999675,7.5));
#6283 = VECTOR('',#6284,1.);
#6284 = DIRECTION('',(0.,-1.,0.));
#6285 = ORIENTED_EDGE('',*,*,#5680,.F.);
#6286 = CYLINDRICAL_SURFACE('',#6287,0.4999);
#6287 = AXIS2_PLACEMENT_3D('',#6288,#6289,#6290);
#6288 = CARTESIAN_POINT('',(11.7001,7.999999999675,7.0001));
#6289 = DIRECTION('',(0.,-1.,0.));
#6290 = DIRECTION('',(1.,0.,0.));
#6291 = ADVANCED_FACE('',(#6292),#6323,.T.);
#6292 = FACE_BOUND('',#6293,.F.);
#6293 = EDGE_LOOP('',(#6294,#6295,#6316,#6322));
#6294 = ORIENTED_EDGE('',*,*,#4337,.F.);
#6295 = ORIENTED_EDGE('',*,*,#6296,.T.);
#6296 = EDGE_CURVE('',#4338,#6297,#6299,.T.);
#6297 = VERTEX_POINT('',#6298);
#6298 = CARTESIAN_POINT('',(9.6999,13.499899999767,7.5));
#6299 = ( BOUNDED_CURVE() B_SPLINE_CURVE(8,(#6300,#6301,#6302,#6303,
    #6304,#6305,#6306,#6307,#6308,#6309,#6310,#6311,#6312,#6313,#6314,
#6315),.UNSPECIFIED.,.F.,.F.) B_SPLINE_CURVE_WITH_KNOTS((9,7,9),(6.5001,
6.977529218685,7.45495843737),.UNSPECIFIED.) CURVE() 
GEOMETRIC_REPRESENTATION_ITEM() RATIONAL_B_SPLINE_CURVE((1.,1.,1.,1.,1.,
1.,1.,1.,1.,1.,1.,1.,1.,1.,1.,1.)) REPRESENTATION_ITEM('') );
#6300 = CARTESIAN_POINT('',(9.6,12.999999999767,7.0001));
#6301 = CARTESIAN_POINT('',(9.6,12.999999999767,7.009907614667));
#6302 = CARTESIAN_POINT('',(9.602839811128,13.000222150938,
    7.019782486262));
#6303 = CARTESIAN_POINT('',(9.608724490871,13.000664326938,7.03044894237
    ));
#6304 = CARTESIAN_POINT('',(9.615846129059,13.001407101415,
    7.045016693381));
#6305 = CARTESIAN_POINT('',(9.624329431962,13.003243935317,
    7.061427446855));
#6306 = CARTESIAN_POINT('',(9.627425340384,13.005453028342,
    7.090555705666));
#6307 = CARTESIAN_POINT('',(9.627978061975,13.014916998153,
    7.132857719408));
#6308 = CARTESIAN_POINT('',(9.628837862588,13.054601299772,
    7.233642697808));
#6309 = CARTESIAN_POINT('',(9.629099248794,13.084791464228,
    7.292190994014));
#6310 = CARTESIAN_POINT('',(9.632035755038,13.129177750507,
    7.354150864733));
#6311 = CARTESIAN_POINT('',(9.64005116408,13.188077418799,7.409801921722
    ));
#6312 = CARTESIAN_POINT('',(9.652393352713,13.258457846849,
    7.453963713378));
#6313 = CARTESIAN_POINT('',(9.667159960124,13.336246876192,
    7.484743764111));
#6314 = CARTESIAN_POINT('',(9.683551795358,13.418093518279,7.5));
#6315 = CARTESIAN_POINT('',(9.6999,13.499899999767,7.5));
#6316 = ORIENTED_EDGE('',*,*,#6317,.T.);
#6317 = EDGE_CURVE('',#6297,#6235,#6318,.T.);
#6318 = LINE('',#6319,#6320);
#6319 = CARTESIAN_POINT('',(9.2,13.499899999767,7.5));
#6320 = VECTOR('',#6321,1.);
#6321 = DIRECTION('',(1.,0.,0.));
#6322 = ORIENTED_EDGE('',*,*,#6234,.F.);
#6323 = CYLINDRICAL_SURFACE('',#6324,0.4999);
#6324 = AXIS2_PLACEMENT_3D('',#6325,#6326,#6327);
#6325 = CARTESIAN_POINT('',(9.2,13.499899999767,7.0001));
#6326 = DIRECTION('',(1.,0.,0.));
#6327 = DIRECTION('',(0.,-1.,0.));
#6328 = ADVANCED_FACE('',(#6329),#6352,.F.);
#6329 = FACE_BOUND('',#6330,.F.);
#6330 = EDGE_LOOP('',(#6331,#6332,#6333));
#6331 = ORIENTED_EDGE('',*,*,#4363,.T.);
#6332 = ORIENTED_EDGE('',*,*,#6259,.T.);
#6333 = ORIENTED_EDGE('',*,*,#6334,.F.);
#6334 = EDGE_CURVE('',#4364,#6260,#6335,.T.);
#6335 = ( BOUNDED_CURVE() B_SPLINE_CURVE(8,(#6336,#6337,#6338,#6339,
    #6340,#6341,#6342,#6343,#6344,#6345,#6346,#6347,#6348,#6349,#6350,
#6351),.UNSPECIFIED.,.F.,.F.) B_SPLINE_CURVE_WITH_KNOTS((9,7,9),(6.5001,
6.977529218685,7.45495843737),.UNSPECIFIED.) CURVE() 
GEOMETRIC_REPRESENTATION_ITEM() RATIONAL_B_SPLINE_CURVE((1.,1.,1.,1.,1.,
1.,1.,1.,1.,1.,1.,1.,1.,1.,1.,1.)) REPRESENTATION_ITEM('') );
#6336 = CARTESIAN_POINT('',(11.8,7.999999999675,7.0001));
#6337 = CARTESIAN_POINT('',(11.8,7.999999999675,7.009907614667));
#6338 = CARTESIAN_POINT('',(11.797160188872,7.999777848503,
    7.019782486262));
#6339 = CARTESIAN_POINT('',(11.791275509129,7.999335672504,7.03044894237
    ));
#6340 = CARTESIAN_POINT('',(11.784153870941,7.998592898027,
    7.045016693381));
#6341 = CARTESIAN_POINT('',(11.775670568038,7.996756064124,
    7.061427446855));
#6342 = CARTESIAN_POINT('',(11.772574659616,7.994546971099,
    7.090555705666));
#6343 = CARTESIAN_POINT('',(11.772021938025,7.985083001288,
    7.132857719408));
#6344 = CARTESIAN_POINT('',(11.771162137412,7.94539869967,7.233642697808
    ));
#6345 = CARTESIAN_POINT('',(11.770900751206,7.915208535213,
    7.292190994014));
#6346 = CARTESIAN_POINT('',(11.767964244962,7.870822248934,
    7.354150864733));
#6347 = CARTESIAN_POINT('',(11.75994883592,7.811922580643,7.409801921722
    ));
#6348 = CARTESIAN_POINT('',(11.747606647287,7.741542152592,
    7.453963713378));
#6349 = CARTESIAN_POINT('',(11.732840039876,7.66375312325,7.484743764111
    ));
#6350 = CARTESIAN_POINT('',(11.716448204642,7.581906481162,7.5));
#6351 = CARTESIAN_POINT('',(11.7001,7.500099999675,7.5));
#6352 = ( BOUNDED_SURFACE() B_SPLINE_SURFACE(2,8,(
    (#6353,#6354,#6355,#6356,#6357,#6358,#6359,#6360,#6361,#6362,#6363
      ,#6364,#6365,#6366,#6367,#6368)
    ,(#6369,#6370,#6371,#6372,#6373,#6374,#6375,#6376,#6377,#6378,#6379
      ,#6380,#6381,#6382,#6383,#6384)
    ,(#6385,#6386,#6387,#6388,#6389,#6390,#6391,#6392,#6393,#6394,#6395
      ,#6396,#6397,#6398,#6399,#6400
)),.UNSPECIFIED.,.F.,.F.,.F.) B_SPLINE_SURFACE_WITH_KNOTS((3,3),(9,7,9),
  (0.,0.95485843737),(6.5001,6.977529218685,7.45495843737),
.UNSPECIFIED.) GEOMETRIC_REPRESENTATION_ITEM() RATIONAL_B_SPLINE_SURFACE
((
    (1.,1.,1.,1.,1.,1.,1.,1.,1.,1.,1.,1.,1.,1.,1.,1.)
    ,(0.707106781187,0.707106781187,0.702567909995,0.692448262626
      ,0.682180618163,0.666736059067,0.665937288614,0.684906951562
      ,0.751410440052,0.799088973871,0.856490193915,0.910356855827
      ,0.953865293504,0.984770033708,1.,1.)
    ,(1.,1.,1.,1.,1.,1.,1.,1.,1.,1.,1.,1.,1.,1.,1.,1.
))) REPRESENTATION_ITEM('') SURFACE() );
#6353 = CARTESIAN_POINT('',(11.8,7.999999999675,7.0001));
#6354 = CARTESIAN_POINT('',(11.8,7.999999999675,7.009907614667));
#6355 = CARTESIAN_POINT('',(11.797160188872,7.999777848503,
    7.019782486262));
#6356 = CARTESIAN_POINT('',(11.791275509129,7.999335672504,7.03044894237
    ));
#6357 = CARTESIAN_POINT('',(11.784153870941,7.998592898027,
    7.045016693381));
#6358 = CARTESIAN_POINT('',(11.775670568038,7.996756064124,
    7.061427446855));
#6359 = CARTESIAN_POINT('',(11.772574659616,7.994546971099,
    7.090555705666));
#6360 = CARTESIAN_POINT('',(11.772021938025,7.985083001288,
    7.132857719408));
#6361 = CARTESIAN_POINT('',(11.771162137412,7.94539869967,7.233642697808
    ));
#6362 = CARTESIAN_POINT('',(11.770900751206,7.915208535213,
    7.292190994014));
#6363 = CARTESIAN_POINT('',(11.767964244962,7.870822248934,
    7.354150864733));
#6364 = CARTESIAN_POINT('',(11.75994883592,7.811922580643,7.409801921722
    ));
#6365 = CARTESIAN_POINT('',(11.747606647287,7.741542152592,
    7.453963713378));
#6366 = CARTESIAN_POINT('',(11.732840039876,7.66375312325,7.484743764111
    ));
#6367 = CARTESIAN_POINT('',(11.716448204642,7.581906481162,7.5));
#6368 = CARTESIAN_POINT('',(11.7001,7.500099999675,7.5));
#6369 = CARTESIAN_POINT('',(12.2,7.999999999675,7.0001));
#6370 = CARTESIAN_POINT('',(12.2,7.999999999675,7.049177343065));
#6371 = CARTESIAN_POINT('',(12.197954155392,7.997954155067,
    7.098861739759));
#6372 = CARTESIAN_POINT('',(12.194177499984,7.994177499659,
    7.151358404293));
#6373 = CARTESIAN_POINT('',(12.186330749787,7.986330749462,
    7.206303710558));
#6374 = CARTESIAN_POINT('',(12.175918761509,7.975918761184,
    7.268408127654));
#6375 = CARTESIAN_POINT('',(12.154639259831,7.954639259505,
    7.323993846259));
#6376 = CARTESIAN_POINT('',(12.12100220234,7.921002202015,7.368986567836
    ));
#6377 = CARTESIAN_POINT('',(12.039812466826,7.839812466501,
    7.434906816806));
#6378 = CARTESIAN_POINT('',(11.996297450064,7.796297449739,
    7.455345030019));
#6379 = CARTESIAN_POINT('',(11.950099406325,7.750099406,7.46848438649));
#6380 = CARTESIAN_POINT('',(11.901565156524,7.701565156198,
    7.480404342731));
#6381 = CARTESIAN_POINT('',(11.851000847185,7.65100084686,7.49060391563)
  );
#6382 = CARTESIAN_POINT('',(11.799787812995,7.59978781267,7.496822690572
    ));
#6383 = CARTESIAN_POINT('',(11.749177343065,7.549177342739,7.5));
#6384 = CARTESIAN_POINT('',(11.7001,7.500099999675,7.5));
#6385 = CARTESIAN_POINT('',(12.2,7.599999999675,7.0001));
#6386 = CARTESIAN_POINT('',(12.2,7.599999999675,7.009907614667));
#6387 = CARTESIAN_POINT('',(12.199777848829,7.597160188547,
    7.019782486262));
#6388 = CARTESIAN_POINT('',(12.199335672829,7.591275508804,7.03044894237
    ));
#6389 = CARTESIAN_POINT('',(12.198592898352,7.584153870616,
    7.045016693381));
#6390 = CARTESIAN_POINT('',(12.196756064449,7.575670567713,
    7.061427446855));
#6391 = CARTESIAN_POINT('',(12.194546971425,7.572574659291,
    7.090555705666));
#6392 = CARTESIAN_POINT('',(12.185083001614,7.5720219377,7.132857719408)
  );
#6393 = CARTESIAN_POINT('',(12.145398699995,7.571162137086,
    7.233642697808));
#6394 = CARTESIAN_POINT('',(12.115208535539,7.57090075088,7.292190994014
    ));
#6395 = CARTESIAN_POINT('',(12.070822249259,7.567964244637,
    7.354150864733));
#6396 = CARTESIAN_POINT('',(12.011922580968,7.559948835595,
    7.409801921722));
#6397 = CARTESIAN_POINT('',(11.941542152917,7.547606646962,
    7.453963713378));
#6398 = CARTESIAN_POINT('',(11.863753123575,7.532840039551,
    7.484743764111));
#6399 = CARTESIAN_POINT('',(11.781906481487,7.516448204317,7.5));
#6400 = CARTESIAN_POINT('',(11.7001,7.500099999675,7.5));
#6401 = ADVANCED_FACE('',(#6402),#6425,.F.);
#6402 = FACE_BOUND('',#6403,.F.);
#6403 = EDGE_LOOP('',(#6404,#6405,#6424));
#6404 = ORIENTED_EDGE('',*,*,#4395,.T.);
#6405 = ORIENTED_EDGE('',*,*,#6406,.T.);
#6406 = EDGE_CURVE('',#4388,#6297,#6407,.T.);
#6407 = ( BOUNDED_CURVE() B_SPLINE_CURVE(8,(#6408,#6409,#6410,#6411,
    #6412,#6413,#6414,#6415,#6416,#6417,#6418,#6419,#6420,#6421,#6422,
#6423),.UNSPECIFIED.,.F.,.F.) B_SPLINE_CURVE_WITH_KNOTS((9,7,9),(6.5001,
6.977529218685,7.45495843737),.UNSPECIFIED.) CURVE() 
GEOMETRIC_REPRESENTATION_ITEM() RATIONAL_B_SPLINE_CURVE((1.,1.,1.,1.,1.,
1.,1.,1.,1.,1.,1.,1.,1.,1.,1.,1.)) REPRESENTATION_ITEM('') );
#6408 = CARTESIAN_POINT('',(9.2,13.399999999767,7.0001));
#6409 = CARTESIAN_POINT('',(9.2,13.399999999767,7.009907614667));
#6410 = CARTESIAN_POINT('',(9.200222151171,13.402839810895,
    7.019782486262));
#6411 = CARTESIAN_POINT('',(9.200664327171,13.408724490637,7.03044894237
    ));
#6412 = CARTESIAN_POINT('',(9.201407101648,13.415846128825,
    7.045016693381));
#6413 = CARTESIAN_POINT('',(9.203243935551,13.424329431729,
    7.061427446855));
#6414 = CARTESIAN_POINT('',(9.205453028575,13.427425340151,
    7.090555705666));
#6415 = CARTESIAN_POINT('',(9.214916998386,13.427978061741,
    7.132857719408));
#6416 = CARTESIAN_POINT('',(9.254601300005,13.428837862355,
    7.233642697808));
#6417 = CARTESIAN_POINT('',(9.284791464461,13.429099248561,
    7.292190994014));
#6418 = CARTESIAN_POINT('',(9.329177750741,13.432035754805,
    7.354150864733));
#6419 = CARTESIAN_POINT('',(9.388077419032,13.440051163847,
    7.409801921722));
#6420 = CARTESIAN_POINT('',(9.458457847083,13.452393352479,
    7.453963713378));
#6421 = CARTESIAN_POINT('',(9.536246876425,13.46715995989,7.484743764111
    ));
#6422 = CARTESIAN_POINT('',(9.618093518513,13.483551795125,7.5));
#6423 = CARTESIAN_POINT('',(9.6999,13.499899999767,7.5));
#6424 = ORIENTED_EDGE('',*,*,#6296,.F.);
#6425 = ( BOUNDED_SURFACE() B_SPLINE_SURFACE(2,8,(
    (#6426,#6427,#6428,#6429,#6430,#6431,#6432,#6433,#6434,#6435,#6436
      ,#6437,#6438,#6439,#6440,#6441)
    ,(#6442,#6443,#6444,#6445,#6446,#6447,#6448,#6449,#6450,#6451,#6452
      ,#6453,#6454,#6455,#6456,#6457)
    ,(#6458,#6459,#6460,#6461,#6462,#6463,#6464,#6465,#6466,#6467,#6468
      ,#6469,#6470,#6471,#6472,#6473
)),.UNSPECIFIED.,.F.,.F.,.F.) B_SPLINE_SURFACE_WITH_KNOTS((3,3),(9,7,9),
  (0.,0.95485843737),(6.5001,6.977529218685,7.45495843737),
.UNSPECIFIED.) GEOMETRIC_REPRESENTATION_ITEM() RATIONAL_B_SPLINE_SURFACE
((
    (1.,1.,1.,1.,1.,1.,1.,1.,1.,1.,1.,1.,1.,1.,1.,1.)
    ,(0.707106781187,0.707106781187,0.702567909995,0.692448262626
      ,0.682180618163,0.666736059067,0.665937288614,0.684906951562
      ,0.751410440052,0.799088973871,0.856490193915,0.910356855827
      ,0.953865293504,0.984770033708,1.,1.)
    ,(1.,1.,1.,1.,1.,1.,1.,1.,1.,1.,1.,1.,1.,1.,1.,1.
))) REPRESENTATION_ITEM('') SURFACE() );
#6426 = CARTESIAN_POINT('',(9.6,12.999999999767,7.0001));
#6427 = CARTESIAN_POINT('',(9.6,12.999999999767,7.009907614667));
#6428 = CARTESIAN_POINT('',(9.602839811128,13.000222150938,
    7.019782486262));
#6429 = CARTESIAN_POINT('',(9.608724490871,13.000664326938,7.03044894237
    ));
#6430 = CARTESIAN_POINT('',(9.615846129059,13.001407101415,
    7.045016693381));
#6431 = CARTESIAN_POINT('',(9.624329431962,13.003243935317,
    7.061427446855));
#6432 = CARTESIAN_POINT('',(9.627425340384,13.005453028342,
    7.090555705666));
#6433 = CARTESIAN_POINT('',(9.627978061975,13.014916998153,
    7.132857719408));
#6434 = CARTESIAN_POINT('',(9.628837862588,13.054601299772,
    7.233642697808));
#6435 = CARTESIAN_POINT('',(9.629099248794,13.084791464228,
    7.292190994014));
#6436 = CARTESIAN_POINT('',(9.632035755038,13.129177750507,
    7.354150864733));
#6437 = CARTESIAN_POINT('',(9.64005116408,13.188077418799,7.409801921722
    ));
#6438 = CARTESIAN_POINT('',(9.652393352713,13.258457846849,
    7.453963713378));
#6439 = CARTESIAN_POINT('',(9.667159960124,13.336246876192,
    7.484743764111));
#6440 = CARTESIAN_POINT('',(9.683551795358,13.418093518279,7.5));
#6441 = CARTESIAN_POINT('',(9.6999,13.499899999767,7.5));
#6442 = CARTESIAN_POINT('',(9.2,12.999999999767,7.0001));
#6443 = CARTESIAN_POINT('',(9.2,12.999999999767,7.049177343065));
#6444 = CARTESIAN_POINT('',(9.202045844608,13.002045844374,
    7.098861739759));
#6445 = CARTESIAN_POINT('',(9.205822500016,13.005822499782,
    7.151358404293));
#6446 = CARTESIAN_POINT('',(9.213669250213,13.01366924998,7.206303710558
    ));
#6447 = CARTESIAN_POINT('',(9.224081238491,13.024081238257,
    7.268408127654));
#6448 = CARTESIAN_POINT('',(9.245360740169,13.045360739936,
    7.323993846259));
#6449 = CARTESIAN_POINT('',(9.27899779766,13.078997797427,7.368986567836
    ));
#6450 = CARTESIAN_POINT('',(9.360187533174,13.16018753294,7.434906816806
    ));
#6451 = CARTESIAN_POINT('',(9.403702549936,13.203702549702,
    7.455345030019));
#6452 = CARTESIAN_POINT('',(9.449900593675,13.249900593441,7.46848438649
    ));
#6453 = CARTESIAN_POINT('',(9.498434843476,13.298434843243,
    7.480404342731));
#6454 = CARTESIAN_POINT('',(9.548999152815,13.348999152581,7.49060391563
    ));
#6455 = CARTESIAN_POINT('',(9.600212187005,13.400212186772,
    7.496822690572));
#6456 = CARTESIAN_POINT('',(9.650822656935,13.450822656702,7.5));
#6457 = CARTESIAN_POINT('',(9.6999,13.499899999767,7.5));
#6458 = CARTESIAN_POINT('',(9.2,13.399999999767,7.0001));
#6459 = CARTESIAN_POINT('',(9.2,13.399999999767,7.009907614667));
#6460 = CARTESIAN_POINT('',(9.200222151171,13.402839810895,
    7.019782486262));
#6461 = CARTESIAN_POINT('',(9.200664327171,13.408724490637,7.03044894237
    ));
#6462 = CARTESIAN_POINT('',(9.201407101648,13.415846128825,
    7.045016693381));
#6463 = CARTESIAN_POINT('',(9.203243935551,13.424329431729,
    7.061427446855));
#6464 = CARTESIAN_POINT('',(9.205453028575,13.427425340151,
    7.090555705666));
#6465 = CARTESIAN_POINT('',(9.214916998386,13.427978061741,
    7.132857719408));
#6466 = CARTESIAN_POINT('',(9.254601300005,13.428837862355,
    7.233642697808));
#6467 = CARTESIAN_POINT('',(9.284791464461,13.429099248561,
    7.292190994014));
#6468 = CARTESIAN_POINT('',(9.329177750741,13.432035754805,
    7.354150864733));
#6469 = CARTESIAN_POINT('',(9.388077419032,13.440051163847,
    7.409801921722));
#6470 = CARTESIAN_POINT('',(9.458457847083,13.452393352479,
    7.453963713378));
#6471 = CARTESIAN_POINT('',(9.536246876425,13.46715995989,7.484743764111
    ));
#6472 = CARTESIAN_POINT('',(9.618093518513,13.483551795125,7.5));
#6473 = CARTESIAN_POINT('',(9.6999,13.499899999767,7.5));
#6474 = ADVANCED_FACE('',(#6475),#6494,.T.);
#6475 = FACE_BOUND('',#6476,.F.);
#6476 = EDGE_LOOP('',(#6477,#6478,#6479,#6487));
#6477 = ORIENTED_EDGE('',*,*,#4411,.F.);
#6478 = ORIENTED_EDGE('',*,*,#6334,.T.);
#6479 = ORIENTED_EDGE('',*,*,#6480,.T.);
#6480 = EDGE_CURVE('',#6260,#6481,#6483,.T.);
#6481 = VERTEX_POINT('',#6482);
#6482 = CARTESIAN_POINT('',(10.2,7.500099999675,7.5));
#6483 = LINE('',#6484,#6485);
#6484 = CARTESIAN_POINT('',(12.2,7.500099999675,7.5));
#6485 = VECTOR('',#6486,1.);
#6486 = DIRECTION('',(-1.,-0.,-0.));
#6487 = ORIENTED_EDGE('',*,*,#6488,.F.);
#6488 = EDGE_CURVE('',#4412,#6481,#6489,.T.);
#6489 = CIRCLE('',#6490,0.4999);
#6490 = AXIS2_PLACEMENT_3D('',#6491,#6492,#6493);
#6491 = CARTESIAN_POINT('',(10.2,7.500099999675,7.0001));
#6492 = DIRECTION('',(1.,0.,0.));
#6493 = DIRECTION('',(0.,1.,0.));
#6494 = CYLINDRICAL_SURFACE('',#6495,0.4999);
#6495 = AXIS2_PLACEMENT_3D('',#6496,#6497,#6498);
#6496 = CARTESIAN_POINT('',(12.2,7.500099999675,7.0001));
#6497 = DIRECTION('',(-1.,-0.,-0.));
#6498 = DIRECTION('',(0.,1.,0.));
#6499 = ADVANCED_FACE('',(#6500),#6531,.T.);
#6500 = FACE_BOUND('',#6501,.F.);
#6501 = EDGE_LOOP('',(#6502,#6503,#6524,#6530));
#6502 = ORIENTED_EDGE('',*,*,#4435,.F.);
#6503 = ORIENTED_EDGE('',*,*,#6504,.T.);
#6504 = EDGE_CURVE('',#4436,#6505,#6507,.T.);
#6505 = VERTEX_POINT('',#6506);
#6506 = CARTESIAN_POINT('',(9.6999,13.500099999781,7.5));
#6507 = ( BOUNDED_CURVE() B_SPLINE_CURVE(8,(#6508,#6509,#6510,#6511,
    #6512,#6513,#6514,#6515,#6516,#6517,#6518,#6519,#6520,#6521,#6522,
#6523),.UNSPECIFIED.,.F.,.F.) B_SPLINE_CURVE_WITH_KNOTS((9,7,9),(6.5001,
6.977529218685,7.45495843737),.UNSPECIFIED.) CURVE() 
GEOMETRIC_REPRESENTATION_ITEM() RATIONAL_B_SPLINE_CURVE((1.,1.,1.,1.,1.,
1.,1.,1.,1.,1.,1.,1.,1.,1.,1.,1.)) REPRESENTATION_ITEM('') );
#6508 = CARTESIAN_POINT('',(9.2,13.599999999781,7.0001));
#6509 = CARTESIAN_POINT('',(9.2,13.599999999781,7.009907614667));
#6510 = CARTESIAN_POINT('',(9.200222151171,13.597160188653,
    7.019782486262));
#6511 = CARTESIAN_POINT('',(9.200664327171,13.59127550891,7.03044894237)
  );
#6512 = CARTESIAN_POINT('',(9.201407101648,13.584153870722,
    7.045016693381));
#6513 = CARTESIAN_POINT('',(9.203243935551,13.575670567819,
    7.061427446855));
#6514 = CARTESIAN_POINT('',(9.205453028575,13.572574659397,
    7.090555705666));
#6515 = CARTESIAN_POINT('',(9.214916998386,13.572021937806,
    7.132857719408));
#6516 = CARTESIAN_POINT('',(9.254601300005,13.571162137192,
    7.233642697808));
#6517 = CARTESIAN_POINT('',(9.284791464461,13.570900750986,
    7.292190994014));
#6518 = CARTESIAN_POINT('',(9.329177750741,13.567964244743,
    7.354150864733));
#6519 = CARTESIAN_POINT('',(9.388077419032,13.559948835701,
    7.409801921722));
#6520 = CARTESIAN_POINT('',(9.458457847083,13.547606647068,
    7.453963713378));
#6521 = CARTESIAN_POINT('',(9.536246876425,13.532840039657,
    7.484743764111));
#6522 = CARTESIAN_POINT('',(9.618093518513,13.516448204423,7.5));
#6523 = CARTESIAN_POINT('',(9.6999,13.500099999781,7.5));
#6524 = ORIENTED_EDGE('',*,*,#6525,.T.);
#6525 = EDGE_CURVE('',#6505,#6297,#6526,.T.);
#6526 = LINE('',#6527,#6528);
#6527 = CARTESIAN_POINT('',(9.6999,13.999999999781,7.5));
#6528 = VECTOR('',#6529,1.);
#6529 = DIRECTION('',(0.,-1.,0.));
#6530 = ORIENTED_EDGE('',*,*,#6406,.F.);
#6531 = CYLINDRICAL_SURFACE('',#6532,0.4999);
#6532 = AXIS2_PLACEMENT_3D('',#6533,#6534,#6535);
#6533 = CARTESIAN_POINT('',(9.6999,13.999999999781,7.0001));
#6534 = DIRECTION('',(0.,-1.,0.));
#6535 = DIRECTION('',(-1.,0.,0.));
#6536 = ADVANCED_FACE('',(#6537),#6568,.T.);
#6537 = FACE_BOUND('',#6538,.F.);
#6538 = EDGE_LOOP('',(#6539,#6540,#6541,#6549));
#6539 = ORIENTED_EDGE('',*,*,#4459,.F.);
#6540 = ORIENTED_EDGE('',*,*,#6488,.T.);
#6541 = ORIENTED_EDGE('',*,*,#6542,.T.);
#6542 = EDGE_CURVE('',#6481,#6543,#6545,.T.);
#6543 = VERTEX_POINT('',#6544);
#6544 = CARTESIAN_POINT('',(9.6999,7.500099999675,7.5));
#6545 = LINE('',#6546,#6547);
#6546 = CARTESIAN_POINT('',(10.2,7.500099999675,7.5));
#6547 = VECTOR('',#6548,1.);
#6548 = DIRECTION('',(-1.,0.,0.));
#6549 = ORIENTED_EDGE('',*,*,#6550,.F.);
#6550 = EDGE_CURVE('',#4460,#6543,#6551,.T.);
#6551 = ( BOUNDED_CURVE() B_SPLINE_CURVE(8,(#6552,#6553,#6554,#6555,
    #6556,#6557,#6558,#6559,#6560,#6561,#6562,#6563,#6564,#6565,#6566,
#6567),.UNSPECIFIED.,.F.,.F.) B_SPLINE_CURVE_WITH_KNOTS((9,7,9),(6.5001,
6.977529218685,7.45495843737),.UNSPECIFIED.) CURVE() 
GEOMETRIC_REPRESENTATION_ITEM() RATIONAL_B_SPLINE_CURVE((1.,1.,1.,1.,1.,
1.,1.,1.,1.,1.,1.,1.,1.,1.,1.,1.)) REPRESENTATION_ITEM('') );
#6552 = CARTESIAN_POINT('',(9.6,7.999999999675,7.0001));
#6553 = CARTESIAN_POINT('',(9.6,7.999999999675,7.009907614667));
#6554 = CARTESIAN_POINT('',(9.602839811128,7.999777848503,7.019782486262
    ));
#6555 = CARTESIAN_POINT('',(9.608724490871,7.999335672504,7.03044894237)
  );
#6556 = CARTESIAN_POINT('',(9.615846129059,7.998592898027,7.045016693381
    ));
#6557 = CARTESIAN_POINT('',(9.624329431962,7.996756064124,7.061427446855
    ));
#6558 = CARTESIAN_POINT('',(9.627425340384,7.994546971099,7.090555705666
    ));
#6559 = CARTESIAN_POINT('',(9.627978061975,7.985083001288,7.132857719408
    ));
#6560 = CARTESIAN_POINT('',(9.628837862588,7.94539869967,7.233642697808)
  );
#6561 = CARTESIAN_POINT('',(9.629099248794,7.915208535213,7.292190994014
    ));
#6562 = CARTESIAN_POINT('',(9.632035755038,7.870822248934,7.354150864733
    ));
#6563 = CARTESIAN_POINT('',(9.64005116408,7.811922580643,7.409801921722)
  );
#6564 = CARTESIAN_POINT('',(9.652393352713,7.741542152592,7.453963713378
    ));
#6565 = CARTESIAN_POINT('',(9.667159960124,7.66375312325,7.484743764111)
  );
#6566 = CARTESIAN_POINT('',(9.683551795358,7.581906481162,7.5));
#6567 = CARTESIAN_POINT('',(9.6999,7.500099999675,7.5));
#6568 = CYLINDRICAL_SURFACE('',#6569,0.4999);
#6569 = AXIS2_PLACEMENT_3D('',#6570,#6571,#6572);
#6570 = CARTESIAN_POINT('',(10.2,7.500099999675,7.0001));
#6571 = DIRECTION('',(-1.,0.,0.));
#6572 = DIRECTION('',(0.,1.,0.));
#6573 = ADVANCED_FACE('',(#6574),#6597,.F.);
#6574 = FACE_BOUND('',#6575,.F.);
#6575 = EDGE_LOOP('',(#6576,#6577,#6596));
#6576 = ORIENTED_EDGE('',*,*,#4492,.T.);
#6577 = ORIENTED_EDGE('',*,*,#6578,.T.);
#6578 = EDGE_CURVE('',#4485,#6505,#6579,.T.);
#6579 = ( BOUNDED_CURVE() B_SPLINE_CURVE(8,(#6580,#6581,#6582,#6583,
    #6584,#6585,#6586,#6587,#6588,#6589,#6590,#6591,#6592,#6593,#6594,
#6595),.UNSPECIFIED.,.F.,.F.) B_SPLINE_CURVE_WITH_KNOTS((9,7,9),(6.5001,
6.977529218685,7.45495843737),.UNSPECIFIED.) CURVE() 
GEOMETRIC_REPRESENTATION_ITEM() RATIONAL_B_SPLINE_CURVE((1.,1.,1.,1.,1.,
1.,1.,1.,1.,1.,1.,1.,1.,1.,1.,1.)) REPRESENTATION_ITEM('') );
#6580 = CARTESIAN_POINT('',(9.6,13.999999999781,7.0001));
#6581 = CARTESIAN_POINT('',(9.6,13.999999999781,7.009907614667));
#6582 = CARTESIAN_POINT('',(9.602839811128,13.999777848609,
    7.019782486262));
#6583 = CARTESIAN_POINT('',(9.608724490871,13.99933567261,7.03044894237)
  );
#6584 = CARTESIAN_POINT('',(9.615846129058,13.998592898133,
    7.045016693381));
#6585 = CARTESIAN_POINT('',(9.624329431962,13.99675606423,7.061427446855
    ));
#6586 = CARTESIAN_POINT('',(9.627425340384,13.994546971205,
    7.090555705666));
#6587 = CARTESIAN_POINT('',(9.627978061975,13.985083001395,
    7.132857719408));
#6588 = CARTESIAN_POINT('',(9.628837862588,13.945398699776,
    7.233642697808));
#6589 = CARTESIAN_POINT('',(9.629099248794,13.915208535319,
    7.292190994014));
#6590 = CARTESIAN_POINT('',(9.632035755038,13.87082224904,7.354150864733
    ));
#6591 = CARTESIAN_POINT('',(9.64005116408,13.811922580749,7.409801921722
    ));
#6592 = CARTESIAN_POINT('',(9.652393352712,13.741542152698,
    7.453963713378));
#6593 = CARTESIAN_POINT('',(9.667159960124,13.663753123356,
    7.484743764111));
#6594 = CARTESIAN_POINT('',(9.683551795358,13.581906481268,7.5));
#6595 = CARTESIAN_POINT('',(9.6999,13.500099999781,7.5));
#6596 = ORIENTED_EDGE('',*,*,#6504,.F.);
#6597 = ( BOUNDED_SURFACE() B_SPLINE_SURFACE(2,8,(
    (#6598,#6599,#6600,#6601,#6602,#6603,#6604,#6605,#6606,#6607,#6608
      ,#6609,#6610,#6611,#6612,#6613)
    ,(#6614,#6615,#6616,#6617,#6618,#6619,#6620,#6621,#6622,#6623,#6624
      ,#6625,#6626,#6627,#6628,#6629)
    ,(#6630,#6631,#6632,#6633,#6634,#6635,#6636,#6637,#6638,#6639,#6640
      ,#6641,#6642,#6643,#6644,#6645
)),.UNSPECIFIED.,.F.,.F.,.F.) B_SPLINE_SURFACE_WITH_KNOTS((3,3),(9,7,9),
  (0.,0.95485843737),(6.5001,6.977529218685,7.45495843737),
.UNSPECIFIED.) GEOMETRIC_REPRESENTATION_ITEM() RATIONAL_B_SPLINE_SURFACE
((
    (1.,1.,1.,1.,1.,1.,1.,1.,1.,1.,1.,1.,1.,1.,1.,1.)
    ,(0.707106781187,0.707106781187,0.702567909995,0.692448262626
      ,0.682180618163,0.666736059067,0.665937288614,0.684906951562
      ,0.751410440052,0.799088973871,0.856490193915,0.910356855827
      ,0.953865293504,0.984770033708,1.,1.)
    ,(1.,1.,1.,1.,1.,1.,1.,1.,1.,1.,1.,1.,1.,1.,1.,1.
))) REPRESENTATION_ITEM('') SURFACE() );
#6598 = CARTESIAN_POINT('',(9.2,13.599999999781,7.0001));
#6599 = CARTESIAN_POINT('',(9.2,13.599999999781,7.009907614667));
#6600 = CARTESIAN_POINT('',(9.200222151171,13.597160188653,
    7.019782486262));
#6601 = CARTESIAN_POINT('',(9.200664327171,13.59127550891,7.03044894237)
  );
#6602 = CARTESIAN_POINT('',(9.201407101648,13.584153870722,
    7.045016693381));
#6603 = CARTESIAN_POINT('',(9.203243935551,13.575670567819,
    7.061427446855));
#6604 = CARTESIAN_POINT('',(9.205453028575,13.572574659397,
    7.090555705666));
#6605 = CARTESIAN_POINT('',(9.214916998386,13.572021937806,
    7.132857719408));
#6606 = CARTESIAN_POINT('',(9.254601300005,13.571162137192,
    7.233642697808));
#6607 = CARTESIAN_POINT('',(9.284791464461,13.570900750986,
    7.292190994014));
#6608 = CARTESIAN_POINT('',(9.329177750741,13.567964244743,
    7.354150864733));
#6609 = CARTESIAN_POINT('',(9.388077419032,13.559948835701,
    7.409801921722));
#6610 = CARTESIAN_POINT('',(9.458457847083,13.547606647068,
    7.453963713378));
#6611 = CARTESIAN_POINT('',(9.536246876425,13.532840039657,
    7.484743764111));
#6612 = CARTESIAN_POINT('',(9.618093518513,13.516448204423,7.5));
#6613 = CARTESIAN_POINT('',(9.6999,13.500099999781,7.5));
#6614 = CARTESIAN_POINT('',(9.2,13.999999999781,7.0001));
#6615 = CARTESIAN_POINT('',(9.2,13.999999999781,7.049177343065));
#6616 = CARTESIAN_POINT('',(9.202045844608,13.997954155173,
    7.098861739759));
#6617 = CARTESIAN_POINT('',(9.205822500016,13.994177499765,
    7.151358404293));
#6618 = CARTESIAN_POINT('',(9.213669250213,13.986330749568,
    7.206303710558));
#6619 = CARTESIAN_POINT('',(9.224081238491,13.97591876129,7.268408127654
    ));
#6620 = CARTESIAN_POINT('',(9.245360740169,13.954639259612,
    7.323993846259));
#6621 = CARTESIAN_POINT('',(9.27899779766,13.921002202121,7.368986567836
    ));
#6622 = CARTESIAN_POINT('',(9.360187533174,13.839812466607,
    7.434906816806));
#6623 = CARTESIAN_POINT('',(9.403702549935,13.796297449845,
    7.455345030018));
#6624 = CARTESIAN_POINT('',(9.449900593675,13.750099406106,7.46848438649
    ));
#6625 = CARTESIAN_POINT('',(9.498434843476,13.701565156305,
    7.480404342731));
#6626 = CARTESIAN_POINT('',(9.548999152815,13.651000846966,7.49060391563
    ));
#6627 = CARTESIAN_POINT('',(9.600212187005,13.599787812776,
    7.496822690572));
#6628 = CARTESIAN_POINT('',(9.650822656935,13.549177342846,7.5));
#6629 = CARTESIAN_POINT('',(9.6999,13.500099999781,7.5));
#6630 = CARTESIAN_POINT('',(9.6,13.999999999781,7.0001));
#6631 = CARTESIAN_POINT('',(9.6,13.999999999781,7.009907614667));
#6632 = CARTESIAN_POINT('',(9.602839811128,13.999777848609,
    7.019782486262));
#6633 = CARTESIAN_POINT('',(9.608724490871,13.99933567261,7.03044894237)
  );
#6634 = CARTESIAN_POINT('',(9.615846129058,13.998592898133,
    7.045016693381));
#6635 = CARTESIAN_POINT('',(9.624329431962,13.99675606423,7.061427446855
    ));
#6636 = CARTESIAN_POINT('',(9.627425340384,13.994546971205,
    7.090555705666));
#6637 = CARTESIAN_POINT('',(9.627978061975,13.985083001395,
    7.132857719408));
#6638 = CARTESIAN_POINT('',(9.628837862588,13.945398699776,
    7.233642697808));
#6639 = CARTESIAN_POINT('',(9.629099248794,13.915208535319,
    7.292190994014));
#6640 = CARTESIAN_POINT('',(9.632035755038,13.87082224904,7.354150864733
    ));
#6641 = CARTESIAN_POINT('',(9.64005116408,13.811922580749,7.409801921722
    ));
#6642 = CARTESIAN_POINT('',(9.652393352712,13.741542152698,
    7.453963713378));
#6643 = CARTESIAN_POINT('',(9.667159960124,13.663753123356,
    7.484743764111));
#6644 = CARTESIAN_POINT('',(9.683551795358,13.581906481268,7.5));
#6645 = CARTESIAN_POINT('',(9.6999,13.500099999781,7.5));
#6646 = ADVANCED_FACE('',(#6647),#6670,.F.);
#6647 = FACE_BOUND('',#6648,.F.);
#6648 = EDGE_LOOP('',(#6649,#6650,#6651));
#6649 = ORIENTED_EDGE('',*,*,#4510,.T.);
#6650 = ORIENTED_EDGE('',*,*,#6550,.T.);
#6651 = ORIENTED_EDGE('',*,*,#6652,.F.);
#6652 = EDGE_CURVE('',#4511,#6543,#6653,.T.);
#6653 = ( BOUNDED_CURVE() B_SPLINE_CURVE(8,(#6654,#6655,#6656,#6657,
    #6658,#6659,#6660,#6661,#6662,#6663,#6664,#6665,#6666,#6667,#6668,
#6669),.UNSPECIFIED.,.F.,.F.) B_SPLINE_CURVE_WITH_KNOTS((9,7,9),(6.5001,
6.977529218685,7.45495843737),.UNSPECIFIED.) CURVE() 
GEOMETRIC_REPRESENTATION_ITEM() RATIONAL_B_SPLINE_CURVE((1.,1.,1.,1.,1.,
1.,1.,1.,1.,1.,1.,1.,1.,1.,1.,1.)) REPRESENTATION_ITEM('') );
#6654 = CARTESIAN_POINT('',(9.2,7.599999999675,7.0001));
#6655 = CARTESIAN_POINT('',(9.2,7.599999999675,7.009907614667));
#6656 = CARTESIAN_POINT('',(9.200222151171,7.597160188547,7.019782486262
    ));
#6657 = CARTESIAN_POINT('',(9.200664327171,7.591275508804,7.03044894237)
  );
#6658 = CARTESIAN_POINT('',(9.201407101648,7.584153870616,7.045016693381
    ));
#6659 = CARTESIAN_POINT('',(9.203243935551,7.575670567713,7.061427446855
    ));
#6660 = CARTESIAN_POINT('',(9.205453028575,7.572574659291,7.090555705666
    ));
#6661 = CARTESIAN_POINT('',(9.214916998386,7.5720219377,7.132857719408)
  );
#6662 = CARTESIAN_POINT('',(9.254601300005,7.571162137086,7.233642697808
    ));
#6663 = CARTESIAN_POINT('',(9.284791464461,7.57090075088,7.292190994014)
  );
#6664 = CARTESIAN_POINT('',(9.329177750741,7.567964244637,7.354150864733
    ));
#6665 = CARTESIAN_POINT('',(9.388077419032,7.559948835595,7.409801921722
    ));
#6666 = CARTESIAN_POINT('',(9.458457847083,7.547606646962,7.453963713378
    ));
#6667 = CARTESIAN_POINT('',(9.536246876425,7.532840039551,7.484743764111
    ));
#6668 = CARTESIAN_POINT('',(9.618093518513,7.516448204317,7.5));
#6669 = CARTESIAN_POINT('',(9.6999,7.500099999675,7.5));
#6670 = ( BOUNDED_SURFACE() B_SPLINE_SURFACE(2,8,(
    (#6671,#6672,#6673,#6674,#6675,#6676,#6677,#6678,#6679,#6680,#6681
      ,#6682,#6683,#6684,#6685,#6686)
    ,(#6687,#6688,#6689,#6690,#6691,#6692,#6693,#6694,#6695,#6696,#6697
      ,#6698,#6699,#6700,#6701,#6702)
    ,(#6703,#6704,#6705,#6706,#6707,#6708,#6709,#6710,#6711,#6712,#6713
      ,#6714,#6715,#6716,#6717,#6718
)),.UNSPECIFIED.,.F.,.F.,.F.) B_SPLINE_SURFACE_WITH_KNOTS((3,3),(9,7,9),
  (0.,0.95485843737),(6.5001,6.977529218685,7.45495843737),
.UNSPECIFIED.) GEOMETRIC_REPRESENTATION_ITEM() RATIONAL_B_SPLINE_SURFACE
((
    (1.,1.,1.,1.,1.,1.,1.,1.,1.,1.,1.,1.,1.,1.,1.,1.)
    ,(0.707106781187,0.707106781187,0.702567909995,0.692448262626
      ,0.682180618163,0.666736059067,0.665937288614,0.684906951562
      ,0.751410440052,0.799088973871,0.856490193915,0.910356855827
      ,0.953865293504,0.984770033708,1.,1.)
    ,(1.,1.,1.,1.,1.,1.,1.,1.,1.,1.,1.,1.,1.,1.,1.,1.
))) REPRESENTATION_ITEM('') SURFACE() );
#6671 = CARTESIAN_POINT('',(9.2,7.599999999675,7.0001));
#6672 = CARTESIAN_POINT('',(9.2,7.599999999675,7.009907614667));
#6673 = CARTESIAN_POINT('',(9.200222151171,7.597160188547,7.019782486262
    ));
#6674 = CARTESIAN_POINT('',(9.200664327171,7.591275508804,7.03044894237)
  );
#6675 = CARTESIAN_POINT('',(9.201407101648,7.584153870616,7.045016693381
    ));
#6676 = CARTESIAN_POINT('',(9.203243935551,7.575670567713,7.061427446855
    ));
#6677 = CARTESIAN_POINT('',(9.205453028575,7.572574659291,7.090555705666
    ));
#6678 = CARTESIAN_POINT('',(9.214916998386,7.5720219377,7.132857719408)
  );
#6679 = CARTESIAN_POINT('',(9.254601300005,7.571162137086,7.233642697808
    ));
#6680 = CARTESIAN_POINT('',(9.284791464461,7.57090075088,7.292190994014)
  );
#6681 = CARTESIAN_POINT('',(9.329177750741,7.567964244637,7.354150864733
    ));
#6682 = CARTESIAN_POINT('',(9.388077419032,7.559948835595,7.409801921722
    ));
#6683 = CARTESIAN_POINT('',(9.458457847083,7.547606646962,7.453963713378
    ));
#6684 = CARTESIAN_POINT('',(9.536246876425,7.532840039551,7.484743764111
    ));
#6685 = CARTESIAN_POINT('',(9.618093518513,7.516448204317,7.5));
#6686 = CARTESIAN_POINT('',(9.6999,7.500099999675,7.5));
#6687 = CARTESIAN_POINT('',(9.2,7.999999999675,7.0001));
#6688 = CARTESIAN_POINT('',(9.2,7.999999999675,7.049177343065));
#6689 = CARTESIAN_POINT('',(9.202045844608,7.997954155067,7.098861739759
    ));
#6690 = CARTESIAN_POINT('',(9.205822500016,7.994177499659,7.151358404293
    ));
#6691 = CARTESIAN_POINT('',(9.213669250213,7.986330749462,7.206303710558
    ));
#6692 = CARTESIAN_POINT('',(9.224081238491,7.975918761184,7.268408127654
    ));
#6693 = CARTESIAN_POINT('',(9.245360740169,7.954639259505,7.323993846259
    ));
#6694 = CARTESIAN_POINT('',(9.27899779766,7.921002202015,7.368986567836)
  );
#6695 = CARTESIAN_POINT('',(9.360187533174,7.839812466501,7.434906816806
    ));
#6696 = CARTESIAN_POINT('',(9.403702549935,7.796297449739,7.455345030019
    ));
#6697 = CARTESIAN_POINT('',(9.449900593675,7.750099406,7.46848438649));
#6698 = CARTESIAN_POINT('',(9.498434843476,7.701565156198,7.480404342731
    ));
#6699 = CARTESIAN_POINT('',(9.548999152815,7.65100084686,7.49060391563)
  );
#6700 = CARTESIAN_POINT('',(9.600212187005,7.59978781267,7.496822690572)
  );
#6701 = CARTESIAN_POINT('',(9.650822656935,7.549177342739,7.5));
#6702 = CARTESIAN_POINT('',(9.6999,7.500099999675,7.5));
#6703 = CARTESIAN_POINT('',(9.6,7.999999999675,7.0001));
#6704 = CARTESIAN_POINT('',(9.6,7.999999999675,7.009907614667));
#6705 = CARTESIAN_POINT('',(9.602839811128,7.999777848503,7.019782486262
    ));
#6706 = CARTESIAN_POINT('',(9.608724490871,7.999335672504,7.03044894237)
  );
#6707 = CARTESIAN_POINT('',(9.615846129059,7.998592898027,7.045016693381
    ));
#6708 = CARTESIAN_POINT('',(9.624329431962,7.996756064124,7.061427446855
    ));
#6709 = CARTESIAN_POINT('',(9.627425340384,7.994546971099,7.090555705666
    ));
#6710 = CARTESIAN_POINT('',(9.627978061975,7.985083001288,7.132857719408
    ));
#6711 = CARTESIAN_POINT('',(9.628837862588,7.94539869967,7.233642697808)
  );
#6712 = CARTESIAN_POINT('',(9.629099248794,7.915208535213,7.292190994014
    ));
#6713 = CARTESIAN_POINT('',(9.632035755038,7.870822248934,7.354150864733
    ));
#6714 = CARTESIAN_POINT('',(9.64005116408,7.811922580643,7.409801921722)
  );
#6715 = CARTESIAN_POINT('',(9.652393352713,7.741542152592,7.453963713378
    ));
#6716 = CARTESIAN_POINT('',(9.667159960124,7.66375312325,7.484743764111)
  );
#6717 = CARTESIAN_POINT('',(9.683551795358,7.581906481162,7.5));
#6718 = CARTESIAN_POINT('',(9.6999,7.500099999675,7.5));
#6719 = ADVANCED_FACE('',(#6720),#6739,.T.);
#6720 = FACE_BOUND('',#6721,.F.);
#6721 = EDGE_LOOP('',(#6722,#6723,#6732,#6738));
#6722 = ORIENTED_EDGE('',*,*,#4533,.F.);
#6723 = ORIENTED_EDGE('',*,*,#6724,.T.);
#6724 = EDGE_CURVE('',#4534,#6725,#6727,.T.);
#6725 = VERTEX_POINT('',#6726);
#6726 = CARTESIAN_POINT('',(10.6999,13.500099999781,7.5));
#6727 = ELLIPSE('',#6728,0.70696535983,0.4999);
#6728 = AXIS2_PLACEMENT_3D('',#6729,#6730,#6731);
#6729 = CARTESIAN_POINT('',(10.6999,13.500099999781,7.0001));
#6730 = DIRECTION('',(0.707106781187,0.707106781187,0.));
#6731 = DIRECTION('',(0.707106781187,-0.707106781187,0.));
#6732 = ORIENTED_EDGE('',*,*,#6733,.T.);
#6733 = EDGE_CURVE('',#6725,#6505,#6734,.T.);
#6734 = LINE('',#6735,#6736);
#6735 = CARTESIAN_POINT('',(10.2,13.500099999781,7.5));
#6736 = VECTOR('',#6737,1.);
#6737 = DIRECTION('',(-1.,0.,0.));
#6738 = ORIENTED_EDGE('',*,*,#6578,.F.);
#6739 = CYLINDRICAL_SURFACE('',#6740,0.4999);
#6740 = AXIS2_PLACEMENT_3D('',#6741,#6742,#6743);
#6741 = CARTESIAN_POINT('',(10.2,13.500099999781,7.0001));
#6742 = DIRECTION('',(-1.,0.,0.));
#6743 = DIRECTION('',(0.,1.,0.));
#6744 = ADVANCED_FACE('',(#6745),#6776,.T.);
#6745 = FACE_BOUND('',#6746,.F.);
#6746 = EDGE_LOOP('',(#6747,#6748,#6749,#6757));
#6747 = ORIENTED_EDGE('',*,*,#4557,.F.);
#6748 = ORIENTED_EDGE('',*,*,#6652,.T.);
#6749 = ORIENTED_EDGE('',*,*,#6750,.T.);
#6750 = EDGE_CURVE('',#6543,#6751,#6753,.T.);
#6751 = VERTEX_POINT('',#6752);
#6752 = CARTESIAN_POINT('',(9.6999,7.499899999661,7.5));
#6753 = LINE('',#6754,#6755);
#6754 = CARTESIAN_POINT('',(9.6999,7.999999999675,7.5));
#6755 = VECTOR('',#6756,1.);
#6756 = DIRECTION('',(0.,-1.,0.));
#6757 = ORIENTED_EDGE('',*,*,#6758,.F.);
#6758 = EDGE_CURVE('',#4558,#6751,#6759,.T.);
#6759 = ( BOUNDED_CURVE() B_SPLINE_CURVE(8,(#6760,#6761,#6762,#6763,
    #6764,#6765,#6766,#6767,#6768,#6769,#6770,#6771,#6772,#6773,#6774,
#6775),.UNSPECIFIED.,.F.,.F.) B_SPLINE_CURVE_WITH_KNOTS((9,7,9),(6.5001,
6.977529218685,7.45495843737),.UNSPECIFIED.) CURVE() 
GEOMETRIC_REPRESENTATION_ITEM() RATIONAL_B_SPLINE_CURVE((1.,1.,1.,1.,1.,
1.,1.,1.,1.,1.,1.,1.,1.,1.,1.,1.)) REPRESENTATION_ITEM('') );
#6760 = CARTESIAN_POINT('',(9.2,7.399999999661,7.0001));
#6761 = CARTESIAN_POINT('',(9.2,7.399999999661,7.009907614667));
#6762 = CARTESIAN_POINT('',(9.200222151171,7.402839810789,7.019782486262
    ));
#6763 = CARTESIAN_POINT('',(9.200664327171,7.408724490531,7.03044894237)
  );
#6764 = CARTESIAN_POINT('',(9.201407101648,7.415846128719,7.045016693381
    ));
#6765 = CARTESIAN_POINT('',(9.203243935551,7.424329431623,7.061427446855
    ));
#6766 = CARTESIAN_POINT('',(9.205453028575,7.427425340044,7.090555705666
    ));
#6767 = CARTESIAN_POINT('',(9.214916998386,7.427978061635,7.132857719408
    ));
#6768 = CARTESIAN_POINT('',(9.254601300005,7.428837862249,7.233642697808
    ));
#6769 = CARTESIAN_POINT('',(9.284791464461,7.429099248455,7.292190994014
    ));
#6770 = CARTESIAN_POINT('',(9.329177750741,7.432035754699,7.354150864733
    ));
#6771 = CARTESIAN_POINT('',(9.388077419032,7.440051163741,7.409801921722
    ));
#6772 = CARTESIAN_POINT('',(9.458457847083,7.452393352373,7.453963713378
    ));
#6773 = CARTESIAN_POINT('',(9.536246876425,7.467159959784,7.484743764111
    ));
#6774 = CARTESIAN_POINT('',(9.618093518513,7.483551795018,7.5));
#6775 = CARTESIAN_POINT('',(9.6999,7.499899999661,7.5));
#6776 = CYLINDRICAL_SURFACE('',#6777,0.4999);
#6777 = AXIS2_PLACEMENT_3D('',#6778,#6779,#6780);
#6778 = CARTESIAN_POINT('',(9.6999,7.999999999675,7.0001));
#6779 = DIRECTION('',(0.,-1.,0.));
#6780 = DIRECTION('',(-1.,0.,0.));
#6781 = ADVANCED_FACE('',(#6782),#6801,.T.);
#6782 = FACE_BOUND('',#6783,.F.);
#6783 = EDGE_LOOP('',(#6784,#6793,#6799,#6800));
#6784 = ORIENTED_EDGE('',*,*,#6785,.T.);
#6785 = EDGE_CURVE('',#4582,#6786,#6788,.T.);
#6786 = VERTEX_POINT('',#6787);
#6787 = CARTESIAN_POINT('',(10.6999,15.499899999802,7.5));
#6788 = ELLIPSE('',#6789,0.70696535983,0.4999);
#6789 = AXIS2_PLACEMENT_3D('',#6790,#6791,#6792);
#6790 = CARTESIAN_POINT('',(10.6999,15.499899999802,7.0001));
#6791 = DIRECTION('',(-0.707106781187,0.707106781187,0.));
#6792 = DIRECTION('',(0.707106781187,0.707106781187,0.));
#6793 = ORIENTED_EDGE('',*,*,#6794,.T.);
#6794 = EDGE_CURVE('',#6786,#6725,#6795,.T.);
#6795 = LINE('',#6796,#6797);
#6796 = CARTESIAN_POINT('',(10.6999,14.999999999802,7.5));
#6797 = VECTOR('',#6798,1.);
#6798 = DIRECTION('',(0.,-1.,0.));
#6799 = ORIENTED_EDGE('',*,*,#6724,.F.);
#6800 = ORIENTED_EDGE('',*,*,#4589,.F.);
#6801 = CYLINDRICAL_SURFACE('',#6802,0.4999);
#6802 = AXIS2_PLACEMENT_3D('',#6803,#6804,#6805);
#6803 = CARTESIAN_POINT('',(10.6999,14.999999999802,7.0001));
#6804 = DIRECTION('',(0.,-1.,0.));
#6805 = DIRECTION('',(-1.,0.,0.));
#6806 = ADVANCED_FACE('',(#6807),#6830,.F.);
#6807 = FACE_BOUND('',#6808,.F.);
#6808 = EDGE_LOOP('',(#6809,#6810,#6811));
#6809 = ORIENTED_EDGE('',*,*,#4607,.T.);
#6810 = ORIENTED_EDGE('',*,*,#6758,.T.);
#6811 = ORIENTED_EDGE('',*,*,#6812,.F.);
#6812 = EDGE_CURVE('',#4608,#6751,#6813,.T.);
#6813 = ( BOUNDED_CURVE() B_SPLINE_CURVE(8,(#6814,#6815,#6816,#6817,
    #6818,#6819,#6820,#6821,#6822,#6823,#6824,#6825,#6826,#6827,#6828,
#6829),.UNSPECIFIED.,.F.,.F.) B_SPLINE_CURVE_WITH_KNOTS((9,7,9),(6.5001,
6.977529218685,7.45495843737),.UNSPECIFIED.) CURVE() 
GEOMETRIC_REPRESENTATION_ITEM() RATIONAL_B_SPLINE_CURVE((1.,1.,1.,1.,1.,
1.,1.,1.,1.,1.,1.,1.,1.,1.,1.,1.)) REPRESENTATION_ITEM('') );
#6814 = CARTESIAN_POINT('',(9.6,6.999999999661,7.0001));
#6815 = CARTESIAN_POINT('',(9.6,6.999999999661,7.009907614667));
#6816 = CARTESIAN_POINT('',(9.602839811128,7.000222150832,7.019782486262
    ));
#6817 = CARTESIAN_POINT('',(9.608724490871,7.000664326832,7.03044894237)
  );
#6818 = CARTESIAN_POINT('',(9.615846129058,7.001407101308,7.045016693381
    ));
#6819 = CARTESIAN_POINT('',(9.624329431962,7.003243935211,7.061427446855
    ));
#6820 = CARTESIAN_POINT('',(9.627425340384,7.005453028236,7.090555705666
    ));
#6821 = CARTESIAN_POINT('',(9.627978061975,7.014916998047,7.132857719408
    ));
#6822 = CARTESIAN_POINT('',(9.628837862588,7.054601299666,7.233642697808
    ));
#6823 = CARTESIAN_POINT('',(9.629099248794,7.084791464122,7.292190994014
    ));
#6824 = CARTESIAN_POINT('',(9.632035755038,7.129177750401,7.354150864733
    ));
#6825 = CARTESIAN_POINT('',(9.64005116408,7.188077418693,7.409801921722)
  );
#6826 = CARTESIAN_POINT('',(9.652393352713,7.258457846743,7.453963713378
    ));
#6827 = CARTESIAN_POINT('',(9.667159960124,7.336246876086,7.484743764111
    ));
#6828 = CARTESIAN_POINT('',(9.683551795358,7.418093518173,7.5));
#6829 = CARTESIAN_POINT('',(9.6999,7.499899999661,7.5));
#6830 = ( BOUNDED_SURFACE() B_SPLINE_SURFACE(2,8,(
    (#6831,#6832,#6833,#6834,#6835,#6836,#6837,#6838,#6839,#6840,#6841
      ,#6842,#6843,#6844,#6845,#6846)
    ,(#6847,#6848,#6849,#6850,#6851,#6852,#6853,#6854,#6855,#6856,#6857
      ,#6858,#6859,#6860,#6861,#6862)
    ,(#6863,#6864,#6865,#6866,#6867,#6868,#6869,#6870,#6871,#6872,#6873
      ,#6874,#6875,#6876,#6877,#6878
)),.UNSPECIFIED.,.F.,.F.,.F.) B_SPLINE_SURFACE_WITH_KNOTS((3,3),(9,7,9),
  (0.,0.95485843737),(6.5001,6.977529218685,7.45495843737),
.UNSPECIFIED.) GEOMETRIC_REPRESENTATION_ITEM() RATIONAL_B_SPLINE_SURFACE
((
    (1.,1.,1.,1.,1.,1.,1.,1.,1.,1.,1.,1.,1.,1.,1.,1.)
    ,(0.707106781187,0.707106781187,0.702567909995,0.692448262626
      ,0.682180618163,0.666736059067,0.665937288614,0.684906951562
      ,0.751410440052,0.799088973871,0.856490193915,0.910356855827
      ,0.953865293504,0.984770033708,1.,1.)
    ,(1.,1.,1.,1.,1.,1.,1.,1.,1.,1.,1.,1.,1.,1.,1.,1.
))) REPRESENTATION_ITEM('') SURFACE() );
#6831 = CARTESIAN_POINT('',(9.6,6.999999999661,7.0001));
#6832 = CARTESIAN_POINT('',(9.6,6.999999999661,7.009907614667));
#6833 = CARTESIAN_POINT('',(9.602839811128,7.000222150832,7.019782486262
    ));
#6834 = CARTESIAN_POINT('',(9.608724490871,7.000664326832,7.03044894237)
  );
#6835 = CARTESIAN_POINT('',(9.615846129058,7.001407101308,7.045016693381
    ));
#6836 = CARTESIAN_POINT('',(9.624329431962,7.003243935211,7.061427446855
    ));
#6837 = CARTESIAN_POINT('',(9.627425340384,7.005453028236,7.090555705666
    ));
#6838 = CARTESIAN_POINT('',(9.627978061975,7.014916998047,7.132857719408
    ));
#6839 = CARTESIAN_POINT('',(9.628837862588,7.054601299666,7.233642697808
    ));
#6840 = CARTESIAN_POINT('',(9.629099248794,7.084791464122,7.292190994014
    ));
#6841 = CARTESIAN_POINT('',(9.632035755038,7.129177750401,7.354150864733
    ));
#6842 = CARTESIAN_POINT('',(9.64005116408,7.188077418693,7.409801921722)
  );
#6843 = CARTESIAN_POINT('',(9.652393352713,7.258457846743,7.453963713378
    ));
#6844 = CARTESIAN_POINT('',(9.667159960124,7.336246876086,7.484743764111
    ));
#6845 = CARTESIAN_POINT('',(9.683551795358,7.418093518173,7.5));
#6846 = CARTESIAN_POINT('',(9.6999,7.499899999661,7.5));
#6847 = CARTESIAN_POINT('',(9.2,6.999999999661,7.0001));
#6848 = CARTESIAN_POINT('',(9.2,6.999999999661,7.049177343065));
#6849 = CARTESIAN_POINT('',(9.202045844608,7.002045844268,7.098861739759
    ));
#6850 = CARTESIAN_POINT('',(9.205822500016,7.005822499676,7.151358404293
    ));
#6851 = CARTESIAN_POINT('',(9.213669250213,7.013669249874,7.206303710558
    ));
#6852 = CARTESIAN_POINT('',(9.224081238491,7.024081238151,7.268408127654
    ));
#6853 = CARTESIAN_POINT('',(9.245360740169,7.04536073983,7.323993846259)
  );
#6854 = CARTESIAN_POINT('',(9.27899779766,7.078997797321,7.368986567836)
  );
#6855 = CARTESIAN_POINT('',(9.360187533174,7.160187532834,7.434906816806
    ));
#6856 = CARTESIAN_POINT('',(9.403702549936,7.203702549596,7.455345030018
    ));
#6857 = CARTESIAN_POINT('',(9.449900593675,7.249900593335,7.46848438649)
  );
#6858 = CARTESIAN_POINT('',(9.498434843476,7.298434843137,7.480404342731
    ));
#6859 = CARTESIAN_POINT('',(9.548999152815,7.348999152475,7.49060391563)
  );
#6860 = CARTESIAN_POINT('',(9.600212187005,7.400212186666,7.496822690572
    ));
#6861 = CARTESIAN_POINT('',(9.650822656935,7.450822656596,7.5));
#6862 = CARTESIAN_POINT('',(9.6999,7.499899999661,7.5));
#6863 = CARTESIAN_POINT('',(9.2,7.399999999661,7.0001));
#6864 = CARTESIAN_POINT('',(9.2,7.399999999661,7.009907614667));
#6865 = CARTESIAN_POINT('',(9.200222151171,7.402839810789,7.019782486262
    ));
#6866 = CARTESIAN_POINT('',(9.200664327171,7.408724490531,7.03044894237)
  );
#6867 = CARTESIAN_POINT('',(9.201407101648,7.415846128719,7.045016693381
    ));
#6868 = CARTESIAN_POINT('',(9.203243935551,7.424329431623,7.061427446855
    ));
#6869 = CARTESIAN_POINT('',(9.205453028575,7.427425340044,7.090555705666
    ));
#6870 = CARTESIAN_POINT('',(9.214916998386,7.427978061635,7.132857719408
    ));
#6871 = CARTESIAN_POINT('',(9.254601300005,7.428837862249,7.233642697808
    ));
#6872 = CARTESIAN_POINT('',(9.284791464461,7.429099248455,7.292190994014
    ));
#6873 = CARTESIAN_POINT('',(9.329177750741,7.432035754699,7.354150864733
    ));
#6874 = CARTESIAN_POINT('',(9.388077419032,7.440051163741,7.409801921722
    ));
#6875 = CARTESIAN_POINT('',(9.458457847083,7.452393352373,7.453963713378
    ));
#6876 = CARTESIAN_POINT('',(9.536246876425,7.467159959784,7.484743764111
    ));
#6877 = CARTESIAN_POINT('',(9.618093518513,7.483551795018,7.5));
#6878 = CARTESIAN_POINT('',(9.6999,7.499899999661,7.5));
#6879 = ADVANCED_FACE('',(#6880),#6911,.T.);
#6880 = FACE_BOUND('',#6881,.F.);
#6881 = EDGE_LOOP('',(#6882,#6883,#6904,#6910));
#6882 = ORIENTED_EDGE('',*,*,#4630,.F.);
#6883 = ORIENTED_EDGE('',*,*,#6884,.T.);
#6884 = EDGE_CURVE('',#4631,#6885,#6887,.T.);
#6885 = VERTEX_POINT('',#6886);
#6886 = CARTESIAN_POINT('',(9.6999,15.499899999802,7.5));
#6887 = ( BOUNDED_CURVE() B_SPLINE_CURVE(8,(#6888,#6889,#6890,#6891,
    #6892,#6893,#6894,#6895,#6896,#6897,#6898,#6899,#6900,#6901,#6902,
#6903),.UNSPECIFIED.,.F.,.F.) B_SPLINE_CURVE_WITH_KNOTS((9,7,9),(6.5001,
6.977529218685,7.45495843737),.UNSPECIFIED.) CURVE() 
GEOMETRIC_REPRESENTATION_ITEM() RATIONAL_B_SPLINE_CURVE((1.,1.,1.,1.,1.,
1.,1.,1.,1.,1.,1.,1.,1.,1.,1.,1.)) REPRESENTATION_ITEM('') );
#6888 = CARTESIAN_POINT('',(9.6,14.999999999802,7.0001));
#6889 = CARTESIAN_POINT('',(9.6,14.999999999802,7.009907614667));
#6890 = CARTESIAN_POINT('',(9.602839811128,15.000222150973,
    7.019782486262));
#6891 = CARTESIAN_POINT('',(9.608724490871,15.000664326973,7.03044894237
    ));
#6892 = CARTESIAN_POINT('',(9.615846129058,15.00140710145,7.045016693381
    ));
#6893 = CARTESIAN_POINT('',(9.624329431962,15.003243935353,
    7.061427446855));
#6894 = CARTESIAN_POINT('',(9.627425340384,15.005453028377,
    7.090555705666));
#6895 = CARTESIAN_POINT('',(9.627978061975,15.014916998188,
    7.132857719408));
#6896 = CARTESIAN_POINT('',(9.628837862588,15.054601299807,
    7.233642697808));
#6897 = CARTESIAN_POINT('',(9.629099248794,15.084791464263,
    7.292190994014));
#6898 = CARTESIAN_POINT('',(9.632035755038,15.129177750543,
    7.354150864733));
#6899 = CARTESIAN_POINT('',(9.64005116408,15.188077418834,7.409801921722
    ));
#6900 = CARTESIAN_POINT('',(9.652393352712,15.258457846885,
    7.453963713378));
#6901 = CARTESIAN_POINT('',(9.667159960124,15.336246876227,
    7.484743764111));
#6902 = CARTESIAN_POINT('',(9.683551795358,15.418093518315,7.5));
#6903 = CARTESIAN_POINT('',(9.6999,15.499899999802,7.5));
#6904 = ORIENTED_EDGE('',*,*,#6905,.T.);
#6905 = EDGE_CURVE('',#6885,#6786,#6906,.T.);
#6906 = LINE('',#6907,#6908);
#6907 = CARTESIAN_POINT('',(9.2,15.499899999802,7.5));
#6908 = VECTOR('',#6909,1.);
#6909 = DIRECTION('',(1.,0.,0.));
#6910 = ORIENTED_EDGE('',*,*,#6785,.F.);
#6911 = CYLINDRICAL_SURFACE('',#6912,0.4999);
#6912 = AXIS2_PLACEMENT_3D('',#6913,#6914,#6915);
#6913 = CARTESIAN_POINT('',(9.2,15.499899999802,7.0001));
#6914 = DIRECTION('',(1.,0.,0.));
#6915 = DIRECTION('',(0.,-1.,0.));
#6916 = ADVANCED_FACE('',(#6917),#6936,.T.);
#6917 = FACE_BOUND('',#6918,.F.);
#6918 = EDGE_LOOP('',(#6919,#6920,#6921,#6929));
#6919 = ORIENTED_EDGE('',*,*,#4654,.F.);
#6920 = ORIENTED_EDGE('',*,*,#6812,.T.);
#6921 = ORIENTED_EDGE('',*,*,#6922,.T.);
#6922 = EDGE_CURVE('',#6751,#6923,#6925,.T.);
#6923 = VERTEX_POINT('',#6924);
#6924 = CARTESIAN_POINT('',(10.6999,7.499899999661,7.5));
#6925 = LINE('',#6926,#6927);
#6926 = CARTESIAN_POINT('',(9.2,7.499899999661,7.5));
#6927 = VECTOR('',#6928,1.);
#6928 = DIRECTION('',(1.,0.,0.));
#6929 = ORIENTED_EDGE('',*,*,#6930,.F.);
#6930 = EDGE_CURVE('',#4655,#6923,#6931,.T.);
#6931 = ELLIPSE('',#6932,0.70696535983,0.4999);
#6932 = AXIS2_PLACEMENT_3D('',#6933,#6934,#6935);
#6933 = CARTESIAN_POINT('',(10.6999,7.499899999661,7.0001));
#6934 = DIRECTION('',(-0.707106781187,0.707106781187,0.));
#6935 = DIRECTION('',(0.707106781187,0.707106781187,0.));
#6936 = CYLINDRICAL_SURFACE('',#6937,0.4999);
#6937 = AXIS2_PLACEMENT_3D('',#6938,#6939,#6940);
#6938 = CARTESIAN_POINT('',(9.2,7.499899999661,7.0001));
#6939 = DIRECTION('',(1.,0.,0.));
#6940 = DIRECTION('',(0.,-1.,0.));
#6941 = ADVANCED_FACE('',(#6942),#6965,.F.);
#6942 = FACE_BOUND('',#6943,.F.);
#6943 = EDGE_LOOP('',(#6944,#6945,#6964));
#6944 = ORIENTED_EDGE('',*,*,#4687,.T.);
#6945 = ORIENTED_EDGE('',*,*,#6946,.T.);
#6946 = EDGE_CURVE('',#4680,#6885,#6947,.T.);
#6947 = ( BOUNDED_CURVE() B_SPLINE_CURVE(8,(#6948,#6949,#6950,#6951,
    #6952,#6953,#6954,#6955,#6956,#6957,#6958,#6959,#6960,#6961,#6962,
#6963),.UNSPECIFIED.,.F.,.F.) B_SPLINE_CURVE_WITH_KNOTS((9,7,9),(6.5001,
6.977529218685,7.45495843737),.UNSPECIFIED.) CURVE() 
GEOMETRIC_REPRESENTATION_ITEM() RATIONAL_B_SPLINE_CURVE((1.,1.,1.,1.,1.,
1.,1.,1.,1.,1.,1.,1.,1.,1.,1.,1.)) REPRESENTATION_ITEM('') );
#6948 = CARTESIAN_POINT('',(9.2,15.399999999802,7.0001));
#6949 = CARTESIAN_POINT('',(9.2,15.399999999802,7.009907614667));
#6950 = CARTESIAN_POINT('',(9.200222151171,15.40283981093,7.019782486262
    ));
#6951 = CARTESIAN_POINT('',(9.200664327171,15.408724490673,7.03044894237
    ));
#6952 = CARTESIAN_POINT('',(9.201407101648,15.41584612886,7.045016693381
    ));
#6953 = CARTESIAN_POINT('',(9.203243935551,15.424329431764,
    7.061427446855));
#6954 = CARTESIAN_POINT('',(9.205453028575,15.427425340186,
    7.090555705666));
#6955 = CARTESIAN_POINT('',(9.214916998386,15.427978061777,
    7.132857719408));
#6956 = CARTESIAN_POINT('',(9.254601300005,15.42883786239,7.233642697808
    ));
#6957 = CARTESIAN_POINT('',(9.284791464461,15.429099248596,
    7.292190994014));
#6958 = CARTESIAN_POINT('',(9.329177750741,15.43203575484,7.354150864733
    ));
#6959 = CARTESIAN_POINT('',(9.388077419032,15.440051163882,
    7.409801921722));
#6960 = CARTESIAN_POINT('',(9.458457847083,15.452393352515,
    7.453963713378));
#6961 = CARTESIAN_POINT('',(9.536246876425,15.467159959926,
    7.484743764111));
#6962 = CARTESIAN_POINT('',(9.618093518513,15.48355179516,7.5));
#6963 = CARTESIAN_POINT('',(9.6999,15.499899999802,7.5));
#6964 = ORIENTED_EDGE('',*,*,#6884,.F.);
#6965 = ( BOUNDED_SURFACE() B_SPLINE_SURFACE(2,8,(
    (#6966,#6967,#6968,#6969,#6970,#6971,#6972,#6973,#6974,#6975,#6976
      ,#6977,#6978,#6979,#6980,#6981)
    ,(#6982,#6983,#6984,#6985,#6986,#6987,#6988,#6989,#6990,#6991,#6992
      ,#6993,#6994,#6995,#6996,#6997)
    ,(#6998,#6999,#7000,#7001,#7002,#7003,#7004,#7005,#7006,#7007,#7008
      ,#7009,#7010,#7011,#7012,#7013
)),.UNSPECIFIED.,.F.,.F.,.F.) B_SPLINE_SURFACE_WITH_KNOTS((3,3),(9,7,9),
  (0.,0.95485843737),(6.5001,6.977529218685,7.45495843737),
.UNSPECIFIED.) GEOMETRIC_REPRESENTATION_ITEM() RATIONAL_B_SPLINE_SURFACE
((
    (1.,1.,1.,1.,1.,1.,1.,1.,1.,1.,1.,1.,1.,1.,1.,1.)
    ,(0.707106781187,0.707106781187,0.702567909995,0.692448262626
      ,0.682180618163,0.666736059067,0.665937288614,0.684906951562
      ,0.751410440052,0.799088973871,0.856490193915,0.910356855827
      ,0.953865293504,0.984770033708,1.,1.)
    ,(1.,1.,1.,1.,1.,1.,1.,1.,1.,1.,1.,1.,1.,1.,1.,1.
))) REPRESENTATION_ITEM('') SURFACE() );
#6966 = CARTESIAN_POINT('',(9.6,14.999999999802,7.0001));
#6967 = CARTESIAN_POINT('',(9.6,14.999999999802,7.009907614667));
#6968 = CARTESIAN_POINT('',(9.602839811128,15.000222150973,
    7.019782486262));
#6969 = CARTESIAN_POINT('',(9.608724490871,15.000664326973,7.03044894237
    ));
#6970 = CARTESIAN_POINT('',(9.615846129058,15.00140710145,7.045016693381
    ));
#6971 = CARTESIAN_POINT('',(9.624329431962,15.003243935353,
    7.061427446855));
#6972 = CARTESIAN_POINT('',(9.627425340384,15.005453028377,
    7.090555705666));
#6973 = CARTESIAN_POINT('',(9.627978061975,15.014916998188,
    7.132857719408));
#6974 = CARTESIAN_POINT('',(9.628837862588,15.054601299807,
    7.233642697808));
#6975 = CARTESIAN_POINT('',(9.629099248794,15.084791464263,
    7.292190994014));
#6976 = CARTESIAN_POINT('',(9.632035755038,15.129177750543,
    7.354150864733));
#6977 = CARTESIAN_POINT('',(9.64005116408,15.188077418834,7.409801921722
    ));
#6978 = CARTESIAN_POINT('',(9.652393352712,15.258457846885,
    7.453963713378));
#6979 = CARTESIAN_POINT('',(9.667159960124,15.336246876227,
    7.484743764111));
#6980 = CARTESIAN_POINT('',(9.683551795358,15.418093518315,7.5));
#6981 = CARTESIAN_POINT('',(9.6999,15.499899999802,7.5));
#6982 = CARTESIAN_POINT('',(9.2,14.999999999802,7.0001));
#6983 = CARTESIAN_POINT('',(9.2,14.999999999802,7.049177343065));
#6984 = CARTESIAN_POINT('',(9.202045844608,15.00204584441,7.098861739759
    ));
#6985 = CARTESIAN_POINT('',(9.205822500016,15.005822499818,
    7.151358404293));
#6986 = CARTESIAN_POINT('',(9.213669250213,15.013669250015,
    7.206303710558));
#6987 = CARTESIAN_POINT('',(9.224081238491,15.024081238293,
    7.268408127654));
#6988 = CARTESIAN_POINT('',(9.245360740169,15.045360739971,
    7.323993846259));
#6989 = CARTESIAN_POINT('',(9.27899779766,15.078997797462,7.368986567836
    ));
#6990 = CARTESIAN_POINT('',(9.360187533174,15.160187532976,
    7.434906816806));
#6991 = CARTESIAN_POINT('',(9.403702549936,15.203702549738,
    7.455345030019));
#6992 = CARTESIAN_POINT('',(9.449900593675,15.249900593477,7.46848438649
    ));
#6993 = CARTESIAN_POINT('',(9.498434843476,15.298434843278,
    7.480404342731));
#6994 = CARTESIAN_POINT('',(9.548999152815,15.348999152617,7.49060391563
    ));
#6995 = CARTESIAN_POINT('',(9.600212187005,15.400212186807,
    7.496822690572));
#6996 = CARTESIAN_POINT('',(9.650822656935,15.450822656737,7.5));
#6997 = CARTESIAN_POINT('',(9.6999,15.499899999802,7.5));
#6998 = CARTESIAN_POINT('',(9.2,15.399999999802,7.0001));
#6999 = CARTESIAN_POINT('',(9.2,15.399999999802,7.009907614667));
#7000 = CARTESIAN_POINT('',(9.200222151171,15.40283981093,7.019782486262
    ));
#7001 = CARTESIAN_POINT('',(9.200664327171,15.408724490673,7.03044894237
    ));
#7002 = CARTESIAN_POINT('',(9.201407101648,15.41584612886,7.045016693381
    ));
#7003 = CARTESIAN_POINT('',(9.203243935551,15.424329431764,
    7.061427446855));
#7004 = CARTESIAN_POINT('',(9.205453028575,15.427425340186,
    7.090555705666));
#7005 = CARTESIAN_POINT('',(9.214916998386,15.427978061777,
    7.132857719408));
#7006 = CARTESIAN_POINT('',(9.254601300005,15.42883786239,7.233642697808
    ));
#7007 = CARTESIAN_POINT('',(9.284791464461,15.429099248596,
    7.292190994014));
#7008 = CARTESIAN_POINT('',(9.329177750741,15.43203575484,7.354150864733
    ));
#7009 = CARTESIAN_POINT('',(9.388077419032,15.440051163882,
    7.409801921722));
#7010 = CARTESIAN_POINT('',(9.458457847083,15.452393352515,
    7.453963713378));
#7011 = CARTESIAN_POINT('',(9.536246876425,15.467159959926,
    7.484743764111));
#7012 = CARTESIAN_POINT('',(9.618093518513,15.48355179516,7.5));
#7013 = CARTESIAN_POINT('',(9.6999,15.499899999802,7.5));
#7014 = ADVANCED_FACE('',(#7015),#7034,.T.);
#7015 = FACE_BOUND('',#7016,.F.);
#7016 = EDGE_LOOP('',(#7017,#7018,#7026,#7033));
#7017 = ORIENTED_EDGE('',*,*,#6930,.T.);
#7018 = ORIENTED_EDGE('',*,*,#7019,.T.);
#7019 = EDGE_CURVE('',#6923,#7020,#7022,.T.);
#7020 = VERTEX_POINT('',#7021);
#7021 = CARTESIAN_POINT('',(10.6999,5.500099999654,7.5));
#7022 = LINE('',#7023,#7024);
#7023 = CARTESIAN_POINT('',(10.6999,6.999999999661,7.5));
#7024 = VECTOR('',#7025,1.);
#7025 = DIRECTION('',(0.,-1.,0.));
#7026 = ORIENTED_EDGE('',*,*,#7027,.F.);
#7027 = EDGE_CURVE('',#4705,#7020,#7028,.T.);
#7028 = ELLIPSE('',#7029,0.70696535983,0.4999);
#7029 = AXIS2_PLACEMENT_3D('',#7030,#7031,#7032);
#7030 = CARTESIAN_POINT('',(10.6999,5.500099999654,7.0001));
#7031 = DIRECTION('',(0.707106781187,0.707106781187,0.));
#7032 = DIRECTION('',(0.707106781187,-0.707106781187,0.));
#7033 = ORIENTED_EDGE('',*,*,#4704,.F.);
#7034 = CYLINDRICAL_SURFACE('',#7035,0.4999);
#7035 = AXIS2_PLACEMENT_3D('',#7036,#7037,#7038);
#7036 = CARTESIAN_POINT('',(10.6999,6.999999999661,7.0001));
#7037 = DIRECTION('',(0.,-1.,0.));
#7038 = DIRECTION('',(-1.,0.,0.));
#7039 = ADVANCED_FACE('',(#7040),#7071,.T.);
#7040 = FACE_BOUND('',#7041,.F.);
#7041 = EDGE_LOOP('',(#7042,#7043,#7064,#7070));
#7042 = ORIENTED_EDGE('',*,*,#4727,.F.);
#7043 = ORIENTED_EDGE('',*,*,#7044,.T.);
#7044 = EDGE_CURVE('',#4728,#7045,#7047,.T.);
#7045 = VERTEX_POINT('',#7046);
#7046 = CARTESIAN_POINT('',(9.6999,15.50009999983,7.5));
#7047 = ( BOUNDED_CURVE() B_SPLINE_CURVE(8,(#7048,#7049,#7050,#7051,
    #7052,#7053,#7054,#7055,#7056,#7057,#7058,#7059,#7060,#7061,#7062,
#7063),.UNSPECIFIED.,.F.,.F.) B_SPLINE_CURVE_WITH_KNOTS((9,7,9),(6.5001,
6.977529218685,7.45495843737),.UNSPECIFIED.) CURVE() 
GEOMETRIC_REPRESENTATION_ITEM() RATIONAL_B_SPLINE_CURVE((1.,1.,1.,1.,1.,
1.,1.,1.,1.,1.,1.,1.,1.,1.,1.,1.)) REPRESENTATION_ITEM('') );
#7048 = CARTESIAN_POINT('',(9.2,15.59999999983,7.0001));
#7049 = CARTESIAN_POINT('',(9.2,15.59999999983,7.009907614667));
#7050 = CARTESIAN_POINT('',(9.200222151171,15.597160188702,
    7.019782486262));
#7051 = CARTESIAN_POINT('',(9.200664327171,15.59127550896,7.03044894237)
  );
#7052 = CARTESIAN_POINT('',(9.201407101648,15.584153870772,
    7.045016693381));
#7053 = CARTESIAN_POINT('',(9.203243935551,15.575670567868,
    7.061427446855));
#7054 = CARTESIAN_POINT('',(9.205453028575,15.572574659446,
    7.090555705666));
#7055 = CARTESIAN_POINT('',(9.214916998386,15.572021937856,
    7.132857719407));
#7056 = CARTESIAN_POINT('',(9.254601300005,15.571162137242,
    7.233642697808));
#7057 = CARTESIAN_POINT('',(9.284791464461,15.570900751036,
    7.292190994014));
#7058 = CARTESIAN_POINT('',(9.329177750741,15.567964244792,
    7.354150864733));
#7059 = CARTESIAN_POINT('',(9.388077419032,15.55994883575,7.409801921722
    ));
#7060 = CARTESIAN_POINT('',(9.458457847083,15.547606647118,
    7.453963713378));
#7061 = CARTESIAN_POINT('',(9.536246876425,15.532840039707,
    7.484743764111));
#7062 = CARTESIAN_POINT('',(9.618093518513,15.516448204472,7.5));
#7063 = CARTESIAN_POINT('',(9.6999,15.50009999983,7.5));
#7064 = ORIENTED_EDGE('',*,*,#7065,.T.);
#7065 = EDGE_CURVE('',#7045,#6885,#7066,.T.);
#7066 = LINE('',#7067,#7068);
#7067 = CARTESIAN_POINT('',(9.6999,15.99999999983,7.5));
#7068 = VECTOR('',#7069,1.);
#7069 = DIRECTION('',(0.,-1.,0.));
#7070 = ORIENTED_EDGE('',*,*,#6946,.F.);
#7071 = CYLINDRICAL_SURFACE('',#7072,0.4999);
#7072 = AXIS2_PLACEMENT_3D('',#7073,#7074,#7075);
#7073 = CARTESIAN_POINT('',(9.6999,15.99999999983,7.0001));
#7074 = DIRECTION('',(0.,-1.,0.));
#7075 = DIRECTION('',(-1.,0.,0.));
#7076 = ADVANCED_FACE('',(#7077),#7108,.T.);
#7077 = FACE_BOUND('',#7078,.F.);
#7078 = EDGE_LOOP('',(#7079,#7080,#7081,#7089));
#7079 = ORIENTED_EDGE('',*,*,#4751,.F.);
#7080 = ORIENTED_EDGE('',*,*,#7027,.T.);
#7081 = ORIENTED_EDGE('',*,*,#7082,.T.);
#7082 = EDGE_CURVE('',#7020,#7083,#7085,.T.);
#7083 = VERTEX_POINT('',#7084);
#7084 = CARTESIAN_POINT('',(9.6999,5.500099999654,7.5));
#7085 = LINE('',#7086,#7087);
#7086 = CARTESIAN_POINT('',(10.2,5.500099999654,7.5));
#7087 = VECTOR('',#7088,1.);
#7088 = DIRECTION('',(-1.,0.,0.));
#7089 = ORIENTED_EDGE('',*,*,#7090,.F.);
#7090 = EDGE_CURVE('',#4752,#7083,#7091,.T.);
#7091 = ( BOUNDED_CURVE() B_SPLINE_CURVE(8,(#7092,#7093,#7094,#7095,
    #7096,#7097,#7098,#7099,#7100,#7101,#7102,#7103,#7104,#7105,#7106,
#7107),.UNSPECIFIED.,.F.,.F.) B_SPLINE_CURVE_WITH_KNOTS((9,7,9),(6.5001,
6.977529218685,7.45495843737),.UNSPECIFIED.) CURVE() 
GEOMETRIC_REPRESENTATION_ITEM() RATIONAL_B_SPLINE_CURVE((1.,1.,1.,1.,1.,
1.,1.,1.,1.,1.,1.,1.,1.,1.,1.,1.)) REPRESENTATION_ITEM('') );
#7092 = CARTESIAN_POINT('',(9.6,5.999999999654,7.0001));
#7093 = CARTESIAN_POINT('',(9.6,5.999999999654,7.009907614667));
#7094 = CARTESIAN_POINT('',(9.602839811128,5.999777848482,7.019782486262
    ));
#7095 = CARTESIAN_POINT('',(9.608724490871,5.999335672483,7.03044894237)
  );
#7096 = CARTESIAN_POINT('',(9.615846129059,5.998592898006,7.045016693381
    ));
#7097 = CARTESIAN_POINT('',(9.624329431962,5.996756064103,7.061427446855
    ));
#7098 = CARTESIAN_POINT('',(9.627425340384,5.994546971078,7.090555705665
    ));
#7099 = CARTESIAN_POINT('',(9.627978061975,5.985083001267,7.132857719408
    ));
#7100 = CARTESIAN_POINT('',(9.628837862588,5.945398699648,7.233642697808
    ));
#7101 = CARTESIAN_POINT('',(9.629099248794,5.915208535192,7.292190994014
    ));
#7102 = CARTESIAN_POINT('',(9.632035755038,5.870822248913,7.354150864733
    ));
#7103 = CARTESIAN_POINT('',(9.64005116408,5.811922580621,7.409801921722)
  );
#7104 = CARTESIAN_POINT('',(9.652393352712,5.741542152571,7.453963713378
    ));
#7105 = CARTESIAN_POINT('',(9.667159960124,5.663753123229,7.484743764111
    ));
#7106 = CARTESIAN_POINT('',(9.683551795358,5.581906481141,7.5));
#7107 = CARTESIAN_POINT('',(9.6999,5.500099999654,7.5));
#7108 = CYLINDRICAL_SURFACE('',#7109,0.4999);
#7109 = AXIS2_PLACEMENT_3D('',#7110,#7111,#7112);
#7110 = CARTESIAN_POINT('',(10.2,5.500099999654,7.0001));
#7111 = DIRECTION('',(-1.,0.,0.));
#7112 = DIRECTION('',(0.,1.,0.));
#7113 = ADVANCED_FACE('',(#7114),#7137,.F.);
#7114 = FACE_BOUND('',#7115,.F.);
#7115 = EDGE_LOOP('',(#7116,#7117,#7136));
#7116 = ORIENTED_EDGE('',*,*,#4784,.T.);
#7117 = ORIENTED_EDGE('',*,*,#7118,.T.);
#7118 = EDGE_CURVE('',#4777,#7045,#7119,.T.);
#7119 = ( BOUNDED_CURVE() B_SPLINE_CURVE(8,(#7120,#7121,#7122,#7123,
    #7124,#7125,#7126,#7127,#7128,#7129,#7130,#7131,#7132,#7133,#7134,
#7135),.UNSPECIFIED.,.F.,.F.) B_SPLINE_CURVE_WITH_KNOTS((9,7,9),(6.5001,
6.977529218685,7.45495843737),.UNSPECIFIED.) CURVE() 
GEOMETRIC_REPRESENTATION_ITEM() RATIONAL_B_SPLINE_CURVE((1.,1.,1.,1.,1.,
1.,1.,1.,1.,1.,1.,1.,1.,1.,1.,1.)) REPRESENTATION_ITEM('') );
#7120 = CARTESIAN_POINT('',(9.6,15.99999999983,7.0001));
#7121 = CARTESIAN_POINT('',(9.6,15.99999999983,7.009907614667));
#7122 = CARTESIAN_POINT('',(9.602839811128,15.999777848659,
    7.019782486262));
#7123 = CARTESIAN_POINT('',(9.608724490871,15.999335672659,7.03044894237
    ));
#7124 = CARTESIAN_POINT('',(9.615846129059,15.998592898182,
    7.045016693381));
#7125 = CARTESIAN_POINT('',(9.624329431962,15.99675606428,7.061427446855
    ));
#7126 = CARTESIAN_POINT('',(9.627425340384,15.994546971255,
    7.090555705666));
#7127 = CARTESIAN_POINT('',(9.627978061975,15.985083001444,
    7.132857719407));
#7128 = CARTESIAN_POINT('',(9.628837862588,15.945398699825,
    7.233642697808));
#7129 = CARTESIAN_POINT('',(9.629099248794,15.915208535369,
    7.292190994014));
#7130 = CARTESIAN_POINT('',(9.632035755038,15.870822249089,
    7.354150864733));
#7131 = CARTESIAN_POINT('',(9.64005116408,15.811922580798,7.409801921722
    ));
#7132 = CARTESIAN_POINT('',(9.652393352712,15.741542152747,
    7.453963713378));
#7133 = CARTESIAN_POINT('',(9.667159960124,15.663753123405,
    7.484743764111));
#7134 = CARTESIAN_POINT('',(9.683551795358,15.581906481318,7.5));
#7135 = CARTESIAN_POINT('',(9.6999,15.50009999983,7.5));
#7136 = ORIENTED_EDGE('',*,*,#7044,.F.);
#7137 = ( BOUNDED_SURFACE() B_SPLINE_SURFACE(2,8,(
    (#7138,#7139,#7140,#7141,#7142,#7143,#7144,#7145,#7146,#7147,#7148
      ,#7149,#7150,#7151,#7152,#7153)
    ,(#7154,#7155,#7156,#7157,#7158,#7159,#7160,#7161,#7162,#7163,#7164
      ,#7165,#7166,#7167,#7168,#7169)
    ,(#7170,#7171,#7172,#7173,#7174,#7175,#7176,#7177,#7178,#7179,#7180
      ,#7181,#7182,#7183,#7184,#7185
)),.UNSPECIFIED.,.F.,.F.,.F.) B_SPLINE_SURFACE_WITH_KNOTS((3,3),(9,7,9),
  (0.,0.95485843737),(6.5001,6.977529218685,7.45495843737),
.UNSPECIFIED.) GEOMETRIC_REPRESENTATION_ITEM() RATIONAL_B_SPLINE_SURFACE
((
    (1.,1.,1.,1.,1.,1.,1.,1.,1.,1.,1.,1.,1.,1.,1.,1.)
    ,(0.707106781187,0.707106781187,0.702567909995,0.692448262626
      ,0.682180618163,0.666736059067,0.665937288614,0.684906951562
      ,0.751410440052,0.799088973871,0.856490193915,0.910356855827
      ,0.953865293504,0.984770033708,1.,1.)
    ,(1.,1.,1.,1.,1.,1.,1.,1.,1.,1.,1.,1.,1.,1.,1.,1.
))) REPRESENTATION_ITEM('') SURFACE() );
#7138 = CARTESIAN_POINT('',(9.2,15.59999999983,7.0001));
#7139 = CARTESIAN_POINT('',(9.2,15.59999999983,7.009907614667));
#7140 = CARTESIAN_POINT('',(9.200222151171,15.597160188702,
    7.019782486262));
#7141 = CARTESIAN_POINT('',(9.200664327171,15.59127550896,7.03044894237)
  );
#7142 = CARTESIAN_POINT('',(9.201407101648,15.584153870772,
    7.045016693381));
#7143 = CARTESIAN_POINT('',(9.203243935551,15.575670567868,
    7.061427446855));
#7144 = CARTESIAN_POINT('',(9.205453028575,15.572574659446,
    7.090555705666));
#7145 = CARTESIAN_POINT('',(9.214916998386,15.572021937856,
    7.132857719407));
#7146 = CARTESIAN_POINT('',(9.254601300005,15.571162137242,
    7.233642697808));
#7147 = CARTESIAN_POINT('',(9.284791464461,15.570900751036,
    7.292190994014));
#7148 = CARTESIAN_POINT('',(9.329177750741,15.567964244792,
    7.354150864733));
#7149 = CARTESIAN_POINT('',(9.388077419032,15.55994883575,7.409801921722
    ));
#7150 = CARTESIAN_POINT('',(9.458457847083,15.547606647118,
    7.453963713378));
#7151 = CARTESIAN_POINT('',(9.536246876425,15.532840039707,
    7.484743764111));
#7152 = CARTESIAN_POINT('',(9.618093518513,15.516448204472,7.5));
#7153 = CARTESIAN_POINT('',(9.6999,15.50009999983,7.5));
#7154 = CARTESIAN_POINT('',(9.2,15.99999999983,7.0001));
#7155 = CARTESIAN_POINT('',(9.2,15.99999999983,7.049177343065));
#7156 = CARTESIAN_POINT('',(9.202045844608,15.997954155222,
    7.098861739759));
#7157 = CARTESIAN_POINT('',(9.205822500016,15.994177499814,
    7.151358404293));
#7158 = CARTESIAN_POINT('',(9.213669250213,15.986330749617,
    7.206303710558));
#7159 = CARTESIAN_POINT('',(9.224081238491,15.975918761339,
    7.268408127654));
#7160 = CARTESIAN_POINT('',(9.245360740169,15.954639259661,
    7.323993846259));
#7161 = CARTESIAN_POINT('',(9.27899779766,15.92100220217,7.368986567836)
  );
#7162 = CARTESIAN_POINT('',(9.360187533174,15.839812466657,
    7.434906816806));
#7163 = CARTESIAN_POINT('',(9.403702549935,15.796297449895,
    7.455345030018));
#7164 = CARTESIAN_POINT('',(9.449900593675,15.750099406156,7.46848438649
    ));
#7165 = CARTESIAN_POINT('',(9.498434843476,15.701565156354,
    7.480404342731));
#7166 = CARTESIAN_POINT('',(9.548999152815,15.651000847016,7.49060391563
    ));
#7167 = CARTESIAN_POINT('',(9.600212187005,15.599787812825,
    7.496822690572));
#7168 = CARTESIAN_POINT('',(9.650822656935,15.549177342895,7.5));
#7169 = CARTESIAN_POINT('',(9.6999,15.50009999983,7.5));
#7170 = CARTESIAN_POINT('',(9.6,15.99999999983,7.0001));
#7171 = CARTESIAN_POINT('',(9.6,15.99999999983,7.009907614667));
#7172 = CARTESIAN_POINT('',(9.602839811128,15.999777848659,
    7.019782486262));
#7173 = CARTESIAN_POINT('',(9.608724490871,15.999335672659,7.03044894237
    ));
#7174 = CARTESIAN_POINT('',(9.615846129059,15.998592898182,
    7.045016693381));
#7175 = CARTESIAN_POINT('',(9.624329431962,15.99675606428,7.061427446855
    ));
#7176 = CARTESIAN_POINT('',(9.627425340384,15.994546971255,
    7.090555705666));
#7177 = CARTESIAN_POINT('',(9.627978061975,15.985083001444,
    7.132857719407));
#7178 = CARTESIAN_POINT('',(9.628837862588,15.945398699825,
    7.233642697808));
#7179 = CARTESIAN_POINT('',(9.629099248794,15.915208535369,
    7.292190994014));
#7180 = CARTESIAN_POINT('',(9.632035755038,15.870822249089,
    7.354150864733));
#7181 = CARTESIAN_POINT('',(9.64005116408,15.811922580798,7.409801921722
    ));
#7182 = CARTESIAN_POINT('',(9.652393352712,15.741542152747,
    7.453963713378));
#7183 = CARTESIAN_POINT('',(9.667159960124,15.663753123405,
    7.484743764111));
#7184 = CARTESIAN_POINT('',(9.683551795358,15.581906481318,7.5));
#7185 = CARTESIAN_POINT('',(9.6999,15.50009999983,7.5));
#7186 = ADVANCED_FACE('',(#7187),#7210,.F.);
#7187 = FACE_BOUND('',#7188,.F.);
#7188 = EDGE_LOOP('',(#7189,#7190,#7191));
#7189 = ORIENTED_EDGE('',*,*,#4802,.T.);
#7190 = ORIENTED_EDGE('',*,*,#7090,.T.);
#7191 = ORIENTED_EDGE('',*,*,#7192,.F.);
#7192 = EDGE_CURVE('',#4803,#7083,#7193,.T.);
#7193 = ( BOUNDED_CURVE() B_SPLINE_CURVE(8,(#7194,#7195,#7196,#7197,
    #7198,#7199,#7200,#7201,#7202,#7203,#7204,#7205,#7206,#7207,#7208,
#7209),.UNSPECIFIED.,.F.,.F.) B_SPLINE_CURVE_WITH_KNOTS((9,7,9),(6.5001,
6.977529218685,7.45495843737),.UNSPECIFIED.) CURVE() 
GEOMETRIC_REPRESENTATION_ITEM() RATIONAL_B_SPLINE_CURVE((1.,1.,1.,1.,1.,
1.,1.,1.,1.,1.,1.,1.,1.,1.,1.,1.)) REPRESENTATION_ITEM('') );
#7194 = CARTESIAN_POINT('',(9.2,5.599999999654,7.0001));
#7195 = CARTESIAN_POINT('',(9.2,5.599999999654,7.009907614667));
#7196 = CARTESIAN_POINT('',(9.200222151171,5.597160188525,7.019782486262
    ));
#7197 = CARTESIAN_POINT('',(9.200664327171,5.591275508783,7.03044894237)
  );
#7198 = CARTESIAN_POINT('',(9.201407101648,5.584153870595,7.045016693381
    ));
#7199 = CARTESIAN_POINT('',(9.203243935551,5.575670567692,7.061427446855
    ));
#7200 = CARTESIAN_POINT('',(9.205453028575,5.57257465927,7.090555705665)
  );
#7201 = CARTESIAN_POINT('',(9.214916998386,5.572021937679,7.132857719408
    ));
#7202 = CARTESIAN_POINT('',(9.254601300005,5.571162137065,7.233642697808
    ));
#7203 = CARTESIAN_POINT('',(9.284791464461,5.570900750859,7.292190994014
    ));
#7204 = CARTESIAN_POINT('',(9.329177750741,5.567964244615,7.354150864733
    ));
#7205 = CARTESIAN_POINT('',(9.388077419032,5.559948835573,7.409801921722
    ));
#7206 = CARTESIAN_POINT('',(9.458457847083,5.547606646941,7.453963713378
    ));
#7207 = CARTESIAN_POINT('',(9.536246876425,5.53284003953,7.484743764111)
  );
#7208 = CARTESIAN_POINT('',(9.618093518513,5.516448204296,7.5));
#7209 = CARTESIAN_POINT('',(9.6999,5.500099999654,7.5));
#7210 = ( BOUNDED_SURFACE() B_SPLINE_SURFACE(2,8,(
    (#7211,#7212,#7213,#7214,#7215,#7216,#7217,#7218,#7219,#7220,#7221
      ,#7222,#7223,#7224,#7225,#7226)
    ,(#7227,#7228,#7229,#7230,#7231,#7232,#7233,#7234,#7235,#7236,#7237
      ,#7238,#7239,#7240,#7241,#7242)
    ,(#7243,#7244,#7245,#7246,#7247,#7248,#7249,#7250,#7251,#7252,#7253
      ,#7254,#7255,#7256,#7257,#7258
)),.UNSPECIFIED.,.F.,.F.,.F.) B_SPLINE_SURFACE_WITH_KNOTS((3,3),(9,7,9),
  (0.,0.95485843737),(6.5001,6.977529218685,7.45495843737),
.UNSPECIFIED.) GEOMETRIC_REPRESENTATION_ITEM() RATIONAL_B_SPLINE_SURFACE
((
    (1.,1.,1.,1.,1.,1.,1.,1.,1.,1.,1.,1.,1.,1.,1.,1.)
    ,(0.707106781187,0.707106781187,0.702567909995,0.692448262626
      ,0.682180618163,0.666736059067,0.665937288614,0.684906951562
      ,0.751410440052,0.799088973871,0.856490193915,0.910356855827
      ,0.953865293504,0.984770033708,1.,1.)
    ,(1.,1.,1.,1.,1.,1.,1.,1.,1.,1.,1.,1.,1.,1.,1.,1.
))) REPRESENTATION_ITEM('') SURFACE() );
#7211 = CARTESIAN_POINT('',(9.2,5.599999999654,7.0001));
#7212 = CARTESIAN_POINT('',(9.2,5.599999999654,7.009907614667));
#7213 = CARTESIAN_POINT('',(9.200222151171,5.597160188525,7.019782486262
    ));
#7214 = CARTESIAN_POINT('',(9.200664327171,5.591275508783,7.03044894237)
  );
#7215 = CARTESIAN_POINT('',(9.201407101648,5.584153870595,7.045016693381
    ));
#7216 = CARTESIAN_POINT('',(9.203243935551,5.575670567692,7.061427446855
    ));
#7217 = CARTESIAN_POINT('',(9.205453028575,5.57257465927,7.090555705665)
  );
#7218 = CARTESIAN_POINT('',(9.214916998386,5.572021937679,7.132857719408
    ));
#7219 = CARTESIAN_POINT('',(9.254601300005,5.571162137065,7.233642697808
    ));
#7220 = CARTESIAN_POINT('',(9.284791464461,5.570900750859,7.292190994014
    ));
#7221 = CARTESIAN_POINT('',(9.329177750741,5.567964244615,7.354150864733
    ));
#7222 = CARTESIAN_POINT('',(9.388077419032,5.559948835573,7.409801921722
    ));
#7223 = CARTESIAN_POINT('',(9.458457847083,5.547606646941,7.453963713378
    ));
#7224 = CARTESIAN_POINT('',(9.536246876425,5.53284003953,7.484743764111)
  );
#7225 = CARTESIAN_POINT('',(9.618093518513,5.516448204296,7.5));
#7226 = CARTESIAN_POINT('',(9.6999,5.500099999654,7.5));
#7227 = CARTESIAN_POINT('',(9.2,5.999999999654,7.0001));
#7228 = CARTESIAN_POINT('',(9.2,5.999999999654,7.049177343065));
#7229 = CARTESIAN_POINT('',(9.202045844608,5.997954155046,7.098861739759
    ));
#7230 = CARTESIAN_POINT('',(9.205822500016,5.994177499638,7.151358404293
    ));
#7231 = CARTESIAN_POINT('',(9.213669250213,5.986330749441,7.206303710558
    ));
#7232 = CARTESIAN_POINT('',(9.224081238491,5.975918761162,7.268408127654
    ));
#7233 = CARTESIAN_POINT('',(9.245360740169,5.954639259484,7.323993846259
    ));
#7234 = CARTESIAN_POINT('',(9.27899779766,5.921002201993,7.368986567836)
  );
#7235 = CARTESIAN_POINT('',(9.360187533174,5.83981246648,7.434906816806)
  );
#7236 = CARTESIAN_POINT('',(9.403702549935,5.796297449718,7.455345030019
    ));
#7237 = CARTESIAN_POINT('',(9.449900593675,5.750099405979,7.46848438649)
  );
#7238 = CARTESIAN_POINT('',(9.498434843476,5.701565156177,7.480404342731
    ));
#7239 = CARTESIAN_POINT('',(9.548999152815,5.651000846839,7.49060391563)
  );
#7240 = CARTESIAN_POINT('',(9.600212187005,5.599787812649,7.496822690572
    ));
#7241 = CARTESIAN_POINT('',(9.650822656935,5.549177342718,7.5));
#7242 = CARTESIAN_POINT('',(9.6999,5.500099999654,7.5));
#7243 = CARTESIAN_POINT('',(9.6,5.999999999654,7.0001));
#7244 = CARTESIAN_POINT('',(9.6,5.999999999654,7.009907614667));
#7245 = CARTESIAN_POINT('',(9.602839811128,5.999777848482,7.019782486262
    ));
#7246 = CARTESIAN_POINT('',(9.608724490871,5.999335672483,7.03044894237)
  );
#7247 = CARTESIAN_POINT('',(9.615846129059,5.998592898006,7.045016693381
    ));
#7248 = CARTESIAN_POINT('',(9.624329431962,5.996756064103,7.061427446855
    ));
#7249 = CARTESIAN_POINT('',(9.627425340384,5.994546971078,7.090555705665
    ));
#7250 = CARTESIAN_POINT('',(9.627978061975,5.985083001267,7.132857719408
    ));
#7251 = CARTESIAN_POINT('',(9.628837862588,5.945398699648,7.233642697808
    ));
#7252 = CARTESIAN_POINT('',(9.629099248794,5.915208535192,7.292190994014
    ));
#7253 = CARTESIAN_POINT('',(9.632035755038,5.870822248913,7.354150864733
    ));
#7254 = CARTESIAN_POINT('',(9.64005116408,5.811922580621,7.409801921722)
  );
#7255 = CARTESIAN_POINT('',(9.652393352712,5.741542152571,7.453963713378
    ));
#7256 = CARTESIAN_POINT('',(9.667159960124,5.663753123229,7.484743764111
    ));
#7257 = CARTESIAN_POINT('',(9.683551795358,5.581906481141,7.5));
#7258 = CARTESIAN_POINT('',(9.6999,5.500099999654,7.5));
#7259 = ADVANCED_FACE('',(#7260),#7279,.T.);
#7260 = FACE_BOUND('',#7261,.F.);
#7261 = EDGE_LOOP('',(#7262,#7263,#7272,#7278));
#7262 = ORIENTED_EDGE('',*,*,#4825,.F.);
#7263 = ORIENTED_EDGE('',*,*,#7264,.T.);
#7264 = EDGE_CURVE('',#4826,#7265,#7267,.T.);
#7265 = VERTEX_POINT('',#7266);
#7266 = CARTESIAN_POINT('',(10.6999,15.50009999983,7.5));
#7267 = ELLIPSE('',#7268,0.70696535983,0.4999);
#7268 = AXIS2_PLACEMENT_3D('',#7269,#7270,#7271);
#7269 = CARTESIAN_POINT('',(10.6999,15.50009999983,7.0001));
#7270 = DIRECTION('',(0.707106781187,0.707106781187,0.));
#7271 = DIRECTION('',(0.707106781187,-0.707106781187,0.));
#7272 = ORIENTED_EDGE('',*,*,#7273,.T.);
#7273 = EDGE_CURVE('',#7265,#7045,#7274,.T.);
#7274 = LINE('',#7275,#7276);
#7275 = CARTESIAN_POINT('',(10.2,15.50009999983,7.5));
#7276 = VECTOR('',#7277,1.);
#7277 = DIRECTION('',(-1.,0.,0.));
#7278 = ORIENTED_EDGE('',*,*,#7118,.F.);
#7279 = CYLINDRICAL_SURFACE('',#7280,0.4999);
#7280 = AXIS2_PLACEMENT_3D('',#7281,#7282,#7283);
#7281 = CARTESIAN_POINT('',(10.2,15.50009999983,7.0001));
#7282 = DIRECTION('',(-1.,0.,0.));
#7283 = DIRECTION('',(0.,1.,0.));
#7284 = ADVANCED_FACE('',(#7285),#7316,.T.);
#7285 = FACE_BOUND('',#7286,.F.);
#7286 = EDGE_LOOP('',(#7287,#7288,#7289,#7297));
#7287 = ORIENTED_EDGE('',*,*,#4849,.F.);
#7288 = ORIENTED_EDGE('',*,*,#7192,.T.);
#7289 = ORIENTED_EDGE('',*,*,#7290,.T.);
#7290 = EDGE_CURVE('',#7083,#7291,#7293,.T.);
#7291 = VERTEX_POINT('',#7292);
#7292 = CARTESIAN_POINT('',(9.6999,5.499899999654,7.5));
#7293 = LINE('',#7294,#7295);
#7294 = CARTESIAN_POINT('',(9.6999,5.999999999654,7.5));
#7295 = VECTOR('',#7296,1.);
#7296 = DIRECTION('',(0.,-1.,0.));
#7297 = ORIENTED_EDGE('',*,*,#7298,.F.);
#7298 = EDGE_CURVE('',#4850,#7291,#7299,.T.);
#7299 = ( BOUNDED_CURVE() B_SPLINE_CURVE(8,(#7300,#7301,#7302,#7303,
    #7304,#7305,#7306,#7307,#7308,#7309,#7310,#7311,#7312,#7313,#7314,
#7315),.UNSPECIFIED.,.F.,.F.) B_SPLINE_CURVE_WITH_KNOTS((9,7,9),(6.5001,
6.977529218685,7.45495843737),.UNSPECIFIED.) CURVE() 
GEOMETRIC_REPRESENTATION_ITEM() RATIONAL_B_SPLINE_CURVE((1.,1.,1.,1.,1.,
1.,1.,1.,1.,1.,1.,1.,1.,1.,1.,1.)) REPRESENTATION_ITEM('') );
#7300 = CARTESIAN_POINT('',(9.2,5.399999999654,7.0001));
#7301 = CARTESIAN_POINT('',(9.2,5.399999999654,7.009907614667));
#7302 = CARTESIAN_POINT('',(9.200222151171,5.402839810782,7.019782486262
    ));
#7303 = CARTESIAN_POINT('',(9.200664327171,5.408724490524,7.03044894237)
  );
#7304 = CARTESIAN_POINT('',(9.201407101648,5.415846128712,7.045016693381
    ));
#7305 = CARTESIAN_POINT('',(9.203243935551,5.424329431616,7.061427446855
    ));
#7306 = CARTESIAN_POINT('',(9.205453028575,5.427425340037,7.090555705666
    ));
#7307 = CARTESIAN_POINT('',(9.214916998386,5.427978061628,7.132857719408
    ));
#7308 = CARTESIAN_POINT('',(9.254601300005,5.428837862242,7.233642697808
    ));
#7309 = CARTESIAN_POINT('',(9.284791464461,5.429099248448,7.292190994014
    ));
#7310 = CARTESIAN_POINT('',(9.329177750741,5.432035754692,7.354150864733
    ));
#7311 = CARTESIAN_POINT('',(9.388077419032,5.440051163734,7.409801921722
    ));
#7312 = CARTESIAN_POINT('',(9.458457847083,5.452393352366,7.453963713378
    ));
#7313 = CARTESIAN_POINT('',(9.536246876425,5.467159959777,7.484743764111
    ));
#7314 = CARTESIAN_POINT('',(9.618093518513,5.483551795011,7.5));
#7315 = CARTESIAN_POINT('',(9.6999,5.499899999654,7.5));
#7316 = CYLINDRICAL_SURFACE('',#7317,0.4999);
#7317 = AXIS2_PLACEMENT_3D('',#7318,#7319,#7320);
#7318 = CARTESIAN_POINT('',(9.6999,5.999999999654,7.0001));
#7319 = DIRECTION('',(0.,-1.,0.));
#7320 = DIRECTION('',(-1.,0.,0.));
#7321 = ADVANCED_FACE('',(#7322),#7341,.T.);
#7322 = FACE_BOUND('',#7323,.F.);
#7323 = EDGE_LOOP('',(#7324,#7333,#7339,#7340));
#7324 = ORIENTED_EDGE('',*,*,#7325,.T.);
#7325 = EDGE_CURVE('',#4874,#7326,#7328,.T.);
#7326 = VERTEX_POINT('',#7327);
#7327 = CARTESIAN_POINT('',(10.6999,17.499899999866,7.5));
#7328 = ELLIPSE('',#7329,0.70696535983,0.4999);
#7329 = AXIS2_PLACEMENT_3D('',#7330,#7331,#7332);
#7330 = CARTESIAN_POINT('',(10.6999,17.499899999866,7.0001));
#7331 = DIRECTION('',(-0.707106781187,0.707106781187,0.));
#7332 = DIRECTION('',(0.707106781187,0.707106781187,0.));
#7333 = ORIENTED_EDGE('',*,*,#7334,.T.);
#7334 = EDGE_CURVE('',#7326,#7265,#7335,.T.);
#7335 = LINE('',#7336,#7337);
#7336 = CARTESIAN_POINT('',(10.6999,16.999999999866,7.5));
#7337 = VECTOR('',#7338,1.);
#7338 = DIRECTION('',(0.,-1.,0.));
#7339 = ORIENTED_EDGE('',*,*,#7264,.F.);
#7340 = ORIENTED_EDGE('',*,*,#4881,.F.);
#7341 = CYLINDRICAL_SURFACE('',#7342,0.4999);
#7342 = AXIS2_PLACEMENT_3D('',#7343,#7344,#7345);
#7343 = CARTESIAN_POINT('',(10.6999,16.999999999866,7.0001));
#7344 = DIRECTION('',(0.,-1.,0.));
#7345 = DIRECTION('',(-1.,0.,0.));
#7346 = ADVANCED_FACE('',(#7347),#7370,.F.);
#7347 = FACE_BOUND('',#7348,.F.);
#7348 = EDGE_LOOP('',(#7349,#7350,#7351));
#7349 = ORIENTED_EDGE('',*,*,#4899,.T.);
#7350 = ORIENTED_EDGE('',*,*,#7298,.T.);
#7351 = ORIENTED_EDGE('',*,*,#7352,.F.);
#7352 = EDGE_CURVE('',#4900,#7291,#7353,.T.);
#7353 = ( BOUNDED_CURVE() B_SPLINE_CURVE(8,(#7354,#7355,#7356,#7357,
    #7358,#7359,#7360,#7361,#7362,#7363,#7364,#7365,#7366,#7367,#7368,
#7369),.UNSPECIFIED.,.F.,.F.) B_SPLINE_CURVE_WITH_KNOTS((9,7,9),(6.5001,
6.977529218685,7.45495843737),.UNSPECIFIED.) CURVE() 
GEOMETRIC_REPRESENTATION_ITEM() RATIONAL_B_SPLINE_CURVE((1.,1.,1.,1.,1.,
1.,1.,1.,1.,1.,1.,1.,1.,1.,1.,1.)) REPRESENTATION_ITEM('') );
#7354 = CARTESIAN_POINT('',(9.6,4.999999999654,7.0001));
#7355 = CARTESIAN_POINT('',(9.6,4.999999999654,7.009907614667));
#7356 = CARTESIAN_POINT('',(9.602839811128,5.000222150825,7.019782486262
    ));
#7357 = CARTESIAN_POINT('',(9.608724490871,5.000664326824,7.03044894237)
  );
#7358 = CARTESIAN_POINT('',(9.615846129058,5.001407101301,7.045016693381
    ));
#7359 = CARTESIAN_POINT('',(9.624329431962,5.003243935204,7.061427446855
    ));
#7360 = CARTESIAN_POINT('',(9.627425340384,5.005453028229,7.090555705666
    ));
#7361 = CARTESIAN_POINT('',(9.627978061975,5.01491699804,7.132857719407)
  );
#7362 = CARTESIAN_POINT('',(9.628837862588,5.054601299659,7.233642697808
    ));
#7363 = CARTESIAN_POINT('',(9.629099248794,5.084791464115,7.292190994014
    ));
#7364 = CARTESIAN_POINT('',(9.632035755038,5.129177750394,7.354150864733
    ));
#7365 = CARTESIAN_POINT('',(9.64005116408,5.188077418686,7.409801921722)
  );
#7366 = CARTESIAN_POINT('',(9.652393352712,5.258457846736,7.453963713378
    ));
#7367 = CARTESIAN_POINT('',(9.667159960124,5.336246876079,7.484743764111
    ));
#7368 = CARTESIAN_POINT('',(9.683551795358,5.418093518166,7.5));
#7369 = CARTESIAN_POINT('',(9.6999,5.499899999654,7.5));
#7370 = ( BOUNDED_SURFACE() B_SPLINE_SURFACE(2,8,(
    (#7371,#7372,#7373,#7374,#7375,#7376,#7377,#7378,#7379,#7380,#7381
      ,#7382,#7383,#7384,#7385,#7386)
    ,(#7387,#7388,#7389,#7390,#7391,#7392,#7393,#7394,#7395,#7396,#7397
      ,#7398,#7399,#7400,#7401,#7402)
    ,(#7403,#7404,#7405,#7406,#7407,#7408,#7409,#7410,#7411,#7412,#7413
      ,#7414,#7415,#7416,#7417,#7418
)),.UNSPECIFIED.,.F.,.F.,.F.) B_SPLINE_SURFACE_WITH_KNOTS((3,3),(9,7,9),
  (0.,0.95485843737),(6.5001,6.977529218685,7.45495843737),
.UNSPECIFIED.) GEOMETRIC_REPRESENTATION_ITEM() RATIONAL_B_SPLINE_SURFACE
((
    (1.,1.,1.,1.,1.,1.,1.,1.,1.,1.,1.,1.,1.,1.,1.,1.)
    ,(0.707106781187,0.707106781187,0.702567909995,0.692448262626
      ,0.682180618163,0.666736059067,0.665937288614,0.684906951562
      ,0.751410440052,0.799088973871,0.856490193915,0.910356855827
      ,0.953865293504,0.984770033708,1.,1.)
    ,(1.,1.,1.,1.,1.,1.,1.,1.,1.,1.,1.,1.,1.,1.,1.,1.
))) REPRESENTATION_ITEM('') SURFACE() );
#7371 = CARTESIAN_POINT('',(9.6,4.999999999654,7.0001));
#7372 = CARTESIAN_POINT('',(9.6,4.999999999654,7.009907614667));
#7373 = CARTESIAN_POINT('',(9.602839811128,5.000222150825,7.019782486262
    ));
#7374 = CARTESIAN_POINT('',(9.608724490871,5.000664326824,7.03044894237)
  );
#7375 = CARTESIAN_POINT('',(9.615846129058,5.001407101301,7.045016693381
    ));
#7376 = CARTESIAN_POINT('',(9.624329431962,5.003243935204,7.061427446855
    ));
#7377 = CARTESIAN_POINT('',(9.627425340384,5.005453028229,7.090555705666
    ));
#7378 = CARTESIAN_POINT('',(9.627978061975,5.01491699804,7.132857719407)
  );
#7379 = CARTESIAN_POINT('',(9.628837862588,5.054601299659,7.233642697808
    ));
#7380 = CARTESIAN_POINT('',(9.629099248794,5.084791464115,7.292190994014
    ));
#7381 = CARTESIAN_POINT('',(9.632035755038,5.129177750394,7.354150864733
    ));
#7382 = CARTESIAN_POINT('',(9.64005116408,5.188077418686,7.409801921722)
  );
#7383 = CARTESIAN_POINT('',(9.652393352712,5.258457846736,7.453963713378
    ));
#7384 = CARTESIAN_POINT('',(9.667159960124,5.336246876079,7.484743764111
    ));
#7385 = CARTESIAN_POINT('',(9.683551795358,5.418093518166,7.5));
#7386 = CARTESIAN_POINT('',(9.6999,5.499899999654,7.5));
#7387 = CARTESIAN_POINT('',(9.2,4.999999999654,7.0001));
#7388 = CARTESIAN_POINT('',(9.2,4.999999999654,7.049177343065));
#7389 = CARTESIAN_POINT('',(9.202045844608,5.002045844261,7.098861739759
    ));
#7390 = CARTESIAN_POINT('',(9.205822500016,5.005822499669,7.151358404293
    ));
#7391 = CARTESIAN_POINT('',(9.213669250213,5.013669249867,7.206303710558
    ));
#7392 = CARTESIAN_POINT('',(9.224081238491,5.024081238144,7.268408127654
    ));
#7393 = CARTESIAN_POINT('',(9.245360740169,5.045360739823,7.323993846259
    ));
#7394 = CARTESIAN_POINT('',(9.27899779766,5.078997797314,7.368986567836)
  );
#7395 = CARTESIAN_POINT('',(9.360187533174,5.160187532827,7.434906816806
    ));
#7396 = CARTESIAN_POINT('',(9.403702549936,5.203702549589,7.455345030018
    ));
#7397 = CARTESIAN_POINT('',(9.449900593675,5.249900593328,7.46848438649)
  );
#7398 = CARTESIAN_POINT('',(9.498434843476,5.29843484313,7.480404342731)
  );
#7399 = CARTESIAN_POINT('',(9.548999152815,5.348999152468,7.49060391563)
  );
#7400 = CARTESIAN_POINT('',(9.600212187005,5.400212186658,7.496822690572
    ));
#7401 = CARTESIAN_POINT('',(9.650822656935,5.450822656589,7.5));
#7402 = CARTESIAN_POINT('',(9.6999,5.499899999654,7.5));
#7403 = CARTESIAN_POINT('',(9.2,5.399999999654,7.0001));
#7404 = CARTESIAN_POINT('',(9.2,5.399999999654,7.009907614667));
#7405 = CARTESIAN_POINT('',(9.200222151171,5.402839810782,7.019782486262
    ));
#7406 = CARTESIAN_POINT('',(9.200664327171,5.408724490524,7.03044894237)
  );
#7407 = CARTESIAN_POINT('',(9.201407101648,5.415846128712,7.045016693381
    ));
#7408 = CARTESIAN_POINT('',(9.203243935551,5.424329431616,7.061427446855
    ));
#7409 = CARTESIAN_POINT('',(9.205453028575,5.427425340037,7.090555705666
    ));
#7410 = CARTESIAN_POINT('',(9.214916998386,5.427978061628,7.132857719408
    ));
#7411 = CARTESIAN_POINT('',(9.254601300005,5.428837862242,7.233642697808
    ));
#7412 = CARTESIAN_POINT('',(9.284791464461,5.429099248448,7.292190994014
    ));
#7413 = CARTESIAN_POINT('',(9.329177750741,5.432035754692,7.354150864733
    ));
#7414 = CARTESIAN_POINT('',(9.388077419032,5.440051163734,7.409801921722
    ));
#7415 = CARTESIAN_POINT('',(9.458457847083,5.452393352366,7.453963713378
    ));
#7416 = CARTESIAN_POINT('',(9.536246876425,5.467159959777,7.484743764111
    ));
#7417 = CARTESIAN_POINT('',(9.618093518513,5.483551795011,7.5));
#7418 = CARTESIAN_POINT('',(9.6999,5.499899999654,7.5));
#7419 = ADVANCED_FACE('',(#7420),#7451,.T.);
#7420 = FACE_BOUND('',#7421,.F.);
#7421 = EDGE_LOOP('',(#7422,#7423,#7444,#7450));
#7422 = ORIENTED_EDGE('',*,*,#4922,.F.);
#7423 = ORIENTED_EDGE('',*,*,#7424,.T.);
#7424 = EDGE_CURVE('',#4923,#7425,#7427,.T.);
#7425 = VERTEX_POINT('',#7426);
#7426 = CARTESIAN_POINT('',(9.6999,17.499899999866,7.5));
#7427 = ( BOUNDED_CURVE() B_SPLINE_CURVE(8,(#7428,#7429,#7430,#7431,
    #7432,#7433,#7434,#7435,#7436,#7437,#7438,#7439,#7440,#7441,#7442,
#7443),.UNSPECIFIED.,.F.,.F.) B_SPLINE_CURVE_WITH_KNOTS((9,7,9),(6.5001,
6.977529218685,7.45495843737),.UNSPECIFIED.) CURVE() 
GEOMETRIC_REPRESENTATION_ITEM() RATIONAL_B_SPLINE_CURVE((1.,1.,1.,1.,1.,
1.,1.,1.,1.,1.,1.,1.,1.,1.,1.,1.)) REPRESENTATION_ITEM('') );
#7428 = CARTESIAN_POINT('',(9.6,16.999999999866,7.0001));
#7429 = CARTESIAN_POINT('',(9.6,16.999999999866,7.009907614667));
#7430 = CARTESIAN_POINT('',(9.602839811128,17.000222151037,
    7.019782486262));
#7431 = CARTESIAN_POINT('',(9.608724490871,17.000664327037,7.03044894237
    ));
#7432 = CARTESIAN_POINT('',(9.615846129059,17.001407101513,
    7.045016693381));
#7433 = CARTESIAN_POINT('',(9.624329431962,17.003243935416,
    7.061427446855));
#7434 = CARTESIAN_POINT('',(9.627425340384,17.005453028441,
    7.090555705665));
#7435 = CARTESIAN_POINT('',(9.627978061975,17.014916998252,
    7.132857719408));
#7436 = CARTESIAN_POINT('',(9.628837862588,17.054601299871,
    7.233642697808));
#7437 = CARTESIAN_POINT('',(9.629099248794,17.084791464327,
    7.292190994014));
#7438 = CARTESIAN_POINT('',(9.632035755038,17.129177750607,
    7.354150864733));
#7439 = CARTESIAN_POINT('',(9.64005116408,17.188077418898,7.409801921722
    ));
#7440 = CARTESIAN_POINT('',(9.652393352712,17.258457846948,
    7.453963713378));
#7441 = CARTESIAN_POINT('',(9.667159960124,17.336246876291,
    7.484743764111));
#7442 = CARTESIAN_POINT('',(9.683551795358,17.418093518378,7.5));
#7443 = CARTESIAN_POINT('',(9.6999,17.499899999866,7.5));
#7444 = ORIENTED_EDGE('',*,*,#7445,.T.);
#7445 = EDGE_CURVE('',#7425,#7326,#7446,.T.);
#7446 = LINE('',#7447,#7448);
#7447 = CARTESIAN_POINT('',(9.2,17.499899999866,7.5));
#7448 = VECTOR('',#7449,1.);
#7449 = DIRECTION('',(1.,0.,0.));
#7450 = ORIENTED_EDGE('',*,*,#7325,.F.);
#7451 = CYLINDRICAL_SURFACE('',#7452,0.4999);
#7452 = AXIS2_PLACEMENT_3D('',#7453,#7454,#7455);
#7453 = CARTESIAN_POINT('',(9.2,17.499899999866,7.0001));
#7454 = DIRECTION('',(1.,0.,0.));
#7455 = DIRECTION('',(0.,-1.,0.));
#7456 = ADVANCED_FACE('',(#7457),#7476,.T.);
#7457 = FACE_BOUND('',#7458,.F.);
#7458 = EDGE_LOOP('',(#7459,#7460,#7461,#7469));
#7459 = ORIENTED_EDGE('',*,*,#4946,.F.);
#7460 = ORIENTED_EDGE('',*,*,#7352,.T.);
#7461 = ORIENTED_EDGE('',*,*,#7462,.T.);
#7462 = EDGE_CURVE('',#7291,#7463,#7465,.T.);
#7463 = VERTEX_POINT('',#7464);
#7464 = CARTESIAN_POINT('',(10.6999,5.499899999654,7.5));
#7465 = LINE('',#7466,#7467);
#7466 = CARTESIAN_POINT('',(9.2,5.499899999654,7.5));
#7467 = VECTOR('',#7468,1.);
#7468 = DIRECTION('',(1.,0.,0.));
#7469 = ORIENTED_EDGE('',*,*,#7470,.F.);
#7470 = EDGE_CURVE('',#4947,#7463,#7471,.T.);
#7471 = ELLIPSE('',#7472,0.70696535983,0.4999);
#7472 = AXIS2_PLACEMENT_3D('',#7473,#7474,#7475);
#7473 = CARTESIAN_POINT('',(10.6999,5.499899999654,7.0001));
#7474 = DIRECTION('',(-0.707106781187,0.707106781187,0.));
#7475 = DIRECTION('',(0.707106781187,0.707106781187,0.));
#7476 = CYLINDRICAL_SURFACE('',#7477,0.4999);
#7477 = AXIS2_PLACEMENT_3D('',#7478,#7479,#7480);
#7478 = CARTESIAN_POINT('',(9.2,5.499899999654,7.0001));
#7479 = DIRECTION('',(1.,0.,0.));
#7480 = DIRECTION('',(0.,-1.,0.));
#7481 = ADVANCED_FACE('',(#7482),#7505,.F.);
#7482 = FACE_BOUND('',#7483,.F.);
#7483 = EDGE_LOOP('',(#7484,#7485,#7504));
#7484 = ORIENTED_EDGE('',*,*,#4979,.T.);
#7485 = ORIENTED_EDGE('',*,*,#7486,.T.);
#7486 = EDGE_CURVE('',#4972,#7425,#7487,.T.);
#7487 = ( BOUNDED_CURVE() B_SPLINE_CURVE(8,(#7488,#7489,#7490,#7491,
    #7492,#7493,#7494,#7495,#7496,#7497,#7498,#7499,#7500,#7501,#7502,
#7503),.UNSPECIFIED.,.F.,.F.) B_SPLINE_CURVE_WITH_KNOTS((9,7,9),(6.5001,
6.977529218685,7.45495843737),.UNSPECIFIED.) CURVE() 
GEOMETRIC_REPRESENTATION_ITEM() RATIONAL_B_SPLINE_CURVE((1.,1.,1.,1.,1.,
1.,1.,1.,1.,1.,1.,1.,1.,1.,1.,1.)) REPRESENTATION_ITEM('') );
#7488 = CARTESIAN_POINT('',(9.2,17.399999999866,7.0001));
#7489 = CARTESIAN_POINT('',(9.2,17.399999999866,7.009907614667));
#7490 = CARTESIAN_POINT('',(9.200222151171,17.402839810994,
    7.019782486262));
#7491 = CARTESIAN_POINT('',(9.200664327171,17.408724490736,7.03044894237
    ));
#7492 = CARTESIAN_POINT('',(9.201407101648,17.415846128924,
    7.045016693381));
#7493 = CARTESIAN_POINT('',(9.203243935551,17.424329431828,
    7.061427446855));
#7494 = CARTESIAN_POINT('',(9.205453028575,17.42742534025,7.090555705665
    ));
#7495 = CARTESIAN_POINT('',(9.214916998386,17.42797806184,7.132857719408
    ));
#7496 = CARTESIAN_POINT('',(9.254601300005,17.428837862454,
    7.233642697808));
#7497 = CARTESIAN_POINT('',(9.284791464461,17.42909924866,7.292190994014
    ));
#7498 = CARTESIAN_POINT('',(9.329177750741,17.432035754904,
    7.354150864733));
#7499 = CARTESIAN_POINT('',(9.388077419032,17.440051163946,
    7.409801921722));
#7500 = CARTESIAN_POINT('',(9.458457847083,17.452393352578,
    7.453963713378));
#7501 = CARTESIAN_POINT('',(9.536246876425,17.467159959989,
    7.484743764111));
#7502 = CARTESIAN_POINT('',(9.618093518513,17.483551795224,7.5));
#7503 = CARTESIAN_POINT('',(9.6999,17.499899999866,7.5));
#7504 = ORIENTED_EDGE('',*,*,#7424,.F.);
#7505 = ( BOUNDED_SURFACE() B_SPLINE_SURFACE(2,8,(
    (#7506,#7507,#7508,#7509,#7510,#7511,#7512,#7513,#7514,#7515,#7516
      ,#7517,#7518,#7519,#7520,#7521)
    ,(#7522,#7523,#7524,#7525,#7526,#7527,#7528,#7529,#7530,#7531,#7532
      ,#7533,#7534,#7535,#7536,#7537)
    ,(#7538,#7539,#7540,#7541,#7542,#7543,#7544,#7545,#7546,#7547,#7548
      ,#7549,#7550,#7551,#7552,#7553
)),.UNSPECIFIED.,.F.,.F.,.F.) B_SPLINE_SURFACE_WITH_KNOTS((3,3),(9,7,9),
  (0.,0.95485843737),(6.5001,6.977529218685,7.45495843737),
.UNSPECIFIED.) GEOMETRIC_REPRESENTATION_ITEM() RATIONAL_B_SPLINE_SURFACE
((
    (1.,1.,1.,1.,1.,1.,1.,1.,1.,1.,1.,1.,1.,1.,1.,1.)
    ,(0.707106781187,0.707106781187,0.702567909995,0.692448262626
      ,0.682180618163,0.666736059067,0.665937288614,0.684906951562
      ,0.751410440052,0.799088973871,0.856490193915,0.910356855827
      ,0.953865293504,0.984770033708,1.,1.)
    ,(1.,1.,1.,1.,1.,1.,1.,1.,1.,1.,1.,1.,1.,1.,1.,1.
))) REPRESENTATION_ITEM('') SURFACE() );
#7506 = CARTESIAN_POINT('',(9.6,16.999999999866,7.0001));
#7507 = CARTESIAN_POINT('',(9.6,16.999999999866,7.009907614667));
#7508 = CARTESIAN_POINT('',(9.602839811128,17.000222151037,
    7.019782486262));
#7509 = CARTESIAN_POINT('',(9.608724490871,17.000664327037,7.03044894237
    ));
#7510 = CARTESIAN_POINT('',(9.615846129059,17.001407101513,
    7.045016693381));
#7511 = CARTESIAN_POINT('',(9.624329431962,17.003243935416,
    7.061427446855));
#7512 = CARTESIAN_POINT('',(9.627425340384,17.005453028441,
    7.090555705665));
#7513 = CARTESIAN_POINT('',(9.627978061975,17.014916998252,
    7.132857719408));
#7514 = CARTESIAN_POINT('',(9.628837862588,17.054601299871,
    7.233642697808));
#7515 = CARTESIAN_POINT('',(9.629099248794,17.084791464327,
    7.292190994014));
#7516 = CARTESIAN_POINT('',(9.632035755038,17.129177750607,
    7.354150864733));
#7517 = CARTESIAN_POINT('',(9.64005116408,17.188077418898,7.409801921722
    ));
#7518 = CARTESIAN_POINT('',(9.652393352712,17.258457846948,
    7.453963713378));
#7519 = CARTESIAN_POINT('',(9.667159960124,17.336246876291,
    7.484743764111));
#7520 = CARTESIAN_POINT('',(9.683551795358,17.418093518378,7.5));
#7521 = CARTESIAN_POINT('',(9.6999,17.499899999866,7.5));
#7522 = CARTESIAN_POINT('',(9.2,16.999999999866,7.0001));
#7523 = CARTESIAN_POINT('',(9.2,16.999999999866,7.049177343065));
#7524 = CARTESIAN_POINT('',(9.202045844608,17.002045844473,
    7.098861739759));
#7525 = CARTESIAN_POINT('',(9.205822500016,17.005822499882,
    7.151358404293));
#7526 = CARTESIAN_POINT('',(9.213669250213,17.013669250078,
    7.206303710558));
#7527 = CARTESIAN_POINT('',(9.224081238491,17.024081238357,
    7.268408127654));
#7528 = CARTESIAN_POINT('',(9.245360740169,17.045360740035,
    7.323993846259));
#7529 = CARTESIAN_POINT('',(9.27899779766,17.078997797526,7.368986567836
    ));
#7530 = CARTESIAN_POINT('',(9.360187533174,17.160187533039,
    7.434906816806));
#7531 = CARTESIAN_POINT('',(9.403702549936,17.203702549801,
    7.455345030018));
#7532 = CARTESIAN_POINT('',(9.449900593675,17.24990059354,7.46848438649)
  );
#7533 = CARTESIAN_POINT('',(9.498434843476,17.298434843342,
    7.480404342731));
#7534 = CARTESIAN_POINT('',(9.548999152815,17.34899915268,7.49060391563)
  );
#7535 = CARTESIAN_POINT('',(9.600212187005,17.400212186871,
    7.496822690572));
#7536 = CARTESIAN_POINT('',(9.650822656935,17.450822656801,7.5));
#7537 = CARTESIAN_POINT('',(9.6999,17.499899999866,7.5));
#7538 = CARTESIAN_POINT('',(9.2,17.399999999866,7.0001));
#7539 = CARTESIAN_POINT('',(9.2,17.399999999866,7.009907614667));
#7540 = CARTESIAN_POINT('',(9.200222151171,17.402839810994,
    7.019782486262));
#7541 = CARTESIAN_POINT('',(9.200664327171,17.408724490736,7.03044894237
    ));
#7542 = CARTESIAN_POINT('',(9.201407101648,17.415846128924,
    7.045016693381));
#7543 = CARTESIAN_POINT('',(9.203243935551,17.424329431828,
    7.061427446855));
#7544 = CARTESIAN_POINT('',(9.205453028575,17.42742534025,7.090555705665
    ));
#7545 = CARTESIAN_POINT('',(9.214916998386,17.42797806184,7.132857719408
    ));
#7546 = CARTESIAN_POINT('',(9.254601300005,17.428837862454,
    7.233642697808));
#7547 = CARTESIAN_POINT('',(9.284791464461,17.42909924866,7.292190994014
    ));
#7548 = CARTESIAN_POINT('',(9.329177750741,17.432035754904,
    7.354150864733));
#7549 = CARTESIAN_POINT('',(9.388077419032,17.440051163946,
    7.409801921722));
#7550 = CARTESIAN_POINT('',(9.458457847083,17.452393352578,
    7.453963713378));
#7551 = CARTESIAN_POINT('',(9.536246876425,17.467159959989,
    7.484743764111));
#7552 = CARTESIAN_POINT('',(9.618093518513,17.483551795224,7.5));
#7553 = CARTESIAN_POINT('',(9.6999,17.499899999866,7.5));
#7554 = ADVANCED_FACE('',(#7555),#7574,.T.);
#7555 = FACE_BOUND('',#7556,.F.);
#7556 = EDGE_LOOP('',(#7557,#7558,#7566,#7573));
#7557 = ORIENTED_EDGE('',*,*,#7470,.T.);
#7558 = ORIENTED_EDGE('',*,*,#7559,.T.);
#7559 = EDGE_CURVE('',#7463,#7560,#7562,.T.);
#7560 = VERTEX_POINT('',#7561);
#7561 = CARTESIAN_POINT('',(10.6999,3.500099999661,7.5));
#7562 = LINE('',#7563,#7564);
#7563 = CARTESIAN_POINT('',(10.6999,4.999999999654,7.5));
#7564 = VECTOR('',#7565,1.);
#7565 = DIRECTION('',(0.,-1.,0.));
#7566 = ORIENTED_EDGE('',*,*,#7567,.F.);
#7567 = EDGE_CURVE('',#4997,#7560,#7568,.T.);
#7568 = ELLIPSE('',#7569,0.70696535983,0.4999);
#7569 = AXIS2_PLACEMENT_3D('',#7570,#7571,#7572);
#7570 = CARTESIAN_POINT('',(10.6999,3.500099999661,7.0001));
#7571 = DIRECTION('',(0.707106781187,0.707106781187,0.));
#7572 = DIRECTION('',(0.707106781187,-0.707106781187,0.));
#7573 = ORIENTED_EDGE('',*,*,#4996,.F.);
#7574 = CYLINDRICAL_SURFACE('',#7575,0.4999);
#7575 = AXIS2_PLACEMENT_3D('',#7576,#7577,#7578);
#7576 = CARTESIAN_POINT('',(10.6999,4.999999999654,7.0001));
#7577 = DIRECTION('',(0.,-1.,0.));
#7578 = DIRECTION('',(-1.,0.,0.));
#7579 = ADVANCED_FACE('',(#7580),#7611,.T.);
#7580 = FACE_BOUND('',#7581,.F.);
#7581 = EDGE_LOOP('',(#7582,#7583,#7604,#7610));
#7582 = ORIENTED_EDGE('',*,*,#5019,.F.);
#7583 = ORIENTED_EDGE('',*,*,#7584,.T.);
#7584 = EDGE_CURVE('',#5020,#7585,#7587,.T.);
#7585 = VERTEX_POINT('',#7586);
#7586 = CARTESIAN_POINT('',(9.6999,17.500099999908,7.5));
#7587 = ( BOUNDED_CURVE() B_SPLINE_CURVE(8,(#7588,#7589,#7590,#7591,
    #7592,#7593,#7594,#7595,#7596,#7597,#7598,#7599,#7600,#7601,#7602,
#7603),.UNSPECIFIED.,.F.,.F.) B_SPLINE_CURVE_WITH_KNOTS((9,7,9),(6.5001,
6.977529218685,7.45495843737),.UNSPECIFIED.) CURVE() 
GEOMETRIC_REPRESENTATION_ITEM() RATIONAL_B_SPLINE_CURVE((1.,1.,1.,1.,1.,
1.,1.,1.,1.,1.,1.,1.,1.,1.,1.,1.)) REPRESENTATION_ITEM('') );
#7588 = CARTESIAN_POINT('',(9.2,17.599999999908,7.0001));
#7589 = CARTESIAN_POINT('',(9.2,17.599999999908,7.009907614667));
#7590 = CARTESIAN_POINT('',(9.200222151171,17.59716018878,7.019782486262
    ));
#7591 = CARTESIAN_POINT('',(9.200664327171,17.591275509037,7.03044894237
    ));
#7592 = CARTESIAN_POINT('',(9.201407101648,17.58415387085,7.045016693381
    ));
#7593 = CARTESIAN_POINT('',(9.203243935551,17.575670567946,
    7.061427446855));
#7594 = CARTESIAN_POINT('',(9.205453028575,17.572574659524,
    7.090555705666));
#7595 = CARTESIAN_POINT('',(9.214916998386,17.572021937933,
    7.132857719408));
#7596 = CARTESIAN_POINT('',(9.254601300005,17.57116213732,7.233642697808
    ));
#7597 = CARTESIAN_POINT('',(9.284791464461,17.570900751114,
    7.292190994014));
#7598 = CARTESIAN_POINT('',(9.329177750741,17.56796424487,7.354150864733
    ));
#7599 = CARTESIAN_POINT('',(9.388077419032,17.559948835828,
    7.409801921722));
#7600 = CARTESIAN_POINT('',(9.458457847083,17.547606647196,
    7.453963713378));
#7601 = CARTESIAN_POINT('',(9.536246876425,17.532840039784,
    7.484743764111));
#7602 = CARTESIAN_POINT('',(9.618093518513,17.51644820455,7.5));
#7603 = CARTESIAN_POINT('',(9.6999,17.500099999908,7.5));
#7604 = ORIENTED_EDGE('',*,*,#7605,.T.);
#7605 = EDGE_CURVE('',#7585,#7425,#7606,.T.);
#7606 = LINE('',#7607,#7608);
#7607 = CARTESIAN_POINT('',(9.6999,17.999999999908,7.5));
#7608 = VECTOR('',#7609,1.);
#7609 = DIRECTION('',(0.,-1.,0.));
#7610 = ORIENTED_EDGE('',*,*,#7486,.F.);
#7611 = CYLINDRICAL_SURFACE('',#7612,0.4999);
#7612 = AXIS2_PLACEMENT_3D('',#7613,#7614,#7615);
#7613 = CARTESIAN_POINT('',(9.6999,17.999999999908,7.0001));
#7614 = DIRECTION('',(0.,-1.,0.));
#7615 = DIRECTION('',(-1.,0.,0.));
#7616 = ADVANCED_FACE('',(#7617),#7648,.T.);
#7617 = FACE_BOUND('',#7618,.F.);
#7618 = EDGE_LOOP('',(#7619,#7620,#7621,#7629));
#7619 = ORIENTED_EDGE('',*,*,#5043,.F.);
#7620 = ORIENTED_EDGE('',*,*,#7567,.T.);
#7621 = ORIENTED_EDGE('',*,*,#7622,.T.);
#7622 = EDGE_CURVE('',#7560,#7623,#7625,.T.);
#7623 = VERTEX_POINT('',#7624);
#7624 = CARTESIAN_POINT('',(9.6999,3.500099999661,7.5));
#7625 = LINE('',#7626,#7627);
#7626 = CARTESIAN_POINT('',(10.2,3.500099999661,7.5));
#7627 = VECTOR('',#7628,1.);
#7628 = DIRECTION('',(-1.,0.,0.));
#7629 = ORIENTED_EDGE('',*,*,#7630,.F.);
#7630 = EDGE_CURVE('',#5044,#7623,#7631,.T.);
#7631 = ( BOUNDED_CURVE() B_SPLINE_CURVE(8,(#7632,#7633,#7634,#7635,
    #7636,#7637,#7638,#7639,#7640,#7641,#7642,#7643,#7644,#7645,#7646,
#7647),.UNSPECIFIED.,.F.,.F.) B_SPLINE_CURVE_WITH_KNOTS((9,7,9),(6.5001,
6.977529218685,7.45495843737),.UNSPECIFIED.) CURVE() 
GEOMETRIC_REPRESENTATION_ITEM() RATIONAL_B_SPLINE_CURVE((1.,1.,1.,1.,1.,
1.,1.,1.,1.,1.,1.,1.,1.,1.,1.,1.)) REPRESENTATION_ITEM('') );
#7632 = CARTESIAN_POINT('',(9.6,3.999999999661,7.0001));
#7633 = CARTESIAN_POINT('',(9.6,3.999999999661,7.009907614667));
#7634 = CARTESIAN_POINT('',(9.602839811128,3.999777848489,7.019782486262
    ));
#7635 = CARTESIAN_POINT('',(9.608724490871,3.99933567249,7.03044894237)
  );
#7636 = CARTESIAN_POINT('',(9.615846129059,3.998592898013,7.045016693381
    ));
#7637 = CARTESIAN_POINT('',(9.624329431962,3.99675606411,7.061427446855)
  );
#7638 = CARTESIAN_POINT('',(9.627425340384,3.994546971085,7.090555705665
    ));
#7639 = CARTESIAN_POINT('',(9.627978061975,3.985083001274,7.132857719408
    ));
#7640 = CARTESIAN_POINT('',(9.628837862588,3.945398699656,7.233642697808
    ));
#7641 = CARTESIAN_POINT('',(9.629099248794,3.915208535199,7.292190994014
    ));
#7642 = CARTESIAN_POINT('',(9.632035755038,3.87082224892,7.354150864733)
  );
#7643 = CARTESIAN_POINT('',(9.64005116408,3.811922580628,7.409801921722)
  );
#7644 = CARTESIAN_POINT('',(9.652393352712,3.741542152578,7.453963713378
    ));
#7645 = CARTESIAN_POINT('',(9.667159960124,3.663753123236,7.484743764111
    ));
#7646 = CARTESIAN_POINT('',(9.683551795358,3.581906481148,7.5));
#7647 = CARTESIAN_POINT('',(9.6999,3.500099999661,7.5));
#7648 = CYLINDRICAL_SURFACE('',#7649,0.4999);
#7649 = AXIS2_PLACEMENT_3D('',#7650,#7651,#7652);
#7650 = CARTESIAN_POINT('',(10.2,3.500099999661,7.0001));
#7651 = DIRECTION('',(-1.,0.,0.));
#7652 = DIRECTION('',(0.,1.,0.));
#7653 = ADVANCED_FACE('',(#7654),#7677,.F.);
#7654 = FACE_BOUND('',#7655,.F.);
#7655 = EDGE_LOOP('',(#7656,#7657,#7676));
#7656 = ORIENTED_EDGE('',*,*,#5076,.T.);
#7657 = ORIENTED_EDGE('',*,*,#7658,.T.);
#7658 = EDGE_CURVE('',#5069,#7585,#7659,.T.);
#7659 = ( BOUNDED_CURVE() B_SPLINE_CURVE(8,(#7660,#7661,#7662,#7663,
    #7664,#7665,#7666,#7667,#7668,#7669,#7670,#7671,#7672,#7673,#7674,
#7675),.UNSPECIFIED.,.F.,.F.) B_SPLINE_CURVE_WITH_KNOTS((9,7,9),(6.5001,
6.977529218685,7.45495843737),.UNSPECIFIED.) CURVE() 
GEOMETRIC_REPRESENTATION_ITEM() RATIONAL_B_SPLINE_CURVE((1.,1.,1.,1.,1.,
1.,1.,1.,1.,1.,1.,1.,1.,1.,1.,1.)) REPRESENTATION_ITEM('') );
#7660 = CARTESIAN_POINT('',(9.6,17.999999999908,7.0001));
#7661 = CARTESIAN_POINT('',(9.6,17.999999999908,7.009907614667));
#7662 = CARTESIAN_POINT('',(9.602839811128,17.999777848737,
    7.019782486262));
#7663 = CARTESIAN_POINT('',(9.608724490871,17.999335672737,7.03044894237
    ));
#7664 = CARTESIAN_POINT('',(9.615846129059,17.99859289826,7.045016693381
    ));
#7665 = CARTESIAN_POINT('',(9.624329431962,17.996756064357,
    7.061427446855));
#7666 = CARTESIAN_POINT('',(9.627425340384,17.994546971333,
    7.090555705666));
#7667 = CARTESIAN_POINT('',(9.627978061975,17.985083001522,
    7.132857719408));
#7668 = CARTESIAN_POINT('',(9.628837862588,17.945398699903,
    7.233642697808));
#7669 = CARTESIAN_POINT('',(9.629099248794,17.915208535447,
    7.292190994014));
#7670 = CARTESIAN_POINT('',(9.632035755038,17.870822249167,
    7.354150864733));
#7671 = CARTESIAN_POINT('',(9.64005116408,17.811922580876,7.409801921722
    ));
#7672 = CARTESIAN_POINT('',(9.652393352713,17.741542152825,
    7.453963713378));
#7673 = CARTESIAN_POINT('',(9.667159960124,17.663753123483,
    7.484743764111));
#7674 = CARTESIAN_POINT('',(9.683551795358,17.581906481395,7.5));
#7675 = CARTESIAN_POINT('',(9.6999,17.500099999908,7.5));
#7676 = ORIENTED_EDGE('',*,*,#7584,.F.);
#7677 = ( BOUNDED_SURFACE() B_SPLINE_SURFACE(2,8,(
    (#7678,#7679,#7680,#7681,#7682,#7683,#7684,#7685,#7686,#7687,#7688
      ,#7689,#7690,#7691,#7692,#7693)
    ,(#7694,#7695,#7696,#7697,#7698,#7699,#7700,#7701,#7702,#7703,#7704
      ,#7705,#7706,#7707,#7708,#7709)
    ,(#7710,#7711,#7712,#7713,#7714,#7715,#7716,#7717,#7718,#7719,#7720
      ,#7721,#7722,#7723,#7724,#7725
)),.UNSPECIFIED.,.F.,.F.,.F.) B_SPLINE_SURFACE_WITH_KNOTS((3,3),(9,7,9),
  (0.,0.95485843737),(6.5001,6.977529218685,7.45495843737),
.UNSPECIFIED.) GEOMETRIC_REPRESENTATION_ITEM() RATIONAL_B_SPLINE_SURFACE
((
    (1.,1.,1.,1.,1.,1.,1.,1.,1.,1.,1.,1.,1.,1.,1.,1.)
    ,(0.707106781187,0.707106781187,0.702567909995,0.692448262626
      ,0.682180618163,0.666736059067,0.665937288614,0.684906951562
      ,0.751410440052,0.799088973871,0.856490193915,0.910356855827
      ,0.953865293504,0.984770033708,1.,1.)
    ,(1.,1.,1.,1.,1.,1.,1.,1.,1.,1.,1.,1.,1.,1.,1.,1.
))) REPRESENTATION_ITEM('') SURFACE() );
#7678 = CARTESIAN_POINT('',(9.2,17.599999999908,7.0001));
#7679 = CARTESIAN_POINT('',(9.2,17.599999999908,7.009907614667));
#7680 = CARTESIAN_POINT('',(9.200222151171,17.59716018878,7.019782486262
    ));
#7681 = CARTESIAN_POINT('',(9.200664327171,17.591275509037,7.03044894237
    ));
#7682 = CARTESIAN_POINT('',(9.201407101648,17.58415387085,7.045016693381
    ));
#7683 = CARTESIAN_POINT('',(9.203243935551,17.575670567946,
    7.061427446855));
#7684 = CARTESIAN_POINT('',(9.205453028575,17.572574659524,
    7.090555705666));
#7685 = CARTESIAN_POINT('',(9.214916998386,17.572021937933,
    7.132857719408));
#7686 = CARTESIAN_POINT('',(9.254601300005,17.57116213732,7.233642697808
    ));
#7687 = CARTESIAN_POINT('',(9.284791464461,17.570900751114,
    7.292190994014));
#7688 = CARTESIAN_POINT('',(9.329177750741,17.56796424487,7.354150864733
    ));
#7689 = CARTESIAN_POINT('',(9.388077419032,17.559948835828,
    7.409801921722));
#7690 = CARTESIAN_POINT('',(9.458457847083,17.547606647196,
    7.453963713378));
#7691 = CARTESIAN_POINT('',(9.536246876425,17.532840039784,
    7.484743764111));
#7692 = CARTESIAN_POINT('',(9.618093518513,17.51644820455,7.5));
#7693 = CARTESIAN_POINT('',(9.6999,17.500099999908,7.5));
#7694 = CARTESIAN_POINT('',(9.2,17.999999999908,7.0001));
#7695 = CARTESIAN_POINT('',(9.2,17.999999999908,7.049177343065));
#7696 = CARTESIAN_POINT('',(9.202045844608,17.9979541553,7.098861739759)
  );
#7697 = CARTESIAN_POINT('',(9.205822500016,17.994177499892,
    7.151358404293));
#7698 = CARTESIAN_POINT('',(9.213669250213,17.986330749695,
    7.206303710558));
#7699 = CARTESIAN_POINT('',(9.224081238491,17.975918761417,
    7.268408127654));
#7700 = CARTESIAN_POINT('',(9.245360740169,17.954639259739,
    7.323993846259));
#7701 = CARTESIAN_POINT('',(9.27899779766,17.921002202248,7.368986567836
    ));
#7702 = CARTESIAN_POINT('',(9.360187533174,17.839812466734,
    7.434906816806));
#7703 = CARTESIAN_POINT('',(9.403702549935,17.796297449973,
    7.455345030019));
#7704 = CARTESIAN_POINT('',(9.449900593675,17.750099406233,7.46848438649
    ));
#7705 = CARTESIAN_POINT('',(9.498434843476,17.701565156432,
    7.480404342731));
#7706 = CARTESIAN_POINT('',(9.548999152815,17.651000847093,7.49060391563
    ));
#7707 = CARTESIAN_POINT('',(9.600212187005,17.599787812903,
    7.496822690572));
#7708 = CARTESIAN_POINT('',(9.650822656935,17.549177342973,7.5));
#7709 = CARTESIAN_POINT('',(9.6999,17.500099999908,7.5));
#7710 = CARTESIAN_POINT('',(9.6,17.999999999908,7.0001));
#7711 = CARTESIAN_POINT('',(9.6,17.999999999908,7.009907614667));
#7712 = CARTESIAN_POINT('',(9.602839811128,17.999777848737,
    7.019782486262));
#7713 = CARTESIAN_POINT('',(9.608724490871,17.999335672737,7.03044894237
    ));
#7714 = CARTESIAN_POINT('',(9.615846129059,17.99859289826,7.045016693381
    ));
#7715 = CARTESIAN_POINT('',(9.624329431962,17.996756064357,
    7.061427446855));
#7716 = CARTESIAN_POINT('',(9.627425340384,17.994546971333,
    7.090555705666));
#7717 = CARTESIAN_POINT('',(9.627978061975,17.985083001522,
    7.132857719408));
#7718 = CARTESIAN_POINT('',(9.628837862588,17.945398699903,
    7.233642697808));
#7719 = CARTESIAN_POINT('',(9.629099248794,17.915208535447,
    7.292190994014));
#7720 = CARTESIAN_POINT('',(9.632035755038,17.870822249167,
    7.354150864733));
#7721 = CARTESIAN_POINT('',(9.64005116408,17.811922580876,7.409801921722
    ));
#7722 = CARTESIAN_POINT('',(9.652393352713,17.741542152825,
    7.453963713378));
#7723 = CARTESIAN_POINT('',(9.667159960124,17.663753123483,
    7.484743764111));
#7724 = CARTESIAN_POINT('',(9.683551795358,17.581906481395,7.5));
#7725 = CARTESIAN_POINT('',(9.6999,17.500099999908,7.5));
#7726 = ADVANCED_FACE('',(#7727),#7750,.F.);
#7727 = FACE_BOUND('',#7728,.F.);
#7728 = EDGE_LOOP('',(#7729,#7730,#7731));
#7729 = ORIENTED_EDGE('',*,*,#5094,.T.);
#7730 = ORIENTED_EDGE('',*,*,#7630,.T.);
#7731 = ORIENTED_EDGE('',*,*,#7732,.F.);
#7732 = EDGE_CURVE('',#5095,#7623,#7733,.T.);
#7733 = ( BOUNDED_CURVE() B_SPLINE_CURVE(8,(#7734,#7735,#7736,#7737,
    #7738,#7739,#7740,#7741,#7742,#7743,#7744,#7745,#7746,#7747,#7748,
#7749),.UNSPECIFIED.,.F.,.F.) B_SPLINE_CURVE_WITH_KNOTS((9,7,9),(6.5001,
6.977529218685,7.45495843737),.UNSPECIFIED.) CURVE() 
GEOMETRIC_REPRESENTATION_ITEM() RATIONAL_B_SPLINE_CURVE((1.,1.,1.,1.,1.,
1.,1.,1.,1.,1.,1.,1.,1.,1.,1.,1.)) REPRESENTATION_ITEM('') );
#7734 = CARTESIAN_POINT('',(9.2,3.599999999661,7.0001));
#7735 = CARTESIAN_POINT('',(9.2,3.599999999661,7.009907614667));
#7736 = CARTESIAN_POINT('',(9.200222151171,3.597160188532,7.019782486262
    ));
#7737 = CARTESIAN_POINT('',(9.200664327171,3.59127550879,7.03044894237)
  );
#7738 = CARTESIAN_POINT('',(9.201407101648,3.584153870602,7.045016693381
    ));
#7739 = CARTESIAN_POINT('',(9.203243935551,3.575670567699,7.061427446855
    ));
#7740 = CARTESIAN_POINT('',(9.205453028575,3.572574659277,7.090555705665
    ));
#7741 = CARTESIAN_POINT('',(9.214916998386,3.572021937686,7.132857719408
    ));
#7742 = CARTESIAN_POINT('',(9.254601300005,3.571162137072,7.233642697808
    ));
#7743 = CARTESIAN_POINT('',(9.284791464461,3.570900750866,7.292190994014
    ));
#7744 = CARTESIAN_POINT('',(9.329177750741,3.567964244623,7.354150864733
    ));
#7745 = CARTESIAN_POINT('',(9.388077419032,3.55994883558,7.409801921722)
  );
#7746 = CARTESIAN_POINT('',(9.458457847083,3.547606646948,7.453963713378
    ));
#7747 = CARTESIAN_POINT('',(9.536246876425,3.532840039537,7.484743764111
    ));
#7748 = CARTESIAN_POINT('',(9.618093518513,3.516448204303,7.5));
#7749 = CARTESIAN_POINT('',(9.6999,3.500099999661,7.5));
#7750 = ( BOUNDED_SURFACE() B_SPLINE_SURFACE(2,8,(
    (#7751,#7752,#7753,#7754,#7755,#7756,#7757,#7758,#7759,#7760,#7761
      ,#7762,#7763,#7764,#7765,#7766)
    ,(#7767,#7768,#7769,#7770,#7771,#7772,#7773,#7774,#7775,#7776,#7777
      ,#7778,#7779,#7780,#7781,#7782)
    ,(#7783,#7784,#7785,#7786,#7787,#7788,#7789,#7790,#7791,#7792,#7793
      ,#7794,#7795,#7796,#7797,#7798
)),.UNSPECIFIED.,.F.,.F.,.F.) B_SPLINE_SURFACE_WITH_KNOTS((3,3),(9,7,9),
  (0.,0.95485843737),(6.5001,6.977529218685,7.45495843737),
.UNSPECIFIED.) GEOMETRIC_REPRESENTATION_ITEM() RATIONAL_B_SPLINE_SURFACE
((
    (1.,1.,1.,1.,1.,1.,1.,1.,1.,1.,1.,1.,1.,1.,1.,1.)
    ,(0.707106781187,0.707106781187,0.702567909995,0.692448262626
      ,0.682180618163,0.666736059067,0.665937288614,0.684906951562
      ,0.751410440052,0.799088973871,0.856490193915,0.910356855827
      ,0.953865293504,0.984770033708,1.,1.)
    ,(1.,1.,1.,1.,1.,1.,1.,1.,1.,1.,1.,1.,1.,1.,1.,1.
))) REPRESENTATION_ITEM('') SURFACE() );
#7751 = CARTESIAN_POINT('',(9.2,3.599999999661,7.0001));
#7752 = CARTESIAN_POINT('',(9.2,3.599999999661,7.009907614667));
#7753 = CARTESIAN_POINT('',(9.200222151171,3.597160188532,7.019782486262
    ));
#7754 = CARTESIAN_POINT('',(9.200664327171,3.59127550879,7.03044894237)
  );
#7755 = CARTESIAN_POINT('',(9.201407101648,3.584153870602,7.045016693381
    ));
#7756 = CARTESIAN_POINT('',(9.203243935551,3.575670567699,7.061427446855
    ));
#7757 = CARTESIAN_POINT('',(9.205453028575,3.572574659277,7.090555705665
    ));
#7758 = CARTESIAN_POINT('',(9.214916998386,3.572021937686,7.132857719408
    ));
#7759 = CARTESIAN_POINT('',(9.254601300005,3.571162137072,7.233642697808
    ));
#7760 = CARTESIAN_POINT('',(9.284791464461,3.570900750866,7.292190994014
    ));
#7761 = CARTESIAN_POINT('',(9.329177750741,3.567964244623,7.354150864733
    ));
#7762 = CARTESIAN_POINT('',(9.388077419032,3.55994883558,7.409801921722)
  );
#7763 = CARTESIAN_POINT('',(9.458457847083,3.547606646948,7.453963713378
    ));
#7764 = CARTESIAN_POINT('',(9.536246876425,3.532840039537,7.484743764111
    ));
#7765 = CARTESIAN_POINT('',(9.618093518513,3.516448204303,7.5));
#7766 = CARTESIAN_POINT('',(9.6999,3.500099999661,7.5));
#7767 = CARTESIAN_POINT('',(9.2,3.999999999661,7.0001));
#7768 = CARTESIAN_POINT('',(9.2,3.999999999661,7.049177343065));
#7769 = CARTESIAN_POINT('',(9.202045844608,3.997954155053,7.098861739759
    ));
#7770 = CARTESIAN_POINT('',(9.205822500016,3.994177499645,7.151358404293
    ));
#7771 = CARTESIAN_POINT('',(9.213669250213,3.986330749448,7.206303710558
    ));
#7772 = CARTESIAN_POINT('',(9.224081238491,3.97591876117,7.268408127654)
  );
#7773 = CARTESIAN_POINT('',(9.245360740169,3.954639259491,7.323993846259
    ));
#7774 = CARTESIAN_POINT('',(9.27899779766,3.921002202,7.368986567836));
#7775 = CARTESIAN_POINT('',(9.360187533174,3.839812466487,7.434906816806
    ));
#7776 = CARTESIAN_POINT('',(9.403702549935,3.796297449725,7.455345030019
    ));
#7777 = CARTESIAN_POINT('',(9.449900593675,3.750099405986,7.46848438649)
  );
#7778 = CARTESIAN_POINT('',(9.498434843476,3.701565156184,7.480404342731
    ));
#7779 = CARTESIAN_POINT('',(9.548999152815,3.651000846846,7.49060391563)
  );
#7780 = CARTESIAN_POINT('',(9.600212187005,3.599787812656,7.496822690572
    ));
#7781 = CARTESIAN_POINT('',(9.650822656935,3.549177342725,7.5));
#7782 = CARTESIAN_POINT('',(9.6999,3.500099999661,7.5));
#7783 = CARTESIAN_POINT('',(9.6,3.999999999661,7.0001));
#7784 = CARTESIAN_POINT('',(9.6,3.999999999661,7.009907614667));
#7785 = CARTESIAN_POINT('',(9.602839811128,3.999777848489,7.019782486262
    ));
#7786 = CARTESIAN_POINT('',(9.608724490871,3.99933567249,7.03044894237)
  );
#7787 = CARTESIAN_POINT('',(9.615846129059,3.998592898013,7.045016693381
    ));
#7788 = CARTESIAN_POINT('',(9.624329431962,3.99675606411,7.061427446855)
  );
#7789 = CARTESIAN_POINT('',(9.627425340384,3.994546971085,7.090555705665
    ));
#7790 = CARTESIAN_POINT('',(9.627978061975,3.985083001274,7.132857719408
    ));
#7791 = CARTESIAN_POINT('',(9.628837862588,3.945398699656,7.233642697808
    ));
#7792 = CARTESIAN_POINT('',(9.629099248794,3.915208535199,7.292190994014
    ));
#7793 = CARTESIAN_POINT('',(9.632035755038,3.87082224892,7.354150864733)
  );
#7794 = CARTESIAN_POINT('',(9.64005116408,3.811922580628,7.409801921722)
  );
#7795 = CARTESIAN_POINT('',(9.652393352712,3.741542152578,7.453963713378
    ));
#7796 = CARTESIAN_POINT('',(9.667159960124,3.663753123236,7.484743764111
    ));
#7797 = CARTESIAN_POINT('',(9.683551795358,3.581906481148,7.5));
#7798 = CARTESIAN_POINT('',(9.6999,3.500099999661,7.5));
#7799 = ADVANCED_FACE('',(#7800),#7819,.T.);
#7800 = FACE_BOUND('',#7801,.F.);
#7801 = EDGE_LOOP('',(#7802,#7803,#7812,#7818));
#7802 = ORIENTED_EDGE('',*,*,#5117,.F.);
#7803 = ORIENTED_EDGE('',*,*,#7804,.T.);
#7804 = EDGE_CURVE('',#5118,#7805,#7807,.T.);
#7805 = VERTEX_POINT('',#7806);
#7806 = CARTESIAN_POINT('',(10.6999,17.500099999908,7.5));
#7807 = ELLIPSE('',#7808,0.70696535983,0.4999);
#7808 = AXIS2_PLACEMENT_3D('',#7809,#7810,#7811);
#7809 = CARTESIAN_POINT('',(10.6999,17.500099999908,7.0001));
#7810 = DIRECTION('',(0.707106781187,0.707106781187,0.));
#7811 = DIRECTION('',(0.707106781187,-0.707106781187,0.));
#7812 = ORIENTED_EDGE('',*,*,#7813,.T.);
#7813 = EDGE_CURVE('',#7805,#7585,#7814,.T.);
#7814 = LINE('',#7815,#7816);
#7815 = CARTESIAN_POINT('',(10.2,17.500099999908,7.5));
#7816 = VECTOR('',#7817,1.);
#7817 = DIRECTION('',(-1.,0.,0.));
#7818 = ORIENTED_EDGE('',*,*,#7658,.F.);
#7819 = CYLINDRICAL_SURFACE('',#7820,0.4999);
#7820 = AXIS2_PLACEMENT_3D('',#7821,#7822,#7823);
#7821 = CARTESIAN_POINT('',(10.2,17.500099999908,7.0001));
#7822 = DIRECTION('',(-1.,0.,0.));
#7823 = DIRECTION('',(0.,1.,0.));
#7824 = ADVANCED_FACE('',(#7825),#7856,.T.);
#7825 = FACE_BOUND('',#7826,.F.);
#7826 = EDGE_LOOP('',(#7827,#7828,#7829,#7837));
#7827 = ORIENTED_EDGE('',*,*,#5141,.F.);
#7828 = ORIENTED_EDGE('',*,*,#7732,.T.);
#7829 = ORIENTED_EDGE('',*,*,#7830,.T.);
#7830 = EDGE_CURVE('',#7623,#7831,#7833,.T.);
#7831 = VERTEX_POINT('',#7832);
#7832 = CARTESIAN_POINT('',(9.6999,3.499899999661,7.5));
#7833 = LINE('',#7834,#7835);
#7834 = CARTESIAN_POINT('',(9.6999,3.999999999661,7.5));
#7835 = VECTOR('',#7836,1.);
#7836 = DIRECTION('',(0.,-1.,0.));
#7837 = ORIENTED_EDGE('',*,*,#7838,.F.);
#7838 = EDGE_CURVE('',#5142,#7831,#7839,.T.);
#7839 = ( BOUNDED_CURVE() B_SPLINE_CURVE(8,(#7840,#7841,#7842,#7843,
    #7844,#7845,#7846,#7847,#7848,#7849,#7850,#7851,#7852,#7853,#7854,
#7855),.UNSPECIFIED.,.F.,.F.) B_SPLINE_CURVE_WITH_KNOTS((9,7,9),(6.5001,
6.977529218685,7.45495843737),.UNSPECIFIED.) CURVE() 
GEOMETRIC_REPRESENTATION_ITEM() RATIONAL_B_SPLINE_CURVE((1.,1.,1.,1.,1.,
1.,1.,1.,1.,1.,1.,1.,1.,1.,1.,1.)) REPRESENTATION_ITEM('') );
#7840 = CARTESIAN_POINT('',(9.2,3.399999999661,7.0001));
#7841 = CARTESIAN_POINT('',(9.2,3.399999999661,7.009907614667));
#7842 = CARTESIAN_POINT('',(9.200222151171,3.402839810789,7.019782486262
    ));
#7843 = CARTESIAN_POINT('',(9.200664327171,3.408724490531,7.03044894237)
  );
#7844 = CARTESIAN_POINT('',(9.201407101648,3.415846128719,7.045016693381
    ));
#7845 = CARTESIAN_POINT('',(9.203243935551,3.424329431623,7.061427446855
    ));
#7846 = CARTESIAN_POINT('',(9.205453028575,3.427425340044,7.090555705665
    ));
#7847 = CARTESIAN_POINT('',(9.214916998386,3.427978061635,7.132857719408
    ));
#7848 = CARTESIAN_POINT('',(9.254601300005,3.428837862249,7.233642697808
    ));
#7849 = CARTESIAN_POINT('',(9.284791464461,3.429099248455,7.292190994014
    ));
#7850 = CARTESIAN_POINT('',(9.329177750741,3.432035754699,7.354150864733
    ));
#7851 = CARTESIAN_POINT('',(9.388077419032,3.440051163741,7.409801921722
    ));
#7852 = CARTESIAN_POINT('',(9.458457847083,3.452393352373,7.453963713378
    ));
#7853 = CARTESIAN_POINT('',(9.536246876425,3.467159959784,7.484743764111
    ));
#7854 = CARTESIAN_POINT('',(9.618093518513,3.483551795018,7.5));
#7855 = CARTESIAN_POINT('',(9.6999,3.499899999661,7.5));
#7856 = CYLINDRICAL_SURFACE('',#7857,0.4999);
#7857 = AXIS2_PLACEMENT_3D('',#7858,#7859,#7860);
#7858 = CARTESIAN_POINT('',(9.6999,3.999999999661,7.0001));
#7859 = DIRECTION('',(0.,-1.,0.));
#7860 = DIRECTION('',(-1.,0.,0.));
#7861 = ADVANCED_FACE('',(#7862),#7881,.T.);
#7862 = FACE_BOUND('',#7863,.F.);
#7863 = EDGE_LOOP('',(#7864,#7873,#7879,#7880));
#7864 = ORIENTED_EDGE('',*,*,#7865,.T.);
#7865 = EDGE_CURVE('',#5166,#7866,#7868,.T.);
#7866 = VERTEX_POINT('',#7867);
#7867 = CARTESIAN_POINT('',(10.6999,19.499899999958,7.5));
#7868 = ELLIPSE('',#7869,0.70696535983,0.4999);
#7869 = AXIS2_PLACEMENT_3D('',#7870,#7871,#7872);
#7870 = CARTESIAN_POINT('',(10.6999,19.499899999958,7.0001));
#7871 = DIRECTION('',(-0.707106781187,0.707106781187,0.));
#7872 = DIRECTION('',(0.707106781187,0.707106781187,0.));
#7873 = ORIENTED_EDGE('',*,*,#7874,.T.);
#7874 = EDGE_CURVE('',#7866,#7805,#7875,.T.);
#7875 = LINE('',#7876,#7877);
#7876 = CARTESIAN_POINT('',(10.6999,18.999999999958,7.5));
#7877 = VECTOR('',#7878,1.);
#7878 = DIRECTION('',(0.,-1.,0.));
#7879 = ORIENTED_EDGE('',*,*,#7804,.F.);
#7880 = ORIENTED_EDGE('',*,*,#5173,.F.);
#7881 = CYLINDRICAL_SURFACE('',#7882,0.4999);
#7882 = AXIS2_PLACEMENT_3D('',#7883,#7884,#7885);
#7883 = CARTESIAN_POINT('',(10.6999,18.999999999958,7.0001));
#7884 = DIRECTION('',(0.,-1.,0.));
#7885 = DIRECTION('',(-1.,0.,0.));
#7886 = ADVANCED_FACE('',(#7887),#7910,.F.);
#7887 = FACE_BOUND('',#7888,.F.);
#7888 = EDGE_LOOP('',(#7889,#7890,#7891));
#7889 = ORIENTED_EDGE('',*,*,#5191,.T.);
#7890 = ORIENTED_EDGE('',*,*,#7838,.T.);
#7891 = ORIENTED_EDGE('',*,*,#7892,.F.);
#7892 = EDGE_CURVE('',#5192,#7831,#7893,.T.);
#7893 = ( BOUNDED_CURVE() B_SPLINE_CURVE(8,(#7894,#7895,#7896,#7897,
    #7898,#7899,#7900,#7901,#7902,#7903,#7904,#7905,#7906,#7907,#7908,
#7909),.UNSPECIFIED.,.F.,.F.) B_SPLINE_CURVE_WITH_KNOTS((9,7,9),(6.5001,
6.977529218685,7.45495843737),.UNSPECIFIED.) CURVE() 
GEOMETRIC_REPRESENTATION_ITEM() RATIONAL_B_SPLINE_CURVE((1.,1.,1.,1.,1.,
1.,1.,1.,1.,1.,1.,1.,1.,1.,1.,1.)) REPRESENTATION_ITEM('') );
#7894 = CARTESIAN_POINT('',(9.6,2.999999999661,7.0001));
#7895 = CARTESIAN_POINT('',(9.6,2.999999999661,7.009907614667));
#7896 = CARTESIAN_POINT('',(9.602839811128,3.000222150832,7.019782486262
    ));
#7897 = CARTESIAN_POINT('',(9.608724490871,3.000664326832,7.03044894237)
  );
#7898 = CARTESIAN_POINT('',(9.615846129059,3.001407101308,7.045016693381
    ));
#7899 = CARTESIAN_POINT('',(9.624329431962,3.003243935211,7.061427446855
    ));
#7900 = CARTESIAN_POINT('',(9.627425340384,3.005453028236,7.090555705665
    ));
#7901 = CARTESIAN_POINT('',(9.627978061975,3.014916998047,7.132857719408
    ));
#7902 = CARTESIAN_POINT('',(9.628837862588,3.054601299666,7.233642697808
    ));
#7903 = CARTESIAN_POINT('',(9.629099248794,3.084791464122,7.292190994014
    ));
#7904 = CARTESIAN_POINT('',(9.632035755038,3.129177750401,7.354150864733
    ));
#7905 = CARTESIAN_POINT('',(9.64005116408,3.188077418693,7.409801921722)
  );
#7906 = CARTESIAN_POINT('',(9.652393352713,3.258457846743,7.453963713378
    ));
#7907 = CARTESIAN_POINT('',(9.667159960124,3.336246876086,7.484743764111
    ));
#7908 = CARTESIAN_POINT('',(9.683551795358,3.418093518173,7.5));
#7909 = CARTESIAN_POINT('',(9.6999,3.499899999661,7.5));
#7910 = ( BOUNDED_SURFACE() B_SPLINE_SURFACE(2,8,(
    (#7911,#7912,#7913,#7914,#7915,#7916,#7917,#7918,#7919,#7920,#7921
      ,#7922,#7923,#7924,#7925,#7926)
    ,(#7927,#7928,#7929,#7930,#7931,#7932,#7933,#7934,#7935,#7936,#7937
      ,#7938,#7939,#7940,#7941,#7942)
    ,(#7943,#7944,#7945,#7946,#7947,#7948,#7949,#7950,#7951,#7952,#7953
      ,#7954,#7955,#7956,#7957,#7958
)),.UNSPECIFIED.,.F.,.F.,.F.) B_SPLINE_SURFACE_WITH_KNOTS((3,3),(9,7,9),
  (0.,0.95485843737),(6.5001,6.977529218685,7.45495843737),
.UNSPECIFIED.) GEOMETRIC_REPRESENTATION_ITEM() RATIONAL_B_SPLINE_SURFACE
((
    (1.,1.,1.,1.,1.,1.,1.,1.,1.,1.,1.,1.,1.,1.,1.,1.)
    ,(0.707106781187,0.707106781187,0.702567909995,0.692448262626
      ,0.682180618163,0.666736059067,0.665937288614,0.684906951562
      ,0.751410440052,0.799088973871,0.856490193915,0.910356855827
      ,0.953865293504,0.984770033708,1.,1.)
    ,(1.,1.,1.,1.,1.,1.,1.,1.,1.,1.,1.,1.,1.,1.,1.,1.
))) REPRESENTATION_ITEM('') SURFACE() );
#7911 = CARTESIAN_POINT('',(9.6,2.999999999661,7.0001));
#7912 = CARTESIAN_POINT('',(9.6,2.999999999661,7.009907614667));
#7913 = CARTESIAN_POINT('',(9.602839811128,3.000222150832,7.019782486262
    ));
#7914 = CARTESIAN_POINT('',(9.608724490871,3.000664326832,7.03044894237)
  );
#7915 = CARTESIAN_POINT('',(9.615846129059,3.001407101308,7.045016693381
    ));
#7916 = CARTESIAN_POINT('',(9.624329431962,3.003243935211,7.061427446855
    ));
#7917 = CARTESIAN_POINT('',(9.627425340384,3.005453028236,7.090555705665
    ));
#7918 = CARTESIAN_POINT('',(9.627978061975,3.014916998047,7.132857719408
    ));
#7919 = CARTESIAN_POINT('',(9.628837862588,3.054601299666,7.233642697808
    ));
#7920 = CARTESIAN_POINT('',(9.629099248794,3.084791464122,7.292190994014
    ));
#7921 = CARTESIAN_POINT('',(9.632035755038,3.129177750401,7.354150864733
    ));
#7922 = CARTESIAN_POINT('',(9.64005116408,3.188077418693,7.409801921722)
  );
#7923 = CARTESIAN_POINT('',(9.652393352713,3.258457846743,7.453963713378
    ));
#7924 = CARTESIAN_POINT('',(9.667159960124,3.336246876086,7.484743764111
    ));
#7925 = CARTESIAN_POINT('',(9.683551795358,3.418093518173,7.5));
#7926 = CARTESIAN_POINT('',(9.6999,3.499899999661,7.5));
#7927 = CARTESIAN_POINT('',(9.2,2.999999999661,7.0001));
#7928 = CARTESIAN_POINT('',(9.2,2.999999999661,7.049177343065));
#7929 = CARTESIAN_POINT('',(9.202045844608,3.002045844268,7.098861739759
    ));
#7930 = CARTESIAN_POINT('',(9.205822500016,3.005822499677,7.151358404293
    ));
#7931 = CARTESIAN_POINT('',(9.213669250213,3.013669249874,7.206303710558
    ));
#7932 = CARTESIAN_POINT('',(9.224081238491,3.024081238151,7.268408127654
    ));
#7933 = CARTESIAN_POINT('',(9.245360740169,3.04536073983,7.323993846259)
  );
#7934 = CARTESIAN_POINT('',(9.27899779766,3.078997797321,7.368986567836)
  );
#7935 = CARTESIAN_POINT('',(9.360187533174,3.160187532834,7.434906816806
    ));
#7936 = CARTESIAN_POINT('',(9.403702549936,3.203702549596,7.455345030019
    ));
#7937 = CARTESIAN_POINT('',(9.449900593675,3.249900593335,7.46848438649)
  );
#7938 = CARTESIAN_POINT('',(9.498434843476,3.298434843137,7.480404342731
    ));
#7939 = CARTESIAN_POINT('',(9.548999152815,3.348999152475,7.49060391563)
  );
#7940 = CARTESIAN_POINT('',(9.600212187005,3.400212186666,7.496822690572
    ));
#7941 = CARTESIAN_POINT('',(9.650822656935,3.450822656596,7.5));
#7942 = CARTESIAN_POINT('',(9.6999,3.499899999661,7.5));
#7943 = CARTESIAN_POINT('',(9.2,3.399999999661,7.0001));
#7944 = CARTESIAN_POINT('',(9.2,3.399999999661,7.009907614667));
#7945 = CARTESIAN_POINT('',(9.200222151171,3.402839810789,7.019782486262
    ));
#7946 = CARTESIAN_POINT('',(9.200664327171,3.408724490531,7.03044894237)
  );
#7947 = CARTESIAN_POINT('',(9.201407101648,3.415846128719,7.045016693381
    ));
#7948 = CARTESIAN_POINT('',(9.203243935551,3.424329431623,7.061427446855
    ));
#7949 = CARTESIAN_POINT('',(9.205453028575,3.427425340044,7.090555705665
    ));
#7950 = CARTESIAN_POINT('',(9.214916998386,3.427978061635,7.132857719408
    ));
#7951 = CARTESIAN_POINT('',(9.254601300005,3.428837862249,7.233642697808
    ));
#7952 = CARTESIAN_POINT('',(9.284791464461,3.429099248455,7.292190994014
    ));
#7953 = CARTESIAN_POINT('',(9.329177750741,3.432035754699,7.354150864733
    ));
#7954 = CARTESIAN_POINT('',(9.388077419032,3.440051163741,7.409801921722
    ));
#7955 = CARTESIAN_POINT('',(9.458457847083,3.452393352373,7.453963713378
    ));
#7956 = CARTESIAN_POINT('',(9.536246876425,3.467159959784,7.484743764111
    ));
#7957 = CARTESIAN_POINT('',(9.618093518513,3.483551795018,7.5));
#7958 = CARTESIAN_POINT('',(9.6999,3.499899999661,7.5));
#7959 = ADVANCED_FACE('',(#7960),#7991,.T.);
#7960 = FACE_BOUND('',#7961,.F.);
#7961 = EDGE_LOOP('',(#7962,#7963,#7984,#7990));
#7962 = ORIENTED_EDGE('',*,*,#5214,.F.);
#7963 = ORIENTED_EDGE('',*,*,#7964,.T.);
#7964 = EDGE_CURVE('',#5215,#7965,#7967,.T.);
#7965 = VERTEX_POINT('',#7966);
#7966 = CARTESIAN_POINT('',(9.6999,19.499899999958,7.5));
#7967 = ( BOUNDED_CURVE() B_SPLINE_CURVE(8,(#7968,#7969,#7970,#7971,
    #7972,#7973,#7974,#7975,#7976,#7977,#7978,#7979,#7980,#7981,#7982,
#7983),.UNSPECIFIED.,.F.,.F.) B_SPLINE_CURVE_WITH_KNOTS((9,7,9),(6.5001,
6.977529218685,7.45495843737),.UNSPECIFIED.) CURVE() 
GEOMETRIC_REPRESENTATION_ITEM() RATIONAL_B_SPLINE_CURVE((1.,1.,1.,1.,1.,
1.,1.,1.,1.,1.,1.,1.,1.,1.,1.,1.)) REPRESENTATION_ITEM('') );
#7968 = CARTESIAN_POINT('',(9.6,18.999999999958,7.0001));
#7969 = CARTESIAN_POINT('',(9.6,18.999999999958,7.009907614667));
#7970 = CARTESIAN_POINT('',(9.602839811128,19.000222151129,
    7.019782486262));
#7971 = CARTESIAN_POINT('',(9.608724490871,19.000664327129,7.03044894237
    ));
#7972 = CARTESIAN_POINT('',(9.615846129058,19.001407101605,
    7.045016693381));
#7973 = CARTESIAN_POINT('',(9.624329431962,19.003243935508,
    7.061427446855));
#7974 = CARTESIAN_POINT('',(9.627425340384,19.005453028533,
    7.090555705666));
#7975 = CARTESIAN_POINT('',(9.627978061975,19.014916998344,
    7.132857719408));
#7976 = CARTESIAN_POINT('',(9.628837862588,19.054601299963,
    7.233642697808));
#7977 = CARTESIAN_POINT('',(9.629099248794,19.084791464419,
    7.292190994014));
#7978 = CARTESIAN_POINT('',(9.632035755038,19.129177750698,
    7.354150864733));
#7979 = CARTESIAN_POINT('',(9.64005116408,19.18807741899,7.409801921722)
  );
#7980 = CARTESIAN_POINT('',(9.652393352712,19.25845784704,7.453963713378
    ));
#7981 = CARTESIAN_POINT('',(9.667159960124,19.336246876383,
    7.484743764111));
#7982 = CARTESIAN_POINT('',(9.683551795358,19.41809351847,7.5));
#7983 = CARTESIAN_POINT('',(9.6999,19.499899999958,7.5));
#7984 = ORIENTED_EDGE('',*,*,#7985,.T.);
#7985 = EDGE_CURVE('',#7965,#7866,#7986,.T.);
#7986 = LINE('',#7987,#7988);
#7987 = CARTESIAN_POINT('',(9.2,19.499899999958,7.5));
#7988 = VECTOR('',#7989,1.);
#7989 = DIRECTION('',(1.,0.,0.));
#7990 = ORIENTED_EDGE('',*,*,#7865,.F.);
#7991 = CYLINDRICAL_SURFACE('',#7992,0.4999);
#7992 = AXIS2_PLACEMENT_3D('',#7993,#7994,#7995);
#7993 = CARTESIAN_POINT('',(9.2,19.499899999958,7.0001));
#7994 = DIRECTION('',(1.,0.,0.));
#7995 = DIRECTION('',(0.,-1.,0.));
#7996 = ADVANCED_FACE('',(#7997),#8016,.T.);
#7997 = FACE_BOUND('',#7998,.F.);
#7998 = EDGE_LOOP('',(#7999,#8000,#8001,#8009));
#7999 = ORIENTED_EDGE('',*,*,#5238,.F.);
#8000 = ORIENTED_EDGE('',*,*,#7892,.T.);
#8001 = ORIENTED_EDGE('',*,*,#8002,.T.);
#8002 = EDGE_CURVE('',#7831,#8003,#8005,.T.);
#8003 = VERTEX_POINT('',#8004);
#8004 = CARTESIAN_POINT('',(10.6999,3.499899999661,7.5));
#8005 = LINE('',#8006,#8007);
#8006 = CARTESIAN_POINT('',(9.2,3.499899999661,7.5));
#8007 = VECTOR('',#8008,1.);
#8008 = DIRECTION('',(1.,0.,0.));
#8009 = ORIENTED_EDGE('',*,*,#8010,.F.);
#8010 = EDGE_CURVE('',#5239,#8003,#8011,.T.);
#8011 = ELLIPSE('',#8012,0.70696535983,0.4999);
#8012 = AXIS2_PLACEMENT_3D('',#8013,#8014,#8015);
#8013 = CARTESIAN_POINT('',(10.6999,3.499899999661,7.0001));
#8014 = DIRECTION('',(-0.707106781187,0.707106781187,0.));
#8015 = DIRECTION('',(0.707106781187,0.707106781187,0.));
#8016 = CYLINDRICAL_SURFACE('',#8017,0.4999);
#8017 = AXIS2_PLACEMENT_3D('',#8018,#8019,#8020);
#8018 = CARTESIAN_POINT('',(9.2,3.499899999661,7.0001));
#8019 = DIRECTION('',(1.,0.,0.));
#8020 = DIRECTION('',(0.,-1.,0.));
#8021 = ADVANCED_FACE('',(#8022),#8045,.F.);
#8022 = FACE_BOUND('',#8023,.F.);
#8023 = EDGE_LOOP('',(#8024,#8025,#8044));
#8024 = ORIENTED_EDGE('',*,*,#5271,.T.);
#8025 = ORIENTED_EDGE('',*,*,#8026,.T.);
#8026 = EDGE_CURVE('',#5264,#7965,#8027,.T.);
#8027 = ( BOUNDED_CURVE() B_SPLINE_CURVE(8,(#8028,#8029,#8030,#8031,
    #8032,#8033,#8034,#8035,#8036,#8037,#8038,#8039,#8040,#8041,#8042,
#8043),.UNSPECIFIED.,.F.,.F.) B_SPLINE_CURVE_WITH_KNOTS((9,7,9),(6.5001,
6.977529218685,7.45495843737),.UNSPECIFIED.) CURVE() 
GEOMETRIC_REPRESENTATION_ITEM() RATIONAL_B_SPLINE_CURVE((1.,1.,1.,1.,1.,
1.,1.,1.,1.,1.,1.,1.,1.,1.,1.,1.)) REPRESENTATION_ITEM('') );
#8028 = CARTESIAN_POINT('',(9.2,19.399999999958,7.0001));
#8029 = CARTESIAN_POINT('',(9.2,19.399999999958,7.009907614667));
#8030 = CARTESIAN_POINT('',(9.200222151171,19.402839811086,
    7.019782486262));
#8031 = CARTESIAN_POINT('',(9.200664327171,19.408724490828,7.03044894237
    ));
#8032 = CARTESIAN_POINT('',(9.201407101648,19.415846129016,
    7.045016693381));
#8033 = CARTESIAN_POINT('',(9.203243935551,19.42432943192,7.061427446855
    ));
#8034 = CARTESIAN_POINT('',(9.205453028575,19.427425340341,
    7.090555705666));
#8035 = CARTESIAN_POINT('',(9.214916998386,19.427978061932,
    7.132857719408));
#8036 = CARTESIAN_POINT('',(9.254601300005,19.428837862546,
    7.233642697808));
#8037 = CARTESIAN_POINT('',(9.284791464461,19.429099248752,
    7.292190994014));
#8038 = CARTESIAN_POINT('',(9.329177750741,19.432035754996,
    7.354150864733));
#8039 = CARTESIAN_POINT('',(9.388077419032,19.440051164038,
    7.409801921722));
#8040 = CARTESIAN_POINT('',(9.458457847083,19.45239335267,7.453963713378
    ));
#8041 = CARTESIAN_POINT('',(9.536246876425,19.467159960081,
    7.484743764111));
#8042 = CARTESIAN_POINT('',(9.618093518513,19.483551795315,7.5));
#8043 = CARTESIAN_POINT('',(9.6999,19.499899999958,7.5));
#8044 = ORIENTED_EDGE('',*,*,#7964,.F.);
#8045 = ( BOUNDED_SURFACE() B_SPLINE_SURFACE(2,8,(
    (#8046,#8047,#8048,#8049,#8050,#8051,#8052,#8053,#8054,#8055,#8056
      ,#8057,#8058,#8059,#8060,#8061)
    ,(#8062,#8063,#8064,#8065,#8066,#8067,#8068,#8069,#8070,#8071,#8072
      ,#8073,#8074,#8075,#8076,#8077)
    ,(#8078,#8079,#8080,#8081,#8082,#8083,#8084,#8085,#8086,#8087,#8088
      ,#8089,#8090,#8091,#8092,#8093
)),.UNSPECIFIED.,.F.,.F.,.F.) B_SPLINE_SURFACE_WITH_KNOTS((3,3),(9,7,9),
  (0.,0.95485843737),(6.5001,6.977529218685,7.45495843737),
.UNSPECIFIED.) GEOMETRIC_REPRESENTATION_ITEM() RATIONAL_B_SPLINE_SURFACE
((
    (1.,1.,1.,1.,1.,1.,1.,1.,1.,1.,1.,1.,1.,1.,1.,1.)
    ,(0.707106781187,0.707106781187,0.702567909995,0.692448262626
      ,0.682180618163,0.666736059067,0.665937288614,0.684906951562
      ,0.751410440052,0.799088973871,0.856490193915,0.910356855827
      ,0.953865293504,0.984770033708,1.,1.)
    ,(1.,1.,1.,1.,1.,1.,1.,1.,1.,1.,1.,1.,1.,1.,1.,1.
))) REPRESENTATION_ITEM('') SURFACE() );
#8046 = CARTESIAN_POINT('',(9.6,18.999999999958,7.0001));
#8047 = CARTESIAN_POINT('',(9.6,18.999999999958,7.009907614667));
#8048 = CARTESIAN_POINT('',(9.602839811128,19.000222151129,
    7.019782486262));
#8049 = CARTESIAN_POINT('',(9.608724490871,19.000664327129,7.03044894237
    ));
#8050 = CARTESIAN_POINT('',(9.615846129058,19.001407101605,
    7.045016693381));
#8051 = CARTESIAN_POINT('',(9.624329431962,19.003243935508,
    7.061427446855));
#8052 = CARTESIAN_POINT('',(9.627425340384,19.005453028533,
    7.090555705666));
#8053 = CARTESIAN_POINT('',(9.627978061975,19.014916998344,
    7.132857719408));
#8054 = CARTESIAN_POINT('',(9.628837862588,19.054601299963,
    7.233642697808));
#8055 = CARTESIAN_POINT('',(9.629099248794,19.084791464419,
    7.292190994014));
#8056 = CARTESIAN_POINT('',(9.632035755038,19.129177750698,
    7.354150864733));
#8057 = CARTESIAN_POINT('',(9.64005116408,19.18807741899,7.409801921722)
  );
#8058 = CARTESIAN_POINT('',(9.652393352712,19.25845784704,7.453963713378
    ));
#8059 = CARTESIAN_POINT('',(9.667159960124,19.336246876383,
    7.484743764111));
#8060 = CARTESIAN_POINT('',(9.683551795358,19.41809351847,7.5));
#8061 = CARTESIAN_POINT('',(9.6999,19.499899999958,7.5));
#8062 = CARTESIAN_POINT('',(9.2,18.999999999958,7.0001));
#8063 = CARTESIAN_POINT('',(9.2,18.999999999958,7.049177343065));
#8064 = CARTESIAN_POINT('',(9.202045844608,19.002045844565,
    7.098861739759));
#8065 = CARTESIAN_POINT('',(9.205822500016,19.005822499973,
    7.151358404293));
#8066 = CARTESIAN_POINT('',(9.213669250213,19.013669250171,
    7.206303710558));
#8067 = CARTESIAN_POINT('',(9.224081238491,19.024081238448,
    7.268408127654));
#8068 = CARTESIAN_POINT('',(9.245360740169,19.045360740127,
    7.323993846259));
#8069 = CARTESIAN_POINT('',(9.27899779766,19.078997797618,7.368986567836
    ));
#8070 = CARTESIAN_POINT('',(9.360187533174,19.160187533131,
    7.434906816806));
#8071 = CARTESIAN_POINT('',(9.403702549936,19.203702549893,
    7.455345030018));
#8072 = CARTESIAN_POINT('',(9.449900593675,19.249900593632,7.46848438649
    ));
#8073 = CARTESIAN_POINT('',(9.498434843476,19.298434843434,
    7.480404342731));
#8074 = CARTESIAN_POINT('',(9.548999152815,19.348999152772,7.49060391563
    ));
#8075 = CARTESIAN_POINT('',(9.600212187005,19.400212186963,
    7.496822690572));
#8076 = CARTESIAN_POINT('',(9.650822656935,19.450822656893,7.5));
#8077 = CARTESIAN_POINT('',(9.6999,19.499899999958,7.5));
#8078 = CARTESIAN_POINT('',(9.2,19.399999999958,7.0001));
#8079 = CARTESIAN_POINT('',(9.2,19.399999999958,7.009907614667));
#8080 = CARTESIAN_POINT('',(9.200222151171,19.402839811086,
    7.019782486262));
#8081 = CARTESIAN_POINT('',(9.200664327171,19.408724490828,7.03044894237
    ));
#8082 = CARTESIAN_POINT('',(9.201407101648,19.415846129016,
    7.045016693381));
#8083 = CARTESIAN_POINT('',(9.203243935551,19.42432943192,7.061427446855
    ));
#8084 = CARTESIAN_POINT('',(9.205453028575,19.427425340341,
    7.090555705666));
#8085 = CARTESIAN_POINT('',(9.214916998386,19.427978061932,
    7.132857719408));
#8086 = CARTESIAN_POINT('',(9.254601300005,19.428837862546,
    7.233642697808));
#8087 = CARTESIAN_POINT('',(9.284791464461,19.429099248752,
    7.292190994014));
#8088 = CARTESIAN_POINT('',(9.329177750741,19.432035754996,
    7.354150864733));
#8089 = CARTESIAN_POINT('',(9.388077419032,19.440051164038,
    7.409801921722));
#8090 = CARTESIAN_POINT('',(9.458457847083,19.45239335267,7.453963713378
    ));
#8091 = CARTESIAN_POINT('',(9.536246876425,19.467159960081,
    7.484743764111));
#8092 = CARTESIAN_POINT('',(9.618093518513,19.483551795315,7.5));
#8093 = CARTESIAN_POINT('',(9.6999,19.499899999958,7.5));
#8094 = ADVANCED_FACE('',(#8095),#8114,.T.);
#8095 = FACE_BOUND('',#8096,.F.);
#8096 = EDGE_LOOP('',(#8097,#8098,#8106,#8113));
#8097 = ORIENTED_EDGE('',*,*,#8010,.T.);
#8098 = ORIENTED_EDGE('',*,*,#8099,.T.);
#8099 = EDGE_CURVE('',#8003,#8100,#8102,.T.);
#8100 = VERTEX_POINT('',#8101);
#8101 = CARTESIAN_POINT('',(10.6999,1.500099999668,7.5));
#8102 = LINE('',#8103,#8104);
#8103 = CARTESIAN_POINT('',(10.6999,2.999999999661,7.5));
#8104 = VECTOR('',#8105,1.);
#8105 = DIRECTION('',(0.,-1.,0.));
#8106 = ORIENTED_EDGE('',*,*,#8107,.F.);
#8107 = EDGE_CURVE('',#5289,#8100,#8108,.T.);
#8108 = ELLIPSE('',#8109,0.70696535983,0.4999);
#8109 = AXIS2_PLACEMENT_3D('',#8110,#8111,#8112);
#8110 = CARTESIAN_POINT('',(10.6999,1.500099999668,7.0001));
#8111 = DIRECTION('',(0.707106781187,0.707106781187,0.));
#8112 = DIRECTION('',(0.707106781187,-0.707106781187,0.));
#8113 = ORIENTED_EDGE('',*,*,#5288,.F.);
#8114 = CYLINDRICAL_SURFACE('',#8115,0.4999);
#8115 = AXIS2_PLACEMENT_3D('',#8116,#8117,#8118);
#8116 = CARTESIAN_POINT('',(10.6999,2.999999999661,7.0001));
#8117 = DIRECTION('',(0.,-1.,0.));
#8118 = DIRECTION('',(-1.,0.,0.));
#8119 = ADVANCED_FACE('',(#8120),#8151,.T.);
#8120 = FACE_BOUND('',#8121,.F.);
#8121 = EDGE_LOOP('',(#8122,#8123,#8144,#8150));
#8122 = ORIENTED_EDGE('',*,*,#5311,.F.);
#8123 = ORIENTED_EDGE('',*,*,#8124,.T.);
#8124 = EDGE_CURVE('',#5312,#8125,#8127,.T.);
#8125 = VERTEX_POINT('',#8126);
#8126 = CARTESIAN_POINT('',(9.6999,19.5001,7.5));
#8127 = ( BOUNDED_CURVE() B_SPLINE_CURVE(8,(#8128,#8129,#8130,#8131,
    #8132,#8133,#8134,#8135,#8136,#8137,#8138,#8139,#8140,#8141,#8142,
#8143),.UNSPECIFIED.,.F.,.F.) B_SPLINE_CURVE_WITH_KNOTS((9,7,9),(6.5001,
6.977529218685,7.45495843737),.UNSPECIFIED.) CURVE() 
GEOMETRIC_REPRESENTATION_ITEM() RATIONAL_B_SPLINE_CURVE((1.,1.,1.,1.,1.,
1.,1.,1.,1.,1.,1.,1.,1.,1.,1.,1.)) REPRESENTATION_ITEM('') );
#8128 = CARTESIAN_POINT('',(9.2,19.6,7.0001));
#8129 = CARTESIAN_POINT('',(9.2,19.6,7.009907614667));
#8130 = CARTESIAN_POINT('',(9.200222151171,19.597160188872,
    7.019782486262));
#8131 = CARTESIAN_POINT('',(9.200664327171,19.591275509129,7.03044894237
    ));
#8132 = CARTESIAN_POINT('',(9.201407101648,19.584153870942,
    7.045016693381));
#8133 = CARTESIAN_POINT('',(9.203243935551,19.575670568038,
    7.061427446855));
#8134 = CARTESIAN_POINT('',(9.205453028575,19.572574659616,
    7.090555705665));
#8135 = CARTESIAN_POINT('',(9.214916998386,19.572021938025,
    7.132857719407));
#8136 = CARTESIAN_POINT('',(9.254601300005,19.571162137412,
    7.233642697808));
#8137 = CARTESIAN_POINT('',(9.284791464461,19.570900751206,
    7.292190994014));
#8138 = CARTESIAN_POINT('',(9.329177750741,19.567964244962,
    7.354150864733));
#8139 = CARTESIAN_POINT('',(9.388077419032,19.55994883592,7.409801921722
    ));
#8140 = CARTESIAN_POINT('',(9.458457847083,19.547606647287,
    7.453963713378));
#8141 = CARTESIAN_POINT('',(9.536246876425,19.532840039876,
    7.484743764111));
#8142 = CARTESIAN_POINT('',(9.618093518513,19.516448204642,7.5));
#8143 = CARTESIAN_POINT('',(9.6999,19.5001,7.5));
#8144 = ORIENTED_EDGE('',*,*,#8145,.T.);
#8145 = EDGE_CURVE('',#8125,#7965,#8146,.T.);
#8146 = LINE('',#8147,#8148);
#8147 = CARTESIAN_POINT('',(9.6999,20.,7.5));
#8148 = VECTOR('',#8149,1.);
#8149 = DIRECTION('',(0.,-1.,0.));
#8150 = ORIENTED_EDGE('',*,*,#8026,.F.);
#8151 = CYLINDRICAL_SURFACE('',#8152,0.4999);
#8152 = AXIS2_PLACEMENT_3D('',#8153,#8154,#8155);
#8153 = CARTESIAN_POINT('',(9.6999,20.,7.0001));
#8154 = DIRECTION('',(0.,-1.,0.));
#8155 = DIRECTION('',(-1.,0.,0.));
#8156 = ADVANCED_FACE('',(#8157),#8188,.T.);
#8157 = FACE_BOUND('',#8158,.F.);
#8158 = EDGE_LOOP('',(#8159,#8160,#8161,#8169));
#8159 = ORIENTED_EDGE('',*,*,#5335,.F.);
#8160 = ORIENTED_EDGE('',*,*,#8107,.T.);
#8161 = ORIENTED_EDGE('',*,*,#8162,.T.);
#8162 = EDGE_CURVE('',#8100,#8163,#8165,.T.);
#8163 = VERTEX_POINT('',#8164);
#8164 = CARTESIAN_POINT('',(9.6999,1.500099999668,7.5));
#8165 = LINE('',#8166,#8167);
#8166 = CARTESIAN_POINT('',(10.2,1.500099999668,7.5));
#8167 = VECTOR('',#8168,1.);
#8168 = DIRECTION('',(-1.,0.,0.));
#8169 = ORIENTED_EDGE('',*,*,#8170,.F.);
#8170 = EDGE_CURVE('',#5336,#8163,#8171,.T.);
#8171 = ( BOUNDED_CURVE() B_SPLINE_CURVE(8,(#8172,#8173,#8174,#8175,
    #8176,#8177,#8178,#8179,#8180,#8181,#8182,#8183,#8184,#8185,#8186,
#8187),.UNSPECIFIED.,.F.,.F.) B_SPLINE_CURVE_WITH_KNOTS((9,7,9),(6.5001,
6.977529218685,7.45495843737),.UNSPECIFIED.) CURVE() 
GEOMETRIC_REPRESENTATION_ITEM() RATIONAL_B_SPLINE_CURVE((1.,1.,1.,1.,1.,
1.,1.,1.,1.,1.,1.,1.,1.,1.,1.,1.)) REPRESENTATION_ITEM('') );
#8172 = CARTESIAN_POINT('',(9.6,1.999999999668,7.0001));
#8173 = CARTESIAN_POINT('',(9.6,1.999999999668,7.009907614667));
#8174 = CARTESIAN_POINT('',(9.602839811128,1.999777848496,7.019782486262
    ));
#8175 = CARTESIAN_POINT('',(9.608724490871,1.999335672497,7.03044894237)
  );
#8176 = CARTESIAN_POINT('',(9.615846129059,1.99859289802,7.045016693381)
  );
#8177 = CARTESIAN_POINT('',(9.624329431962,1.996756064117,7.061427446855
    ));
#8178 = CARTESIAN_POINT('',(9.627425340384,1.994546971092,7.090555705665
    ));
#8179 = CARTESIAN_POINT('',(9.627978061975,1.985083001281,7.132857719408
    ));
#8180 = CARTESIAN_POINT('',(9.628837862588,1.945398699663,7.233642697808
    ));
#8181 = CARTESIAN_POINT('',(9.629099248794,1.915208535206,7.292190994014
    ));
#8182 = CARTESIAN_POINT('',(9.632035755038,1.870822248927,7.354150864733
    ));
#8183 = CARTESIAN_POINT('',(9.64005116408,1.811922580635,7.409801921722)
  );
#8184 = CARTESIAN_POINT('',(9.652393352713,1.741542152585,7.453963713378
    ));
#8185 = CARTESIAN_POINT('',(9.667159960124,1.663753123243,7.484743764111
    ));
#8186 = CARTESIAN_POINT('',(9.683551795358,1.581906481155,7.5));
#8187 = CARTESIAN_POINT('',(9.6999,1.500099999668,7.5));
#8188 = CYLINDRICAL_SURFACE('',#8189,0.4999);
#8189 = AXIS2_PLACEMENT_3D('',#8190,#8191,#8192);
#8190 = CARTESIAN_POINT('',(10.2,1.500099999668,7.0001));
#8191 = DIRECTION('',(-1.,0.,0.));
#8192 = DIRECTION('',(0.,1.,0.));
#8193 = ADVANCED_FACE('',(#8194),#8217,.F.);
#8194 = FACE_BOUND('',#8195,.F.);
#8195 = EDGE_LOOP('',(#8196,#8197,#8216));
#8196 = ORIENTED_EDGE('',*,*,#5368,.T.);
#8197 = ORIENTED_EDGE('',*,*,#8198,.T.);
#8198 = EDGE_CURVE('',#5361,#8125,#8199,.T.);
#8199 = ( BOUNDED_CURVE() B_SPLINE_CURVE(8,(#8200,#8201,#8202,#8203,
    #8204,#8205,#8206,#8207,#8208,#8209,#8210,#8211,#8212,#8213,#8214,
#8215),.UNSPECIFIED.,.F.,.F.) B_SPLINE_CURVE_WITH_KNOTS((9,7,9),(6.5001,
6.977529218685,7.45495843737),.UNSPECIFIED.) CURVE() 
GEOMETRIC_REPRESENTATION_ITEM() RATIONAL_B_SPLINE_CURVE((1.,1.,1.,1.,1.,
1.,1.,1.,1.,1.,1.,1.,1.,1.,1.,1.)) REPRESENTATION_ITEM('') );
#8200 = CARTESIAN_POINT('',(9.6,20.,7.0001));
#8201 = CARTESIAN_POINT('',(9.6,20.,7.009907614667));
#8202 = CARTESIAN_POINT('',(9.602839811128,19.999777848829,
    7.019782486262));
#8203 = CARTESIAN_POINT('',(9.608724490871,19.999335672829,7.03044894237
    ));
#8204 = CARTESIAN_POINT('',(9.615846129059,19.998592898352,
    7.045016693381));
#8205 = CARTESIAN_POINT('',(9.624329431962,19.996756064449,
    7.061427446855));
#8206 = CARTESIAN_POINT('',(9.627425340384,19.994546971425,
    7.090555705665));
#8207 = CARTESIAN_POINT('',(9.627978061975,19.985083001614,
    7.132857719407));
#8208 = CARTESIAN_POINT('',(9.628837862588,19.945398699995,
    7.233642697808));
#8209 = CARTESIAN_POINT('',(9.629099248794,19.915208535539,
    7.292190994014));
#8210 = CARTESIAN_POINT('',(9.632035755038,19.870822249259,
    7.354150864733));
#8211 = CARTESIAN_POINT('',(9.64005116408,19.811922580968,7.409801921722
    ));
#8212 = CARTESIAN_POINT('',(9.652393352712,19.741542152917,
    7.453963713378));
#8213 = CARTESIAN_POINT('',(9.667159960124,19.663753123575,
    7.484743764111));
#8214 = CARTESIAN_POINT('',(9.683551795358,19.581906481487,7.5));
#8215 = CARTESIAN_POINT('',(9.6999,19.5001,7.5));
#8216 = ORIENTED_EDGE('',*,*,#8124,.F.);
#8217 = ( BOUNDED_SURFACE() B_SPLINE_SURFACE(2,8,(
    (#8218,#8219,#8220,#8221,#8222,#8223,#8224,#8225,#8226,#8227,#8228
      ,#8229,#8230,#8231,#8232,#8233)
    ,(#8234,#8235,#8236,#8237,#8238,#8239,#8240,#8241,#8242,#8243,#8244
      ,#8245,#8246,#8247,#8248,#8249)
    ,(#8250,#8251,#8252,#8253,#8254,#8255,#8256,#8257,#8258,#8259,#8260
      ,#8261,#8262,#8263,#8264,#8265
)),.UNSPECIFIED.,.F.,.F.,.F.) B_SPLINE_SURFACE_WITH_KNOTS((3,3),(9,7,9),
  (0.,0.95485843737),(6.5001,6.977529218685,7.45495843737),
.UNSPECIFIED.) GEOMETRIC_REPRESENTATION_ITEM() RATIONAL_B_SPLINE_SURFACE
((
    (1.,1.,1.,1.,1.,1.,1.,1.,1.,1.,1.,1.,1.,1.,1.,1.)
    ,(0.707106781187,0.707106781187,0.702567909995,0.692448262626
      ,0.682180618163,0.666736059067,0.665937288614,0.684906951562
      ,0.751410440052,0.799088973871,0.856490193915,0.910356855827
      ,0.953865293504,0.984770033708,1.,1.)
    ,(1.,1.,1.,1.,1.,1.,1.,1.,1.,1.,1.,1.,1.,1.,1.,1.
))) REPRESENTATION_ITEM('') SURFACE() );
#8218 = CARTESIAN_POINT('',(9.2,19.6,7.0001));
#8219 = CARTESIAN_POINT('',(9.2,19.6,7.009907614667));
#8220 = CARTESIAN_POINT('',(9.200222151171,19.597160188872,
    7.019782486262));
#8221 = CARTESIAN_POINT('',(9.200664327171,19.591275509129,7.03044894237
    ));
#8222 = CARTESIAN_POINT('',(9.201407101648,19.584153870942,
    7.045016693381));
#8223 = CARTESIAN_POINT('',(9.203243935551,19.575670568038,
    7.061427446855));
#8224 = CARTESIAN_POINT('',(9.205453028575,19.572574659616,
    7.090555705665));
#8225 = CARTESIAN_POINT('',(9.214916998386,19.572021938025,
    7.132857719407));
#8226 = CARTESIAN_POINT('',(9.254601300005,19.571162137412,
    7.233642697808));
#8227 = CARTESIAN_POINT('',(9.284791464461,19.570900751206,
    7.292190994014));
#8228 = CARTESIAN_POINT('',(9.329177750741,19.567964244962,
    7.354150864733));
#8229 = CARTESIAN_POINT('',(9.388077419032,19.55994883592,7.409801921722
    ));
#8230 = CARTESIAN_POINT('',(9.458457847083,19.547606647287,
    7.453963713378));
#8231 = CARTESIAN_POINT('',(9.536246876425,19.532840039876,
    7.484743764111));
#8232 = CARTESIAN_POINT('',(9.618093518513,19.516448204642,7.5));
#8233 = CARTESIAN_POINT('',(9.6999,19.5001,7.5));
#8234 = CARTESIAN_POINT('',(9.2,20.,7.0001));
#8235 = CARTESIAN_POINT('',(9.2,20.,7.049177343065));
#8236 = CARTESIAN_POINT('',(9.202045844608,19.997954155392,
    7.098861739759));
#8237 = CARTESIAN_POINT('',(9.205822500016,19.994177499984,
    7.151358404293));
#8238 = CARTESIAN_POINT('',(9.213669250213,19.986330749787,
    7.206303710558));
#8239 = CARTESIAN_POINT('',(9.224081238491,19.975918761509,
    7.268408127654));
#8240 = CARTESIAN_POINT('',(9.245360740169,19.954639259831,
    7.323993846259));
#8241 = CARTESIAN_POINT('',(9.27899779766,19.92100220234,7.368986567836)
  );
#8242 = CARTESIAN_POINT('',(9.360187533174,19.839812466826,
    7.434906816806));
#8243 = CARTESIAN_POINT('',(9.403702549935,19.796297450064,
    7.455345030018));
#8244 = CARTESIAN_POINT('',(9.449900593675,19.750099406325,7.46848438649
    ));
#8245 = CARTESIAN_POINT('',(9.498434843476,19.701565156524,
    7.480404342731));
#8246 = CARTESIAN_POINT('',(9.548999152815,19.651000847185,7.49060391563
    ));
#8247 = CARTESIAN_POINT('',(9.600212187005,19.599787812995,
    7.496822690572));
#8248 = CARTESIAN_POINT('',(9.650822656935,19.549177343065,7.5));
#8249 = CARTESIAN_POINT('',(9.6999,19.5001,7.5));
#8250 = CARTESIAN_POINT('',(9.6,20.,7.0001));
#8251 = CARTESIAN_POINT('',(9.6,20.,7.009907614667));
#8252 = CARTESIAN_POINT('',(9.602839811128,19.999777848829,
    7.019782486262));
#8253 = CARTESIAN_POINT('',(9.608724490871,19.999335672829,7.03044894237
    ));
#8254 = CARTESIAN_POINT('',(9.615846129059,19.998592898352,
    7.045016693381));
#8255 = CARTESIAN_POINT('',(9.624329431962,19.996756064449,
    7.061427446855));
#8256 = CARTESIAN_POINT('',(9.627425340384,19.994546971425,
    7.090555705665));
#8257 = CARTESIAN_POINT('',(9.627978061975,19.985083001614,
    7.132857719407));
#8258 = CARTESIAN_POINT('',(9.628837862588,19.945398699995,
    7.233642697808));
#8259 = CARTESIAN_POINT('',(9.629099248794,19.915208535539,
    7.292190994014));
#8260 = CARTESIAN_POINT('',(9.632035755038,19.870822249259,
    7.354150864733));
#8261 = CARTESIAN_POINT('',(9.64005116408,19.811922580968,7.409801921722
    ));
#8262 = CARTESIAN_POINT('',(9.652393352712,19.741542152917,
    7.453963713378));
#8263 = CARTESIAN_POINT('',(9.667159960124,19.663753123575,
    7.484743764111));
#8264 = CARTESIAN_POINT('',(9.683551795358,19.581906481487,7.5));
#8265 = CARTESIAN_POINT('',(9.6999,19.5001,7.5));
#8266 = ADVANCED_FACE('',(#8267),#8290,.F.);
#8267 = FACE_BOUND('',#8268,.F.);
#8268 = EDGE_LOOP('',(#8269,#8270,#8271));
#8269 = ORIENTED_EDGE('',*,*,#5386,.T.);
#8270 = ORIENTED_EDGE('',*,*,#8170,.T.);
#8271 = ORIENTED_EDGE('',*,*,#8272,.F.);
#8272 = EDGE_CURVE('',#5387,#8163,#8273,.T.);
#8273 = ( BOUNDED_CURVE() B_SPLINE_CURVE(8,(#8274,#8275,#8276,#8277,
    #8278,#8279,#8280,#8281,#8282,#8283,#8284,#8285,#8286,#8287,#8288,
#8289),.UNSPECIFIED.,.F.,.F.) B_SPLINE_CURVE_WITH_KNOTS((9,7,9),(6.5001,
6.977529218685,7.45495843737),.UNSPECIFIED.) CURVE() 
GEOMETRIC_REPRESENTATION_ITEM() RATIONAL_B_SPLINE_CURVE((1.,1.,1.,1.,1.,
1.,1.,1.,1.,1.,1.,1.,1.,1.,1.,1.)) REPRESENTATION_ITEM('') );
#8274 = CARTESIAN_POINT('',(9.2,1.599999999668,7.0001));
#8275 = CARTESIAN_POINT('',(9.2,1.599999999668,7.009907614667));
#8276 = CARTESIAN_POINT('',(9.200222151171,1.597160188539,7.019782486262
    ));
#8277 = CARTESIAN_POINT('',(9.200664327171,1.591275508797,7.03044894237)
  );
#8278 = CARTESIAN_POINT('',(9.201407101648,1.584153870609,7.045016693381
    ));
#8279 = CARTESIAN_POINT('',(9.203243935551,1.575670567706,7.061427446855
    ));
#8280 = CARTESIAN_POINT('',(9.205453028575,1.572574659284,7.090555705665
    ));
#8281 = CARTESIAN_POINT('',(9.214916998386,1.572021937693,7.132857719408
    ));
#8282 = CARTESIAN_POINT('',(9.254601300005,1.571162137079,7.233642697808
    ));
#8283 = CARTESIAN_POINT('',(9.284791464461,1.570900750873,7.292190994014
    ));
#8284 = CARTESIAN_POINT('',(9.329177750741,1.56796424463,7.354150864733)
  );
#8285 = CARTESIAN_POINT('',(9.388077419032,1.559948835587,7.409801921722
    ));
#8286 = CARTESIAN_POINT('',(9.458457847083,1.547606646955,7.453963713378
    ));
#8287 = CARTESIAN_POINT('',(9.536246876425,1.532840039544,7.484743764111
    ));
#8288 = CARTESIAN_POINT('',(9.618093518513,1.51644820431,7.5));
#8289 = CARTESIAN_POINT('',(9.6999,1.500099999668,7.5));
#8290 = ( BOUNDED_SURFACE() B_SPLINE_SURFACE(2,8,(
    (#8291,#8292,#8293,#8294,#8295,#8296,#8297,#8298,#8299,#8300,#8301
      ,#8302,#8303,#8304,#8305,#8306)
    ,(#8307,#8308,#8309,#8310,#8311,#8312,#8313,#8314,#8315,#8316,#8317
      ,#8318,#8319,#8320,#8321,#8322)
    ,(#8323,#8324,#8325,#8326,#8327,#8328,#8329,#8330,#8331,#8332,#8333
      ,#8334,#8335,#8336,#8337,#8338
)),.UNSPECIFIED.,.F.,.F.,.F.) B_SPLINE_SURFACE_WITH_KNOTS((3,3),(9,7,9),
  (0.,0.95485843737),(6.5001,6.977529218685,7.45495843737),
.UNSPECIFIED.) GEOMETRIC_REPRESENTATION_ITEM() RATIONAL_B_SPLINE_SURFACE
((
    (1.,1.,1.,1.,1.,1.,1.,1.,1.,1.,1.,1.,1.,1.,1.,1.)
    ,(0.707106781187,0.707106781187,0.702567909995,0.692448262626
      ,0.682180618163,0.666736059067,0.665937288614,0.684906951562
      ,0.751410440052,0.799088973871,0.856490193915,0.910356855827
      ,0.953865293504,0.984770033708,1.,1.)
    ,(1.,1.,1.,1.,1.,1.,1.,1.,1.,1.,1.,1.,1.,1.,1.,1.
))) REPRESENTATION_ITEM('') SURFACE() );
#8291 = CARTESIAN_POINT('',(9.2,1.599999999668,7.0001));
#8292 = CARTESIAN_POINT('',(9.2,1.599999999668,7.009907614667));
#8293 = CARTESIAN_POINT('',(9.200222151171,1.597160188539,7.019782486262
    ));
#8294 = CARTESIAN_POINT('',(9.200664327171,1.591275508797,7.03044894237)
  );
#8295 = CARTESIAN_POINT('',(9.201407101648,1.584153870609,7.045016693381
    ));
#8296 = CARTESIAN_POINT('',(9.203243935551,1.575670567706,7.061427446855
    ));
#8297 = CARTESIAN_POINT('',(9.205453028575,1.572574659284,7.090555705665
    ));
#8298 = CARTESIAN_POINT('',(9.214916998386,1.572021937693,7.132857719408
    ));
#8299 = CARTESIAN_POINT('',(9.254601300005,1.571162137079,7.233642697808
    ));
#8300 = CARTESIAN_POINT('',(9.284791464461,1.570900750873,7.292190994014
    ));
#8301 = CARTESIAN_POINT('',(9.329177750741,1.56796424463,7.354150864733)
  );
#8302 = CARTESIAN_POINT('',(9.388077419032,1.559948835587,7.409801921722
    ));
#8303 = CARTESIAN_POINT('',(9.458457847083,1.547606646955,7.453963713378
    ));
#8304 = CARTESIAN_POINT('',(9.536246876425,1.532840039544,7.484743764111
    ));
#8305 = CARTESIAN_POINT('',(9.618093518513,1.51644820431,7.5));
#8306 = CARTESIAN_POINT('',(9.6999,1.500099999668,7.5));
#8307 = CARTESIAN_POINT('',(9.2,1.999999999668,7.0001));
#8308 = CARTESIAN_POINT('',(9.2,1.999999999668,7.049177343065));
#8309 = CARTESIAN_POINT('',(9.202045844608,1.99795415506,7.098861739759)
  );
#8310 = CARTESIAN_POINT('',(9.205822500016,1.994177499652,7.151358404293
    ));
#8311 = CARTESIAN_POINT('',(9.213669250213,1.986330749455,7.206303710558
    ));
#8312 = CARTESIAN_POINT('',(9.224081238491,1.975918761177,7.268408127654
    ));
#8313 = CARTESIAN_POINT('',(9.245360740169,1.954639259498,7.323993846259
    ));
#8314 = CARTESIAN_POINT('',(9.27899779766,1.921002202007,7.368986567836)
  );
#8315 = CARTESIAN_POINT('',(9.360187533174,1.839812466494,7.434906816806
    ));
#8316 = CARTESIAN_POINT('',(9.403702549935,1.796297449732,7.455345030018
    ));
#8317 = CARTESIAN_POINT('',(9.449900593675,1.750099405993,7.46848438649)
  );
#8318 = CARTESIAN_POINT('',(9.498434843476,1.701565156191,7.480404342731
    ));
#8319 = CARTESIAN_POINT('',(9.548999152815,1.651000846853,7.49060391563)
  );
#8320 = CARTESIAN_POINT('',(9.600212187005,1.599787812663,7.496822690572
    ));
#8321 = CARTESIAN_POINT('',(9.650822656935,1.549177342732,7.5));
#8322 = CARTESIAN_POINT('',(9.6999,1.500099999668,7.5));
#8323 = CARTESIAN_POINT('',(9.6,1.999999999668,7.0001));
#8324 = CARTESIAN_POINT('',(9.6,1.999999999668,7.009907614667));
#8325 = CARTESIAN_POINT('',(9.602839811128,1.999777848496,7.019782486262
    ));
#8326 = CARTESIAN_POINT('',(9.608724490871,1.999335672497,7.03044894237)
  );
#8327 = CARTESIAN_POINT('',(9.615846129059,1.99859289802,7.045016693381)
  );
#8328 = CARTESIAN_POINT('',(9.624329431962,1.996756064117,7.061427446855
    ));
#8329 = CARTESIAN_POINT('',(9.627425340384,1.994546971092,7.090555705665
    ));
#8330 = CARTESIAN_POINT('',(9.627978061975,1.985083001281,7.132857719408
    ));
#8331 = CARTESIAN_POINT('',(9.628837862588,1.945398699663,7.233642697808
    ));
#8332 = CARTESIAN_POINT('',(9.629099248794,1.915208535206,7.292190994014
    ));
#8333 = CARTESIAN_POINT('',(9.632035755038,1.870822248927,7.354150864733
    ));
#8334 = CARTESIAN_POINT('',(9.64005116408,1.811922580635,7.409801921722)
  );
#8335 = CARTESIAN_POINT('',(9.652393352713,1.741542152585,7.453963713378
    ));
#8336 = CARTESIAN_POINT('',(9.667159960124,1.663753123243,7.484743764111
    ));
#8337 = CARTESIAN_POINT('',(9.683551795358,1.581906481155,7.5));
#8338 = CARTESIAN_POINT('',(9.6999,1.500099999668,7.5));
#8339 = ADVANCED_FACE('',(#8340),#8351,.T.);
#8340 = FACE_BOUND('',#8341,.T.);
#8341 = EDGE_LOOP('',(#8342,#8343,#8344,#8350));
#8342 = ORIENTED_EDGE('',*,*,#5410,.F.);
#8343 = ORIENTED_EDGE('',*,*,#8198,.T.);
#8344 = ORIENTED_EDGE('',*,*,#8345,.T.);
#8345 = EDGE_CURVE('',#8125,#5982,#8346,.T.);
#8346 = LINE('',#8347,#8348);
#8347 = CARTESIAN_POINT('',(9.2,19.5001,7.5));
#8348 = VECTOR('',#8349,1.);
#8349 = DIRECTION('',(1.,0.,0.));
#8350 = ORIENTED_EDGE('',*,*,#5981,.F.);
#8351 = CYLINDRICAL_SURFACE('',#8352,0.4999);
#8352 = AXIS2_PLACEMENT_3D('',#8353,#8354,#8355);
#8353 = CARTESIAN_POINT('',(9.2,19.5001,7.0001));
#8354 = DIRECTION('',(1.,0.,0.));
#8355 = DIRECTION('',(0.,1.,0.));
#8356 = ADVANCED_FACE('',(#8357),#8388,.T.);
#8357 = FACE_BOUND('',#8358,.F.);
#8358 = EDGE_LOOP('',(#8359,#8360,#8361,#8369));
#8359 = ORIENTED_EDGE('',*,*,#5427,.F.);
#8360 = ORIENTED_EDGE('',*,*,#8272,.T.);
#8361 = ORIENTED_EDGE('',*,*,#8362,.T.);
#8362 = EDGE_CURVE('',#8163,#8363,#8365,.T.);
#8363 = VERTEX_POINT('',#8364);
#8364 = CARTESIAN_POINT('',(9.6999,1.499899999682,7.5));
#8365 = LINE('',#8366,#8367);
#8366 = CARTESIAN_POINT('',(9.6999,1.999999999668,7.5));
#8367 = VECTOR('',#8368,1.);
#8368 = DIRECTION('',(0.,-1.,0.));
#8369 = ORIENTED_EDGE('',*,*,#8370,.F.);
#8370 = EDGE_CURVE('',#5428,#8363,#8371,.T.);
#8371 = ( BOUNDED_CURVE() B_SPLINE_CURVE(8,(#8372,#8373,#8374,#8375,
    #8376,#8377,#8378,#8379,#8380,#8381,#8382,#8383,#8384,#8385,#8386,
#8387),.UNSPECIFIED.,.F.,.F.) B_SPLINE_CURVE_WITH_KNOTS((9,7,9),(6.5001,
6.977529218685,7.45495843737),.UNSPECIFIED.) CURVE() 
GEOMETRIC_REPRESENTATION_ITEM() RATIONAL_B_SPLINE_CURVE((1.,1.,1.,1.,1.,
1.,1.,1.,1.,1.,1.,1.,1.,1.,1.,1.)) REPRESENTATION_ITEM('') );
#8372 = CARTESIAN_POINT('',(9.2,1.399999999682,7.0001));
#8373 = CARTESIAN_POINT('',(9.2,1.399999999682,7.009907614667));
#8374 = CARTESIAN_POINT('',(9.200222151171,1.40283981081,7.019782486262)
  );
#8375 = CARTESIAN_POINT('',(9.200664327171,1.408724490552,7.03044894237)
  );
#8376 = CARTESIAN_POINT('',(9.201407101648,1.41584612874,7.045016693381)
  );
#8377 = CARTESIAN_POINT('',(9.203243935551,1.424329431644,7.061427446855
    ));
#8378 = CARTESIAN_POINT('',(9.205453028575,1.427425340066,7.090555705665
    ));
#8379 = CARTESIAN_POINT('',(9.214916998386,1.427978061657,7.132857719408
    ));
#8380 = CARTESIAN_POINT('',(9.254601300005,1.42883786227,7.233642697808)
  );
#8381 = CARTESIAN_POINT('',(9.284791464461,1.429099248476,7.292190994014
    ));
#8382 = CARTESIAN_POINT('',(9.329177750741,1.43203575472,7.354150864733)
  );
#8383 = CARTESIAN_POINT('',(9.388077419032,1.440051163762,7.409801921722
    ));
#8384 = CARTESIAN_POINT('',(9.458457847083,1.452393352394,7.453963713378
    ));
#8385 = CARTESIAN_POINT('',(9.536246876425,1.467159959805,7.484743764111
    ));
#8386 = CARTESIAN_POINT('',(9.618093518513,1.48355179504,7.5));
#8387 = CARTESIAN_POINT('',(9.6999,1.499899999682,7.5));
#8388 = CYLINDRICAL_SURFACE('',#8389,0.4999);
#8389 = AXIS2_PLACEMENT_3D('',#8390,#8391,#8392);
#8390 = CARTESIAN_POINT('',(9.6999,1.999999999668,7.0001));
#8391 = DIRECTION('',(0.,-1.,0.));
#8392 = DIRECTION('',(-1.,0.,0.));
#8393 = ADVANCED_FACE('',(#8394),#8417,.F.);
#8394 = FACE_BOUND('',#8395,.F.);
#8395 = EDGE_LOOP('',(#8396,#8397,#8398));
#8396 = ORIENTED_EDGE('',*,*,#5453,.T.);
#8397 = ORIENTED_EDGE('',*,*,#8370,.T.);
#8398 = ORIENTED_EDGE('',*,*,#8399,.F.);
#8399 = EDGE_CURVE('',#5454,#8363,#8400,.T.);
#8400 = ( BOUNDED_CURVE() B_SPLINE_CURVE(8,(#8401,#8402,#8403,#8404,
    #8405,#8406,#8407,#8408,#8409,#8410,#8411,#8412,#8413,#8414,#8415,
#8416),.UNSPECIFIED.,.F.,.F.) B_SPLINE_CURVE_WITH_KNOTS((9,7,9),(6.5001,
6.977529218685,7.45495843737),.UNSPECIFIED.) CURVE() 
GEOMETRIC_REPRESENTATION_ITEM() RATIONAL_B_SPLINE_CURVE((1.,1.,1.,1.,1.,
1.,1.,1.,1.,1.,1.,1.,1.,1.,1.,1.)) REPRESENTATION_ITEM('') );
#8401 = CARTESIAN_POINT('',(9.6,0.999999999682,7.0001));
#8402 = CARTESIAN_POINT('',(9.6,0.999999999682,7.009907614667));
#8403 = CARTESIAN_POINT('',(9.602839811128,1.000222150853,7.019782486262
    ));
#8404 = CARTESIAN_POINT('',(9.608724490871,1.000664326853,7.03044894237)
  );
#8405 = CARTESIAN_POINT('',(9.615846129059,1.00140710133,7.045016693381)
  );
#8406 = CARTESIAN_POINT('',(9.624329431962,1.003243935233,7.061427446855
    ));
#8407 = CARTESIAN_POINT('',(9.627425340384,1.005453028257,7.090555705665
    ));
#8408 = CARTESIAN_POINT('',(9.627978061975,1.014916998068,7.132857719408
    ));
#8409 = CARTESIAN_POINT('',(9.628837862588,1.054601299687,7.233642697808
    ));
#8410 = CARTESIAN_POINT('',(9.629099248794,1.084791464143,7.292190994014
    ));
#8411 = CARTESIAN_POINT('',(9.632035755038,1.129177750423,7.354150864733
    ));
#8412 = CARTESIAN_POINT('',(9.64005116408,1.188077418714,7.409801921722)
  );
#8413 = CARTESIAN_POINT('',(9.652393352712,1.258457846765,7.453963713378
    ));
#8414 = CARTESIAN_POINT('',(9.667159960124,1.336246876107,7.484743764111
    ));
#8415 = CARTESIAN_POINT('',(9.683551795358,1.418093518194,7.5));
#8416 = CARTESIAN_POINT('',(9.6999,1.499899999682,7.5));
#8417 = ( BOUNDED_SURFACE() B_SPLINE_SURFACE(2,8,(
    (#8418,#8419,#8420,#8421,#8422,#8423,#8424,#8425,#8426,#8427,#8428
      ,#8429,#8430,#8431,#8432,#8433)
    ,(#8434,#8435,#8436,#8437,#8438,#8439,#8440,#8441,#8442,#8443,#8444
      ,#8445,#8446,#8447,#8448,#8449)
    ,(#8450,#8451,#8452,#8453,#8454,#8455,#8456,#8457,#8458,#8459,#8460
      ,#8461,#8462,#8463,#8464,#8465
)),.UNSPECIFIED.,.F.,.F.,.F.) B_SPLINE_SURFACE_WITH_KNOTS((3,3),(9,7,9),
  (0.,0.95485843737),(6.5001,6.977529218685,7.45495843737),
.UNSPECIFIED.) GEOMETRIC_REPRESENTATION_ITEM() RATIONAL_B_SPLINE_SURFACE
((
    (1.,1.,1.,1.,1.,1.,1.,1.,1.,1.,1.,1.,1.,1.,1.,1.)
    ,(0.707106781187,0.707106781187,0.702567909995,0.692448262626
      ,0.682180618163,0.666736059067,0.665937288614,0.684906951562
      ,0.751410440052,0.799088973871,0.856490193915,0.910356855827
      ,0.953865293504,0.984770033708,1.,1.)
    ,(1.,1.,1.,1.,1.,1.,1.,1.,1.,1.,1.,1.,1.,1.,1.,1.
))) REPRESENTATION_ITEM('') SURFACE() );
#8418 = CARTESIAN_POINT('',(9.6,0.999999999682,7.0001));
#8419 = CARTESIAN_POINT('',(9.6,0.999999999682,7.009907614667));
#8420 = CARTESIAN_POINT('',(9.602839811128,1.000222150853,7.019782486262
    ));
#8421 = CARTESIAN_POINT('',(9.608724490871,1.000664326853,7.03044894237)
  );
#8422 = CARTESIAN_POINT('',(9.615846129059,1.00140710133,7.045016693381)
  );
#8423 = CARTESIAN_POINT('',(9.624329431962,1.003243935233,7.061427446855
    ));
#8424 = CARTESIAN_POINT('',(9.627425340384,1.005453028257,7.090555705665
    ));
#8425 = CARTESIAN_POINT('',(9.627978061975,1.014916998068,7.132857719408
    ));
#8426 = CARTESIAN_POINT('',(9.628837862588,1.054601299687,7.233642697808
    ));
#8427 = CARTESIAN_POINT('',(9.629099248794,1.084791464143,7.292190994014
    ));
#8428 = CARTESIAN_POINT('',(9.632035755038,1.129177750423,7.354150864733
    ));
#8429 = CARTESIAN_POINT('',(9.64005116408,1.188077418714,7.409801921722)
  );
#8430 = CARTESIAN_POINT('',(9.652393352712,1.258457846765,7.453963713378
    ));
#8431 = CARTESIAN_POINT('',(9.667159960124,1.336246876107,7.484743764111
    ));
#8432 = CARTESIAN_POINT('',(9.683551795358,1.418093518194,7.5));
#8433 = CARTESIAN_POINT('',(9.6999,1.499899999682,7.5));
#8434 = CARTESIAN_POINT('',(9.2,0.999999999682,7.0001));
#8435 = CARTESIAN_POINT('',(9.2,0.999999999682,7.049177343065));
#8436 = CARTESIAN_POINT('',(9.202045844608,1.00204584429,7.098861739759)
  );
#8437 = CARTESIAN_POINT('',(9.205822500016,1.005822499698,7.151358404293
    ));
#8438 = CARTESIAN_POINT('',(9.213669250213,1.013669249895,7.206303710558
    ));
#8439 = CARTESIAN_POINT('',(9.224081238491,1.024081238173,7.268408127654
    ));
#8440 = CARTESIAN_POINT('',(9.245360740169,1.045360739851,7.323993846259
    ));
#8441 = CARTESIAN_POINT('',(9.27899779766,1.078997797342,7.368986567836)
  );
#8442 = CARTESIAN_POINT('',(9.360187533174,1.160187532856,7.434906816806
    ));
#8443 = CARTESIAN_POINT('',(9.403702549936,1.203702549617,7.455345030019
    ));
#8444 = CARTESIAN_POINT('',(9.449900593675,1.249900593356,7.46848438649)
  );
#8445 = CARTESIAN_POINT('',(9.498434843476,1.298434843158,7.480404342731
    ));
#8446 = CARTESIAN_POINT('',(9.548999152815,1.348999152496,7.49060391563)
  );
#8447 = CARTESIAN_POINT('',(9.600212187005,1.400212186687,7.496822690572
    ));
#8448 = CARTESIAN_POINT('',(9.650822656935,1.450822656617,7.5));
#8449 = CARTESIAN_POINT('',(9.6999,1.499899999682,7.5));
#8450 = CARTESIAN_POINT('',(9.2,1.399999999682,7.0001));
#8451 = CARTESIAN_POINT('',(9.2,1.399999999682,7.009907614667));
#8452 = CARTESIAN_POINT('',(9.200222151171,1.40283981081,7.019782486262)
  );
#8453 = CARTESIAN_POINT('',(9.200664327171,1.408724490552,7.03044894237)
  );
#8454 = CARTESIAN_POINT('',(9.201407101648,1.41584612874,7.045016693381)
  );
#8455 = CARTESIAN_POINT('',(9.203243935551,1.424329431644,7.061427446855
    ));
#8456 = CARTESIAN_POINT('',(9.205453028575,1.427425340066,7.090555705665
    ));
#8457 = CARTESIAN_POINT('',(9.214916998386,1.427978061657,7.132857719408
    ));
#8458 = CARTESIAN_POINT('',(9.254601300005,1.42883786227,7.233642697808)
  );
#8459 = CARTESIAN_POINT('',(9.284791464461,1.429099248476,7.292190994014
    ));
#8460 = CARTESIAN_POINT('',(9.329177750741,1.43203575472,7.354150864733)
  );
#8461 = CARTESIAN_POINT('',(9.388077419032,1.440051163762,7.409801921722
    ));
#8462 = CARTESIAN_POINT('',(9.458457847083,1.452393352394,7.453963713378
    ));
#8463 = CARTESIAN_POINT('',(9.536246876425,1.467159959805,7.484743764111
    ));
#8464 = CARTESIAN_POINT('',(9.618093518513,1.48355179504,7.5));
#8465 = CARTESIAN_POINT('',(9.6999,1.499899999682,7.5));
#8466 = ADVANCED_FACE('',(#8467),#8486,.T.);
#8467 = FACE_BOUND('',#8468,.F.);
#8468 = EDGE_LOOP('',(#8469,#8470,#8471,#8479));
#8469 = ORIENTED_EDGE('',*,*,#5476,.F.);
#8470 = ORIENTED_EDGE('',*,*,#8399,.T.);
#8471 = ORIENTED_EDGE('',*,*,#8472,.T.);
#8472 = EDGE_CURVE('',#8363,#8473,#8475,.T.);
#8473 = VERTEX_POINT('',#8474);
#8474 = CARTESIAN_POINT('',(10.6999,1.499899999682,7.5));
#8475 = LINE('',#8476,#8477);
#8476 = CARTESIAN_POINT('',(9.2,1.499899999682,7.5));
#8477 = VECTOR('',#8478,1.);
#8478 = DIRECTION('',(1.,0.,0.));
#8479 = ORIENTED_EDGE('',*,*,#8480,.F.);
#8480 = EDGE_CURVE('',#5477,#8473,#8481,.T.);
#8481 = ELLIPSE('',#8482,0.70696535983,0.4999);
#8482 = AXIS2_PLACEMENT_3D('',#8483,#8484,#8485);
#8483 = CARTESIAN_POINT('',(10.6999,1.499899999682,7.0001));
#8484 = DIRECTION('',(-0.707106781187,0.707106781187,0.));
#8485 = DIRECTION('',(0.707106781187,0.707106781187,0.));
#8486 = CYLINDRICAL_SURFACE('',#8487,0.4999);
#8487 = AXIS2_PLACEMENT_3D('',#8488,#8489,#8490);
#8488 = CARTESIAN_POINT('',(9.2,1.499899999682,7.0001));
#8489 = DIRECTION('',(1.,0.,0.));
#8490 = DIRECTION('',(0.,-1.,0.));
#8491 = ADVANCED_FACE('',(#8492),#8504,.T.);
#8492 = FACE_BOUND('',#8493,.T.);
#8493 = EDGE_LOOP('',(#8494,#8495,#8496,#8503));
#8494 = ORIENTED_EDGE('',*,*,#5502,.T.);
#8495 = ORIENTED_EDGE('',*,*,#5937,.T.);
#8496 = ORIENTED_EDGE('',*,*,#8497,.F.);
#8497 = EDGE_CURVE('',#5904,#5928,#8498,.T.);
#8498 = CIRCLE('',#8499,0.4);
#8499 = AXIS2_PLACEMENT_3D('',#8500,#8501,#8502);
#8500 = CARTESIAN_POINT('',(8.1,19.6,7.0001));
#8501 = DIRECTION('',(0.,0.,1.));
#8502 = DIRECTION('',(1.,0.,-0.));
#8503 = ORIENTED_EDGE('',*,*,#5913,.F.);
#8504 = CYLINDRICAL_SURFACE('',#8505,0.4);
#8505 = AXIS2_PLACEMENT_3D('',#8506,#8507,#8508);
#8506 = CARTESIAN_POINT('',(8.1,19.6,6.));
#8507 = DIRECTION('',(0.,0.,1.));
#8508 = DIRECTION('',(1.,0.,-0.));
#8509 = ADVANCED_FACE('',(#8510),#8521,.T.);
#8510 = FACE_BOUND('',#8511,.F.);
#8511 = EDGE_LOOP('',(#8512,#8513,#8519,#8520));
#8512 = ORIENTED_EDGE('',*,*,#8480,.T.);
#8513 = ORIENTED_EDGE('',*,*,#8514,.T.);
#8514 = EDGE_CURVE('',#8473,#5690,#8515,.T.);
#8515 = LINE('',#8516,#8517);
#8516 = CARTESIAN_POINT('',(10.6999,0.999999999682,7.5));
#8517 = VECTOR('',#8518,1.);
#8518 = DIRECTION('',(0.,-1.,0.));
#8519 = ORIENTED_EDGE('',*,*,#5697,.F.);
#8520 = ORIENTED_EDGE('',*,*,#5519,.F.);
#8521 = CYLINDRICAL_SURFACE('',#8522,0.4999);
#8522 = AXIS2_PLACEMENT_3D('',#8523,#8524,#8525);
#8523 = CARTESIAN_POINT('',(10.6999,0.999999999682,7.0001));
#8524 = DIRECTION('',(0.,-1.,0.));
#8525 = DIRECTION('',(-1.,0.,0.));
#8526 = ADVANCED_FACE('',(#8527),#8546,.F.);
#8527 = FACE_BOUND('',#8528,.T.);
#8528 = EDGE_LOOP('',(#8529,#8537,#8538,#8539));
#8529 = ORIENTED_EDGE('',*,*,#8530,.F.);
#8530 = EDGE_CURVE('',#5612,#8531,#8533,.T.);
#8531 = VERTEX_POINT('',#8532);
#8532 = CARTESIAN_POINT('',(5.95,10.,7.0001));
#8533 = LINE('',#8534,#8535);
#8534 = CARTESIAN_POINT('',(5.95,10.,6.));
#8535 = VECTOR('',#8536,1.);
#8536 = DIRECTION('',(0.,0.,1.));
#8537 = ORIENTED_EDGE('',*,*,#5611,.F.);
#8538 = ORIENTED_EDGE('',*,*,#8530,.T.);
#8539 = ORIENTED_EDGE('',*,*,#8540,.F.);
#8540 = EDGE_CURVE('',#8531,#8531,#8541,.T.);
#8541 = CIRCLE('',#8542,1.7);
#8542 = AXIS2_PLACEMENT_3D('',#8543,#8544,#8545);
#8543 = CARTESIAN_POINT('',(4.25,10.,7.0001));
#8544 = DIRECTION('',(0.,0.,-1.));
#8545 = DIRECTION('',(1.,0.,0.));
#8546 = CYLINDRICAL_SURFACE('',#8547,1.7);
#8547 = AXIS2_PLACEMENT_3D('',#8548,#8549,#8550);
#8548 = CARTESIAN_POINT('',(4.25,10.,6.));
#8549 = DIRECTION('',(-0.,-0.,-1.));
#8550 = DIRECTION('',(1.,0.,0.));
#8551 = ADVANCED_FACE('',(#8552),#8573,.T.);
#8552 = FACE_BOUND('',#8553,.T.);
#8553 = EDGE_LOOP('',(#8554,#8555,#8556,#8557,#8558,#8559,#8560,#8561,
    #8562,#8563,#8564,#8565,#8566,#8567,#8568,#8569,#8570,#8571,#8572));
#8554 = ORIENTED_EDGE('',*,*,#6480,.T.);
#8555 = ORIENTED_EDGE('',*,*,#6542,.T.);
#8556 = ORIENTED_EDGE('',*,*,#6750,.T.);
#8557 = ORIENTED_EDGE('',*,*,#6922,.T.);
#8558 = ORIENTED_EDGE('',*,*,#7019,.T.);
#8559 = ORIENTED_EDGE('',*,*,#7082,.T.);
#8560 = ORIENTED_EDGE('',*,*,#7290,.T.);
#8561 = ORIENTED_EDGE('',*,*,#7462,.T.);
#8562 = ORIENTED_EDGE('',*,*,#7559,.T.);
#8563 = ORIENTED_EDGE('',*,*,#7622,.T.);
#8564 = ORIENTED_EDGE('',*,*,#7830,.T.);
#8565 = ORIENTED_EDGE('',*,*,#8002,.T.);
#8566 = ORIENTED_EDGE('',*,*,#8099,.T.);
#8567 = ORIENTED_EDGE('',*,*,#8162,.T.);
#8568 = ORIENTED_EDGE('',*,*,#8362,.T.);
#8569 = ORIENTED_EDGE('',*,*,#8472,.T.);
#8570 = ORIENTED_EDGE('',*,*,#8514,.T.);
#8571 = ORIENTED_EDGE('',*,*,#5689,.F.);
#8572 = ORIENTED_EDGE('',*,*,#6280,.F.);
#8573 = PLANE('',#8574);
#8574 = AXIS2_PLACEMENT_3D('',#8575,#8576,#8577);
#8575 = CARTESIAN_POINT('',(10.628571428565,10.142857142751,7.5));
#8576 = DIRECTION('',(0.,0.,1.));
#8577 = DIRECTION('',(1.,0.,0.));
#8578 = ADVANCED_FACE('',(#8579),#8598,.T.);
#8579 = FACE_BOUND('',#8580,.F.);
#8580 = EDGE_LOOP('',(#8581,#8582,#8590,#8597));
#8581 = ORIENTED_EDGE('',*,*,#5754,.T.);
#8582 = ORIENTED_EDGE('',*,*,#8583,.T.);
#8583 = EDGE_CURVE('',#5747,#8584,#8586,.T.);
#8584 = VERTEX_POINT('',#8585);
#8585 = CARTESIAN_POINT('',(14.9001,19.0001,7.5));
#8586 = LINE('',#8587,#8588);
#8587 = CARTESIAN_POINT('',(14.9001,0.,7.5));
#8588 = VECTOR('',#8589,1.);
#8589 = DIRECTION('',(0.,1.,0.));
#8590 = ORIENTED_EDGE('',*,*,#8591,.T.);
#8591 = EDGE_CURVE('',#8584,#5714,#8592,.T.);
#8592 = ELLIPSE('',#8593,1.414072141017,0.9999);
#8593 = AXIS2_PLACEMENT_3D('',#8594,#8595,#8596);
#8594 = CARTESIAN_POINT('',(14.9001,19.0001,6.5001));
#8595 = DIRECTION('',(-0.707106781187,0.707106781187,0.));
#8596 = DIRECTION('',(-0.707106781187,-0.707106781187,0.));
#8597 = ORIENTED_EDGE('',*,*,#5723,.F.);
#8598 = CYLINDRICAL_SURFACE('',#8599,0.9999);
#8599 = AXIS2_PLACEMENT_3D('',#8600,#8601,#8602);
#8600 = CARTESIAN_POINT('',(14.9001,0.,6.5001));
#8601 = DIRECTION('',(0.,1.,0.));
#8602 = DIRECTION('',(1.,0.,0.));
#8603 = ADVANCED_FACE('',(#8604),#8615,.T.);
#8604 = FACE_BOUND('',#8605,.T.);
#8605 = EDGE_LOOP('',(#8606,#8612,#8613,#8614));
#8606 = ORIENTED_EDGE('',*,*,#8607,.T.);
#8607 = EDGE_CURVE('',#8584,#6136,#8608,.T.);
#8608 = LINE('',#8609,#8610);
#8609 = CARTESIAN_POINT('',(15.9,19.0001,7.5));
#8610 = VECTOR('',#8611,1.);
#8611 = DIRECTION('',(-1.,0.,0.));
#8612 = ORIENTED_EDGE('',*,*,#6144,.T.);
#8613 = ORIENTED_EDGE('',*,*,#5746,.T.);
#8614 = ORIENTED_EDGE('',*,*,#8583,.T.);
#8615 = PLANE('',#8616);
#8616 = AXIS2_PLACEMENT_3D('',#8617,#8618,#8619);
#8617 = CARTESIAN_POINT('',(10.628571428565,10.142857142751,7.5));
#8618 = DIRECTION('',(0.,0.,1.));
#8619 = DIRECTION('',(1.,0.,0.));
#8620 = ADVANCED_FACE('',(#8621),#8645,.T.);
#8621 = FACE_BOUND('',#8622,.T.);
#8622 = EDGE_LOOP('',(#8623,#8624,#8643,#8644));
#8623 = ORIENTED_EDGE('',*,*,#5903,.F.);
#8624 = ORIENTED_EDGE('',*,*,#8625,.T.);
#8625 = EDGE_CURVE('',#5904,#5869,#8626,.T.);
#8626 = ( BOUNDED_CURVE() B_SPLINE_CURVE(8,(#8627,#8628,#8629,#8630,
    #8631,#8632,#8633,#8634,#8635,#8636,#8637,#8638,#8639,#8640,#8641,
#8642),.UNSPECIFIED.,.F.,.F.) B_SPLINE_CURVE_WITH_KNOTS((9,7,9),(6.5001,
6.977529218685,7.45495843737),.UNSPECIFIED.) CURVE() 
GEOMETRIC_REPRESENTATION_ITEM() RATIONAL_B_SPLINE_CURVE((1.,1.,1.,1.,1.,
1.,1.,1.,1.,1.,1.,1.,1.,1.,1.,1.)) REPRESENTATION_ITEM('') );
#8627 = CARTESIAN_POINT('',(8.5,19.6,7.0001));
#8628 = CARTESIAN_POINT('',(8.5,19.6,7.009907614667));
#8629 = CARTESIAN_POINT('',(8.499777848829,19.597160188872,
    7.019782486262));
#8630 = CARTESIAN_POINT('',(8.499335672829,19.591275509129,7.03044894237
    ));
#8631 = CARTESIAN_POINT('',(8.498592898352,19.584153870941,
    7.045016693381));
#8632 = CARTESIAN_POINT('',(8.496756064449,19.575670568038,
    7.061427446855));
#8633 = CARTESIAN_POINT('',(8.494546971425,19.572574659616,
    7.090555705666));
#8634 = CARTESIAN_POINT('',(8.485083001614,19.572021938025,
    7.132857719407));
#8635 = CARTESIAN_POINT('',(8.445398699995,19.571162137412,
    7.233642697808));
#8636 = CARTESIAN_POINT('',(8.415208535539,19.570900751206,
    7.292190994014));
#8637 = CARTESIAN_POINT('',(8.370822249259,19.567964244962,
    7.354150864733));
#8638 = CARTESIAN_POINT('',(8.311922580968,19.55994883592,7.409801921722
    ));
#8639 = CARTESIAN_POINT('',(8.241542152917,19.547606647287,
    7.453963713378));
#8640 = CARTESIAN_POINT('',(8.163753123575,19.532840039876,
    7.484743764111));
#8641 = CARTESIAN_POINT('',(8.081906481487,19.516448204642,7.5));
#8642 = CARTESIAN_POINT('',(8.0001,19.5001,7.5));
#8643 = ORIENTED_EDGE('',*,*,#5878,.T.);
#8644 = ORIENTED_EDGE('',*,*,#5771,.F.);
#8645 = CYLINDRICAL_SURFACE('',#8646,0.4999);
#8646 = AXIS2_PLACEMENT_3D('',#8647,#8648,#8649);
#8647 = CARTESIAN_POINT('',(8.0001,20.,7.0001));
#8648 = DIRECTION('',(0.,-1.,0.));
#8649 = DIRECTION('',(1.,0.,0.));
#8650 = ADVANCED_FACE('',(#8651),#8675,.T.);
#8651 = FACE_BOUND('',#8652,.T.);
#8652 = EDGE_LOOP('',(#8653,#8654,#8655,#8656));
#8653 = ORIENTED_EDGE('',*,*,#5927,.T.);
#8654 = ORIENTED_EDGE('',*,*,#5843,.F.);
#8655 = ORIENTED_EDGE('',*,*,#5868,.F.);
#8656 = ORIENTED_EDGE('',*,*,#8657,.F.);
#8657 = EDGE_CURVE('',#5928,#5869,#8658,.T.);
#8658 = ( BOUNDED_CURVE() B_SPLINE_CURVE(8,(#8659,#8660,#8661,#8662,
    #8663,#8664,#8665,#8666,#8667,#8668,#8669,#8670,#8671,#8672,#8673,
#8674),.UNSPECIFIED.,.F.,.F.) B_SPLINE_CURVE_WITH_KNOTS((9,7,9),(6.5001,
6.977529218685,7.45495843737),.UNSPECIFIED.) CURVE() 
GEOMETRIC_REPRESENTATION_ITEM() RATIONAL_B_SPLINE_CURVE((1.,1.,1.,1.,1.,
1.,1.,1.,1.,1.,1.,1.,1.,1.,1.,1.)) REPRESENTATION_ITEM('') );
#8659 = CARTESIAN_POINT('',(8.1,20.,7.0001));
#8660 = CARTESIAN_POINT('',(8.1,20.,7.009907614667));
#8661 = CARTESIAN_POINT('',(8.097160188872,19.999777848829,
    7.019782486262));
#8662 = CARTESIAN_POINT('',(8.091275509129,19.999335672829,7.03044894237
    ));
#8663 = CARTESIAN_POINT('',(8.084153870942,19.998592898352,
    7.045016693381));
#8664 = CARTESIAN_POINT('',(8.075670568038,19.996756064449,
    7.061427446855));
#8665 = CARTESIAN_POINT('',(8.072574659616,19.994546971425,
    7.090555705666));
#8666 = CARTESIAN_POINT('',(8.072021938025,19.985083001614,
    7.132857719407));
#8667 = CARTESIAN_POINT('',(8.071162137412,19.945398699995,
    7.233642697808));
#8668 = CARTESIAN_POINT('',(8.070900751206,19.915208535539,
    7.292190994014));
#8669 = CARTESIAN_POINT('',(8.067964244962,19.870822249259,
    7.354150864733));
#8670 = CARTESIAN_POINT('',(8.05994883592,19.811922580968,7.409801921722
    ));
#8671 = CARTESIAN_POINT('',(8.047606647288,19.741542152917,
    7.453963713378));
#8672 = CARTESIAN_POINT('',(8.032840039876,19.663753123575,
    7.484743764111));
#8673 = CARTESIAN_POINT('',(8.016448204642,19.581906481487,7.5));
#8674 = CARTESIAN_POINT('',(8.0001,19.5001,7.5));
#8675 = CYLINDRICAL_SURFACE('',#8676,0.4999);
#8676 = AXIS2_PLACEMENT_3D('',#8677,#8678,#8679);
#8677 = CARTESIAN_POINT('',(8.5,19.5001,7.0001));
#8678 = DIRECTION('',(-1.,0.,0.));
#8679 = DIRECTION('',(0.,0.,1.));
#8680 = ADVANCED_FACE('',(#8681),#8693,.T.);
#8681 = FACE_BOUND('',#8682,.F.);
#8682 = EDGE_LOOP('',(#8683,#8690,#8691,#8692));
#8683 = ORIENTED_EDGE('',*,*,#8684,.F.);
#8684 = EDGE_CURVE('',#5887,#8531,#8685,.T.);
#8685 = CIRCLE('',#8686,0.4999);
#8686 = AXIS2_PLACEMENT_3D('',#8687,#8688,#8689);
#8687 = CARTESIAN_POINT('',(6.4499,10.,7.0001));
#8688 = DIRECTION('',(0.,-1.,0.));
#8689 = DIRECTION('',(1.,0.,0.));
#8690 = ORIENTED_EDGE('',*,*,#5886,.F.);
#8691 = ORIENTED_EDGE('',*,*,#8684,.T.);
#8692 = ORIENTED_EDGE('',*,*,#8540,.T.);
#8693 = TOROIDAL_SURFACE('',#8694,2.1999,0.4999);
#8694 = AXIS2_PLACEMENT_3D('',#8695,#8696,#8697);
#8695 = CARTESIAN_POINT('',(4.25,10.,7.0001));
#8696 = DIRECTION('',(0.,0.,1.));
#8697 = DIRECTION('',(1.,0.,0.));
#8698 = ADVANCED_FACE('',(#8699),#8705,.T.);
#8699 = FACE_BOUND('',#8700,.T.);
#8700 = EDGE_LOOP('',(#8701,#8702,#8703,#8704));
#8701 = ORIENTED_EDGE('',*,*,#8591,.T.);
#8702 = ORIENTED_EDGE('',*,*,#5966,.T.);
#8703 = ORIENTED_EDGE('',*,*,#6135,.F.);
#8704 = ORIENTED_EDGE('',*,*,#8607,.F.);
#8705 = CYLINDRICAL_SURFACE('',#8706,0.9999);
#8706 = AXIS2_PLACEMENT_3D('',#8707,#8708,#8709);
#8707 = CARTESIAN_POINT('',(15.9,19.0001,6.5001));
#8708 = DIRECTION('',(-1.,0.,0.));
#8709 = DIRECTION('',(0.,0.,1.));
#8710 = ADVANCED_FACE('',(#8711),#8731,.T.);
#8711 = FACE_BOUND('',#8712,.T.);
#8712 = EDGE_LOOP('',(#8713,#8714,#8715,#8716,#8717,#8718,#8719,#8720,
    #8721,#8722,#8723,#8724,#8725,#8726,#8727,#8728,#8729,#8730));
#8713 = ORIENTED_EDGE('',*,*,#8345,.F.);
#8714 = ORIENTED_EDGE('',*,*,#8145,.T.);
#8715 = ORIENTED_EDGE('',*,*,#7985,.T.);
#8716 = ORIENTED_EDGE('',*,*,#7874,.T.);
#8717 = ORIENTED_EDGE('',*,*,#7813,.T.);
#8718 = ORIENTED_EDGE('',*,*,#7605,.T.);
#8719 = ORIENTED_EDGE('',*,*,#7445,.T.);
#8720 = ORIENTED_EDGE('',*,*,#7334,.T.);
#8721 = ORIENTED_EDGE('',*,*,#7273,.T.);
#8722 = ORIENTED_EDGE('',*,*,#7065,.T.);
#8723 = ORIENTED_EDGE('',*,*,#6905,.T.);
#8724 = ORIENTED_EDGE('',*,*,#6794,.T.);
#8725 = ORIENTED_EDGE('',*,*,#6733,.T.);
#8726 = ORIENTED_EDGE('',*,*,#6525,.T.);
#8727 = ORIENTED_EDGE('',*,*,#6317,.T.);
#8728 = ORIENTED_EDGE('',*,*,#6243,.T.);
#8729 = ORIENTED_EDGE('',*,*,#6100,.F.);
#8730 = ORIENTED_EDGE('',*,*,#5990,.F.);
#8731 = PLANE('',#8732);
#8732 = AXIS2_PLACEMENT_3D('',#8733,#8734,#8735);
#8733 = CARTESIAN_POINT('',(10.628571428565,10.142857142751,7.5));
#8734 = DIRECTION('',(0.,0.,1.));
#8735 = DIRECTION('',(1.,0.,0.));
#8736 = ADVANCED_FACE('',(#8737),#8742,.T.);
#8737 = FACE_BOUND('',#8738,.T.);
#8738 = EDGE_LOOP('',(#8739,#8740,#8741));
#8739 = ORIENTED_EDGE('',*,*,#8497,.T.);
#8740 = ORIENTED_EDGE('',*,*,#8657,.T.);
#8741 = ORIENTED_EDGE('',*,*,#8625,.F.);
#8742 = ( BOUNDED_SURFACE() B_SPLINE_SURFACE(2,8,(
    (#8743,#8744,#8745,#8746,#8747,#8748,#8749,#8750,#8751,#8752,#8753
      ,#8754,#8755,#8756,#8757,#8758)
    ,(#8759,#8760,#8761,#8762,#8763,#8764,#8765,#8766,#8767,#8768,#8769
      ,#8770,#8771,#8772,#8773,#8774)
    ,(#8775,#8776,#8777,#8778,#8779,#8780,#8781,#8782,#8783,#8784,#8785
      ,#8786,#8787,#8788,#8789,#8790
)),.UNSPECIFIED.,.F.,.F.,.F.) B_SPLINE_SURFACE_WITH_KNOTS((3,3),(9,7,9),
  (0.,0.95485843737),(6.5001,6.977529218685,7.45495843737),
.UNSPECIFIED.) GEOMETRIC_REPRESENTATION_ITEM() RATIONAL_B_SPLINE_SURFACE
((
    (1.,1.,1.,1.,1.,1.,1.,1.,1.,1.,1.,1.,1.,1.,1.,1.)
    ,(0.707106781187,0.707106781187,0.702567909995,0.692448262626
      ,0.682180618163,0.666736059067,0.665937288614,0.684906951562
      ,0.751410440052,0.799088973871,0.856490193915,0.910356855827
      ,0.953865293504,0.984770033708,1.,1.)
    ,(1.,1.,1.,1.,1.,1.,1.,1.,1.,1.,1.,1.,1.,1.,1.,1.
))) REPRESENTATION_ITEM('') SURFACE() );
#8743 = CARTESIAN_POINT('',(8.5,19.6,7.0001));
#8744 = CARTESIAN_POINT('',(8.5,19.6,7.009907614667));
#8745 = CARTESIAN_POINT('',(8.499777848829,19.597160188872,
    7.019782486262));
#8746 = CARTESIAN_POINT('',(8.499335672829,19.591275509129,7.03044894237
    ));
#8747 = CARTESIAN_POINT('',(8.498592898352,19.584153870941,
    7.045016693381));
#8748 = CARTESIAN_POINT('',(8.496756064449,19.575670568038,
    7.061427446855));
#8749 = CARTESIAN_POINT('',(8.494546971425,19.572574659616,
    7.090555705666));
#8750 = CARTESIAN_POINT('',(8.485083001614,19.572021938025,
    7.132857719407));
#8751 = CARTESIAN_POINT('',(8.445398699995,19.571162137412,
    7.233642697808));
#8752 = CARTESIAN_POINT('',(8.415208535539,19.570900751206,
    7.292190994014));
#8753 = CARTESIAN_POINT('',(8.370822249259,19.567964244962,
    7.354150864733));
#8754 = CARTESIAN_POINT('',(8.311922580968,19.55994883592,7.409801921722
    ));
#8755 = CARTESIAN_POINT('',(8.241542152917,19.547606647287,
    7.453963713378));
#8756 = CARTESIAN_POINT('',(8.163753123575,19.532840039876,
    7.484743764111));
#8757 = CARTESIAN_POINT('',(8.081906481487,19.516448204642,7.5));
#8758 = CARTESIAN_POINT('',(8.0001,19.5001,7.5));
#8759 = CARTESIAN_POINT('',(8.5,20.,7.0001));
#8760 = CARTESIAN_POINT('',(8.5,20.,7.049177343065));
#8761 = CARTESIAN_POINT('',(8.497954155392,19.997954155392,
    7.098861739759));
#8762 = CARTESIAN_POINT('',(8.494177499984,19.994177499984,
    7.151358404293));
#8763 = CARTESIAN_POINT('',(8.486330749787,19.986330749787,
    7.206303710558));
#8764 = CARTESIAN_POINT('',(8.475918761509,19.975918761509,
    7.268408127654));
#8765 = CARTESIAN_POINT('',(8.454639259831,19.954639259831,
    7.323993846259));
#8766 = CARTESIAN_POINT('',(8.42100220234,19.92100220234,7.368986567836)
  );
#8767 = CARTESIAN_POINT('',(8.339812466826,19.839812466826,
    7.434906816806));
#8768 = CARTESIAN_POINT('',(8.296297450065,19.796297450065,
    7.455345030018));
#8769 = CARTESIAN_POINT('',(8.250099406325,19.750099406325,7.46848438649
    ));
#8770 = CARTESIAN_POINT('',(8.201565156524,19.701565156524,
    7.480404342731));
#8771 = CARTESIAN_POINT('',(8.151000847185,19.651000847185,7.49060391563
    ));
#8772 = CARTESIAN_POINT('',(8.099787812995,19.599787812995,
    7.496822690572));
#8773 = CARTESIAN_POINT('',(8.049177343065,19.549177343065,7.5));
#8774 = CARTESIAN_POINT('',(8.0001,19.5001,7.5));
#8775 = CARTESIAN_POINT('',(8.1,20.,7.0001));
#8776 = CARTESIAN_POINT('',(8.1,20.,7.009907614667));
#8777 = CARTESIAN_POINT('',(8.097160188872,19.999777848829,
    7.019782486262));
#8778 = CARTESIAN_POINT('',(8.091275509129,19.999335672829,7.03044894237
    ));
#8779 = CARTESIAN_POINT('',(8.084153870942,19.998592898352,
    7.045016693381));
#8780 = CARTESIAN_POINT('',(8.075670568038,19.996756064449,
    7.061427446855));
#8781 = CARTESIAN_POINT('',(8.072574659616,19.994546971425,
    7.090555705666));
#8782 = CARTESIAN_POINT('',(8.072021938025,19.985083001614,
    7.132857719407));
#8783 = CARTESIAN_POINT('',(8.071162137412,19.945398699995,
    7.233642697808));
#8784 = CARTESIAN_POINT('',(8.070900751206,19.915208535539,
    7.292190994014));
#8785 = CARTESIAN_POINT('',(8.067964244962,19.870822249259,
    7.354150864733));
#8786 = CARTESIAN_POINT('',(8.05994883592,19.811922580968,7.409801921722
    ));
#8787 = CARTESIAN_POINT('',(8.047606647288,19.741542152917,
    7.453963713378));
#8788 = CARTESIAN_POINT('',(8.032840039876,19.663753123575,
    7.484743764111));
#8789 = CARTESIAN_POINT('',(8.016448204642,19.581906481487,7.5));
#8790 = CARTESIAN_POINT('',(8.0001,19.5001,7.5));
#8791 = ( GEOMETRIC_REPRESENTATION_CONTEXT(3) 
GLOBAL_UNCERTAINTY_ASSIGNED_CONTEXT((#8795)) 
GLOBAL_UNIT_ASSIGNED_CONTEXT((#8792,#8793,#8794)) REPRESENTATION_CONTEXT
('Context #1','3D Context with UNIT and UNCERTAINTY') );
#8792 = ( LENGTH_UNIT() NAMED_UNIT(*) SI_UNIT(.MILLI.,.METRE.) );
#8793 = ( NAMED_UNIT(*) PLANE_ANGLE_UNIT() SI_UNIT($,.RADIAN.) );
#8794 = ( NAMED_UNIT(*) SI_UNIT($,.STERADIAN.) SOLID_ANGLE_UNIT() );
#8795 = UNCERTAINTY_MEASURE_WITH_UNIT(LENGTH_MEASURE(1.E-07),#8792,
  'distance_accuracy_value','confusion accuracy');
#8796 = CONTEXT_DEPENDENT_SHAPE_REPRESENTATION(#8797,#8799);
#8797 = ( REPRESENTATION_RELATIONSHIP('','',#3089,#10) 
REPRESENTATION_RELATIONSHIP_WITH_TRANSFORMATION(#8798) 
SHAPE_REPRESENTATION_RELATIONSHIP() );
#8798 = ITEM_DEFINED_TRANSFORMATION('','',#11,#23);
#8799 = PRODUCT_DEFINITION_SHAPE('Placement','Placement of an item',
  #8800);
#8800 = NEXT_ASSEMBLY_USAGE_OCCURRENCE('3','Body','',#5,#3084,$);
#8801 = PRODUCT_RELATED_PRODUCT_CATEGORY('part',$,(#3086));
#8802 = SHAPE_DEFINITION_REPRESENTATION(#8803,#8809);
#8803 = PRODUCT_DEFINITION_SHAPE('','',#8804);
#8804 = PRODUCT_DEFINITION('design','',#8805,#8808);
#8805 = PRODUCT_DEFINITION_FORMATION('','',#8806);
#8806 = PRODUCT('Body046','Body046','',(#8807));
#8807 = PRODUCT_CONTEXT('',#2,'mechanical');
#8808 = PRODUCT_DEFINITION_CONTEXT('part definition',#2,'design');
#8809 = ADVANCED_BREP_SHAPE_REPRESENTATION('',(#11,#8810),#14511);
#8810 = MANIFOLD_SOLID_BREP('',#8811);
#8811 = CLOSED_SHELL('',(#8812,#8908,#8939,#8972,#9003,#9519,#9571,#9602
    ,#9633,#9681,#9712,#9757,#9782,#9806,#9830,#9876,#9907,#9932,#9956,
    #9980,#10005,#10029,#10053,#10077,#10102,#10127,#10151,#10175,#10199
    ,#10224,#10249,#10273,#10297,#10321,#10346,#10370,#10394,#10419,
    #10443,#10467,#10491,#10516,#10541,#10565,#10589,#10613,#10638,
    #10662,#10686,#10711,#10735,#10759,#10783,#10808,#10833,#10857,
    #10881,#10905,#10930,#10954,#10978,#11003,#11027,#11051,#11075,
    #11100,#11125,#11143,#11167,#11192,#11216,#11234,#11251,#11292,
    #11327,#11352,#11379,#11396,#11429,#11453,#11486,#11559,#11584,
    #11619,#11643,#11667,#11679,#11696,#11741,#11814,#11851,#11876,
    #11949,#11974,#12011,#12048,#12121,#12194,#12219,#12256,#12293,
    #12366,#12439,#12464,#12501,#12526,#12599,#12636,#12661,#12734,
    #12759,#12796,#12833,#12906,#12979,#13004,#13041,#13066,#13139,
    #13176,#13201,#13274,#13299,#13336,#13373,#13446,#13519,#13544,
    #13581,#13606,#13679,#13716,#13741,#13814,#13839,#13876,#13913,
    #13986,#14059,#14076,#14113,#14186,#14211,#14229,#14246,#14271,
    #14298,#14323,#14340,#14370,#14400,#14418,#14430,#14456));
#8812 = ADVANCED_FACE('',(#8813),#8903,.F.);
#8813 = FACE_BOUND('',#8814,.F.);
#8814 = EDGE_LOOP('',(#8815,#8825,#8833,#8841,#8849,#8857,#8865,#8873,
    #8881,#8889,#8897));
#8815 = ORIENTED_EDGE('',*,*,#8816,.T.);
#8816 = EDGE_CURVE('',#8817,#8819,#8821,.T.);
#8817 = VERTEX_POINT('',#8818);
#8818 = CARTESIAN_POINT('',(-522.5,-107.5,29.5));
#8819 = VERTEX_POINT('',#8820);
#8820 = CARTESIAN_POINT('',(-514.4,-107.5,29.5));
#8821 = LINE('',#8822,#8823);
#8822 = CARTESIAN_POINT('',(-522.5,-107.5,29.5));
#8823 = VECTOR('',#8824,1.);
#8824 = DIRECTION('',(1.,0.,0.));
#8825 = ORIENTED_EDGE('',*,*,#8826,.F.);
#8826 = EDGE_CURVE('',#8827,#8819,#8829,.T.);
#8827 = VERTEX_POINT('',#8828);
#8828 = CARTESIAN_POINT('',(-514.4,-107.5,24.));
#8829 = LINE('',#8830,#8831);
#8830 = CARTESIAN_POINT('',(-514.4,-107.5,24.));
#8831 = VECTOR('',#8832,1.);
#8832 = DIRECTION('',(0.,0.,1.));
#8833 = ORIENTED_EDGE('',*,*,#8834,.F.);
#8834 = EDGE_CURVE('',#8835,#8827,#8837,.T.);
#8835 = VERTEX_POINT('',#8836);
#8836 = CARTESIAN_POINT('',(-514.,-107.5,24.));
#8837 = LINE('',#8838,#8839);
#8838 = CARTESIAN_POINT('',(-512.5,-107.5,24.));
#8839 = VECTOR('',#8840,1.);
#8840 = DIRECTION('',(-1.,0.,0.));
#8841 = ORIENTED_EDGE('',*,*,#8842,.F.);
#8842 = EDGE_CURVE('',#8843,#8835,#8845,.T.);
#8843 = VERTEX_POINT('',#8844);
#8844 = CARTESIAN_POINT('',(-512.3,-107.5000000002,24.));
#8845 = LINE('',#8846,#8847);
#8846 = CARTESIAN_POINT('',(-512.5,-107.5,24.));
#8847 = VECTOR('',#8848,1.);
#8848 = DIRECTION('',(-1.,0.,0.));
#8849 = ORIENTED_EDGE('',*,*,#8850,.F.);
#8850 = EDGE_CURVE('',#8851,#8843,#8853,.T.);
#8851 = VERTEX_POINT('',#8852);
#8852 = CARTESIAN_POINT('',(-510.3,-107.5,24.));
#8853 = LINE('',#8854,#8855);
#8854 = CARTESIAN_POINT('',(-512.5,-107.5,24.));
#8855 = VECTOR('',#8856,1.);
#8856 = DIRECTION('',(-1.,0.,0.));
#8857 = ORIENTED_EDGE('',*,*,#8858,.F.);
#8858 = EDGE_CURVE('',#8859,#8851,#8861,.T.);
#8859 = VERTEX_POINT('',#8860);
#8860 = CARTESIAN_POINT('',(-508.6,-107.5,24.));
#8861 = LINE('',#8862,#8863);
#8862 = CARTESIAN_POINT('',(-512.5,-107.5,24.));
#8863 = VECTOR('',#8864,1.);
#8864 = DIRECTION('',(-1.,0.,0.));
#8865 = ORIENTED_EDGE('',*,*,#8866,.F.);
#8866 = EDGE_CURVE('',#8867,#8859,#8869,.T.);
#8867 = VERTEX_POINT('',#8868);
#8868 = CARTESIAN_POINT('',(-506.6,-107.5,24.));
#8869 = LINE('',#8870,#8871);
#8870 = CARTESIAN_POINT('',(-512.5,-107.5,24.));
#8871 = VECTOR('',#8872,1.);
#8872 = DIRECTION('',(-1.,0.,0.));
#8873 = ORIENTED_EDGE('',*,*,#8874,.F.);
#8874 = EDGE_CURVE('',#8875,#8867,#8877,.T.);
#8875 = VERTEX_POINT('',#8876);
#8876 = CARTESIAN_POINT('',(-502.5,-107.5,24.));
#8877 = LINE('',#8878,#8879);
#8878 = CARTESIAN_POINT('',(-512.5,-107.5,24.));
#8879 = VECTOR('',#8880,1.);
#8880 = DIRECTION('',(-1.,0.,0.));
#8881 = ORIENTED_EDGE('',*,*,#8882,.F.);
#8882 = EDGE_CURVE('',#8883,#8875,#8885,.T.);
#8883 = VERTEX_POINT('',#8884);
#8884 = CARTESIAN_POINT('',(-502.5,-107.5,23.5));
#8885 = LINE('',#8886,#8887);
#8886 = CARTESIAN_POINT('',(-502.5,-107.5,23.5));
#8887 = VECTOR('',#8888,1.);
#8888 = DIRECTION('',(0.,0.,1.));
#8889 = ORIENTED_EDGE('',*,*,#8890,.F.);
#8890 = EDGE_CURVE('',#8891,#8883,#8893,.T.);
#8891 = VERTEX_POINT('',#8892);
#8892 = CARTESIAN_POINT('',(-522.5,-107.5,23.5));
#8893 = LINE('',#8894,#8895);
#8894 = CARTESIAN_POINT('',(-522.5,-107.5,23.5));
#8895 = VECTOR('',#8896,1.);
#8896 = DIRECTION('',(1.,0.,0.));
#8897 = ORIENTED_EDGE('',*,*,#8898,.T.);
#8898 = EDGE_CURVE('',#8891,#8817,#8899,.T.);
#8899 = LINE('',#8900,#8901);
#8900 = CARTESIAN_POINT('',(-522.5,-107.5,23.5));
#8901 = VECTOR('',#8902,1.);
#8902 = DIRECTION('',(0.,0.,1.));
#8903 = PLANE('',#8904);
#8904 = AXIS2_PLACEMENT_3D('',#8905,#8906,#8907);
#8905 = CARTESIAN_POINT('',(-522.5,-107.5,23.5));
#8906 = DIRECTION('',(0.,1.,0.));
#8907 = DIRECTION('',(1.,0.,0.));
#8908 = ADVANCED_FACE('',(#8909),#8934,.F.);
#8909 = FACE_BOUND('',#8910,.F.);
#8910 = EDGE_LOOP('',(#8911,#8921,#8927,#8928));
#8911 = ORIENTED_EDGE('',*,*,#8912,.T.);
#8912 = EDGE_CURVE('',#8913,#8915,#8917,.T.);
#8913 = VERTEX_POINT('',#8914);
#8914 = CARTESIAN_POINT('',(-522.5,-107.5,30.5001));
#8915 = VERTEX_POINT('',#8916);
#8916 = CARTESIAN_POINT('',(-514.4,-107.5,30.5001));
#8917 = LINE('',#8918,#8919);
#8918 = CARTESIAN_POINT('',(-522.5,-107.5,30.5001));
#8919 = VECTOR('',#8920,1.);
#8920 = DIRECTION('',(1.,0.,0.));
#8921 = ORIENTED_EDGE('',*,*,#8922,.F.);
#8922 = EDGE_CURVE('',#8819,#8915,#8923,.T.);
#8923 = LINE('',#8924,#8925);
#8924 = CARTESIAN_POINT('',(-514.4,-107.5,29.5));
#8925 = VECTOR('',#8926,1.);
#8926 = DIRECTION('',(0.,0.,1.));
#8927 = ORIENTED_EDGE('',*,*,#8816,.F.);
#8928 = ORIENTED_EDGE('',*,*,#8929,.T.);
#8929 = EDGE_CURVE('',#8817,#8913,#8930,.T.);
#8930 = LINE('',#8931,#8932);
#8931 = CARTESIAN_POINT('',(-522.5,-107.5,29.5));
#8932 = VECTOR('',#8933,1.);
#8933 = DIRECTION('',(0.,0.,1.));
#8934 = PLANE('',#8935);
#8935 = AXIS2_PLACEMENT_3D('',#8936,#8937,#8938);
#8936 = CARTESIAN_POINT('',(-522.5,-107.5,29.5));
#8937 = DIRECTION('',(0.,1.,0.));
#8938 = DIRECTION('',(1.,0.,0.));
#8939 = ADVANCED_FACE('',(#8940),#8967,.T.);
#8940 = FACE_BOUND('',#8941,.T.);
#8941 = EDGE_LOOP('',(#8942,#8951,#8959,#8966));
#8942 = ORIENTED_EDGE('',*,*,#8943,.T.);
#8943 = EDGE_CURVE('',#8827,#8944,#8946,.T.);
#8944 = VERTEX_POINT('',#8945);
#8945 = CARTESIAN_POINT('',(-514.,-107.1,24.));
#8946 = CIRCLE('',#8947,0.4);
#8947 = AXIS2_PLACEMENT_3D('',#8948,#8949,#8950);
#8948 = CARTESIAN_POINT('',(-514.4,-107.1,24.));
#8949 = DIRECTION('',(-0.,0.,1.));
#8950 = DIRECTION('',(0.,-1.,0.));
#8951 = ORIENTED_EDGE('',*,*,#8952,.T.);
#8952 = EDGE_CURVE('',#8944,#8953,#8955,.T.);
#8953 = VERTEX_POINT('',#8954);
#8954 = CARTESIAN_POINT('',(-514.,-107.1,29.5));
#8955 = LINE('',#8956,#8957);
#8956 = CARTESIAN_POINT('',(-514.,-107.1,24.));
#8957 = VECTOR('',#8958,1.);
#8958 = DIRECTION('',(0.,0.,1.));
#8959 = ORIENTED_EDGE('',*,*,#8960,.F.);
#8960 = EDGE_CURVE('',#8819,#8953,#8961,.T.);
#8961 = CIRCLE('',#8962,0.4);
#8962 = AXIS2_PLACEMENT_3D('',#8963,#8964,#8965);
#8963 = CARTESIAN_POINT('',(-514.4,-107.1,29.5));
#8964 = DIRECTION('',(-0.,0.,1.));
#8965 = DIRECTION('',(0.,-1.,0.));
#8966 = ORIENTED_EDGE('',*,*,#8826,.F.);
#8967 = CYLINDRICAL_SURFACE('',#8968,0.4);
#8968 = AXIS2_PLACEMENT_3D('',#8969,#8970,#8971);
#8969 = CARTESIAN_POINT('',(-514.4,-107.1,24.));
#8970 = DIRECTION('',(0.,0.,1.));
#8971 = DIRECTION('',(0.,-1.,0.));
#8972 = ADVANCED_FACE('',(#8973),#8998,.F.);
#8973 = FACE_BOUND('',#8974,.F.);
#8974 = EDGE_LOOP('',(#8975,#8985,#8991,#8992));
#8975 = ORIENTED_EDGE('',*,*,#8976,.T.);
#8976 = EDGE_CURVE('',#8977,#8979,#8981,.T.);
#8977 = VERTEX_POINT('',#8978);
#8978 = CARTESIAN_POINT('',(-522.5,-87.5,23.5));
#8979 = VERTEX_POINT('',#8980);
#8980 = CARTESIAN_POINT('',(-522.5,-87.5,29.5));
#8981 = LINE('',#8982,#8983);
#8982 = CARTESIAN_POINT('',(-522.5,-87.5,23.5));
#8983 = VECTOR('',#8984,1.);
#8984 = DIRECTION('',(0.,0.,1.));
#8985 = ORIENTED_EDGE('',*,*,#8986,.T.);
#8986 = EDGE_CURVE('',#8979,#8817,#8987,.T.);
#8987 = LINE('',#8988,#8989);
#8988 = CARTESIAN_POINT('',(-522.5,-87.5,29.5));
#8989 = VECTOR('',#8990,1.);
#8990 = DIRECTION('',(0.,-1.,0.));
#8991 = ORIENTED_EDGE('',*,*,#8898,.F.);
#8992 = ORIENTED_EDGE('',*,*,#8993,.F.);
#8993 = EDGE_CURVE('',#8977,#8891,#8994,.T.);
#8994 = LINE('',#8995,#8996);
#8995 = CARTESIAN_POINT('',(-522.5,-87.5,23.5));
#8996 = VECTOR('',#8997,1.);
#8997 = DIRECTION('',(0.,-1.,0.));
#8998 = PLANE('',#8999);
#8999 = AXIS2_PLACEMENT_3D('',#9000,#9001,#9002);
#9000 = CARTESIAN_POINT('',(-522.5,-87.5,23.5));
#9001 = DIRECTION('',(1.,0.,0.));
#9002 = DIRECTION('',(0.,-1.,0.));
#9003 = ADVANCED_FACE('',(#9004),#9514,.F.);
#9004 = FACE_BOUND('',#9005,.F.);
#9005 = EDGE_LOOP('',(#9006,#9016,#9024,#9030,#9031,#9039,#9048,#9056,
    #9064,#9073,#9081,#9090,#9098,#9106,#9114,#9123,#9131,#9140,#9148,
    #9156,#9164,#9173,#9181,#9190,#9198,#9206,#9214,#9223,#9231,#9240,
    #9248,#9254,#9255,#9256,#9257,#9265,#9274,#9282,#9290,#9298,#9307,
    #9315,#9324,#9332,#9340,#9348,#9357,#9365,#9374,#9382,#9390,#9398,
    #9407,#9415,#9424,#9432,#9440,#9448,#9457,#9465,#9474,#9482,#9490,
    #9499,#9507));
#9006 = ORIENTED_EDGE('',*,*,#9007,.F.);
#9007 = EDGE_CURVE('',#9008,#9010,#9012,.T.);
#9008 = VERTEX_POINT('',#9009);
#9009 = CARTESIAN_POINT('',(-510.3,-87.5,24.));
#9010 = VERTEX_POINT('',#9011);
#9011 = CARTESIAN_POINT('',(-510.3,-95.10000000024,24.));
#9012 = LINE('',#9013,#9014);
#9013 = CARTESIAN_POINT('',(-510.3,-87.5,24.));
#9014 = VECTOR('',#9015,1.);
#9015 = DIRECTION('',(0.,-1.,0.));
#9016 = ORIENTED_EDGE('',*,*,#9017,.F.);
#9017 = EDGE_CURVE('',#9018,#9008,#9020,.T.);
#9018 = VERTEX_POINT('',#9019);
#9019 = CARTESIAN_POINT('',(-508.6,-87.5,24.));
#9020 = LINE('',#9021,#9022);
#9021 = CARTESIAN_POINT('',(-502.5,-87.5,24.));
#9022 = VECTOR('',#9023,1.);
#9023 = DIRECTION('',(-1.,0.,0.));
#9024 = ORIENTED_EDGE('',*,*,#9025,.T.);
#9025 = EDGE_CURVE('',#9018,#8859,#9026,.T.);
#9026 = LINE('',#9027,#9028);
#9027 = CARTESIAN_POINT('',(-508.6,-87.5,24.));
#9028 = VECTOR('',#9029,1.);
#9029 = DIRECTION('',(0.,-1.,0.));
#9030 = ORIENTED_EDGE('',*,*,#8858,.T.);
#9031 = ORIENTED_EDGE('',*,*,#9032,.F.);
#9032 = EDGE_CURVE('',#9033,#8851,#9035,.T.);
#9033 = VERTEX_POINT('',#9034);
#9034 = CARTESIAN_POINT('',(-510.3,-99.90000000032,24.));
#9035 = LINE('',#9036,#9037);
#9036 = CARTESIAN_POINT('',(-510.3,-99.50000000032,24.));
#9037 = VECTOR('',#9038,1.);
#9038 = DIRECTION('',(0.,-1.,0.));
#9039 = ORIENTED_EDGE('',*,*,#9040,.F.);
#9040 = EDGE_CURVE('',#9041,#9033,#9043,.T.);
#9041 = VERTEX_POINT('',#9042);
#9042 = CARTESIAN_POINT('',(-510.7,-99.50000000032,24.));
#9043 = CIRCLE('',#9044,0.4);
#9044 = AXIS2_PLACEMENT_3D('',#9045,#9046,#9047);
#9045 = CARTESIAN_POINT('',(-510.7,-99.90000000032,24.));
#9046 = DIRECTION('',(-0.,-0.,-1.));
#9047 = DIRECTION('',(0.,-1.,0.));
#9048 = ORIENTED_EDGE('',*,*,#9049,.F.);
#9049 = EDGE_CURVE('',#9050,#9041,#9052,.T.);
#9050 = VERTEX_POINT('',#9051);
#9051 = CARTESIAN_POINT('',(-512.3,-99.50000000032,24.));
#9052 = LINE('',#9053,#9054);
#9053 = CARTESIAN_POINT('',(-512.3,-99.50000000032,24.));
#9054 = VECTOR('',#9055,1.);
#9055 = DIRECTION('',(1.,0.,0.));
#9056 = ORIENTED_EDGE('',*,*,#9057,.T.);
#9057 = EDGE_CURVE('',#9050,#9058,#9060,.T.);
#9058 = VERTEX_POINT('',#9059);
#9059 = CARTESIAN_POINT('',(-512.9,-99.50000000032,24.));
#9060 = LINE('',#9061,#9062);
#9061 = CARTESIAN_POINT('',(-512.3,-99.50000000032,24.));
#9062 = VECTOR('',#9063,1.);
#9063 = DIRECTION('',(-1.,0.,0.));
#9064 = ORIENTED_EDGE('',*,*,#9065,.F.);
#9065 = EDGE_CURVE('',#9066,#9058,#9068,.T.);
#9066 = VERTEX_POINT('',#9067);
#9067 = CARTESIAN_POINT('',(-513.3,-99.90000000032,24.));
#9068 = CIRCLE('',#9069,0.4);
#9069 = AXIS2_PLACEMENT_3D('',#9070,#9071,#9072);
#9070 = CARTESIAN_POINT('',(-512.9,-99.90000000032,24.));
#9071 = DIRECTION('',(-0.,-0.,-1.));
#9072 = DIRECTION('',(0.,-1.,0.));
#9073 = ORIENTED_EDGE('',*,*,#9074,.T.);
#9074 = EDGE_CURVE('',#9066,#9075,#9077,.T.);
#9075 = VERTEX_POINT('',#9076);
#9076 = CARTESIAN_POINT('',(-513.3,-100.1000000003,24.));
#9077 = LINE('',#9078,#9079);
#9078 = CARTESIAN_POINT('',(-513.3,-99.50000000032,24.));
#9079 = VECTOR('',#9080,1.);
#9080 = DIRECTION('',(0.,-1.,0.));
#9081 = ORIENTED_EDGE('',*,*,#9082,.F.);
#9082 = EDGE_CURVE('',#9083,#9075,#9085,.T.);
#9083 = VERTEX_POINT('',#9084);
#9084 = CARTESIAN_POINT('',(-512.9,-100.5000000003,24.));
#9085 = CIRCLE('',#9086,0.4);
#9086 = AXIS2_PLACEMENT_3D('',#9087,#9088,#9089);
#9087 = CARTESIAN_POINT('',(-512.9,-100.1000000003,24.));
#9088 = DIRECTION('',(-0.,-0.,-1.));
#9089 = DIRECTION('',(0.,-1.,0.));
#9090 = ORIENTED_EDGE('',*,*,#9091,.T.);
#9091 = EDGE_CURVE('',#9083,#9092,#9094,.T.);
#9092 = VERTEX_POINT('',#9093);
#9093 = CARTESIAN_POINT('',(-512.3,-100.5000000003,24.));
#9094 = LINE('',#9095,#9096);
#9095 = CARTESIAN_POINT('',(-513.3,-100.5000000003,24.));
#9096 = VECTOR('',#9097,1.);
#9097 = DIRECTION('',(1.,0.,0.));
#9098 = ORIENTED_EDGE('',*,*,#9099,.T.);
#9099 = EDGE_CURVE('',#9092,#9100,#9102,.T.);
#9100 = VERTEX_POINT('',#9101);
#9101 = CARTESIAN_POINT('',(-512.3,-101.5000000003,24.));
#9102 = LINE('',#9103,#9104);
#9103 = CARTESIAN_POINT('',(-512.3,-100.5000000003,24.));
#9104 = VECTOR('',#9105,1.);
#9105 = DIRECTION('',(0.,-1.,0.));
#9106 = ORIENTED_EDGE('',*,*,#9107,.T.);
#9107 = EDGE_CURVE('',#9100,#9108,#9110,.T.);
#9108 = VERTEX_POINT('',#9109);
#9109 = CARTESIAN_POINT('',(-512.9,-101.5000000003,24.));
#9110 = LINE('',#9111,#9112);
#9111 = CARTESIAN_POINT('',(-512.3,-101.5000000003,24.));
#9112 = VECTOR('',#9113,1.);
#9113 = DIRECTION('',(-1.,0.,0.));
#9114 = ORIENTED_EDGE('',*,*,#9115,.F.);
#9115 = EDGE_CURVE('',#9116,#9108,#9118,.T.);
#9116 = VERTEX_POINT('',#9117);
#9117 = CARTESIAN_POINT('',(-513.3,-101.9000000003,24.));
#9118 = CIRCLE('',#9119,0.4);
#9119 = AXIS2_PLACEMENT_3D('',#9120,#9121,#9122);
#9120 = CARTESIAN_POINT('',(-512.9,-101.9000000003,24.));
#9121 = DIRECTION('',(-0.,-0.,-1.));
#9122 = DIRECTION('',(0.,-1.,0.));
#9123 = ORIENTED_EDGE('',*,*,#9124,.T.);
#9124 = EDGE_CURVE('',#9116,#9125,#9127,.T.);
#9125 = VERTEX_POINT('',#9126);
#9126 = CARTESIAN_POINT('',(-513.3,-102.1000000003,24.));
#9127 = LINE('',#9128,#9129);
#9128 = CARTESIAN_POINT('',(-513.3,-101.5000000003,24.));
#9129 = VECTOR('',#9130,1.);
#9130 = DIRECTION('',(0.,-1.,0.));
#9131 = ORIENTED_EDGE('',*,*,#9132,.F.);
#9132 = EDGE_CURVE('',#9133,#9125,#9135,.T.);
#9133 = VERTEX_POINT('',#9134);
#9134 = CARTESIAN_POINT('',(-512.9,-102.5000000003,24.));
#9135 = CIRCLE('',#9136,0.4);
#9136 = AXIS2_PLACEMENT_3D('',#9137,#9138,#9139);
#9137 = CARTESIAN_POINT('',(-512.9,-102.1000000003,24.));
#9138 = DIRECTION('',(-0.,-0.,-1.));
#9139 = DIRECTION('',(0.,-1.,0.));
#9140 = ORIENTED_EDGE('',*,*,#9141,.T.);
#9141 = EDGE_CURVE('',#9133,#9142,#9144,.T.);
#9142 = VERTEX_POINT('',#9143);
#9143 = CARTESIAN_POINT('',(-512.3,-102.5000000003,24.));
#9144 = LINE('',#9145,#9146);
#9145 = CARTESIAN_POINT('',(-513.3,-102.5000000003,24.));
#9146 = VECTOR('',#9147,1.);
#9147 = DIRECTION('',(1.,0.,0.));
#9148 = ORIENTED_EDGE('',*,*,#9149,.T.);
#9149 = EDGE_CURVE('',#9142,#9150,#9152,.T.);
#9150 = VERTEX_POINT('',#9151);
#9151 = CARTESIAN_POINT('',(-512.3,-103.5000000003,24.));
#9152 = LINE('',#9153,#9154);
#9153 = CARTESIAN_POINT('',(-512.3,-102.5000000003,24.));
#9154 = VECTOR('',#9155,1.);
#9155 = DIRECTION('',(0.,-1.,0.));
#9156 = ORIENTED_EDGE('',*,*,#9157,.T.);
#9157 = EDGE_CURVE('',#9150,#9158,#9160,.T.);
#9158 = VERTEX_POINT('',#9159);
#9159 = CARTESIAN_POINT('',(-512.9,-103.5000000003,24.));
#9160 = LINE('',#9161,#9162);
#9161 = CARTESIAN_POINT('',(-512.3,-103.5000000003,24.));
#9162 = VECTOR('',#9163,1.);
#9163 = DIRECTION('',(-1.,0.,0.));
#9164 = ORIENTED_EDGE('',*,*,#9165,.F.);
#9165 = EDGE_CURVE('',#9166,#9158,#9168,.T.);
#9166 = VERTEX_POINT('',#9167);
#9167 = CARTESIAN_POINT('',(-513.3,-103.9000000003,24.));
#9168 = CIRCLE('',#9169,0.4);
#9169 = AXIS2_PLACEMENT_3D('',#9170,#9171,#9172);
#9170 = CARTESIAN_POINT('',(-512.9,-103.9000000003,24.));
#9171 = DIRECTION('',(-0.,-0.,-1.));
#9172 = DIRECTION('',(0.,-1.,0.));
#9173 = ORIENTED_EDGE('',*,*,#9174,.T.);
#9174 = EDGE_CURVE('',#9166,#9175,#9177,.T.);
#9175 = VERTEX_POINT('',#9176);
#9176 = CARTESIAN_POINT('',(-513.3,-104.1000000003,24.));
#9177 = LINE('',#9178,#9179);
#9178 = CARTESIAN_POINT('',(-513.3,-103.5000000003,24.));
#9179 = VECTOR('',#9180,1.);
#9180 = DIRECTION('',(0.,-1.,0.));
#9181 = ORIENTED_EDGE('',*,*,#9182,.F.);
#9182 = EDGE_CURVE('',#9183,#9175,#9185,.T.);
#9183 = VERTEX_POINT('',#9184);
#9184 = CARTESIAN_POINT('',(-512.9,-104.5000000003,24.));
#9185 = CIRCLE('',#9186,0.4);
#9186 = AXIS2_PLACEMENT_3D('',#9187,#9188,#9189);
#9187 = CARTESIAN_POINT('',(-512.9,-104.1000000003,24.));
#9188 = DIRECTION('',(-0.,-0.,-1.));
#9189 = DIRECTION('',(0.,-1.,0.));
#9190 = ORIENTED_EDGE('',*,*,#9191,.T.);
#9191 = EDGE_CURVE('',#9183,#9192,#9194,.T.);
#9192 = VERTEX_POINT('',#9193);
#9193 = CARTESIAN_POINT('',(-512.3,-104.5000000003,24.));
#9194 = LINE('',#9195,#9196);
#9195 = CARTESIAN_POINT('',(-513.3,-104.5000000003,24.));
#9196 = VECTOR('',#9197,1.);
#9197 = DIRECTION('',(1.,0.,0.));
#9198 = ORIENTED_EDGE('',*,*,#9199,.T.);
#9199 = EDGE_CURVE('',#9192,#9200,#9202,.T.);
#9200 = VERTEX_POINT('',#9201);
#9201 = CARTESIAN_POINT('',(-512.3,-105.5000000003,24.));
#9202 = LINE('',#9203,#9204);
#9203 = CARTESIAN_POINT('',(-512.3,-104.5000000003,24.));
#9204 = VECTOR('',#9205,1.);
#9205 = DIRECTION('',(0.,-1.,0.));
#9206 = ORIENTED_EDGE('',*,*,#9207,.T.);
#9207 = EDGE_CURVE('',#9200,#9208,#9210,.T.);
#9208 = VERTEX_POINT('',#9209);
#9209 = CARTESIAN_POINT('',(-512.9,-105.5000000003,24.));
#9210 = LINE('',#9211,#9212);
#9211 = CARTESIAN_POINT('',(-512.3,-105.5000000003,24.));
#9212 = VECTOR('',#9213,1.);
#9213 = DIRECTION('',(-1.,0.,0.));
#9214 = ORIENTED_EDGE('',*,*,#9215,.F.);
#9215 = EDGE_CURVE('',#9216,#9208,#9218,.T.);
#9216 = VERTEX_POINT('',#9217);
#9217 = CARTESIAN_POINT('',(-513.3,-105.9000000003,24.));
#9218 = CIRCLE('',#9219,0.4);
#9219 = AXIS2_PLACEMENT_3D('',#9220,#9221,#9222);
#9220 = CARTESIAN_POINT('',(-512.9,-105.9000000003,24.));
#9221 = DIRECTION('',(-0.,-0.,-1.));
#9222 = DIRECTION('',(0.,-1.,0.));
#9223 = ORIENTED_EDGE('',*,*,#9224,.T.);
#9224 = EDGE_CURVE('',#9216,#9225,#9227,.T.);
#9225 = VERTEX_POINT('',#9226);
#9226 = CARTESIAN_POINT('',(-513.3,-106.1000000003,24.));
#9227 = LINE('',#9228,#9229);
#9228 = CARTESIAN_POINT('',(-513.3,-105.5000000003,24.));
#9229 = VECTOR('',#9230,1.);
#9230 = DIRECTION('',(0.,-1.,0.));
#9231 = ORIENTED_EDGE('',*,*,#9232,.F.);
#9232 = EDGE_CURVE('',#9233,#9225,#9235,.T.);
#9233 = VERTEX_POINT('',#9234);
#9234 = CARTESIAN_POINT('',(-512.9,-106.5000000003,24.));
#9235 = CIRCLE('',#9236,0.4);
#9236 = AXIS2_PLACEMENT_3D('',#9237,#9238,#9239);
#9237 = CARTESIAN_POINT('',(-512.9,-106.1000000003,24.));
#9238 = DIRECTION('',(-0.,-0.,-1.));
#9239 = DIRECTION('',(0.,-1.,0.));
#9240 = ORIENTED_EDGE('',*,*,#9241,.T.);
#9241 = EDGE_CURVE('',#9233,#9242,#9244,.T.);
#9242 = VERTEX_POINT('',#9243);
#9243 = CARTESIAN_POINT('',(-512.3,-106.5000000003,24.));
#9244 = LINE('',#9245,#9246);
#9245 = CARTESIAN_POINT('',(-513.3,-106.5000000003,24.));
#9246 = VECTOR('',#9247,1.);
#9247 = DIRECTION('',(1.,0.,0.));
#9248 = ORIENTED_EDGE('',*,*,#9249,.T.);
#9249 = EDGE_CURVE('',#9242,#8843,#9250,.T.);
#9250 = LINE('',#9251,#9252);
#9251 = CARTESIAN_POINT('',(-512.3,-106.5000000003,24.));
#9252 = VECTOR('',#9253,1.);
#9253 = DIRECTION('',(0.,-1.,0.));
#9254 = ORIENTED_EDGE('',*,*,#8842,.T.);
#9255 = ORIENTED_EDGE('',*,*,#8834,.T.);
#9256 = ORIENTED_EDGE('',*,*,#8943,.T.);
#9257 = ORIENTED_EDGE('',*,*,#9258,.F.);
#9258 = EDGE_CURVE('',#9259,#8944,#9261,.T.);
#9259 = VERTEX_POINT('',#9260);
#9260 = CARTESIAN_POINT('',(-514.,-87.9,24.));
#9261 = LINE('',#9262,#9263);
#9262 = CARTESIAN_POINT('',(-514.,-87.5,24.));
#9263 = VECTOR('',#9264,1.);
#9264 = DIRECTION('',(0.,-1.,2.2E-16));
#9265 = ORIENTED_EDGE('',*,*,#9266,.T.);
#9266 = EDGE_CURVE('',#9259,#9267,#9269,.T.);
#9267 = VERTEX_POINT('',#9268);
#9268 = CARTESIAN_POINT('',(-514.4,-87.5,24.));
#9269 = CIRCLE('',#9270,0.4);
#9270 = AXIS2_PLACEMENT_3D('',#9271,#9272,#9273);
#9271 = CARTESIAN_POINT('',(-514.4,-87.9,24.));
#9272 = DIRECTION('',(-0.,2.2E-16,1.));
#9273 = DIRECTION('',(0.,-1.,2.2E-16));
#9274 = ORIENTED_EDGE('',*,*,#9275,.F.);
#9275 = EDGE_CURVE('',#9276,#9267,#9278,.T.);
#9276 = VERTEX_POINT('',#9277);
#9277 = CARTESIAN_POINT('',(-514.,-87.5,24.));
#9278 = LINE('',#9279,#9280);
#9279 = CARTESIAN_POINT('',(-502.5,-87.5,24.));
#9280 = VECTOR('',#9281,1.);
#9281 = DIRECTION('',(-1.,0.,0.));
#9282 = ORIENTED_EDGE('',*,*,#9283,.F.);
#9283 = EDGE_CURVE('',#9284,#9276,#9286,.T.);
#9284 = VERTEX_POINT('',#9285);
#9285 = CARTESIAN_POINT('',(-513.3,-87.5,24.));
#9286 = LINE('',#9287,#9288);
#9287 = CARTESIAN_POINT('',(-502.5,-87.5,24.));
#9288 = VECTOR('',#9289,1.);
#9289 = DIRECTION('',(-1.,0.,0.));
#9290 = ORIENTED_EDGE('',*,*,#9291,.T.);
#9291 = EDGE_CURVE('',#9284,#9292,#9294,.T.);
#9292 = VERTEX_POINT('',#9293);
#9293 = CARTESIAN_POINT('',(-512.9,-87.5,24.));
#9294 = LINE('',#9295,#9296);
#9295 = CARTESIAN_POINT('',(-507.9,-87.5,24.));
#9296 = VECTOR('',#9297,1.);
#9297 = DIRECTION('',(1.,0.,0.));
#9298 = ORIENTED_EDGE('',*,*,#9299,.F.);
#9299 = EDGE_CURVE('',#9300,#9292,#9302,.T.);
#9300 = VERTEX_POINT('',#9301);
#9301 = CARTESIAN_POINT('',(-513.3,-87.9,24.));
#9302 = CIRCLE('',#9303,0.4);
#9303 = AXIS2_PLACEMENT_3D('',#9304,#9305,#9306);
#9304 = CARTESIAN_POINT('',(-512.9,-87.9,24.));
#9305 = DIRECTION('',(-0.,-0.,-1.));
#9306 = DIRECTION('',(0.,-1.,0.));
#9307 = ORIENTED_EDGE('',*,*,#9308,.T.);
#9308 = EDGE_CURVE('',#9300,#9309,#9311,.T.);
#9309 = VERTEX_POINT('',#9310);
#9310 = CARTESIAN_POINT('',(-513.3,-88.10000000004,24.));
#9311 = LINE('',#9312,#9313);
#9312 = CARTESIAN_POINT('',(-513.3,-87.5,24.));
#9313 = VECTOR('',#9314,1.);
#9314 = DIRECTION('',(0.,-1.,0.));
#9315 = ORIENTED_EDGE('',*,*,#9316,.F.);
#9316 = EDGE_CURVE('',#9317,#9309,#9319,.T.);
#9317 = VERTEX_POINT('',#9318);
#9318 = CARTESIAN_POINT('',(-512.9,-88.50000000004,24.));
#9319 = CIRCLE('',#9320,0.4);
#9320 = AXIS2_PLACEMENT_3D('',#9321,#9322,#9323);
#9321 = CARTESIAN_POINT('',(-512.9,-88.10000000004,24.));
#9322 = DIRECTION('',(-0.,-0.,-1.));
#9323 = DIRECTION('',(0.,-1.,0.));
#9324 = ORIENTED_EDGE('',*,*,#9325,.T.);
#9325 = EDGE_CURVE('',#9317,#9326,#9328,.T.);
#9326 = VERTEX_POINT('',#9327);
#9327 = CARTESIAN_POINT('',(-512.3,-88.50000000004,24.));
#9328 = LINE('',#9329,#9330);
#9329 = CARTESIAN_POINT('',(-513.3,-88.50000000004,24.));
#9330 = VECTOR('',#9331,1.);
#9331 = DIRECTION('',(1.,0.,0.));
#9332 = ORIENTED_EDGE('',*,*,#9333,.T.);
#9333 = EDGE_CURVE('',#9326,#9334,#9336,.T.);
#9334 = VERTEX_POINT('',#9335);
#9335 = CARTESIAN_POINT('',(-512.3,-89.50000000009,24.));
#9336 = LINE('',#9337,#9338);
#9337 = CARTESIAN_POINT('',(-512.3,-88.50000000004,24.));
#9338 = VECTOR('',#9339,1.);
#9339 = DIRECTION('',(0.,-1.,0.));
#9340 = ORIENTED_EDGE('',*,*,#9341,.T.);
#9341 = EDGE_CURVE('',#9334,#9342,#9344,.T.);
#9342 = VERTEX_POINT('',#9343);
#9343 = CARTESIAN_POINT('',(-512.9,-89.50000000009,24.));
#9344 = LINE('',#9345,#9346);
#9345 = CARTESIAN_POINT('',(-512.3,-89.50000000009,24.));
#9346 = VECTOR('',#9347,1.);
#9347 = DIRECTION('',(-1.,0.,0.));
#9348 = ORIENTED_EDGE('',*,*,#9349,.F.);
#9349 = EDGE_CURVE('',#9350,#9342,#9352,.T.);
#9350 = VERTEX_POINT('',#9351);
#9351 = CARTESIAN_POINT('',(-513.3,-89.90000000009,24.));
#9352 = CIRCLE('',#9353,0.4);
#9353 = AXIS2_PLACEMENT_3D('',#9354,#9355,#9356);
#9354 = CARTESIAN_POINT('',(-512.9,-89.90000000009,24.));
#9355 = DIRECTION('',(-0.,-0.,-1.));
#9356 = DIRECTION('',(0.,-1.,0.));
#9357 = ORIENTED_EDGE('',*,*,#9358,.T.);
#9358 = EDGE_CURVE('',#9350,#9359,#9361,.T.);
#9359 = VERTEX_POINT('',#9360);
#9360 = CARTESIAN_POINT('',(-513.3,-90.10000000013,24.));
#9361 = LINE('',#9362,#9363);
#9362 = CARTESIAN_POINT('',(-513.3,-89.50000000009,24.));
#9363 = VECTOR('',#9364,1.);
#9364 = DIRECTION('',(0.,-1.,0.));
#9365 = ORIENTED_EDGE('',*,*,#9366,.F.);
#9366 = EDGE_CURVE('',#9367,#9359,#9369,.T.);
#9367 = VERTEX_POINT('',#9368);
#9368 = CARTESIAN_POINT('',(-512.9,-90.50000000013,24.));
#9369 = CIRCLE('',#9370,0.4);
#9370 = AXIS2_PLACEMENT_3D('',#9371,#9372,#9373);
#9371 = CARTESIAN_POINT('',(-512.9,-90.10000000013,24.));
#9372 = DIRECTION('',(-0.,-0.,-1.));
#9373 = DIRECTION('',(0.,-1.,0.));
#9374 = ORIENTED_EDGE('',*,*,#9375,.T.);
#9375 = EDGE_CURVE('',#9367,#9376,#9378,.T.);
#9376 = VERTEX_POINT('',#9377);
#9377 = CARTESIAN_POINT('',(-512.3,-90.50000000013,24.));
#9378 = LINE('',#9379,#9380);
#9379 = CARTESIAN_POINT('',(-513.3,-90.50000000013,24.));
#9380 = VECTOR('',#9381,1.);
#9381 = DIRECTION('',(1.,0.,0.));
#9382 = ORIENTED_EDGE('',*,*,#9383,.T.);
#9383 = EDGE_CURVE('',#9376,#9384,#9386,.T.);
#9384 = VERTEX_POINT('',#9385);
#9385 = CARTESIAN_POINT('',(-512.3,-91.50000000017,24.));
#9386 = LINE('',#9387,#9388);
#9387 = CARTESIAN_POINT('',(-512.3,-90.50000000013,24.));
#9388 = VECTOR('',#9389,1.);
#9389 = DIRECTION('',(0.,-1.,0.));
#9390 = ORIENTED_EDGE('',*,*,#9391,.T.);
#9391 = EDGE_CURVE('',#9384,#9392,#9394,.T.);
#9392 = VERTEX_POINT('',#9393);
#9393 = CARTESIAN_POINT('',(-512.9,-91.50000000017,24.));
#9394 = LINE('',#9395,#9396);
#9395 = CARTESIAN_POINT('',(-512.3,-91.50000000017,24.));
#9396 = VECTOR('',#9397,1.);
#9397 = DIRECTION('',(-1.,0.,0.));
#9398 = ORIENTED_EDGE('',*,*,#9399,.F.);
#9399 = EDGE_CURVE('',#9400,#9392,#9402,.T.);
#9400 = VERTEX_POINT('',#9401);
#9401 = CARTESIAN_POINT('',(-513.3,-91.90000000017,24.));
#9402 = CIRCLE('',#9403,0.4);
#9403 = AXIS2_PLACEMENT_3D('',#9404,#9405,#9406);
#9404 = CARTESIAN_POINT('',(-512.9,-91.90000000017,24.));
#9405 = DIRECTION('',(-0.,-0.,-1.));
#9406 = DIRECTION('',(0.,-1.,0.));
#9407 = ORIENTED_EDGE('',*,*,#9408,.T.);
#9408 = EDGE_CURVE('',#9400,#9409,#9411,.T.);
#9409 = VERTEX_POINT('',#9410);
#9410 = CARTESIAN_POINT('',(-513.3,-92.10000000019,24.));
#9411 = LINE('',#9412,#9413);
#9412 = CARTESIAN_POINT('',(-513.3,-91.50000000017,24.));
#9413 = VECTOR('',#9414,1.);
#9414 = DIRECTION('',(0.,-1.,0.));
#9415 = ORIENTED_EDGE('',*,*,#9416,.F.);
#9416 = EDGE_CURVE('',#9417,#9409,#9419,.T.);
#9417 = VERTEX_POINT('',#9418);
#9418 = CARTESIAN_POINT('',(-512.9,-92.50000000019,24.));
#9419 = CIRCLE('',#9420,0.4);
#9420 = AXIS2_PLACEMENT_3D('',#9421,#9422,#9423);
#9421 = CARTESIAN_POINT('',(-512.9,-92.10000000019,24.));
#9422 = DIRECTION('',(-0.,-0.,-1.));
#9423 = DIRECTION('',(0.,-1.,0.));
#9424 = ORIENTED_EDGE('',*,*,#9425,.T.);
#9425 = EDGE_CURVE('',#9417,#9426,#9428,.T.);
#9426 = VERTEX_POINT('',#9427);
#9427 = CARTESIAN_POINT('',(-512.3,-92.50000000019,24.));
#9428 = LINE('',#9429,#9430);
#9429 = CARTESIAN_POINT('',(-513.3,-92.50000000019,24.));
#9430 = VECTOR('',#9431,1.);
#9431 = DIRECTION('',(1.,0.,0.));
#9432 = ORIENTED_EDGE('',*,*,#9433,.T.);
#9433 = EDGE_CURVE('',#9426,#9434,#9436,.T.);
#9434 = VERTEX_POINT('',#9435);
#9435 = CARTESIAN_POINT('',(-512.3,-93.50000000021,24.));
#9436 = LINE('',#9437,#9438);
#9437 = CARTESIAN_POINT('',(-512.3,-92.50000000019,24.));
#9438 = VECTOR('',#9439,1.);
#9439 = DIRECTION('',(0.,-1.,0.));
#9440 = ORIENTED_EDGE('',*,*,#9441,.T.);
#9441 = EDGE_CURVE('',#9434,#9442,#9444,.T.);
#9442 = VERTEX_POINT('',#9443);
#9443 = CARTESIAN_POINT('',(-512.9,-93.50000000021,24.));
#9444 = LINE('',#9445,#9446);
#9445 = CARTESIAN_POINT('',(-512.3,-93.50000000021,24.));
#9446 = VECTOR('',#9447,1.);
#9447 = DIRECTION('',(-1.,0.,0.));
#9448 = ORIENTED_EDGE('',*,*,#9449,.F.);
#9449 = EDGE_CURVE('',#9450,#9442,#9452,.T.);
#9450 = VERTEX_POINT('',#9451);
#9451 = CARTESIAN_POINT('',(-513.3,-93.90000000021,24.));
#9452 = CIRCLE('',#9453,0.4);
#9453 = AXIS2_PLACEMENT_3D('',#9454,#9455,#9456);
#9454 = CARTESIAN_POINT('',(-512.9,-93.90000000021,24.));
#9455 = DIRECTION('',(-0.,-0.,-1.));
#9456 = DIRECTION('',(0.,-1.,0.));
#9457 = ORIENTED_EDGE('',*,*,#9458,.T.);
#9458 = EDGE_CURVE('',#9450,#9459,#9461,.T.);
#9459 = VERTEX_POINT('',#9460);
#9460 = CARTESIAN_POINT('',(-513.3,-94.10000000023,24.));
#9461 = LINE('',#9462,#9463);
#9462 = CARTESIAN_POINT('',(-513.3,-93.50000000021,24.));
#9463 = VECTOR('',#9464,1.);
#9464 = DIRECTION('',(0.,-1.,0.));
#9465 = ORIENTED_EDGE('',*,*,#9466,.F.);
#9466 = EDGE_CURVE('',#9467,#9459,#9469,.T.);
#9467 = VERTEX_POINT('',#9468);
#9468 = CARTESIAN_POINT('',(-512.9,-94.50000000023,24.));
#9469 = CIRCLE('',#9470,0.4);
#9470 = AXIS2_PLACEMENT_3D('',#9471,#9472,#9473);
#9471 = CARTESIAN_POINT('',(-512.9,-94.10000000023,24.));
#9472 = DIRECTION('',(-0.,-0.,-1.));
#9473 = DIRECTION('',(0.,-1.,0.));
#9474 = ORIENTED_EDGE('',*,*,#9475,.T.);
#9475 = EDGE_CURVE('',#9467,#9476,#9478,.T.);
#9476 = VERTEX_POINT('',#9477);
#9477 = CARTESIAN_POINT('',(-512.3,-94.50000000023,24.));
#9478 = LINE('',#9479,#9480);
#9479 = CARTESIAN_POINT('',(-513.3,-94.50000000023,24.));
#9480 = VECTOR('',#9481,1.);
#9481 = DIRECTION('',(1.,0.,0.));
#9482 = ORIENTED_EDGE('',*,*,#9483,.T.);
#9483 = EDGE_CURVE('',#9476,#9484,#9486,.T.);
#9484 = VERTEX_POINT('',#9485);
#9485 = CARTESIAN_POINT('',(-512.3,-95.10000000024,24.));
#9486 = LINE('',#9487,#9488);
#9487 = CARTESIAN_POINT('',(-512.3,-94.50000000023,24.));
#9488 = VECTOR('',#9489,1.);
#9489 = DIRECTION('',(0.,-1.,0.));
#9490 = ORIENTED_EDGE('',*,*,#9491,.F.);
#9491 = EDGE_CURVE('',#9492,#9484,#9494,.T.);
#9492 = VERTEX_POINT('',#9493);
#9493 = CARTESIAN_POINT('',(-511.9,-95.50000000024,24.));
#9494 = CIRCLE('',#9495,0.4);
#9495 = AXIS2_PLACEMENT_3D('',#9496,#9497,#9498);
#9496 = CARTESIAN_POINT('',(-511.9,-95.10000000024,24.));
#9497 = DIRECTION('',(-0.,-0.,-1.));
#9498 = DIRECTION('',(0.,-1.,0.));
#9499 = ORIENTED_EDGE('',*,*,#9500,.F.);
#9500 = EDGE_CURVE('',#9501,#9492,#9503,.T.);
#9501 = VERTEX_POINT('',#9502);
#9502 = CARTESIAN_POINT('',(-510.7,-95.50000000024,24.));
#9503 = LINE('',#9504,#9505);
#9504 = CARTESIAN_POINT('',(-510.3,-95.50000000024,24.));
#9505 = VECTOR('',#9506,1.);
#9506 = DIRECTION('',(-1.,0.,0.));
#9507 = ORIENTED_EDGE('',*,*,#9508,.F.);
#9508 = EDGE_CURVE('',#9010,#9501,#9509,.T.);
#9509 = CIRCLE('',#9510,0.4);
#9510 = AXIS2_PLACEMENT_3D('',#9511,#9512,#9513);
#9511 = CARTESIAN_POINT('',(-510.7,-95.10000000024,24.));
#9512 = DIRECTION('',(-0.,-0.,-1.));
#9513 = DIRECTION('',(0.,-1.,0.));
#9514 = PLANE('',#9515);
#9515 = AXIS2_PLACEMENT_3D('',#9516,#9517,#9518);
#9516 = CARTESIAN_POINT('',(-502.5,-87.5,24.));
#9517 = DIRECTION('',(-0.,-2.2E-16,-1.));
#9518 = DIRECTION('',(-1.,0.,0.));
#9519 = ADVANCED_FACE('',(#9520,#9555),#9566,.F.);
#9520 = FACE_BOUND('',#9521,.F.);
#9521 = EDGE_LOOP('',(#9522,#9523,#9524,#9532,#9541,#9549));
#9522 = ORIENTED_EDGE('',*,*,#8993,.T.);
#9523 = ORIENTED_EDGE('',*,*,#8890,.T.);
#9524 = ORIENTED_EDGE('',*,*,#9525,.T.);
#9525 = EDGE_CURVE('',#8883,#9526,#9528,.T.);
#9526 = VERTEX_POINT('',#9527);
#9527 = CARTESIAN_POINT('',(-502.5,-99.10857079421,23.5));
#9528 = LINE('',#9529,#9530);
#9529 = CARTESIAN_POINT('',(-502.5,-107.5,23.5));
#9530 = VECTOR('',#9531,1.);
#9531 = DIRECTION('',(0.,1.,0.));
#9532 = ORIENTED_EDGE('',*,*,#9533,.T.);
#9533 = EDGE_CURVE('',#9526,#9534,#9536,.T.);
#9534 = VERTEX_POINT('',#9535);
#9535 = CARTESIAN_POINT('',(-502.5,-95.89142920578,23.5));
#9536 = CIRCLE('',#9537,1.7);
#9537 = AXIS2_PLACEMENT_3D('',#9538,#9539,#9540);
#9538 = CARTESIAN_POINT('',(-503.05,-97.5,23.5));
#9539 = DIRECTION('',(0.,0.,-1.));
#9540 = DIRECTION('',(1.,0.,0.));
#9541 = ORIENTED_EDGE('',*,*,#9542,.T.);
#9542 = EDGE_CURVE('',#9534,#9543,#9545,.T.);
#9543 = VERTEX_POINT('',#9544);
#9544 = CARTESIAN_POINT('',(-502.5,-87.5,23.5));
#9545 = LINE('',#9546,#9547);
#9546 = CARTESIAN_POINT('',(-502.5,-107.5,23.5));
#9547 = VECTOR('',#9548,1.);
#9548 = DIRECTION('',(0.,1.,0.));
#9549 = ORIENTED_EDGE('',*,*,#9550,.T.);
#9550 = EDGE_CURVE('',#9543,#8977,#9551,.T.);
#9551 = LINE('',#9552,#9553);
#9552 = CARTESIAN_POINT('',(-502.5,-87.5,23.5));
#9553 = VECTOR('',#9554,1.);
#9554 = DIRECTION('',(-1.,0.,0.));
#9555 = FACE_BOUND('',#9556,.F.);
#9556 = EDGE_LOOP('',(#9557));
#9557 = ORIENTED_EDGE('',*,*,#9558,.T.);
#9558 = EDGE_CURVE('',#9559,#9559,#9561,.T.);
#9559 = VERTEX_POINT('',#9560);
#9560 = CARTESIAN_POINT('',(-516.55,-97.5,23.5));
#9561 = CIRCLE('',#9562,1.7);
#9562 = AXIS2_PLACEMENT_3D('',#9563,#9564,#9565);
#9563 = CARTESIAN_POINT('',(-518.25,-97.5,23.5));
#9564 = DIRECTION('',(0.,0.,-1.));
#9565 = DIRECTION('',(1.,0.,0.));
#9566 = PLANE('',#9567);
#9567 = AXIS2_PLACEMENT_3D('',#9568,#9569,#9570);
#9568 = CARTESIAN_POINT('',(-512.5,-97.5,23.5));
#9569 = DIRECTION('',(0.,0.,1.));
#9570 = DIRECTION('',(1.,0.,0.));
#9571 = ADVANCED_FACE('',(#9572),#9597,.T.);
#9572 = FACE_BOUND('',#9573,.T.);
#9573 = EDGE_LOOP('',(#9574,#9582,#9590,#9596));
#9574 = ORIENTED_EDGE('',*,*,#9575,.T.);
#9575 = EDGE_CURVE('',#8883,#9576,#9578,.T.);
#9576 = VERTEX_POINT('',#9577);
#9577 = CARTESIAN_POINT('',(-499.5,-107.5,23.5));
#9578 = LINE('',#9579,#9580);
#9579 = CARTESIAN_POINT('',(-502.5,-107.5,23.5));
#9580 = VECTOR('',#9581,1.);
#9581 = DIRECTION('',(1.,0.,0.));
#9582 = ORIENTED_EDGE('',*,*,#9583,.T.);
#9583 = EDGE_CURVE('',#9576,#9584,#9586,.T.);
#9584 = VERTEX_POINT('',#9585);
#9585 = CARTESIAN_POINT('',(-499.5,-107.5,24.));
#9586 = LINE('',#9587,#9588);
#9587 = CARTESIAN_POINT('',(-499.5,-107.5,23.5));
#9588 = VECTOR('',#9589,1.);
#9589 = DIRECTION('',(0.,0.,1.));
#9590 = ORIENTED_EDGE('',*,*,#9591,.F.);
#9591 = EDGE_CURVE('',#8875,#9584,#9592,.T.);
#9592 = LINE('',#9593,#9594);
#9593 = CARTESIAN_POINT('',(-502.5,-107.5,24.));
#9594 = VECTOR('',#9595,1.);
#9595 = DIRECTION('',(1.,0.,0.));
#9596 = ORIENTED_EDGE('',*,*,#8882,.F.);
#9597 = PLANE('',#9598);
#9598 = AXIS2_PLACEMENT_3D('',#9599,#9600,#9601);
#9599 = CARTESIAN_POINT('',(-502.5,-107.5,23.5));
#9600 = DIRECTION('',(0.,-1.,0.));
#9601 = DIRECTION('',(0.,0.,1.));
#9602 = ADVANCED_FACE('',(#9603),#9628,.T.);
#9603 = FACE_BOUND('',#9604,.T.);
#9604 = EDGE_LOOP('',(#9605,#9613,#9621,#9627));
#9605 = ORIENTED_EDGE('',*,*,#9606,.T.);
#9606 = EDGE_CURVE('',#8851,#9607,#9609,.T.);
#9607 = VERTEX_POINT('',#9608);
#9608 = CARTESIAN_POINT('',(-510.3,-107.5,30.5001));
#9609 = LINE('',#9610,#9611);
#9610 = CARTESIAN_POINT('',(-510.3,-107.5,24.));
#9611 = VECTOR('',#9612,1.);
#9612 = DIRECTION('',(0.,0.,1.));
#9613 = ORIENTED_EDGE('',*,*,#9614,.T.);
#9614 = EDGE_CURVE('',#9607,#9615,#9617,.T.);
#9615 = VERTEX_POINT('',#9616);
#9616 = CARTESIAN_POINT('',(-512.3,-107.5000000002,30.5001));
#9617 = LINE('',#9618,#9619);
#9618 = CARTESIAN_POINT('',(-510.3,-107.5,30.5001));
#9619 = VECTOR('',#9620,1.);
#9620 = DIRECTION('',(-1.,-1.4849244E-10,0.));
#9621 = ORIENTED_EDGE('',*,*,#9622,.F.);
#9622 = EDGE_CURVE('',#8843,#9615,#9623,.T.);
#9623 = LINE('',#9624,#9625);
#9624 = CARTESIAN_POINT('',(-512.3,-107.5000000002,24.));
#9625 = VECTOR('',#9626,1.);
#9626 = DIRECTION('',(0.,0.,1.));
#9627 = ORIENTED_EDGE('',*,*,#8850,.F.);
#9628 = PLANE('',#9629);
#9629 = AXIS2_PLACEMENT_3D('',#9630,#9631,#9632);
#9630 = CARTESIAN_POINT('',(-510.3,-107.5,24.));
#9631 = DIRECTION('',(1.4849244E-10,-1.,0.));
#9632 = DIRECTION('',(-1.,-1.4849244E-10,0.));
#9633 = ADVANCED_FACE('',(#9634),#9676,.F.);
#9634 = FACE_BOUND('',#9635,.F.);
#9635 = EDGE_LOOP('',(#9636,#9646,#9654,#9663,#9669,#9670));
#9636 = ORIENTED_EDGE('',*,*,#9637,.F.);
#9637 = EDGE_CURVE('',#9638,#9640,#9642,.T.);
#9638 = VERTEX_POINT('',#9639);
#9639 = CARTESIAN_POINT('',(-502.5,-87.5,24.));
#9640 = VERTEX_POINT('',#9641);
#9641 = CARTESIAN_POINT('',(-506.6,-87.5,24.));
#9642 = LINE('',#9643,#9644);
#9643 = CARTESIAN_POINT('',(-502.5,-87.5,24.));
#9644 = VECTOR('',#9645,1.);
#9645 = DIRECTION('',(-1.,0.,0.));
#9646 = ORIENTED_EDGE('',*,*,#9647,.T.);
#9647 = EDGE_CURVE('',#9638,#9648,#9650,.T.);
#9648 = VERTEX_POINT('',#9649);
#9649 = CARTESIAN_POINT('',(-502.5,-95.89142920578,24.));
#9650 = LINE('',#9651,#9652);
#9651 = CARTESIAN_POINT('',(-502.5,-87.5,24.));
#9652 = VECTOR('',#9653,1.);
#9653 = DIRECTION('',(0.,-1.,2.2E-16));
#9654 = ORIENTED_EDGE('',*,*,#9655,.T.);
#9655 = EDGE_CURVE('',#9648,#9656,#9658,.T.);
#9656 = VERTEX_POINT('',#9657);
#9657 = CARTESIAN_POINT('',(-502.5,-99.10857079421,24.));
#9658 = CIRCLE('',#9659,1.7);
#9659 = AXIS2_PLACEMENT_3D('',#9660,#9661,#9662);
#9660 = CARTESIAN_POINT('',(-503.05,-97.5,24.));
#9661 = DIRECTION('',(0.,0.,1.));
#9662 = DIRECTION('',(1.,0.,0.));
#9663 = ORIENTED_EDGE('',*,*,#9664,.T.);
#9664 = EDGE_CURVE('',#9656,#8875,#9665,.T.);
#9665 = LINE('',#9666,#9667);
#9666 = CARTESIAN_POINT('',(-502.5,-87.5,24.));
#9667 = VECTOR('',#9668,1.);
#9668 = DIRECTION('',(0.,-1.,2.2E-16));
#9669 = ORIENTED_EDGE('',*,*,#8874,.T.);
#9670 = ORIENTED_EDGE('',*,*,#9671,.T.);
#9671 = EDGE_CURVE('',#8867,#9640,#9672,.T.);
#9672 = LINE('',#9673,#9674);
#9673 = CARTESIAN_POINT('',(-506.6,-107.5,24.));
#9674 = VECTOR('',#9675,1.);
#9675 = DIRECTION('',(0.,1.,0.));
#9676 = PLANE('',#9677);
#9677 = AXIS2_PLACEMENT_3D('',#9678,#9679,#9680);
#9678 = CARTESIAN_POINT('',(-502.5,-87.5,24.));
#9679 = DIRECTION('',(-0.,-2.2E-16,-1.));
#9680 = DIRECTION('',(-1.,0.,0.));
#9681 = ADVANCED_FACE('',(#9682),#9707,.F.);
#9682 = FACE_BOUND('',#9683,.F.);
#9683 = EDGE_LOOP('',(#9684,#9692,#9693,#9701));
#9684 = ORIENTED_EDGE('',*,*,#9685,.F.);
#9685 = EDGE_CURVE('',#8867,#9686,#9688,.T.);
#9686 = VERTEX_POINT('',#9687);
#9687 = CARTESIAN_POINT('',(-506.6,-107.5,30.0001));
#9688 = LINE('',#9689,#9690);
#9689 = CARTESIAN_POINT('',(-506.6,-107.5,24.));
#9690 = VECTOR('',#9691,1.);
#9691 = DIRECTION('',(0.,0.,1.));
#9692 = ORIENTED_EDGE('',*,*,#8866,.T.);
#9693 = ORIENTED_EDGE('',*,*,#9694,.T.);
#9694 = EDGE_CURVE('',#8859,#9695,#9697,.T.);
#9695 = VERTEX_POINT('',#9696);
#9696 = CARTESIAN_POINT('',(-508.6,-107.5,30.0001));
#9697 = LINE('',#9698,#9699);
#9698 = CARTESIAN_POINT('',(-508.6,-107.5,24.));
#9699 = VECTOR('',#9700,1.);
#9700 = DIRECTION('',(0.,0.,1.));
#9701 = ORIENTED_EDGE('',*,*,#9702,.T.);
#9702 = EDGE_CURVE('',#9695,#9686,#9703,.T.);
#9703 = LINE('',#9704,#9705);
#9704 = CARTESIAN_POINT('',(-508.6,-107.5,30.0001));
#9705 = VECTOR('',#9706,1.);
#9706 = DIRECTION('',(1.,0.,0.));
#9707 = PLANE('',#9708);
#9708 = AXIS2_PLACEMENT_3D('',#9709,#9710,#9711);
#9709 = CARTESIAN_POINT('',(-508.6,-107.5,24.));
#9710 = DIRECTION('',(0.,1.,0.));
#9711 = DIRECTION('',(1.,0.,0.));
#9712 = ADVANCED_FACE('',(#9713),#9752,.T.);
#9713 = FACE_BOUND('',#9714,.F.);
#9714 = EDGE_LOOP('',(#9715,#9716,#9725,#9733));
#9715 = ORIENTED_EDGE('',*,*,#8912,.F.);
#9716 = ORIENTED_EDGE('',*,*,#9717,.T.);
#9717 = EDGE_CURVE('',#8913,#9718,#9720,.T.);
#9718 = VERTEX_POINT('',#9719);
#9719 = CARTESIAN_POINT('',(-522.0001,-107.0001,31.));
#9720 = ELLIPSE('',#9721,0.70696535983,0.4999);
#9721 = AXIS2_PLACEMENT_3D('',#9722,#9723,#9724);
#9722 = CARTESIAN_POINT('',(-522.0001,-107.0001,30.5001));
#9723 = DIRECTION('',(-0.707106781187,0.707106781187,0.));
#9724 = DIRECTION('',(0.707106781187,0.707106781187,0.));
#9725 = ORIENTED_EDGE('',*,*,#9726,.T.);
#9726 = EDGE_CURVE('',#9718,#9727,#9729,.T.);
#9727 = VERTEX_POINT('',#9728);
#9728 = CARTESIAN_POINT('',(-514.4999,-107.0001,31.));
#9729 = LINE('',#9730,#9731);
#9730 = CARTESIAN_POINT('',(-522.5,-107.0001,31.));
#9731 = VECTOR('',#9732,1.);
#9732 = DIRECTION('',(1.,0.,0.));
#9733 = ORIENTED_EDGE('',*,*,#9734,.F.);
#9734 = EDGE_CURVE('',#8915,#9727,#9735,.T.);
#9735 = ( BOUNDED_CURVE() B_SPLINE_CURVE(8,(#9736,#9737,#9738,#9739,
    #9740,#9741,#9742,#9743,#9744,#9745,#9746,#9747,#9748,#9749,#9750,
#9751),.UNSPECIFIED.,.F.,.F.) B_SPLINE_CURVE_WITH_KNOTS((9,7,9),(6.5001,
6.977529218685,7.45495843737),.UNSPECIFIED.) CURVE() 
GEOMETRIC_REPRESENTATION_ITEM() RATIONAL_B_SPLINE_CURVE((1.,1.,1.,1.,1.,
1.,1.,1.,1.,1.,1.,1.,1.,1.,1.,1.)) REPRESENTATION_ITEM('') );
#9736 = CARTESIAN_POINT('',(-514.4,-107.5,30.5001));
#9737 = CARTESIAN_POINT('',(-514.4,-107.5,30.509907614667));
#9738 = CARTESIAN_POINT('',(-514.4028398111,-107.4997778488,
    30.519782486262));
#9739 = CARTESIAN_POINT('',(-514.4087244908,-107.4993356728,
    30.53044894237));
#9740 = CARTESIAN_POINT('',(-514.415846129,-107.4985928983,
    30.545016693381));
#9741 = CARTESIAN_POINT('',(-514.4243294319,-107.4967560644,
    30.561427446855));
#9742 = CARTESIAN_POINT('',(-514.4274253403,-107.4945469714,
    30.590555705666));
#9743 = CARTESIAN_POINT('',(-514.4279780619,-107.4850830016,
    30.632857719408));
#9744 = CARTESIAN_POINT('',(-514.4288378625,-107.4453986999,
    30.733642697808));
#9745 = CARTESIAN_POINT('',(-514.4290992487,-107.4152085355,
    30.792190994014));
#9746 = CARTESIAN_POINT('',(-514.432035755,-107.3708222492,
    30.854150864733));
#9747 = CARTESIAN_POINT('',(-514.440051164,-107.3119225809,
    30.909801921722));
#9748 = CARTESIAN_POINT('',(-514.4523933527,-107.2415421529,
    30.953963713378));
#9749 = CARTESIAN_POINT('',(-514.4671599601,-107.1637531235,
    30.984743764111));
#9750 = CARTESIAN_POINT('',(-514.4835517953,-107.0819064814,31.));
#9751 = CARTESIAN_POINT('',(-514.4999,-107.0001,31.));
#9752 = CYLINDRICAL_SURFACE('',#9753,0.4999);
#9753 = AXIS2_PLACEMENT_3D('',#9754,#9755,#9756);
#9754 = CARTESIAN_POINT('',(-522.5,-107.0001,30.5001));
#9755 = DIRECTION('',(1.,0.,0.));
#9756 = DIRECTION('',(0.,-1.,0.));
#9757 = ADVANCED_FACE('',(#9758),#9777,.T.);
#9758 = FACE_BOUND('',#9759,.T.);
#9759 = EDGE_LOOP('',(#9760,#9761,#9769,#9776));
#9760 = ORIENTED_EDGE('',*,*,#8960,.T.);
#9761 = ORIENTED_EDGE('',*,*,#9762,.T.);
#9762 = EDGE_CURVE('',#8953,#9763,#9765,.T.);
#9763 = VERTEX_POINT('',#9764);
#9764 = CARTESIAN_POINT('',(-514.,-107.1,30.5001));
#9765 = LINE('',#9766,#9767);
#9766 = CARTESIAN_POINT('',(-514.,-107.1,29.5));
#9767 = VECTOR('',#9768,1.);
#9768 = DIRECTION('',(0.,0.,1.));
#9769 = ORIENTED_EDGE('',*,*,#9770,.F.);
#9770 = EDGE_CURVE('',#8915,#9763,#9771,.T.);
#9771 = CIRCLE('',#9772,0.4);
#9772 = AXIS2_PLACEMENT_3D('',#9773,#9774,#9775);
#9773 = CARTESIAN_POINT('',(-514.4,-107.1,30.5001));
#9774 = DIRECTION('',(-0.,0.,1.));
#9775 = DIRECTION('',(0.,-1.,0.));
#9776 = ORIENTED_EDGE('',*,*,#8922,.F.);
#9777 = CYLINDRICAL_SURFACE('',#9778,0.4);
#9778 = AXIS2_PLACEMENT_3D('',#9779,#9780,#9781);
#9779 = CARTESIAN_POINT('',(-514.4,-107.1,29.5));
#9780 = DIRECTION('',(0.,0.,1.));
#9781 = DIRECTION('',(0.,-1.,0.));
#9782 = ADVANCED_FACE('',(#9783),#9801,.F.);
#9783 = FACE_BOUND('',#9784,.F.);
#9784 = EDGE_LOOP('',(#9785,#9786,#9787,#9795));
#9785 = ORIENTED_EDGE('',*,*,#8929,.F.);
#9786 = ORIENTED_EDGE('',*,*,#8986,.F.);
#9787 = ORIENTED_EDGE('',*,*,#9788,.T.);
#9788 = EDGE_CURVE('',#8979,#9789,#9791,.T.);
#9789 = VERTEX_POINT('',#9790);
#9790 = CARTESIAN_POINT('',(-522.5,-87.5,30.5001));
#9791 = LINE('',#9792,#9793);
#9792 = CARTESIAN_POINT('',(-522.5,-87.5,29.5));
#9793 = VECTOR('',#9794,1.);
#9794 = DIRECTION('',(0.,0.,1.));
#9795 = ORIENTED_EDGE('',*,*,#9796,.T.);
#9796 = EDGE_CURVE('',#9789,#8913,#9797,.T.);
#9797 = LINE('',#9798,#9799);
#9798 = CARTESIAN_POINT('',(-522.5,-87.5,30.5001));
#9799 = VECTOR('',#9800,1.);
#9800 = DIRECTION('',(0.,-1.,0.));
#9801 = PLANE('',#9802);
#9802 = AXIS2_PLACEMENT_3D('',#9803,#9804,#9805);
#9803 = CARTESIAN_POINT('',(-522.5,-87.5,29.5));
#9804 = DIRECTION('',(1.,0.,0.));
#9805 = DIRECTION('',(0.,-1.,0.));
#9806 = ADVANCED_FACE('',(#9807),#9825,.F.);
#9807 = FACE_BOUND('',#9808,.F.);
#9808 = EDGE_LOOP('',(#9809,#9817,#9823,#9824));
#9809 = ORIENTED_EDGE('',*,*,#9810,.F.);
#9810 = EDGE_CURVE('',#9811,#8953,#9813,.T.);
#9811 = VERTEX_POINT('',#9812);
#9812 = CARTESIAN_POINT('',(-514.,-87.9,29.5));
#9813 = LINE('',#9814,#9815);
#9814 = CARTESIAN_POINT('',(-514.,-87.5,29.5));
#9815 = VECTOR('',#9816,1.);
#9816 = DIRECTION('',(0.,-1.,2.2E-16));
#9817 = ORIENTED_EDGE('',*,*,#9818,.F.);
#9818 = EDGE_CURVE('',#9259,#9811,#9819,.T.);
#9819 = LINE('',#9820,#9821);
#9820 = CARTESIAN_POINT('',(-514.,-87.9,24.));
#9821 = VECTOR('',#9822,1.);
#9822 = DIRECTION('',(0.,2.2E-16,1.));
#9823 = ORIENTED_EDGE('',*,*,#9258,.T.);
#9824 = ORIENTED_EDGE('',*,*,#8952,.T.);
#9825 = PLANE('',#9826);
#9826 = AXIS2_PLACEMENT_3D('',#9827,#9828,#9829);
#9827 = CARTESIAN_POINT('',(-514.,-87.5,24.));
#9828 = DIRECTION('',(-1.,0.,0.));
#9829 = DIRECTION('',(0.,2.2E-16,1.));
#9830 = ADVANCED_FACE('',(#9831),#9871,.F.);
#9831 = FACE_BOUND('',#9832,.F.);
#9832 = EDGE_LOOP('',(#9833,#9841,#9842,#9843,#9849,#9850,#9856,#9857,
    #9863,#9864,#9865));
#9833 = ORIENTED_EDGE('',*,*,#9834,.T.);
#9834 = EDGE_CURVE('',#9835,#8979,#9837,.T.);
#9835 = VERTEX_POINT('',#9836);
#9836 = CARTESIAN_POINT('',(-514.4,-87.5,29.5));
#9837 = LINE('',#9838,#9839);
#9838 = CARTESIAN_POINT('',(-502.5,-87.5,29.5));
#9839 = VECTOR('',#9840,1.);
#9840 = DIRECTION('',(-1.,0.,0.));
#9841 = ORIENTED_EDGE('',*,*,#8976,.F.);
#9842 = ORIENTED_EDGE('',*,*,#9550,.F.);
#9843 = ORIENTED_EDGE('',*,*,#9844,.T.);
#9844 = EDGE_CURVE('',#9543,#9638,#9845,.T.);
#9845 = LINE('',#9846,#9847);
#9846 = CARTESIAN_POINT('',(-502.5,-87.5,23.5));
#9847 = VECTOR('',#9848,1.);
#9848 = DIRECTION('',(0.,0.,1.));
#9849 = ORIENTED_EDGE('',*,*,#9637,.T.);
#9850 = ORIENTED_EDGE('',*,*,#9851,.T.);
#9851 = EDGE_CURVE('',#9640,#9018,#9852,.T.);
#9852 = LINE('',#9853,#9854);
#9853 = CARTESIAN_POINT('',(-502.5,-87.5,24.));
#9854 = VECTOR('',#9855,1.);
#9855 = DIRECTION('',(-1.,0.,0.));
#9856 = ORIENTED_EDGE('',*,*,#9017,.T.);
#9857 = ORIENTED_EDGE('',*,*,#9858,.T.);
#9858 = EDGE_CURVE('',#9008,#9284,#9859,.T.);
#9859 = LINE('',#9860,#9861);
#9860 = CARTESIAN_POINT('',(-502.5,-87.5,24.));
#9861 = VECTOR('',#9862,1.);
#9862 = DIRECTION('',(-1.,0.,0.));
#9863 = ORIENTED_EDGE('',*,*,#9283,.T.);
#9864 = ORIENTED_EDGE('',*,*,#9275,.T.);
#9865 = ORIENTED_EDGE('',*,*,#9866,.T.);
#9866 = EDGE_CURVE('',#9267,#9835,#9867,.T.);
#9867 = LINE('',#9868,#9869);
#9868 = CARTESIAN_POINT('',(-514.4,-87.5,24.));
#9869 = VECTOR('',#9870,1.);
#9870 = DIRECTION('',(0.,2.2E-16,1.));
#9871 = PLANE('',#9872);
#9872 = AXIS2_PLACEMENT_3D('',#9873,#9874,#9875);
#9873 = CARTESIAN_POINT('',(-502.5,-87.5,23.5));
#9874 = DIRECTION('',(0.,-1.,0.));
#9875 = DIRECTION('',(-1.,0.,0.));
#9876 = ADVANCED_FACE('',(#9877),#9902,.T.);
#9877 = FACE_BOUND('',#9878,.T.);
#9878 = EDGE_LOOP('',(#9879,#9889,#9895,#9896));
#9879 = ORIENTED_EDGE('',*,*,#9880,.T.);
#9880 = EDGE_CURVE('',#9881,#9883,#9885,.T.);
#9881 = VERTEX_POINT('',#9882);
#9882 = CARTESIAN_POINT('',(-510.3,-87.5,30.5001));
#9883 = VERTEX_POINT('',#9884);
#9884 = CARTESIAN_POINT('',(-510.3,-95.10000000024,30.5001));
#9885 = LINE('',#9886,#9887);
#9886 = CARTESIAN_POINT('',(-510.3,-87.5,30.5001));
#9887 = VECTOR('',#9888,1.);
#9888 = DIRECTION('',(0.,-1.,0.));
#9889 = ORIENTED_EDGE('',*,*,#9890,.F.);
#9890 = EDGE_CURVE('',#9010,#9883,#9891,.T.);
#9891 = LINE('',#9892,#9893);
#9892 = CARTESIAN_POINT('',(-510.3,-95.10000000024,24.));
#9893 = VECTOR('',#9894,1.);
#9894 = DIRECTION('',(0.,0.,1.));
#9895 = ORIENTED_EDGE('',*,*,#9007,.F.);
#9896 = ORIENTED_EDGE('',*,*,#9897,.T.);
#9897 = EDGE_CURVE('',#9008,#9881,#9898,.T.);
#9898 = LINE('',#9899,#9900);
#9899 = CARTESIAN_POINT('',(-510.3,-87.5,24.));
#9900 = VECTOR('',#9901,1.);
#9901 = DIRECTION('',(0.,0.,1.));
#9902 = PLANE('',#9903);
#9903 = AXIS2_PLACEMENT_3D('',#9904,#9905,#9906);
#9904 = CARTESIAN_POINT('',(-510.3,-87.5,24.));
#9905 = DIRECTION('',(1.,0.,0.));
#9906 = DIRECTION('',(0.,-1.,0.));
#9907 = ADVANCED_FACE('',(#9908),#9927,.T.);
#9908 = FACE_BOUND('',#9909,.F.);
#9909 = EDGE_LOOP('',(#9910,#9911,#9919,#9926));
#9910 = ORIENTED_EDGE('',*,*,#9508,.T.);
#9911 = ORIENTED_EDGE('',*,*,#9912,.T.);
#9912 = EDGE_CURVE('',#9501,#9913,#9915,.T.);
#9913 = VERTEX_POINT('',#9914);
#9914 = CARTESIAN_POINT('',(-510.7,-95.50000000024,30.5001));
#9915 = LINE('',#9916,#9917);
#9916 = CARTESIAN_POINT('',(-510.7,-95.50000000024,24.));
#9917 = VECTOR('',#9918,1.);
#9918 = DIRECTION('',(0.,0.,1.));
#9919 = ORIENTED_EDGE('',*,*,#9920,.F.);
#9920 = EDGE_CURVE('',#9883,#9913,#9921,.T.);
#9921 = CIRCLE('',#9922,0.4);
#9922 = AXIS2_PLACEMENT_3D('',#9923,#9924,#9925);
#9923 = CARTESIAN_POINT('',(-510.7,-95.10000000024,30.5001));
#9924 = DIRECTION('',(0.,0.,-1.));
#9925 = DIRECTION('',(1.,0.,0.));
#9926 = ORIENTED_EDGE('',*,*,#9890,.F.);
#9927 = CYLINDRICAL_SURFACE('',#9928,0.4);
#9928 = AXIS2_PLACEMENT_3D('',#9929,#9930,#9931);
#9929 = CARTESIAN_POINT('',(-510.7,-95.10000000024,24.));
#9930 = DIRECTION('',(0.,0.,1.));
#9931 = DIRECTION('',(1.,0.,-0.));
#9932 = ADVANCED_FACE('',(#9933),#9951,.T.);
#9933 = FACE_BOUND('',#9934,.T.);
#9934 = EDGE_LOOP('',(#9935,#9943,#9949,#9950));
#9935 = ORIENTED_EDGE('',*,*,#9936,.T.);
#9936 = EDGE_CURVE('',#9913,#9937,#9939,.T.);
#9937 = VERTEX_POINT('',#9938);
#9938 = CARTESIAN_POINT('',(-511.9,-95.50000000024,30.5001));
#9939 = LINE('',#9940,#9941);
#9940 = CARTESIAN_POINT('',(-510.3,-95.50000000024,30.5001));
#9941 = VECTOR('',#9942,1.);
#9942 = DIRECTION('',(-1.,0.,0.));
#9943 = ORIENTED_EDGE('',*,*,#9944,.F.);
#9944 = EDGE_CURVE('',#9492,#9937,#9945,.T.);
#9945 = LINE('',#9946,#9947);
#9946 = CARTESIAN_POINT('',(-511.9,-95.50000000024,24.));
#9947 = VECTOR('',#9948,1.);
#9948 = DIRECTION('',(0.,0.,1.));
#9949 = ORIENTED_EDGE('',*,*,#9500,.F.);
#9950 = ORIENTED_EDGE('',*,*,#9912,.T.);
#9951 = PLANE('',#9952);
#9952 = AXIS2_PLACEMENT_3D('',#9953,#9954,#9955);
#9953 = CARTESIAN_POINT('',(-510.3,-95.50000000024,24.));
#9954 = DIRECTION('',(0.,-1.,0.));
#9955 = DIRECTION('',(-1.,0.,0.));
#9956 = ADVANCED_FACE('',(#9957),#9975,.F.);
#9957 = FACE_BOUND('',#9958,.F.);
#9958 = EDGE_LOOP('',(#9959,#9960,#9961,#9969));
#9959 = ORIENTED_EDGE('',*,*,#9694,.F.);
#9960 = ORIENTED_EDGE('',*,*,#9025,.F.);
#9961 = ORIENTED_EDGE('',*,*,#9962,.T.);
#9962 = EDGE_CURVE('',#9018,#9963,#9965,.T.);
#9963 = VERTEX_POINT('',#9964);
#9964 = CARTESIAN_POINT('',(-508.6,-87.5,30.0001));
#9965 = LINE('',#9966,#9967);
#9966 = CARTESIAN_POINT('',(-508.6,-87.5,24.));
#9967 = VECTOR('',#9968,1.);
#9968 = DIRECTION('',(0.,0.,1.));
#9969 = ORIENTED_EDGE('',*,*,#9970,.T.);
#9970 = EDGE_CURVE('',#9963,#9695,#9971,.T.);
#9971 = LINE('',#9972,#9973);
#9972 = CARTESIAN_POINT('',(-508.6,-87.5,30.0001));
#9973 = VECTOR('',#9974,1.);
#9974 = DIRECTION('',(0.,-1.,0.));
#9975 = PLANE('',#9976);
#9976 = AXIS2_PLACEMENT_3D('',#9977,#9978,#9979);
#9977 = CARTESIAN_POINT('',(-508.6,-87.5,24.));
#9978 = DIRECTION('',(1.,0.,0.));
#9979 = DIRECTION('',(0.,-1.,0.));
#9980 = ADVANCED_FACE('',(#9981),#10000,.T.);
#9981 = FACE_BOUND('',#9982,.F.);
#9982 = EDGE_LOOP('',(#9983,#9984,#9992,#9999));
#9983 = ORIENTED_EDGE('',*,*,#9491,.T.);
#9984 = ORIENTED_EDGE('',*,*,#9985,.T.);
#9985 = EDGE_CURVE('',#9484,#9986,#9988,.T.);
#9986 = VERTEX_POINT('',#9987);
#9987 = CARTESIAN_POINT('',(-512.3,-95.10000000024,30.5001));
#9988 = LINE('',#9989,#9990);
#9989 = CARTESIAN_POINT('',(-512.3,-95.10000000024,24.));
#9990 = VECTOR('',#9991,1.);
#9991 = DIRECTION('',(0.,0.,1.));
#9992 = ORIENTED_EDGE('',*,*,#9993,.F.);
#9993 = EDGE_CURVE('',#9937,#9986,#9994,.T.);
#9994 = CIRCLE('',#9995,0.4);
#9995 = AXIS2_PLACEMENT_3D('',#9996,#9997,#9998);
#9996 = CARTESIAN_POINT('',(-511.9,-95.10000000024,30.5001));
#9997 = DIRECTION('',(-0.,-0.,-1.));
#9998 = DIRECTION('',(0.,-1.,0.));
#9999 = ORIENTED_EDGE('',*,*,#9944,.F.);
#10000 = CYLINDRICAL_SURFACE('',#10001,0.4);
#10001 = AXIS2_PLACEMENT_3D('',#10002,#10003,#10004);
#10002 = CARTESIAN_POINT('',(-511.9,-95.10000000024,24.));
#10003 = DIRECTION('',(0.,0.,1.));
#10004 = DIRECTION('',(0.,-1.,0.));
#10005 = ADVANCED_FACE('',(#10006),#10024,.F.);
#10006 = FACE_BOUND('',#10007,.F.);
#10007 = EDGE_LOOP('',(#10008,#10016,#10017,#10018));
#10008 = ORIENTED_EDGE('',*,*,#10009,.T.);
#10009 = EDGE_CURVE('',#10010,#9986,#10012,.T.);
#10010 = VERTEX_POINT('',#10011);
#10011 = CARTESIAN_POINT('',(-512.3,-94.50000000023,30.5001));
#10012 = LINE('',#10013,#10014);
#10013 = CARTESIAN_POINT('',(-512.3,-94.50000000023,30.5001));
#10014 = VECTOR('',#10015,1.);
#10015 = DIRECTION('',(0.,-1.,0.));
#10016 = ORIENTED_EDGE('',*,*,#9985,.F.);
#10017 = ORIENTED_EDGE('',*,*,#9483,.F.);
#10018 = ORIENTED_EDGE('',*,*,#10019,.T.);
#10019 = EDGE_CURVE('',#9476,#10010,#10020,.T.);
#10020 = LINE('',#10021,#10022);
#10021 = CARTESIAN_POINT('',(-512.3,-94.50000000023,24.));
#10022 = VECTOR('',#10023,1.);
#10023 = DIRECTION('',(0.,0.,1.));
#10024 = PLANE('',#10025);
#10025 = AXIS2_PLACEMENT_3D('',#10026,#10027,#10028);
#10026 = CARTESIAN_POINT('',(-512.3,-94.50000000023,24.));
#10027 = DIRECTION('',(1.,0.,0.));
#10028 = DIRECTION('',(0.,-1.,0.));
#10029 = ADVANCED_FACE('',(#10030),#10048,.T.);
#10030 = FACE_BOUND('',#10031,.T.);
#10031 = EDGE_LOOP('',(#10032,#10040,#10041,#10042));
#10032 = ORIENTED_EDGE('',*,*,#10033,.T.);
#10033 = EDGE_CURVE('',#10034,#9607,#10036,.T.);
#10034 = VERTEX_POINT('',#10035);
#10035 = CARTESIAN_POINT('',(-510.3,-99.90000000032,30.5001));
#10036 = LINE('',#10037,#10038);
#10037 = CARTESIAN_POINT('',(-510.3,-99.50000000032,30.5001));
#10038 = VECTOR('',#10039,1.);
#10039 = DIRECTION('',(0.,-1.,0.));
#10040 = ORIENTED_EDGE('',*,*,#9606,.F.);
#10041 = ORIENTED_EDGE('',*,*,#9032,.F.);
#10042 = ORIENTED_EDGE('',*,*,#10043,.T.);
#10043 = EDGE_CURVE('',#9033,#10034,#10044,.T.);
#10044 = LINE('',#10045,#10046);
#10045 = CARTESIAN_POINT('',(-510.3,-99.90000000032,24.));
#10046 = VECTOR('',#10047,1.);
#10047 = DIRECTION('',(0.,0.,1.));
#10048 = PLANE('',#10049);
#10049 = AXIS2_PLACEMENT_3D('',#10050,#10051,#10052);
#10050 = CARTESIAN_POINT('',(-510.3,-99.50000000032,24.));
#10051 = DIRECTION('',(1.,0.,0.));
#10052 = DIRECTION('',(0.,-1.,0.));
#10053 = ADVANCED_FACE('',(#10054),#10072,.F.);
#10054 = FACE_BOUND('',#10055,.F.);
#10055 = EDGE_LOOP('',(#10056,#10064,#10065,#10066));
#10056 = ORIENTED_EDGE('',*,*,#10057,.T.);
#10057 = EDGE_CURVE('',#10058,#10010,#10060,.T.);
#10058 = VERTEX_POINT('',#10059);
#10059 = CARTESIAN_POINT('',(-512.9,-94.50000000023,30.5001));
#10060 = LINE('',#10061,#10062);
#10061 = CARTESIAN_POINT('',(-513.3,-94.50000000023,30.5001));
#10062 = VECTOR('',#10063,1.);
#10063 = DIRECTION('',(1.,0.,0.));
#10064 = ORIENTED_EDGE('',*,*,#10019,.F.);
#10065 = ORIENTED_EDGE('',*,*,#9475,.F.);
#10066 = ORIENTED_EDGE('',*,*,#10067,.T.);
#10067 = EDGE_CURVE('',#9467,#10058,#10068,.T.);
#10068 = LINE('',#10069,#10070);
#10069 = CARTESIAN_POINT('',(-512.9,-94.50000000023,24.));
#10070 = VECTOR('',#10071,1.);
#10071 = DIRECTION('',(0.,0.,1.));
#10072 = PLANE('',#10073);
#10073 = AXIS2_PLACEMENT_3D('',#10074,#10075,#10076);
#10074 = CARTESIAN_POINT('',(-513.3,-94.50000000023,24.));
#10075 = DIRECTION('',(0.,1.,0.));
#10076 = DIRECTION('',(1.,0.,0.));
#10077 = ADVANCED_FACE('',(#10078),#10097,.T.);
#10078 = FACE_BOUND('',#10079,.F.);
#10079 = EDGE_LOOP('',(#10080,#10081,#10082,#10091));
#10080 = ORIENTED_EDGE('',*,*,#9040,.T.);
#10081 = ORIENTED_EDGE('',*,*,#10043,.T.);
#10082 = ORIENTED_EDGE('',*,*,#10083,.F.);
#10083 = EDGE_CURVE('',#10084,#10034,#10086,.T.);
#10084 = VERTEX_POINT('',#10085);
#10085 = CARTESIAN_POINT('',(-510.7,-99.50000000032,30.5001));
#10086 = CIRCLE('',#10087,0.4);
#10087 = AXIS2_PLACEMENT_3D('',#10088,#10089,#10090);
#10088 = CARTESIAN_POINT('',(-510.7,-99.90000000032,30.5001));
#10089 = DIRECTION('',(0.,0.,-1.));
#10090 = DIRECTION('',(0.,1.,0.));
#10091 = ORIENTED_EDGE('',*,*,#10092,.F.);
#10092 = EDGE_CURVE('',#9041,#10084,#10093,.T.);
#10093 = LINE('',#10094,#10095);
#10094 = CARTESIAN_POINT('',(-510.7,-99.50000000032,24.));
#10095 = VECTOR('',#10096,1.);
#10096 = DIRECTION('',(0.,0.,1.));
#10097 = CYLINDRICAL_SURFACE('',#10098,0.4);
#10098 = AXIS2_PLACEMENT_3D('',#10099,#10100,#10101);
#10099 = CARTESIAN_POINT('',(-510.7,-99.90000000032,24.));
#10100 = DIRECTION('',(0.,0.,1.));
#10101 = DIRECTION('',(0.,1.,0.));
#10102 = ADVANCED_FACE('',(#10103),#10122,.T.);
#10103 = FACE_BOUND('',#10104,.F.);
#10104 = EDGE_LOOP('',(#10105,#10106,#10114,#10121));
#10105 = ORIENTED_EDGE('',*,*,#9466,.T.);
#10106 = ORIENTED_EDGE('',*,*,#10107,.T.);
#10107 = EDGE_CURVE('',#9459,#10108,#10110,.T.);
#10108 = VERTEX_POINT('',#10109);
#10109 = CARTESIAN_POINT('',(-513.3,-94.10000000023,30.5001));
#10110 = LINE('',#10111,#10112);
#10111 = CARTESIAN_POINT('',(-513.3,-94.10000000023,24.));
#10112 = VECTOR('',#10113,1.);
#10113 = DIRECTION('',(0.,0.,1.));
#10114 = ORIENTED_EDGE('',*,*,#10115,.F.);
#10115 = EDGE_CURVE('',#10058,#10108,#10116,.T.);
#10116 = CIRCLE('',#10117,0.4);
#10117 = AXIS2_PLACEMENT_3D('',#10118,#10119,#10120);
#10118 = CARTESIAN_POINT('',(-512.9,-94.10000000023,30.5001));
#10119 = DIRECTION('',(-0.,-0.,-1.));
#10120 = DIRECTION('',(0.,-1.,0.));
#10121 = ORIENTED_EDGE('',*,*,#10067,.F.);
#10122 = CYLINDRICAL_SURFACE('',#10123,0.4);
#10123 = AXIS2_PLACEMENT_3D('',#10124,#10125,#10126);
#10124 = CARTESIAN_POINT('',(-512.9,-94.10000000023,24.));
#10125 = DIRECTION('',(0.,0.,1.));
#10126 = DIRECTION('',(0.,-1.,0.));
#10127 = ADVANCED_FACE('',(#10128),#10146,.T.);
#10128 = FACE_BOUND('',#10129,.T.);
#10129 = EDGE_LOOP('',(#10130,#10138,#10139,#10140));
#10130 = ORIENTED_EDGE('',*,*,#10131,.F.);
#10131 = EDGE_CURVE('',#10084,#10132,#10134,.T.);
#10132 = VERTEX_POINT('',#10133);
#10133 = CARTESIAN_POINT('',(-512.3,-99.50000000032,30.5001));
#10134 = LINE('',#10135,#10136);
#10135 = CARTESIAN_POINT('',(-510.3,-99.50000000032,30.5001));
#10136 = VECTOR('',#10137,1.);
#10137 = DIRECTION('',(-1.,-0.,-0.));
#10138 = ORIENTED_EDGE('',*,*,#10092,.F.);
#10139 = ORIENTED_EDGE('',*,*,#9049,.F.);
#10140 = ORIENTED_EDGE('',*,*,#10141,.T.);
#10141 = EDGE_CURVE('',#9050,#10132,#10142,.T.);
#10142 = LINE('',#10143,#10144);
#10143 = CARTESIAN_POINT('',(-512.3,-99.50000000032,24.));
#10144 = VECTOR('',#10145,1.);
#10145 = DIRECTION('',(0.,0.,1.));
#10146 = PLANE('',#10147);
#10147 = AXIS2_PLACEMENT_3D('',#10148,#10149,#10150);
#10148 = CARTESIAN_POINT('',(-512.3,-99.50000000032,24.));
#10149 = DIRECTION('',(0.,1.,0.));
#10150 = DIRECTION('',(1.,0.,0.));
#10151 = ADVANCED_FACE('',(#10152),#10170,.F.);
#10152 = FACE_BOUND('',#10153,.F.);
#10153 = EDGE_LOOP('',(#10154,#10162,#10163,#10164));
#10154 = ORIENTED_EDGE('',*,*,#10155,.T.);
#10155 = EDGE_CURVE('',#10156,#10108,#10158,.T.);
#10156 = VERTEX_POINT('',#10157);
#10157 = CARTESIAN_POINT('',(-513.3,-93.90000000021,30.5001));
#10158 = LINE('',#10159,#10160);
#10159 = CARTESIAN_POINT('',(-513.3,-93.50000000021,30.5001));
#10160 = VECTOR('',#10161,1.);
#10161 = DIRECTION('',(0.,-1.,0.));
#10162 = ORIENTED_EDGE('',*,*,#10107,.F.);
#10163 = ORIENTED_EDGE('',*,*,#9458,.F.);
#10164 = ORIENTED_EDGE('',*,*,#10165,.T.);
#10165 = EDGE_CURVE('',#9450,#10156,#10166,.T.);
#10166 = LINE('',#10167,#10168);
#10167 = CARTESIAN_POINT('',(-513.3,-93.90000000021,24.));
#10168 = VECTOR('',#10169,1.);
#10169 = DIRECTION('',(0.,0.,1.));
#10170 = PLANE('',#10171);
#10171 = AXIS2_PLACEMENT_3D('',#10172,#10173,#10174);
#10172 = CARTESIAN_POINT('',(-513.3,-93.50000000021,24.));
#10173 = DIRECTION('',(1.,0.,0.));
#10174 = DIRECTION('',(0.,-1.,0.));
#10175 = ADVANCED_FACE('',(#10176),#10194,.F.);
#10176 = FACE_BOUND('',#10177,.F.);
#10177 = EDGE_LOOP('',(#10178,#10186,#10192,#10193));
#10178 = ORIENTED_EDGE('',*,*,#10179,.T.);
#10179 = EDGE_CURVE('',#10132,#10180,#10182,.T.);
#10180 = VERTEX_POINT('',#10181);
#10181 = CARTESIAN_POINT('',(-512.9,-99.50000000032,30.5001));
#10182 = LINE('',#10183,#10184);
#10183 = CARTESIAN_POINT('',(-512.3,-99.50000000032,30.5001));
#10184 = VECTOR('',#10185,1.);
#10185 = DIRECTION('',(-1.,0.,0.));
#10186 = ORIENTED_EDGE('',*,*,#10187,.F.);
#10187 = EDGE_CURVE('',#9058,#10180,#10188,.T.);
#10188 = LINE('',#10189,#10190);
#10189 = CARTESIAN_POINT('',(-512.9,-99.50000000032,24.));
#10190 = VECTOR('',#10191,1.);
#10191 = DIRECTION('',(0.,0.,1.));
#10192 = ORIENTED_EDGE('',*,*,#9057,.F.);
#10193 = ORIENTED_EDGE('',*,*,#10141,.T.);
#10194 = PLANE('',#10195);
#10195 = AXIS2_PLACEMENT_3D('',#10196,#10197,#10198);
#10196 = CARTESIAN_POINT('',(-512.3,-99.50000000032,24.));
#10197 = DIRECTION('',(0.,-1.,0.));
#10198 = DIRECTION('',(-1.,0.,0.));
#10199 = ADVANCED_FACE('',(#10200),#10219,.T.);
#10200 = FACE_BOUND('',#10201,.F.);
#10201 = EDGE_LOOP('',(#10202,#10203,#10211,#10218));
#10202 = ORIENTED_EDGE('',*,*,#9449,.T.);
#10203 = ORIENTED_EDGE('',*,*,#10204,.T.);
#10204 = EDGE_CURVE('',#9442,#10205,#10207,.T.);
#10205 = VERTEX_POINT('',#10206);
#10206 = CARTESIAN_POINT('',(-512.9,-93.50000000021,30.5001));
#10207 = LINE('',#10208,#10209);
#10208 = CARTESIAN_POINT('',(-512.9,-93.50000000021,24.));
#10209 = VECTOR('',#10210,1.);
#10210 = DIRECTION('',(0.,0.,1.));
#10211 = ORIENTED_EDGE('',*,*,#10212,.F.);
#10212 = EDGE_CURVE('',#10156,#10205,#10213,.T.);
#10213 = CIRCLE('',#10214,0.4);
#10214 = AXIS2_PLACEMENT_3D('',#10215,#10216,#10217);
#10215 = CARTESIAN_POINT('',(-512.9,-93.90000000021,30.5001));
#10216 = DIRECTION('',(0.,0.,-1.));
#10217 = DIRECTION('',(-1.,0.,0.));
#10218 = ORIENTED_EDGE('',*,*,#10165,.F.);
#10219 = CYLINDRICAL_SURFACE('',#10220,0.4);
#10220 = AXIS2_PLACEMENT_3D('',#10221,#10222,#10223);
#10221 = CARTESIAN_POINT('',(-512.9,-93.90000000021,24.));
#10222 = DIRECTION('',(0.,0.,1.));
#10223 = DIRECTION('',(-1.,0.,0.));
#10224 = ADVANCED_FACE('',(#10225),#10244,.T.);
#10225 = FACE_BOUND('',#10226,.F.);
#10226 = EDGE_LOOP('',(#10227,#10228,#10229,#10238));
#10227 = ORIENTED_EDGE('',*,*,#9065,.T.);
#10228 = ORIENTED_EDGE('',*,*,#10187,.T.);
#10229 = ORIENTED_EDGE('',*,*,#10230,.F.);
#10230 = EDGE_CURVE('',#10231,#10180,#10233,.T.);
#10231 = VERTEX_POINT('',#10232);
#10232 = CARTESIAN_POINT('',(-513.3,-99.90000000032,30.5001));
#10233 = CIRCLE('',#10234,0.4);
#10234 = AXIS2_PLACEMENT_3D('',#10235,#10236,#10237);
#10235 = CARTESIAN_POINT('',(-512.9,-99.90000000032,30.5001));
#10236 = DIRECTION('',(0.,0.,-1.));
#10237 = DIRECTION('',(-1.,0.,0.));
#10238 = ORIENTED_EDGE('',*,*,#10239,.F.);
#10239 = EDGE_CURVE('',#9066,#10231,#10240,.T.);
#10240 = LINE('',#10241,#10242);
#10241 = CARTESIAN_POINT('',(-513.3,-99.90000000032,24.));
#10242 = VECTOR('',#10243,1.);
#10243 = DIRECTION('',(0.,0.,1.));
#10244 = CYLINDRICAL_SURFACE('',#10245,0.4);
#10245 = AXIS2_PLACEMENT_3D('',#10246,#10247,#10248);
#10246 = CARTESIAN_POINT('',(-512.9,-99.90000000032,24.));
#10247 = DIRECTION('',(0.,0.,1.));
#10248 = DIRECTION('',(-1.,0.,0.));
#10249 = ADVANCED_FACE('',(#10250),#10268,.F.);
#10250 = FACE_BOUND('',#10251,.F.);
#10251 = EDGE_LOOP('',(#10252,#10260,#10261,#10262));
#10252 = ORIENTED_EDGE('',*,*,#10253,.T.);
#10253 = EDGE_CURVE('',#10254,#10205,#10256,.T.);
#10254 = VERTEX_POINT('',#10255);
#10255 = CARTESIAN_POINT('',(-512.3,-93.50000000021,30.5001));
#10256 = LINE('',#10257,#10258);
#10257 = CARTESIAN_POINT('',(-512.3,-93.50000000021,30.5001));
#10258 = VECTOR('',#10259,1.);
#10259 = DIRECTION('',(-1.,0.,0.));
#10260 = ORIENTED_EDGE('',*,*,#10204,.F.);
#10261 = ORIENTED_EDGE('',*,*,#9441,.F.);
#10262 = ORIENTED_EDGE('',*,*,#10263,.T.);
#10263 = EDGE_CURVE('',#9434,#10254,#10264,.T.);
#10264 = LINE('',#10265,#10266);
#10265 = CARTESIAN_POINT('',(-512.3,-93.50000000021,24.));
#10266 = VECTOR('',#10267,1.);
#10267 = DIRECTION('',(0.,0.,1.));
#10268 = PLANE('',#10269);
#10269 = AXIS2_PLACEMENT_3D('',#10270,#10271,#10272);
#10270 = CARTESIAN_POINT('',(-512.3,-93.50000000021,24.));
#10271 = DIRECTION('',(0.,-1.,0.));
#10272 = DIRECTION('',(-1.,0.,0.));
#10273 = ADVANCED_FACE('',(#10274),#10292,.F.);
#10274 = FACE_BOUND('',#10275,.F.);
#10275 = EDGE_LOOP('',(#10276,#10284,#10290,#10291));
#10276 = ORIENTED_EDGE('',*,*,#10277,.T.);
#10277 = EDGE_CURVE('',#10231,#10278,#10280,.T.);
#10278 = VERTEX_POINT('',#10279);
#10279 = CARTESIAN_POINT('',(-513.3,-100.1000000003,30.5001));
#10280 = LINE('',#10281,#10282);
#10281 = CARTESIAN_POINT('',(-513.3,-99.50000000032,30.5001));
#10282 = VECTOR('',#10283,1.);
#10283 = DIRECTION('',(0.,-1.,0.));
#10284 = ORIENTED_EDGE('',*,*,#10285,.F.);
#10285 = EDGE_CURVE('',#9075,#10278,#10286,.T.);
#10286 = LINE('',#10287,#10288);
#10287 = CARTESIAN_POINT('',(-513.3,-100.1000000003,24.));
#10288 = VECTOR('',#10289,1.);
#10289 = DIRECTION('',(0.,0.,1.));
#10290 = ORIENTED_EDGE('',*,*,#9074,.F.);
#10291 = ORIENTED_EDGE('',*,*,#10239,.T.);
#10292 = PLANE('',#10293);
#10293 = AXIS2_PLACEMENT_3D('',#10294,#10295,#10296);
#10294 = CARTESIAN_POINT('',(-513.3,-99.50000000032,24.));
#10295 = DIRECTION('',(1.,0.,0.));
#10296 = DIRECTION('',(0.,-1.,0.));
#10297 = ADVANCED_FACE('',(#10298),#10316,.F.);
#10298 = FACE_BOUND('',#10299,.F.);
#10299 = EDGE_LOOP('',(#10300,#10308,#10314,#10315));
#10300 = ORIENTED_EDGE('',*,*,#10301,.T.);
#10301 = EDGE_CURVE('',#9426,#10302,#10304,.T.);
#10302 = VERTEX_POINT('',#10303);
#10303 = CARTESIAN_POINT('',(-512.3,-92.50000000019,30.5001));
#10304 = LINE('',#10305,#10306);
#10305 = CARTESIAN_POINT('',(-512.3,-92.50000000019,24.));
#10306 = VECTOR('',#10307,1.);
#10307 = DIRECTION('',(0.,0.,1.));
#10308 = ORIENTED_EDGE('',*,*,#10309,.T.);
#10309 = EDGE_CURVE('',#10302,#10254,#10310,.T.);
#10310 = LINE('',#10311,#10312);
#10311 = CARTESIAN_POINT('',(-512.3,-92.50000000019,30.5001));
#10312 = VECTOR('',#10313,1.);
#10313 = DIRECTION('',(0.,-1.,0.));
#10314 = ORIENTED_EDGE('',*,*,#10263,.F.);
#10315 = ORIENTED_EDGE('',*,*,#9433,.F.);
#10316 = PLANE('',#10317);
#10317 = AXIS2_PLACEMENT_3D('',#10318,#10319,#10320);
#10318 = CARTESIAN_POINT('',(-512.3,-92.50000000019,24.));
#10319 = DIRECTION('',(1.,0.,0.));
#10320 = DIRECTION('',(0.,-1.,0.));
#10321 = ADVANCED_FACE('',(#10322),#10341,.T.);
#10322 = FACE_BOUND('',#10323,.F.);
#10323 = EDGE_LOOP('',(#10324,#10325,#10326,#10335));
#10324 = ORIENTED_EDGE('',*,*,#9082,.T.);
#10325 = ORIENTED_EDGE('',*,*,#10285,.T.);
#10326 = ORIENTED_EDGE('',*,*,#10327,.F.);
#10327 = EDGE_CURVE('',#10328,#10278,#10330,.T.);
#10328 = VERTEX_POINT('',#10329);
#10329 = CARTESIAN_POINT('',(-512.9,-100.5000000003,30.5001));
#10330 = CIRCLE('',#10331,0.4);
#10331 = AXIS2_PLACEMENT_3D('',#10332,#10333,#10334);
#10332 = CARTESIAN_POINT('',(-512.9,-100.1000000003,30.5001));
#10333 = DIRECTION('',(-0.,-0.,-1.));
#10334 = DIRECTION('',(0.,-1.,0.));
#10335 = ORIENTED_EDGE('',*,*,#10336,.F.);
#10336 = EDGE_CURVE('',#9083,#10328,#10337,.T.);
#10337 = LINE('',#10338,#10339);
#10338 = CARTESIAN_POINT('',(-512.9,-100.5000000003,24.));
#10339 = VECTOR('',#10340,1.);
#10340 = DIRECTION('',(0.,0.,1.));
#10341 = CYLINDRICAL_SURFACE('',#10342,0.4);
#10342 = AXIS2_PLACEMENT_3D('',#10343,#10344,#10345);
#10343 = CARTESIAN_POINT('',(-512.9,-100.1000000003,24.));
#10344 = DIRECTION('',(0.,0.,1.));
#10345 = DIRECTION('',(0.,-1.,0.));
#10346 = ADVANCED_FACE('',(#10347),#10365,.F.);
#10347 = FACE_BOUND('',#10348,.F.);
#10348 = EDGE_LOOP('',(#10349,#10357,#10358,#10359));
#10349 = ORIENTED_EDGE('',*,*,#10350,.T.);
#10350 = EDGE_CURVE('',#10351,#10302,#10353,.T.);
#10351 = VERTEX_POINT('',#10352);
#10352 = CARTESIAN_POINT('',(-512.9,-92.50000000019,30.5001));
#10353 = LINE('',#10354,#10355);
#10354 = CARTESIAN_POINT('',(-513.3,-92.50000000019,30.5001));
#10355 = VECTOR('',#10356,1.);
#10356 = DIRECTION('',(1.,0.,0.));
#10357 = ORIENTED_EDGE('',*,*,#10301,.F.);
#10358 = ORIENTED_EDGE('',*,*,#9425,.F.);
#10359 = ORIENTED_EDGE('',*,*,#10360,.T.);
#10360 = EDGE_CURVE('',#9417,#10351,#10361,.T.);
#10361 = LINE('',#10362,#10363);
#10362 = CARTESIAN_POINT('',(-512.9,-92.50000000019,24.));
#10363 = VECTOR('',#10364,1.);
#10364 = DIRECTION('',(0.,0.,1.));
#10365 = PLANE('',#10366);
#10366 = AXIS2_PLACEMENT_3D('',#10367,#10368,#10369);
#10367 = CARTESIAN_POINT('',(-513.3,-92.50000000019,24.));
#10368 = DIRECTION('',(0.,1.,0.));
#10369 = DIRECTION('',(1.,0.,0.));
#10370 = ADVANCED_FACE('',(#10371),#10389,.F.);
#10371 = FACE_BOUND('',#10372,.F.);
#10372 = EDGE_LOOP('',(#10373,#10381,#10387,#10388));
#10373 = ORIENTED_EDGE('',*,*,#10374,.T.);
#10374 = EDGE_CURVE('',#10328,#10375,#10377,.T.);
#10375 = VERTEX_POINT('',#10376);
#10376 = CARTESIAN_POINT('',(-512.3,-100.5000000003,30.5001));
#10377 = LINE('',#10378,#10379);
#10378 = CARTESIAN_POINT('',(-513.3,-100.5000000003,30.5001));
#10379 = VECTOR('',#10380,1.);
#10380 = DIRECTION('',(1.,0.,0.));
#10381 = ORIENTED_EDGE('',*,*,#10382,.F.);
#10382 = EDGE_CURVE('',#9092,#10375,#10383,.T.);
#10383 = LINE('',#10384,#10385);
#10384 = CARTESIAN_POINT('',(-512.3,-100.5000000003,24.));
#10385 = VECTOR('',#10386,1.);
#10386 = DIRECTION('',(0.,0.,1.));
#10387 = ORIENTED_EDGE('',*,*,#9091,.F.);
#10388 = ORIENTED_EDGE('',*,*,#10336,.T.);
#10389 = PLANE('',#10390);
#10390 = AXIS2_PLACEMENT_3D('',#10391,#10392,#10393);
#10391 = CARTESIAN_POINT('',(-513.3,-100.5000000003,24.));
#10392 = DIRECTION('',(0.,1.,0.));
#10393 = DIRECTION('',(1.,0.,0.));
#10394 = ADVANCED_FACE('',(#10395),#10414,.T.);
#10395 = FACE_BOUND('',#10396,.F.);
#10396 = EDGE_LOOP('',(#10397,#10398,#10406,#10413));
#10397 = ORIENTED_EDGE('',*,*,#9416,.T.);
#10398 = ORIENTED_EDGE('',*,*,#10399,.T.);
#10399 = EDGE_CURVE('',#9409,#10400,#10402,.T.);
#10400 = VERTEX_POINT('',#10401);
#10401 = CARTESIAN_POINT('',(-513.3,-92.10000000019,30.5001));
#10402 = LINE('',#10403,#10404);
#10403 = CARTESIAN_POINT('',(-513.3,-92.10000000019,24.));
#10404 = VECTOR('',#10405,1.);
#10405 = DIRECTION('',(0.,0.,1.));
#10406 = ORIENTED_EDGE('',*,*,#10407,.F.);
#10407 = EDGE_CURVE('',#10351,#10400,#10408,.T.);
#10408 = CIRCLE('',#10409,0.4);
#10409 = AXIS2_PLACEMENT_3D('',#10410,#10411,#10412);
#10410 = CARTESIAN_POINT('',(-512.9,-92.10000000019,30.5001));
#10411 = DIRECTION('',(-0.,-0.,-1.));
#10412 = DIRECTION('',(0.,-1.,0.));
#10413 = ORIENTED_EDGE('',*,*,#10360,.F.);
#10414 = CYLINDRICAL_SURFACE('',#10415,0.4);
#10415 = AXIS2_PLACEMENT_3D('',#10416,#10417,#10418);
#10416 = CARTESIAN_POINT('',(-512.9,-92.10000000019,24.));
#10417 = DIRECTION('',(0.,0.,1.));
#10418 = DIRECTION('',(0.,-1.,0.));
#10419 = ADVANCED_FACE('',(#10420),#10438,.F.);
#10420 = FACE_BOUND('',#10421,.F.);
#10421 = EDGE_LOOP('',(#10422,#10423,#10431,#10437));
#10422 = ORIENTED_EDGE('',*,*,#10382,.T.);
#10423 = ORIENTED_EDGE('',*,*,#10424,.T.);
#10424 = EDGE_CURVE('',#10375,#10425,#10427,.T.);
#10425 = VERTEX_POINT('',#10426);
#10426 = CARTESIAN_POINT('',(-512.3,-101.5000000003,30.5001));
#10427 = LINE('',#10428,#10429);
#10428 = CARTESIAN_POINT('',(-512.3,-100.5000000003,30.5001));
#10429 = VECTOR('',#10430,1.);
#10430 = DIRECTION('',(0.,-1.,0.));
#10431 = ORIENTED_EDGE('',*,*,#10432,.F.);
#10432 = EDGE_CURVE('',#9100,#10425,#10433,.T.);
#10433 = LINE('',#10434,#10435);
#10434 = CARTESIAN_POINT('',(-512.3,-101.5000000003,24.));
#10435 = VECTOR('',#10436,1.);
#10436 = DIRECTION('',(0.,0.,1.));
#10437 = ORIENTED_EDGE('',*,*,#9099,.F.);
#10438 = PLANE('',#10439);
#10439 = AXIS2_PLACEMENT_3D('',#10440,#10441,#10442);
#10440 = CARTESIAN_POINT('',(-512.3,-100.5000000003,24.));
#10441 = DIRECTION('',(1.,0.,0.));
#10442 = DIRECTION('',(0.,-1.,0.));
#10443 = ADVANCED_FACE('',(#10444),#10462,.F.);
#10444 = FACE_BOUND('',#10445,.F.);
#10445 = EDGE_LOOP('',(#10446,#10454,#10455,#10456));
#10446 = ORIENTED_EDGE('',*,*,#10447,.T.);
#10447 = EDGE_CURVE('',#10448,#10400,#10450,.T.);
#10448 = VERTEX_POINT('',#10449);
#10449 = CARTESIAN_POINT('',(-513.3,-91.90000000017,30.5001));
#10450 = LINE('',#10451,#10452);
#10451 = CARTESIAN_POINT('',(-513.3,-91.50000000017,30.5001));
#10452 = VECTOR('',#10453,1.);
#10453 = DIRECTION('',(0.,-1.,0.));
#10454 = ORIENTED_EDGE('',*,*,#10399,.F.);
#10455 = ORIENTED_EDGE('',*,*,#9408,.F.);
#10456 = ORIENTED_EDGE('',*,*,#10457,.T.);
#10457 = EDGE_CURVE('',#9400,#10448,#10458,.T.);
#10458 = LINE('',#10459,#10460);
#10459 = CARTESIAN_POINT('',(-513.3,-91.90000000017,24.));
#10460 = VECTOR('',#10461,1.);
#10461 = DIRECTION('',(0.,0.,1.));
#10462 = PLANE('',#10463);
#10463 = AXIS2_PLACEMENT_3D('',#10464,#10465,#10466);
#10464 = CARTESIAN_POINT('',(-513.3,-91.50000000017,24.));
#10465 = DIRECTION('',(1.,0.,0.));
#10466 = DIRECTION('',(0.,-1.,0.));
#10467 = ADVANCED_FACE('',(#10468),#10486,.F.);
#10468 = FACE_BOUND('',#10469,.F.);
#10469 = EDGE_LOOP('',(#10470,#10478,#10484,#10485));
#10470 = ORIENTED_EDGE('',*,*,#10471,.T.);
#10471 = EDGE_CURVE('',#10425,#10472,#10474,.T.);
#10472 = VERTEX_POINT('',#10473);
#10473 = CARTESIAN_POINT('',(-512.9,-101.5000000003,30.5001));
#10474 = LINE('',#10475,#10476);
#10475 = CARTESIAN_POINT('',(-512.3,-101.5000000003,30.5001));
#10476 = VECTOR('',#10477,1.);
#10477 = DIRECTION('',(-1.,0.,0.));
#10478 = ORIENTED_EDGE('',*,*,#10479,.F.);
#10479 = EDGE_CURVE('',#9108,#10472,#10480,.T.);
#10480 = LINE('',#10481,#10482);
#10481 = CARTESIAN_POINT('',(-512.9,-101.5000000003,24.));
#10482 = VECTOR('',#10483,1.);
#10483 = DIRECTION('',(0.,0.,1.));
#10484 = ORIENTED_EDGE('',*,*,#9107,.F.);
#10485 = ORIENTED_EDGE('',*,*,#10432,.T.);
#10486 = PLANE('',#10487);
#10487 = AXIS2_PLACEMENT_3D('',#10488,#10489,#10490);
#10488 = CARTESIAN_POINT('',(-512.3,-101.5000000003,24.));
#10489 = DIRECTION('',(0.,-1.,0.));
#10490 = DIRECTION('',(-1.,0.,0.));
#10491 = ADVANCED_FACE('',(#10492),#10511,.T.);
#10492 = FACE_BOUND('',#10493,.F.);
#10493 = EDGE_LOOP('',(#10494,#10495,#10503,#10510));
#10494 = ORIENTED_EDGE('',*,*,#9399,.T.);
#10495 = ORIENTED_EDGE('',*,*,#10496,.T.);
#10496 = EDGE_CURVE('',#9392,#10497,#10499,.T.);
#10497 = VERTEX_POINT('',#10498);
#10498 = CARTESIAN_POINT('',(-512.9,-91.50000000017,30.5001));
#10499 = LINE('',#10500,#10501);
#10500 = CARTESIAN_POINT('',(-512.9,-91.50000000017,24.));
#10501 = VECTOR('',#10502,1.);
#10502 = DIRECTION('',(0.,0.,1.));
#10503 = ORIENTED_EDGE('',*,*,#10504,.F.);
#10504 = EDGE_CURVE('',#10448,#10497,#10505,.T.);
#10505 = CIRCLE('',#10506,0.4);
#10506 = AXIS2_PLACEMENT_3D('',#10507,#10508,#10509);
#10507 = CARTESIAN_POINT('',(-512.9,-91.90000000017,30.5001));
#10508 = DIRECTION('',(0.,0.,-1.));
#10509 = DIRECTION('',(-1.,0.,0.));
#10510 = ORIENTED_EDGE('',*,*,#10457,.F.);
#10511 = CYLINDRICAL_SURFACE('',#10512,0.4);
#10512 = AXIS2_PLACEMENT_3D('',#10513,#10514,#10515);
#10513 = CARTESIAN_POINT('',(-512.9,-91.90000000017,24.));
#10514 = DIRECTION('',(0.,0.,1.));
#10515 = DIRECTION('',(-1.,0.,0.));
#10516 = ADVANCED_FACE('',(#10517),#10536,.T.);
#10517 = FACE_BOUND('',#10518,.F.);
#10518 = EDGE_LOOP('',(#10519,#10520,#10521,#10530));
#10519 = ORIENTED_EDGE('',*,*,#9115,.T.);
#10520 = ORIENTED_EDGE('',*,*,#10479,.T.);
#10521 = ORIENTED_EDGE('',*,*,#10522,.F.);
#10522 = EDGE_CURVE('',#10523,#10472,#10525,.T.);
#10523 = VERTEX_POINT('',#10524);
#10524 = CARTESIAN_POINT('',(-513.3,-101.9000000003,30.5001));
#10525 = CIRCLE('',#10526,0.4);
#10526 = AXIS2_PLACEMENT_3D('',#10527,#10528,#10529);
#10527 = CARTESIAN_POINT('',(-512.9,-101.9000000003,30.5001));
#10528 = DIRECTION('',(0.,0.,-1.));
#10529 = DIRECTION('',(-1.,0.,0.));
#10530 = ORIENTED_EDGE('',*,*,#10531,.F.);
#10531 = EDGE_CURVE('',#9116,#10523,#10532,.T.);
#10532 = LINE('',#10533,#10534);
#10533 = CARTESIAN_POINT('',(-513.3,-101.9000000003,24.));
#10534 = VECTOR('',#10535,1.);
#10535 = DIRECTION('',(0.,0.,1.));
#10536 = CYLINDRICAL_SURFACE('',#10537,0.4);
#10537 = AXIS2_PLACEMENT_3D('',#10538,#10539,#10540);
#10538 = CARTESIAN_POINT('',(-512.9,-101.9000000003,24.));
#10539 = DIRECTION('',(0.,0.,1.));
#10540 = DIRECTION('',(-1.,0.,0.));
#10541 = ADVANCED_FACE('',(#10542),#10560,.F.);
#10542 = FACE_BOUND('',#10543,.F.);
#10543 = EDGE_LOOP('',(#10544,#10552,#10553,#10554));
#10544 = ORIENTED_EDGE('',*,*,#10545,.T.);
#10545 = EDGE_CURVE('',#10546,#10497,#10548,.T.);
#10546 = VERTEX_POINT('',#10547);
#10547 = CARTESIAN_POINT('',(-512.3,-91.50000000017,30.5001));
#10548 = LINE('',#10549,#10550);
#10549 = CARTESIAN_POINT('',(-512.3,-91.50000000017,30.5001));
#10550 = VECTOR('',#10551,1.);
#10551 = DIRECTION('',(-1.,0.,0.));
#10552 = ORIENTED_EDGE('',*,*,#10496,.F.);
#10553 = ORIENTED_EDGE('',*,*,#9391,.F.);
#10554 = ORIENTED_EDGE('',*,*,#10555,.T.);
#10555 = EDGE_CURVE('',#9384,#10546,#10556,.T.);
#10556 = LINE('',#10557,#10558);
#10557 = CARTESIAN_POINT('',(-512.3,-91.50000000017,24.));
#10558 = VECTOR('',#10559,1.);
#10559 = DIRECTION('',(0.,0.,1.));
#10560 = PLANE('',#10561);
#10561 = AXIS2_PLACEMENT_3D('',#10562,#10563,#10564);
#10562 = CARTESIAN_POINT('',(-512.3,-91.50000000017,24.));
#10563 = DIRECTION('',(0.,-1.,0.));
#10564 = DIRECTION('',(-1.,0.,0.));
#10565 = ADVANCED_FACE('',(#10566),#10584,.F.);
#10566 = FACE_BOUND('',#10567,.F.);
#10567 = EDGE_LOOP('',(#10568,#10576,#10582,#10583));
#10568 = ORIENTED_EDGE('',*,*,#10569,.T.);
#10569 = EDGE_CURVE('',#10523,#10570,#10572,.T.);
#10570 = VERTEX_POINT('',#10571);
#10571 = CARTESIAN_POINT('',(-513.3,-102.1000000003,30.5001));
#10572 = LINE('',#10573,#10574);
#10573 = CARTESIAN_POINT('',(-513.3,-101.5000000003,30.5001));
#10574 = VECTOR('',#10575,1.);
#10575 = DIRECTION('',(0.,-1.,0.));
#10576 = ORIENTED_EDGE('',*,*,#10577,.F.);
#10577 = EDGE_CURVE('',#9125,#10570,#10578,.T.);
#10578 = LINE('',#10579,#10580);
#10579 = CARTESIAN_POINT('',(-513.3,-102.1000000003,24.));
#10580 = VECTOR('',#10581,1.);
#10581 = DIRECTION('',(0.,0.,1.));
#10582 = ORIENTED_EDGE('',*,*,#9124,.F.);
#10583 = ORIENTED_EDGE('',*,*,#10531,.T.);
#10584 = PLANE('',#10585);
#10585 = AXIS2_PLACEMENT_3D('',#10586,#10587,#10588);
#10586 = CARTESIAN_POINT('',(-513.3,-101.5000000003,24.));
#10587 = DIRECTION('',(1.,0.,0.));
#10588 = DIRECTION('',(0.,-1.,0.));
#10589 = ADVANCED_FACE('',(#10590),#10608,.F.);
#10590 = FACE_BOUND('',#10591,.F.);
#10591 = EDGE_LOOP('',(#10592,#10600,#10606,#10607));
#10592 = ORIENTED_EDGE('',*,*,#10593,.T.);
#10593 = EDGE_CURVE('',#9376,#10594,#10596,.T.);
#10594 = VERTEX_POINT('',#10595);
#10595 = CARTESIAN_POINT('',(-512.3,-90.50000000013,30.5001));
#10596 = LINE('',#10597,#10598);
#10597 = CARTESIAN_POINT('',(-512.3,-90.50000000013,24.));
#10598 = VECTOR('',#10599,1.);
#10599 = DIRECTION('',(0.,0.,1.));
#10600 = ORIENTED_EDGE('',*,*,#10601,.T.);
#10601 = EDGE_CURVE('',#10594,#10546,#10602,.T.);
#10602 = LINE('',#10603,#10604);
#10603 = CARTESIAN_POINT('',(-512.3,-90.50000000013,30.5001));
#10604 = VECTOR('',#10605,1.);
#10605 = DIRECTION('',(0.,-1.,0.));
#10606 = ORIENTED_EDGE('',*,*,#10555,.F.);
#10607 = ORIENTED_EDGE('',*,*,#9383,.F.);
#10608 = PLANE('',#10609);
#10609 = AXIS2_PLACEMENT_3D('',#10610,#10611,#10612);
#10610 = CARTESIAN_POINT('',(-512.3,-90.50000000013,24.));
#10611 = DIRECTION('',(1.,0.,0.));
#10612 = DIRECTION('',(0.,-1.,0.));
#10613 = ADVANCED_FACE('',(#10614),#10633,.T.);
#10614 = FACE_BOUND('',#10615,.F.);
#10615 = EDGE_LOOP('',(#10616,#10617,#10618,#10627));
#10616 = ORIENTED_EDGE('',*,*,#9132,.T.);
#10617 = ORIENTED_EDGE('',*,*,#10577,.T.);
#10618 = ORIENTED_EDGE('',*,*,#10619,.F.);
#10619 = EDGE_CURVE('',#10620,#10570,#10622,.T.);
#10620 = VERTEX_POINT('',#10621);
#10621 = CARTESIAN_POINT('',(-512.9,-102.5000000003,30.5001));
#10622 = CIRCLE('',#10623,0.4);
#10623 = AXIS2_PLACEMENT_3D('',#10624,#10625,#10626);
#10624 = CARTESIAN_POINT('',(-512.9,-102.1000000003,30.5001));
#10625 = DIRECTION('',(-0.,-0.,-1.));
#10626 = DIRECTION('',(0.,-1.,0.));
#10627 = ORIENTED_EDGE('',*,*,#10628,.F.);
#10628 = EDGE_CURVE('',#9133,#10620,#10629,.T.);
#10629 = LINE('',#10630,#10631);
#10630 = CARTESIAN_POINT('',(-512.9,-102.5000000003,24.));
#10631 = VECTOR('',#10632,1.);
#10632 = DIRECTION('',(0.,0.,1.));
#10633 = CYLINDRICAL_SURFACE('',#10634,0.4);
#10634 = AXIS2_PLACEMENT_3D('',#10635,#10636,#10637);
#10635 = CARTESIAN_POINT('',(-512.9,-102.1000000003,24.));
#10636 = DIRECTION('',(0.,0.,1.));
#10637 = DIRECTION('',(0.,-1.,0.));
#10638 = ADVANCED_FACE('',(#10639),#10657,.F.);
#10639 = FACE_BOUND('',#10640,.F.);
#10640 = EDGE_LOOP('',(#10641,#10649,#10650,#10651));
#10641 = ORIENTED_EDGE('',*,*,#10642,.T.);
#10642 = EDGE_CURVE('',#10643,#10594,#10645,.T.);
#10643 = VERTEX_POINT('',#10644);
#10644 = CARTESIAN_POINT('',(-512.9,-90.50000000013,30.5001));
#10645 = LINE('',#10646,#10647);
#10646 = CARTESIAN_POINT('',(-513.3,-90.50000000013,30.5001));
#10647 = VECTOR('',#10648,1.);
#10648 = DIRECTION('',(1.,0.,0.));
#10649 = ORIENTED_EDGE('',*,*,#10593,.F.);
#10650 = ORIENTED_EDGE('',*,*,#9375,.F.);
#10651 = ORIENTED_EDGE('',*,*,#10652,.T.);
#10652 = EDGE_CURVE('',#9367,#10643,#10653,.T.);
#10653 = LINE('',#10654,#10655);
#10654 = CARTESIAN_POINT('',(-512.9,-90.50000000013,24.));
#10655 = VECTOR('',#10656,1.);
#10656 = DIRECTION('',(0.,0.,1.));
#10657 = PLANE('',#10658);
#10658 = AXIS2_PLACEMENT_3D('',#10659,#10660,#10661);
#10659 = CARTESIAN_POINT('',(-513.3,-90.50000000013,24.));
#10660 = DIRECTION('',(0.,1.,0.));
#10661 = DIRECTION('',(1.,0.,0.));
#10662 = ADVANCED_FACE('',(#10663),#10681,.F.);
#10663 = FACE_BOUND('',#10664,.F.);
#10664 = EDGE_LOOP('',(#10665,#10673,#10679,#10680));
#10665 = ORIENTED_EDGE('',*,*,#10666,.T.);
#10666 = EDGE_CURVE('',#10620,#10667,#10669,.T.);
#10667 = VERTEX_POINT('',#10668);
#10668 = CARTESIAN_POINT('',(-512.3,-102.5000000003,30.5001));
#10669 = LINE('',#10670,#10671);
#10670 = CARTESIAN_POINT('',(-513.3,-102.5000000003,30.5001));
#10671 = VECTOR('',#10672,1.);
#10672 = DIRECTION('',(1.,0.,0.));
#10673 = ORIENTED_EDGE('',*,*,#10674,.F.);
#10674 = EDGE_CURVE('',#9142,#10667,#10675,.T.);
#10675 = LINE('',#10676,#10677);
#10676 = CARTESIAN_POINT('',(-512.3,-102.5000000003,24.));
#10677 = VECTOR('',#10678,1.);
#10678 = DIRECTION('',(0.,0.,1.));
#10679 = ORIENTED_EDGE('',*,*,#9141,.F.);
#10680 = ORIENTED_EDGE('',*,*,#10628,.T.);
#10681 = PLANE('',#10682);
#10682 = AXIS2_PLACEMENT_3D('',#10683,#10684,#10685);
#10683 = CARTESIAN_POINT('',(-513.3,-102.5000000003,24.));
#10684 = DIRECTION('',(0.,1.,0.));
#10685 = DIRECTION('',(1.,0.,0.));
#10686 = ADVANCED_FACE('',(#10687),#10706,.T.);
#10687 = FACE_BOUND('',#10688,.F.);
#10688 = EDGE_LOOP('',(#10689,#10690,#10698,#10705));
#10689 = ORIENTED_EDGE('',*,*,#9366,.T.);
#10690 = ORIENTED_EDGE('',*,*,#10691,.T.);
#10691 = EDGE_CURVE('',#9359,#10692,#10694,.T.);
#10692 = VERTEX_POINT('',#10693);
#10693 = CARTESIAN_POINT('',(-513.3,-90.10000000013,30.5001));
#10694 = LINE('',#10695,#10696);
#10695 = CARTESIAN_POINT('',(-513.3,-90.10000000013,24.));
#10696 = VECTOR('',#10697,1.);
#10697 = DIRECTION('',(0.,0.,1.));
#10698 = ORIENTED_EDGE('',*,*,#10699,.F.);
#10699 = EDGE_CURVE('',#10643,#10692,#10700,.T.);
#10700 = CIRCLE('',#10701,0.4);
#10701 = AXIS2_PLACEMENT_3D('',#10702,#10703,#10704);
#10702 = CARTESIAN_POINT('',(-512.9,-90.10000000013,30.5001));
#10703 = DIRECTION('',(-0.,-0.,-1.));
#10704 = DIRECTION('',(0.,-1.,0.));
#10705 = ORIENTED_EDGE('',*,*,#10652,.F.);
#10706 = CYLINDRICAL_SURFACE('',#10707,0.4);
#10707 = AXIS2_PLACEMENT_3D('',#10708,#10709,#10710);
#10708 = CARTESIAN_POINT('',(-512.9,-90.10000000013,24.));
#10709 = DIRECTION('',(0.,0.,1.));
#10710 = DIRECTION('',(0.,-1.,0.));
#10711 = ADVANCED_FACE('',(#10712),#10730,.F.);
#10712 = FACE_BOUND('',#10713,.F.);
#10713 = EDGE_LOOP('',(#10714,#10715,#10723,#10729));
#10714 = ORIENTED_EDGE('',*,*,#10674,.T.);
#10715 = ORIENTED_EDGE('',*,*,#10716,.T.);
#10716 = EDGE_CURVE('',#10667,#10717,#10719,.T.);
#10717 = VERTEX_POINT('',#10718);
#10718 = CARTESIAN_POINT('',(-512.3,-103.5000000003,30.5001));
#10719 = LINE('',#10720,#10721);
#10720 = CARTESIAN_POINT('',(-512.3,-102.5000000003,30.5001));
#10721 = VECTOR('',#10722,1.);
#10722 = DIRECTION('',(0.,-1.,0.));
#10723 = ORIENTED_EDGE('',*,*,#10724,.F.);
#10724 = EDGE_CURVE('',#9150,#10717,#10725,.T.);
#10725 = LINE('',#10726,#10727);
#10726 = CARTESIAN_POINT('',(-512.3,-103.5000000003,24.));
#10727 = VECTOR('',#10728,1.);
#10728 = DIRECTION('',(0.,0.,1.));
#10729 = ORIENTED_EDGE('',*,*,#9149,.F.);
#10730 = PLANE('',#10731);
#10731 = AXIS2_PLACEMENT_3D('',#10732,#10733,#10734);
#10732 = CARTESIAN_POINT('',(-512.3,-102.5000000003,24.));
#10733 = DIRECTION('',(1.,0.,0.));
#10734 = DIRECTION('',(0.,-1.,0.));
#10735 = ADVANCED_FACE('',(#10736),#10754,.F.);
#10736 = FACE_BOUND('',#10737,.F.);
#10737 = EDGE_LOOP('',(#10738,#10746,#10747,#10748));
#10738 = ORIENTED_EDGE('',*,*,#10739,.T.);
#10739 = EDGE_CURVE('',#10740,#10692,#10742,.T.);
#10740 = VERTEX_POINT('',#10741);
#10741 = CARTESIAN_POINT('',(-513.3,-89.90000000009,30.5001));
#10742 = LINE('',#10743,#10744);
#10743 = CARTESIAN_POINT('',(-513.3,-89.50000000009,30.5001));
#10744 = VECTOR('',#10745,1.);
#10745 = DIRECTION('',(0.,-1.,0.));
#10746 = ORIENTED_EDGE('',*,*,#10691,.F.);
#10747 = ORIENTED_EDGE('',*,*,#9358,.F.);
#10748 = ORIENTED_EDGE('',*,*,#10749,.T.);
#10749 = EDGE_CURVE('',#9350,#10740,#10750,.T.);
#10750 = LINE('',#10751,#10752);
#10751 = CARTESIAN_POINT('',(-513.3,-89.90000000009,24.));
#10752 = VECTOR('',#10753,1.);
#10753 = DIRECTION('',(0.,0.,1.));
#10754 = PLANE('',#10755);
#10755 = AXIS2_PLACEMENT_3D('',#10756,#10757,#10758);
#10756 = CARTESIAN_POINT('',(-513.3,-89.50000000009,24.));
#10757 = DIRECTION('',(1.,0.,0.));
#10758 = DIRECTION('',(0.,-1.,0.));
#10759 = ADVANCED_FACE('',(#10760),#10778,.F.);
#10760 = FACE_BOUND('',#10761,.F.);
#10761 = EDGE_LOOP('',(#10762,#10770,#10776,#10777));
#10762 = ORIENTED_EDGE('',*,*,#10763,.T.);
#10763 = EDGE_CURVE('',#10717,#10764,#10766,.T.);
#10764 = VERTEX_POINT('',#10765);
#10765 = CARTESIAN_POINT('',(-512.9,-103.5000000003,30.5001));
#10766 = LINE('',#10767,#10768);
#10767 = CARTESIAN_POINT('',(-512.3,-103.5000000003,30.5001));
#10768 = VECTOR('',#10769,1.);
#10769 = DIRECTION('',(-1.,0.,0.));
#10770 = ORIENTED_EDGE('',*,*,#10771,.F.);
#10771 = EDGE_CURVE('',#9158,#10764,#10772,.T.);
#10772 = LINE('',#10773,#10774);
#10773 = CARTESIAN_POINT('',(-512.9,-103.5000000003,24.));
#10774 = VECTOR('',#10775,1.);
#10775 = DIRECTION('',(0.,0.,1.));
#10776 = ORIENTED_EDGE('',*,*,#9157,.F.);
#10777 = ORIENTED_EDGE('',*,*,#10724,.T.);
#10778 = PLANE('',#10779);
#10779 = AXIS2_PLACEMENT_3D('',#10780,#10781,#10782);
#10780 = CARTESIAN_POINT('',(-512.3,-103.5000000003,24.));
#10781 = DIRECTION('',(0.,-1.,0.));
#10782 = DIRECTION('',(-1.,0.,0.));
#10783 = ADVANCED_FACE('',(#10784),#10803,.T.);
#10784 = FACE_BOUND('',#10785,.F.);
#10785 = EDGE_LOOP('',(#10786,#10787,#10795,#10802));
#10786 = ORIENTED_EDGE('',*,*,#9349,.T.);
#10787 = ORIENTED_EDGE('',*,*,#10788,.T.);
#10788 = EDGE_CURVE('',#9342,#10789,#10791,.T.);
#10789 = VERTEX_POINT('',#10790);
#10790 = CARTESIAN_POINT('',(-512.9,-89.50000000009,30.5001));
#10791 = LINE('',#10792,#10793);
#10792 = CARTESIAN_POINT('',(-512.9,-89.50000000009,24.));
#10793 = VECTOR('',#10794,1.);
#10794 = DIRECTION('',(0.,0.,1.));
#10795 = ORIENTED_EDGE('',*,*,#10796,.F.);
#10796 = EDGE_CURVE('',#10740,#10789,#10797,.T.);
#10797 = CIRCLE('',#10798,0.4);
#10798 = AXIS2_PLACEMENT_3D('',#10799,#10800,#10801);
#10799 = CARTESIAN_POINT('',(-512.9,-89.90000000009,30.5001));
#10800 = DIRECTION('',(0.,0.,-1.));
#10801 = DIRECTION('',(-1.,0.,0.));
#10802 = ORIENTED_EDGE('',*,*,#10749,.F.);
#10803 = CYLINDRICAL_SURFACE('',#10804,0.4);
#10804 = AXIS2_PLACEMENT_3D('',#10805,#10806,#10807);
#10805 = CARTESIAN_POINT('',(-512.9,-89.90000000009,24.));
#10806 = DIRECTION('',(0.,0.,1.));
#10807 = DIRECTION('',(-1.,0.,0.));
#10808 = ADVANCED_FACE('',(#10809),#10828,.T.);
#10809 = FACE_BOUND('',#10810,.F.);
#10810 = EDGE_LOOP('',(#10811,#10812,#10813,#10822));
#10811 = ORIENTED_EDGE('',*,*,#9165,.T.);
#10812 = ORIENTED_EDGE('',*,*,#10771,.T.);
#10813 = ORIENTED_EDGE('',*,*,#10814,.F.);
#10814 = EDGE_CURVE('',#10815,#10764,#10817,.T.);
#10815 = VERTEX_POINT('',#10816);
#10816 = CARTESIAN_POINT('',(-513.3,-103.9000000003,30.5001));
#10817 = CIRCLE('',#10818,0.4);
#10818 = AXIS2_PLACEMENT_3D('',#10819,#10820,#10821);
#10819 = CARTESIAN_POINT('',(-512.9,-103.9000000003,30.5001));
#10820 = DIRECTION('',(0.,0.,-1.));
#10821 = DIRECTION('',(-1.,0.,0.));
#10822 = ORIENTED_EDGE('',*,*,#10823,.F.);
#10823 = EDGE_CURVE('',#9166,#10815,#10824,.T.);
#10824 = LINE('',#10825,#10826);
#10825 = CARTESIAN_POINT('',(-513.3,-103.9000000003,24.));
#10826 = VECTOR('',#10827,1.);
#10827 = DIRECTION('',(0.,0.,1.));
#10828 = CYLINDRICAL_SURFACE('',#10829,0.4);
#10829 = AXIS2_PLACEMENT_3D('',#10830,#10831,#10832);
#10830 = CARTESIAN_POINT('',(-512.9,-103.9000000003,24.));
#10831 = DIRECTION('',(0.,0.,1.));
#10832 = DIRECTION('',(-1.,0.,0.));
#10833 = ADVANCED_FACE('',(#10834),#10852,.F.);
#10834 = FACE_BOUND('',#10835,.F.);
#10835 = EDGE_LOOP('',(#10836,#10844,#10845,#10846));
#10836 = ORIENTED_EDGE('',*,*,#10837,.T.);
#10837 = EDGE_CURVE('',#10838,#10789,#10840,.T.);
#10838 = VERTEX_POINT('',#10839);
#10839 = CARTESIAN_POINT('',(-512.3,-89.50000000009,30.5001));
#10840 = LINE('',#10841,#10842);
#10841 = CARTESIAN_POINT('',(-512.3,-89.50000000009,30.5001));
#10842 = VECTOR('',#10843,1.);
#10843 = DIRECTION('',(-1.,0.,0.));
#10844 = ORIENTED_EDGE('',*,*,#10788,.F.);
#10845 = ORIENTED_EDGE('',*,*,#9341,.F.);
#10846 = ORIENTED_EDGE('',*,*,#10847,.T.);
#10847 = EDGE_CURVE('',#9334,#10838,#10848,.T.);
#10848 = LINE('',#10849,#10850);
#10849 = CARTESIAN_POINT('',(-512.3,-89.50000000009,24.));
#10850 = VECTOR('',#10851,1.);
#10851 = DIRECTION('',(0.,0.,1.));
#10852 = PLANE('',#10853);
#10853 = AXIS2_PLACEMENT_3D('',#10854,#10855,#10856);
#10854 = CARTESIAN_POINT('',(-512.3,-89.50000000009,24.));
#10855 = DIRECTION('',(0.,-1.,0.));
#10856 = DIRECTION('',(-1.,0.,0.));
#10857 = ADVANCED_FACE('',(#10858),#10876,.F.);
#10858 = FACE_BOUND('',#10859,.F.);
#10859 = EDGE_LOOP('',(#10860,#10868,#10874,#10875));
#10860 = ORIENTED_EDGE('',*,*,#10861,.T.);
#10861 = EDGE_CURVE('',#10815,#10862,#10864,.T.);
#10862 = VERTEX_POINT('',#10863);
#10863 = CARTESIAN_POINT('',(-513.3,-104.1000000003,30.5001));
#10864 = LINE('',#10865,#10866);
#10865 = CARTESIAN_POINT('',(-513.3,-103.5000000003,30.5001));
#10866 = VECTOR('',#10867,1.);
#10867 = DIRECTION('',(0.,-1.,0.));
#10868 = ORIENTED_EDGE('',*,*,#10869,.F.);
#10869 = EDGE_CURVE('',#9175,#10862,#10870,.T.);
#10870 = LINE('',#10871,#10872);
#10871 = CARTESIAN_POINT('',(-513.3,-104.1000000003,24.));
#10872 = VECTOR('',#10873,1.);
#10873 = DIRECTION('',(0.,0.,1.));
#10874 = ORIENTED_EDGE('',*,*,#9174,.F.);
#10875 = ORIENTED_EDGE('',*,*,#10823,.T.);
#10876 = PLANE('',#10877);
#10877 = AXIS2_PLACEMENT_3D('',#10878,#10879,#10880);
#10878 = CARTESIAN_POINT('',(-513.3,-103.5000000003,24.));
#10879 = DIRECTION('',(1.,0.,0.));
#10880 = DIRECTION('',(0.,-1.,0.));
#10881 = ADVANCED_FACE('',(#10882),#10900,.F.);
#10882 = FACE_BOUND('',#10883,.F.);
#10883 = EDGE_LOOP('',(#10884,#10892,#10898,#10899));
#10884 = ORIENTED_EDGE('',*,*,#10885,.T.);
#10885 = EDGE_CURVE('',#9326,#10886,#10888,.T.);
#10886 = VERTEX_POINT('',#10887);
#10887 = CARTESIAN_POINT('',(-512.3,-88.50000000004,30.5001));
#10888 = LINE('',#10889,#10890);
#10889 = CARTESIAN_POINT('',(-512.3,-88.50000000004,24.));
#10890 = VECTOR('',#10891,1.);
#10891 = DIRECTION('',(0.,0.,1.));
#10892 = ORIENTED_EDGE('',*,*,#10893,.T.);
#10893 = EDGE_CURVE('',#10886,#10838,#10894,.T.);
#10894 = LINE('',#10895,#10896);
#10895 = CARTESIAN_POINT('',(-512.3,-88.50000000004,30.5001));
#10896 = VECTOR('',#10897,1.);
#10897 = DIRECTION('',(0.,-1.,0.));
#10898 = ORIENTED_EDGE('',*,*,#10847,.F.);
#10899 = ORIENTED_EDGE('',*,*,#9333,.F.);
#10900 = PLANE('',#10901);
#10901 = AXIS2_PLACEMENT_3D('',#10902,#10903,#10904);
#10902 = CARTESIAN_POINT('',(-512.3,-88.50000000004,24.));
#10903 = DIRECTION('',(1.,0.,0.));
#10904 = DIRECTION('',(0.,-1.,0.));
#10905 = ADVANCED_FACE('',(#10906),#10925,.T.);
#10906 = FACE_BOUND('',#10907,.F.);
#10907 = EDGE_LOOP('',(#10908,#10909,#10910,#10919));
#10908 = ORIENTED_EDGE('',*,*,#9182,.T.);
#10909 = ORIENTED_EDGE('',*,*,#10869,.T.);
#10910 = ORIENTED_EDGE('',*,*,#10911,.F.);
#10911 = EDGE_CURVE('',#10912,#10862,#10914,.T.);
#10912 = VERTEX_POINT('',#10913);
#10913 = CARTESIAN_POINT('',(-512.9,-104.5000000003,30.5001));
#10914 = CIRCLE('',#10915,0.4);
#10915 = AXIS2_PLACEMENT_3D('',#10916,#10917,#10918);
#10916 = CARTESIAN_POINT('',(-512.9,-104.1000000003,30.5001));
#10917 = DIRECTION('',(-0.,-0.,-1.));
#10918 = DIRECTION('',(0.,-1.,0.));
#10919 = ORIENTED_EDGE('',*,*,#10920,.F.);
#10920 = EDGE_CURVE('',#9183,#10912,#10921,.T.);
#10921 = LINE('',#10922,#10923);
#10922 = CARTESIAN_POINT('',(-512.9,-104.5000000003,24.));
#10923 = VECTOR('',#10924,1.);
#10924 = DIRECTION('',(0.,0.,1.));
#10925 = CYLINDRICAL_SURFACE('',#10926,0.4);
#10926 = AXIS2_PLACEMENT_3D('',#10927,#10928,#10929);
#10927 = CARTESIAN_POINT('',(-512.9,-104.1000000003,24.));
#10928 = DIRECTION('',(0.,0.,1.));
#10929 = DIRECTION('',(0.,-1.,0.));
#10930 = ADVANCED_FACE('',(#10931),#10949,.F.);
#10931 = FACE_BOUND('',#10932,.F.);
#10932 = EDGE_LOOP('',(#10933,#10941,#10942,#10943));
#10933 = ORIENTED_EDGE('',*,*,#10934,.T.);
#10934 = EDGE_CURVE('',#10935,#10886,#10937,.T.);
#10935 = VERTEX_POINT('',#10936);
#10936 = CARTESIAN_POINT('',(-512.9,-88.50000000004,30.5001));
#10937 = LINE('',#10938,#10939);
#10938 = CARTESIAN_POINT('',(-513.3,-88.50000000004,30.5001));
#10939 = VECTOR('',#10940,1.);
#10940 = DIRECTION('',(1.,0.,0.));
#10941 = ORIENTED_EDGE('',*,*,#10885,.F.);
#10942 = ORIENTED_EDGE('',*,*,#9325,.F.);
#10943 = ORIENTED_EDGE('',*,*,#10944,.T.);
#10944 = EDGE_CURVE('',#9317,#10935,#10945,.T.);
#10945 = LINE('',#10946,#10947);
#10946 = CARTESIAN_POINT('',(-512.9,-88.50000000004,24.));
#10947 = VECTOR('',#10948,1.);
#10948 = DIRECTION('',(0.,0.,1.));
#10949 = PLANE('',#10950);
#10950 = AXIS2_PLACEMENT_3D('',#10951,#10952,#10953);
#10951 = CARTESIAN_POINT('',(-513.3,-88.50000000004,24.));
#10952 = DIRECTION('',(0.,1.,0.));
#10953 = DIRECTION('',(1.,0.,0.));
#10954 = ADVANCED_FACE('',(#10955),#10973,.F.);
#10955 = FACE_BOUND('',#10956,.F.);
#10956 = EDGE_LOOP('',(#10957,#10965,#10971,#10972));
#10957 = ORIENTED_EDGE('',*,*,#10958,.T.);
#10958 = EDGE_CURVE('',#10912,#10959,#10961,.T.);
#10959 = VERTEX_POINT('',#10960);
#10960 = CARTESIAN_POINT('',(-512.3,-104.5000000003,30.5001));
#10961 = LINE('',#10962,#10963);
#10962 = CARTESIAN_POINT('',(-513.3,-104.5000000003,30.5001));
#10963 = VECTOR('',#10964,1.);
#10964 = DIRECTION('',(1.,0.,0.));
#10965 = ORIENTED_EDGE('',*,*,#10966,.F.);
#10966 = EDGE_CURVE('',#9192,#10959,#10967,.T.);
#10967 = LINE('',#10968,#10969);
#10968 = CARTESIAN_POINT('',(-512.3,-104.5000000003,24.));
#10969 = VECTOR('',#10970,1.);
#10970 = DIRECTION('',(0.,0.,1.));
#10971 = ORIENTED_EDGE('',*,*,#9191,.F.);
#10972 = ORIENTED_EDGE('',*,*,#10920,.T.);
#10973 = PLANE('',#10974);
#10974 = AXIS2_PLACEMENT_3D('',#10975,#10976,#10977);
#10975 = CARTESIAN_POINT('',(-513.3,-104.5000000003,24.));
#10976 = DIRECTION('',(0.,1.,0.));
#10977 = DIRECTION('',(1.,0.,0.));
#10978 = ADVANCED_FACE('',(#10979),#10998,.T.);
#10979 = FACE_BOUND('',#10980,.F.);
#10980 = EDGE_LOOP('',(#10981,#10982,#10990,#10997));
#10981 = ORIENTED_EDGE('',*,*,#9316,.T.);
#10982 = ORIENTED_EDGE('',*,*,#10983,.T.);
#10983 = EDGE_CURVE('',#9309,#10984,#10986,.T.);
#10984 = VERTEX_POINT('',#10985);
#10985 = CARTESIAN_POINT('',(-513.3,-88.10000000004,30.5001));
#10986 = LINE('',#10987,#10988);
#10987 = CARTESIAN_POINT('',(-513.3,-88.10000000004,24.));
#10988 = VECTOR('',#10989,1.);
#10989 = DIRECTION('',(0.,0.,1.));
#10990 = ORIENTED_EDGE('',*,*,#10991,.F.);
#10991 = EDGE_CURVE('',#10935,#10984,#10992,.T.);
#10992 = CIRCLE('',#10993,0.4);
#10993 = AXIS2_PLACEMENT_3D('',#10994,#10995,#10996);
#10994 = CARTESIAN_POINT('',(-512.9,-88.10000000004,30.5001));
#10995 = DIRECTION('',(-0.,-0.,-1.));
#10996 = DIRECTION('',(0.,-1.,0.));
#10997 = ORIENTED_EDGE('',*,*,#10944,.F.);
#10998 = CYLINDRICAL_SURFACE('',#10999,0.4);
#10999 = AXIS2_PLACEMENT_3D('',#11000,#11001,#11002);
#11000 = CARTESIAN_POINT('',(-512.9,-88.10000000004,24.));
#11001 = DIRECTION('',(0.,0.,1.));
#11002 = DIRECTION('',(0.,-1.,0.));
#11003 = ADVANCED_FACE('',(#11004),#11022,.F.);
#11004 = FACE_BOUND('',#11005,.F.);
#11005 = EDGE_LOOP('',(#11006,#11007,#11015,#11021));
#11006 = ORIENTED_EDGE('',*,*,#10966,.T.);
#11007 = ORIENTED_EDGE('',*,*,#11008,.T.);
#11008 = EDGE_CURVE('',#10959,#11009,#11011,.T.);
#11009 = VERTEX_POINT('',#11010);
#11010 = CARTESIAN_POINT('',(-512.3,-105.5000000003,30.5001));
#11011 = LINE('',#11012,#11013);
#11012 = CARTESIAN_POINT('',(-512.3,-104.5000000003,30.5001));
#11013 = VECTOR('',#11014,1.);
#11014 = DIRECTION('',(0.,-1.,0.));
#11015 = ORIENTED_EDGE('',*,*,#11016,.F.);
#11016 = EDGE_CURVE('',#9200,#11009,#11017,.T.);
#11017 = LINE('',#11018,#11019);
#11018 = CARTESIAN_POINT('',(-512.3,-105.5000000003,24.));
#11019 = VECTOR('',#11020,1.);
#11020 = DIRECTION('',(0.,0.,1.));
#11021 = ORIENTED_EDGE('',*,*,#9199,.F.);
#11022 = PLANE('',#11023);
#11023 = AXIS2_PLACEMENT_3D('',#11024,#11025,#11026);
#11024 = CARTESIAN_POINT('',(-512.3,-104.5000000003,24.));
#11025 = DIRECTION('',(1.,0.,0.));
#11026 = DIRECTION('',(0.,-1.,0.));
#11027 = ADVANCED_FACE('',(#11028),#11046,.F.);
#11028 = FACE_BOUND('',#11029,.F.);
#11029 = EDGE_LOOP('',(#11030,#11038,#11039,#11040));
#11030 = ORIENTED_EDGE('',*,*,#11031,.T.);
#11031 = EDGE_CURVE('',#11032,#10984,#11034,.T.);
#11032 = VERTEX_POINT('',#11033);
#11033 = CARTESIAN_POINT('',(-513.3,-87.9,30.5001));
#11034 = LINE('',#11035,#11036);
#11035 = CARTESIAN_POINT('',(-513.3,-87.5,30.5001));
#11036 = VECTOR('',#11037,1.);
#11037 = DIRECTION('',(0.,-1.,0.));
#11038 = ORIENTED_EDGE('',*,*,#10983,.F.);
#11039 = ORIENTED_EDGE('',*,*,#9308,.F.);
#11040 = ORIENTED_EDGE('',*,*,#11041,.T.);
#11041 = EDGE_CURVE('',#9300,#11032,#11042,.T.);
#11042 = LINE('',#11043,#11044);
#11043 = CARTESIAN_POINT('',(-513.3,-87.9,24.));
#11044 = VECTOR('',#11045,1.);
#11045 = DIRECTION('',(0.,0.,1.));
#11046 = PLANE('',#11047);
#11047 = AXIS2_PLACEMENT_3D('',#11048,#11049,#11050);
#11048 = CARTESIAN_POINT('',(-513.3,-87.5,24.));
#11049 = DIRECTION('',(1.,0.,0.));
#11050 = DIRECTION('',(0.,-1.,0.));
#11051 = ADVANCED_FACE('',(#11052),#11070,.F.);
#11052 = FACE_BOUND('',#11053,.F.);
#11053 = EDGE_LOOP('',(#11054,#11062,#11068,#11069));
#11054 = ORIENTED_EDGE('',*,*,#11055,.T.);
#11055 = EDGE_CURVE('',#11009,#11056,#11058,.T.);
#11056 = VERTEX_POINT('',#11057);
#11057 = CARTESIAN_POINT('',(-512.9,-105.5000000003,30.5001));
#11058 = LINE('',#11059,#11060);
#11059 = CARTESIAN_POINT('',(-512.3,-105.5000000003,30.5001));
#11060 = VECTOR('',#11061,1.);
#11061 = DIRECTION('',(-1.,0.,0.));
#11062 = ORIENTED_EDGE('',*,*,#11063,.F.);
#11063 = EDGE_CURVE('',#9208,#11056,#11064,.T.);
#11064 = LINE('',#11065,#11066);
#11065 = CARTESIAN_POINT('',(-512.9,-105.5000000003,24.));
#11066 = VECTOR('',#11067,1.);
#11067 = DIRECTION('',(0.,0.,1.));
#11068 = ORIENTED_EDGE('',*,*,#9207,.F.);
#11069 = ORIENTED_EDGE('',*,*,#11016,.T.);
#11070 = PLANE('',#11071);
#11071 = AXIS2_PLACEMENT_3D('',#11072,#11073,#11074);
#11072 = CARTESIAN_POINT('',(-512.3,-105.5000000003,24.));
#11073 = DIRECTION('',(0.,-1.,0.));
#11074 = DIRECTION('',(-1.,0.,0.));
#11075 = ADVANCED_FACE('',(#11076),#11095,.T.);
#11076 = FACE_BOUND('',#11077,.F.);
#11077 = EDGE_LOOP('',(#11078,#11079,#11087,#11094));
#11078 = ORIENTED_EDGE('',*,*,#9299,.T.);
#11079 = ORIENTED_EDGE('',*,*,#11080,.T.);
#11080 = EDGE_CURVE('',#9292,#11081,#11083,.T.);
#11081 = VERTEX_POINT('',#11082);
#11082 = CARTESIAN_POINT('',(-512.9,-87.5,30.5001));
#11083 = LINE('',#11084,#11085);
#11084 = CARTESIAN_POINT('',(-512.9,-87.5,24.));
#11085 = VECTOR('',#11086,1.);
#11086 = DIRECTION('',(0.,0.,1.));
#11087 = ORIENTED_EDGE('',*,*,#11088,.F.);
#11088 = EDGE_CURVE('',#11032,#11081,#11089,.T.);
#11089 = CIRCLE('',#11090,0.4);
#11090 = AXIS2_PLACEMENT_3D('',#11091,#11092,#11093);
#11091 = CARTESIAN_POINT('',(-512.9,-87.9,30.5001));
#11092 = DIRECTION('',(0.,0.,-1.));
#11093 = DIRECTION('',(-1.,0.,0.));
#11094 = ORIENTED_EDGE('',*,*,#11041,.F.);
#11095 = CYLINDRICAL_SURFACE('',#11096,0.4);
#11096 = AXIS2_PLACEMENT_3D('',#11097,#11098,#11099);
#11097 = CARTESIAN_POINT('',(-512.9,-87.9,24.));
#11098 = DIRECTION('',(0.,0.,1.));
#11099 = DIRECTION('',(-1.,0.,0.));
#11100 = ADVANCED_FACE('',(#11101),#11120,.T.);
#11101 = FACE_BOUND('',#11102,.F.);
#11102 = EDGE_LOOP('',(#11103,#11104,#11105,#11114));
#11103 = ORIENTED_EDGE('',*,*,#9215,.T.);
#11104 = ORIENTED_EDGE('',*,*,#11063,.T.);
#11105 = ORIENTED_EDGE('',*,*,#11106,.F.);
#11106 = EDGE_CURVE('',#11107,#11056,#11109,.T.);
#11107 = VERTEX_POINT('',#11108);
#11108 = CARTESIAN_POINT('',(-513.3,-105.9000000003,30.5001));
#11109 = CIRCLE('',#11110,0.4);
#11110 = AXIS2_PLACEMENT_3D('',#11111,#11112,#11113);
#11111 = CARTESIAN_POINT('',(-512.9,-105.9000000003,30.5001));
#11112 = DIRECTION('',(0.,0.,-1.));
#11113 = DIRECTION('',(-1.,0.,0.));
#11114 = ORIENTED_EDGE('',*,*,#11115,.F.);
#11115 = EDGE_CURVE('',#9216,#11107,#11116,.T.);
#11116 = LINE('',#11117,#11118);
#11117 = CARTESIAN_POINT('',(-513.3,-105.9000000003,24.));
#11118 = VECTOR('',#11119,1.);
#11119 = DIRECTION('',(0.,0.,1.));
#11120 = CYLINDRICAL_SURFACE('',#11121,0.4);
#11121 = AXIS2_PLACEMENT_3D('',#11122,#11123,#11124);
#11122 = CARTESIAN_POINT('',(-512.9,-105.9000000003,24.));
#11123 = DIRECTION('',(0.,0.,1.));
#11124 = DIRECTION('',(-1.,0.,0.));
#11125 = ADVANCED_FACE('',(#11126),#11138,.T.);
#11126 = FACE_BOUND('',#11127,.T.);
#11127 = EDGE_LOOP('',(#11128,#11129,#11135,#11136,#11137));
#11128 = ORIENTED_EDGE('',*,*,#11080,.T.);
#11129 = ORIENTED_EDGE('',*,*,#11130,.T.);
#11130 = EDGE_CURVE('',#11081,#9881,#11131,.T.);
#11131 = LINE('',#11132,#11133);
#11132 = CARTESIAN_POINT('',(-513.3,-87.5,30.5001));
#11133 = VECTOR('',#11134,1.);
#11134 = DIRECTION('',(1.,0.,0.));
#11135 = ORIENTED_EDGE('',*,*,#9897,.F.);
#11136 = ORIENTED_EDGE('',*,*,#9858,.T.);
#11137 = ORIENTED_EDGE('',*,*,#9291,.T.);
#11138 = PLANE('',#11139);
#11139 = AXIS2_PLACEMENT_3D('',#11140,#11141,#11142);
#11140 = CARTESIAN_POINT('',(-513.3,-87.5,24.));
#11141 = DIRECTION('',(0.,1.,0.));
#11142 = DIRECTION('',(1.,0.,0.));
#11143 = ADVANCED_FACE('',(#11144),#11162,.F.);
#11144 = FACE_BOUND('',#11145,.F.);
#11145 = EDGE_LOOP('',(#11146,#11154,#11160,#11161));
#11146 = ORIENTED_EDGE('',*,*,#11147,.T.);
#11147 = EDGE_CURVE('',#11107,#11148,#11150,.T.);
#11148 = VERTEX_POINT('',#11149);
#11149 = CARTESIAN_POINT('',(-513.3,-106.1000000003,30.5001));
#11150 = LINE('',#11151,#11152);
#11151 = CARTESIAN_POINT('',(-513.3,-105.5000000003,30.5001));
#11152 = VECTOR('',#11153,1.);
#11153 = DIRECTION('',(0.,-1.,0.));
#11154 = ORIENTED_EDGE('',*,*,#11155,.F.);
#11155 = EDGE_CURVE('',#9225,#11148,#11156,.T.);
#11156 = LINE('',#11157,#11158);
#11157 = CARTESIAN_POINT('',(-513.3,-106.1000000003,24.));
#11158 = VECTOR('',#11159,1.);
#11159 = DIRECTION('',(0.,0.,1.));
#11160 = ORIENTED_EDGE('',*,*,#9224,.F.);
#11161 = ORIENTED_EDGE('',*,*,#11115,.T.);
#11162 = PLANE('',#11163);
#11163 = AXIS2_PLACEMENT_3D('',#11164,#11165,#11166);
#11164 = CARTESIAN_POINT('',(-513.3,-105.5000000003,24.));
#11165 = DIRECTION('',(1.,0.,0.));
#11166 = DIRECTION('',(0.,-1.,0.));
#11167 = ADVANCED_FACE('',(#11168),#11187,.T.);
#11168 = FACE_BOUND('',#11169,.F.);
#11169 = EDGE_LOOP('',(#11170,#11171,#11172,#11181));
#11170 = ORIENTED_EDGE('',*,*,#9232,.T.);
#11171 = ORIENTED_EDGE('',*,*,#11155,.T.);
#11172 = ORIENTED_EDGE('',*,*,#11173,.F.);
#11173 = EDGE_CURVE('',#11174,#11148,#11176,.T.);
#11174 = VERTEX_POINT('',#11175);
#11175 = CARTESIAN_POINT('',(-512.9,-106.5000000003,30.5001));
#11176 = CIRCLE('',#11177,0.4);
#11177 = AXIS2_PLACEMENT_3D('',#11178,#11179,#11180);
#11178 = CARTESIAN_POINT('',(-512.9,-106.1000000003,30.5001));
#11179 = DIRECTION('',(-0.,-0.,-1.));
#11180 = DIRECTION('',(0.,-1.,0.));
#11181 = ORIENTED_EDGE('',*,*,#11182,.F.);
#11182 = EDGE_CURVE('',#9233,#11174,#11183,.T.);
#11183 = LINE('',#11184,#11185);
#11184 = CARTESIAN_POINT('',(-512.9,-106.5000000003,24.));
#11185 = VECTOR('',#11186,1.);
#11186 = DIRECTION('',(0.,0.,1.));
#11187 = CYLINDRICAL_SURFACE('',#11188,0.4);
#11188 = AXIS2_PLACEMENT_3D('',#11189,#11190,#11191);
#11189 = CARTESIAN_POINT('',(-512.9,-106.1000000003,24.));
#11190 = DIRECTION('',(0.,0.,1.));
#11191 = DIRECTION('',(0.,-1.,0.));
#11192 = ADVANCED_FACE('',(#11193),#11211,.F.);
#11193 = FACE_BOUND('',#11194,.F.);
#11194 = EDGE_LOOP('',(#11195,#11203,#11209,#11210));
#11195 = ORIENTED_EDGE('',*,*,#11196,.T.);
#11196 = EDGE_CURVE('',#11174,#11197,#11199,.T.);
#11197 = VERTEX_POINT('',#11198);
#11198 = CARTESIAN_POINT('',(-512.3,-106.5000000003,30.5001));
#11199 = LINE('',#11200,#11201);
#11200 = CARTESIAN_POINT('',(-513.3,-106.5000000003,30.5001));
#11201 = VECTOR('',#11202,1.);
#11202 = DIRECTION('',(1.,0.,0.));
#11203 = ORIENTED_EDGE('',*,*,#11204,.F.);
#11204 = EDGE_CURVE('',#9242,#11197,#11205,.T.);
#11205 = LINE('',#11206,#11207);
#11206 = CARTESIAN_POINT('',(-512.3,-106.5000000003,24.));
#11207 = VECTOR('',#11208,1.);
#11208 = DIRECTION('',(0.,0.,1.));
#11209 = ORIENTED_EDGE('',*,*,#9241,.F.);
#11210 = ORIENTED_EDGE('',*,*,#11182,.T.);
#11211 = PLANE('',#11212);
#11212 = AXIS2_PLACEMENT_3D('',#11213,#11214,#11215);
#11213 = CARTESIAN_POINT('',(-513.3,-106.5000000003,24.));
#11214 = DIRECTION('',(0.,1.,0.));
#11215 = DIRECTION('',(1.,0.,0.));
#11216 = ADVANCED_FACE('',(#11217),#11229,.T.);
#11217 = FACE_BOUND('',#11218,.T.);
#11218 = EDGE_LOOP('',(#11219,#11220,#11221,#11228));
#11219 = ORIENTED_EDGE('',*,*,#9266,.T.);
#11220 = ORIENTED_EDGE('',*,*,#9866,.T.);
#11221 = ORIENTED_EDGE('',*,*,#11222,.F.);
#11222 = EDGE_CURVE('',#9811,#9835,#11223,.T.);
#11223 = CIRCLE('',#11224,0.4);
#11224 = AXIS2_PLACEMENT_3D('',#11225,#11226,#11227);
#11225 = CARTESIAN_POINT('',(-514.4,-87.9,29.5));
#11226 = DIRECTION('',(-0.,2.2E-16,1.));
#11227 = DIRECTION('',(1.,0.,0.));
#11228 = ORIENTED_EDGE('',*,*,#9818,.F.);
#11229 = CYLINDRICAL_SURFACE('',#11230,0.4);
#11230 = AXIS2_PLACEMENT_3D('',#11231,#11232,#11233);
#11231 = CARTESIAN_POINT('',(-514.4,-87.9,24.));
#11232 = DIRECTION('',(0.,2.2E-16,1.));
#11233 = DIRECTION('',(1.,0.,-0.));
#11234 = ADVANCED_FACE('',(#11235),#11246,.F.);
#11235 = FACE_BOUND('',#11236,.F.);
#11236 = EDGE_LOOP('',(#11237,#11238,#11244,#11245));
#11237 = ORIENTED_EDGE('',*,*,#11204,.T.);
#11238 = ORIENTED_EDGE('',*,*,#11239,.T.);
#11239 = EDGE_CURVE('',#11197,#9615,#11240,.T.);
#11240 = LINE('',#11241,#11242);
#11241 = CARTESIAN_POINT('',(-512.3,-106.5000000003,30.5001));
#11242 = VECTOR('',#11243,1.);
#11243 = DIRECTION('',(0.,-1.,0.));
#11244 = ORIENTED_EDGE('',*,*,#9622,.F.);
#11245 = ORIENTED_EDGE('',*,*,#9249,.F.);
#11246 = PLANE('',#11247);
#11247 = AXIS2_PLACEMENT_3D('',#11248,#11249,#11250);
#11248 = CARTESIAN_POINT('',(-512.3,-106.5000000003,24.));
#11249 = DIRECTION('',(1.,0.,0.));
#11250 = DIRECTION('',(0.,-1.,0.));
#11251 = ADVANCED_FACE('',(#11252),#11287,.F.);
#11252 = FACE_BOUND('',#11253,.F.);
#11253 = EDGE_LOOP('',(#11254,#11255,#11256,#11264,#11270,#11271,#11280)
  );
#11254 = ORIENTED_EDGE('',*,*,#9525,.F.);
#11255 = ORIENTED_EDGE('',*,*,#9575,.T.);
#11256 = ORIENTED_EDGE('',*,*,#11257,.T.);
#11257 = EDGE_CURVE('',#9576,#11258,#11260,.T.);
#11258 = VERTEX_POINT('',#11259);
#11259 = CARTESIAN_POINT('',(-499.5,-87.5,23.5));
#11260 = LINE('',#11261,#11262);
#11261 = CARTESIAN_POINT('',(-499.5,-107.5,23.5));
#11262 = VECTOR('',#11263,1.);
#11263 = DIRECTION('',(0.,1.,0.));
#11264 = ORIENTED_EDGE('',*,*,#11265,.F.);
#11265 = EDGE_CURVE('',#9543,#11258,#11266,.T.);
#11266 = LINE('',#11267,#11268);
#11267 = CARTESIAN_POINT('',(-502.5,-87.5,23.5));
#11268 = VECTOR('',#11269,1.);
#11269 = DIRECTION('',(1.,0.,0.));
#11270 = ORIENTED_EDGE('',*,*,#9542,.F.);
#11271 = ORIENTED_EDGE('',*,*,#11272,.T.);
#11272 = EDGE_CURVE('',#9534,#11273,#11275,.T.);
#11273 = VERTEX_POINT('',#11274);
#11274 = CARTESIAN_POINT('',(-501.35,-97.5,23.5));
#11275 = CIRCLE('',#11276,1.7);
#11276 = AXIS2_PLACEMENT_3D('',#11277,#11278,#11279);
#11277 = CARTESIAN_POINT('',(-503.05,-97.5,23.5));
#11278 = DIRECTION('',(0.,0.,-1.));
#11279 = DIRECTION('',(1.,0.,0.));
#11280 = ORIENTED_EDGE('',*,*,#11281,.T.);
#11281 = EDGE_CURVE('',#11273,#9526,#11282,.T.);
#11282 = CIRCLE('',#11283,1.7);
#11283 = AXIS2_PLACEMENT_3D('',#11284,#11285,#11286);
#11284 = CARTESIAN_POINT('',(-503.05,-97.5,23.5));
#11285 = DIRECTION('',(0.,0.,-1.));
#11286 = DIRECTION('',(1.,0.,0.));
#11287 = PLANE('',#11288);
#11288 = AXIS2_PLACEMENT_3D('',#11289,#11290,#11291);
#11289 = CARTESIAN_POINT('',(-502.5,-107.5,23.5));
#11290 = DIRECTION('',(0.,0.,1.));
#11291 = DIRECTION('',(0.,1.,0.));
#11292 = ADVANCED_FACE('',(#11293),#11322,.F.);
#11293 = FACE_BOUND('',#11294,.T.);
#11294 = EDGE_LOOP('',(#11295,#11303,#11310,#11311,#11318,#11319,#11320,
    #11321));
#11295 = ORIENTED_EDGE('',*,*,#11296,.F.);
#11296 = EDGE_CURVE('',#11297,#11273,#11299,.T.);
#11297 = VERTEX_POINT('',#11298);
#11298 = CARTESIAN_POINT('',(-501.35,-97.5,24.));
#11299 = LINE('',#11300,#11301);
#11300 = CARTESIAN_POINT('',(-501.35,-97.5,24.));
#11301 = VECTOR('',#11302,1.);
#11302 = DIRECTION('',(-6.E-17,0.,-1.));
#11303 = ORIENTED_EDGE('',*,*,#11304,.T.);
#11304 = EDGE_CURVE('',#11297,#9648,#11305,.T.);
#11305 = CIRCLE('',#11306,1.7);
#11306 = AXIS2_PLACEMENT_3D('',#11307,#11308,#11309);
#11307 = CARTESIAN_POINT('',(-503.05,-97.5,24.));
#11308 = DIRECTION('',(0.,0.,1.));
#11309 = DIRECTION('',(1.,0.,0.));
#11310 = ORIENTED_EDGE('',*,*,#9655,.T.);
#11311 = ORIENTED_EDGE('',*,*,#11312,.T.);
#11312 = EDGE_CURVE('',#9656,#11297,#11313,.T.);
#11313 = CIRCLE('',#11314,1.7);
#11314 = AXIS2_PLACEMENT_3D('',#11315,#11316,#11317);
#11315 = CARTESIAN_POINT('',(-503.05,-97.5,24.));
#11316 = DIRECTION('',(0.,0.,1.));
#11317 = DIRECTION('',(1.,0.,0.));
#11318 = ORIENTED_EDGE('',*,*,#11296,.T.);
#11319 = ORIENTED_EDGE('',*,*,#11281,.T.);
#11320 = ORIENTED_EDGE('',*,*,#9533,.T.);
#11321 = ORIENTED_EDGE('',*,*,#11272,.T.);
#11322 = CYLINDRICAL_SURFACE('',#11323,1.7);
#11323 = AXIS2_PLACEMENT_3D('',#11324,#11325,#11326);
#11324 = CARTESIAN_POINT('',(-503.05,-97.5,24.));
#11325 = DIRECTION('',(-0.,-0.,-1.));
#11326 = DIRECTION('',(1.,0.,0.));
#11327 = ADVANCED_FACE('',(#11328),#11347,.F.);
#11328 = FACE_BOUND('',#11329,.T.);
#11329 = EDGE_LOOP('',(#11330,#11339,#11345,#11346));
#11330 = ORIENTED_EDGE('',*,*,#11331,.T.);
#11331 = EDGE_CURVE('',#11332,#11332,#11334,.T.);
#11332 = VERTEX_POINT('',#11333);
#11333 = CARTESIAN_POINT('',(-516.55,-97.5,29.5));
#11334 = CIRCLE('',#11335,1.7);
#11335 = AXIS2_PLACEMENT_3D('',#11336,#11337,#11338);
#11336 = CARTESIAN_POINT('',(-518.25,-97.5,29.5));
#11337 = DIRECTION('',(0.,0.,1.));
#11338 = DIRECTION('',(1.,0.,0.));
#11339 = ORIENTED_EDGE('',*,*,#11340,.T.);
#11340 = EDGE_CURVE('',#11332,#9559,#11341,.T.);
#11341 = LINE('',#11342,#11343);
#11342 = CARTESIAN_POINT('',(-516.55,-97.5,29.5));
#11343 = VECTOR('',#11344,1.);
#11344 = DIRECTION('',(-6.E-17,0.,-1.));
#11345 = ORIENTED_EDGE('',*,*,#9558,.T.);
#11346 = ORIENTED_EDGE('',*,*,#11340,.F.);
#11347 = CYLINDRICAL_SURFACE('',#11348,1.7);
#11348 = AXIS2_PLACEMENT_3D('',#11349,#11350,#11351);
#11349 = CARTESIAN_POINT('',(-518.25,-97.5,29.5));
#11350 = DIRECTION('',(-0.,-0.,-1.));
#11351 = DIRECTION('',(1.,0.,0.));
#11352 = ADVANCED_FACE('',(#11353),#11374,.F.);
#11353 = FACE_BOUND('',#11354,.F.);
#11354 = EDGE_LOOP('',(#11355,#11356,#11364,#11370,#11371,#11372,#11373)
  );
#11355 = ORIENTED_EDGE('',*,*,#9647,.F.);
#11356 = ORIENTED_EDGE('',*,*,#11357,.T.);
#11357 = EDGE_CURVE('',#9638,#11358,#11360,.T.);
#11358 = VERTEX_POINT('',#11359);
#11359 = CARTESIAN_POINT('',(-499.5,-87.5,24.));
#11360 = LINE('',#11361,#11362);
#11361 = CARTESIAN_POINT('',(-502.5,-87.5,24.));
#11362 = VECTOR('',#11363,1.);
#11363 = DIRECTION('',(1.,0.,0.));
#11364 = ORIENTED_EDGE('',*,*,#11365,.T.);
#11365 = EDGE_CURVE('',#11358,#9584,#11366,.T.);
#11366 = LINE('',#11367,#11368);
#11367 = CARTESIAN_POINT('',(-499.5,-87.5,24.));
#11368 = VECTOR('',#11369,1.);
#11369 = DIRECTION('',(0.,-1.,2.2E-16));
#11370 = ORIENTED_EDGE('',*,*,#9591,.F.);
#11371 = ORIENTED_EDGE('',*,*,#9664,.F.);
#11372 = ORIENTED_EDGE('',*,*,#11312,.T.);
#11373 = ORIENTED_EDGE('',*,*,#11304,.T.);
#11374 = PLANE('',#11375);
#11375 = AXIS2_PLACEMENT_3D('',#11376,#11377,#11378);
#11376 = CARTESIAN_POINT('',(-502.5,-87.5,24.));
#11377 = DIRECTION('',(0.,-2.2E-16,-1.));
#11378 = DIRECTION('',(0.,-1.,2.2E-16));
#11379 = ADVANCED_FACE('',(#11380),#11391,.F.);
#11380 = FACE_BOUND('',#11381,.F.);
#11381 = EDGE_LOOP('',(#11382,#11383,#11384,#11385));
#11382 = ORIENTED_EDGE('',*,*,#11257,.F.);
#11383 = ORIENTED_EDGE('',*,*,#9583,.T.);
#11384 = ORIENTED_EDGE('',*,*,#11365,.F.);
#11385 = ORIENTED_EDGE('',*,*,#11386,.F.);
#11386 = EDGE_CURVE('',#11258,#11358,#11387,.T.);
#11387 = LINE('',#11388,#11389);
#11388 = CARTESIAN_POINT('',(-499.5,-87.5,23.5));
#11389 = VECTOR('',#11390,1.);
#11390 = DIRECTION('',(0.,0.,1.));
#11391 = PLANE('',#11392);
#11392 = AXIS2_PLACEMENT_3D('',#11393,#11394,#11395);
#11393 = CARTESIAN_POINT('',(-499.5,-107.5,23.5));
#11394 = DIRECTION('',(-1.,0.,0.));
#11395 = DIRECTION('',(0.,1.,0.));
#11396 = ADVANCED_FACE('',(#11397),#11424,.T.);
#11397 = FACE_BOUND('',#11398,.T.);
#11398 = EDGE_LOOP('',(#11399,#11408,#11416,#11423));
#11399 = ORIENTED_EDGE('',*,*,#11400,.T.);
#11400 = EDGE_CURVE('',#9607,#11401,#11403,.T.);
#11401 = VERTEX_POINT('',#11402);
#11402 = CARTESIAN_POINT('',(-510.7999,-107.0001,31.));
#11403 = ELLIPSE('',#11404,0.706965359778,0.4999);
#11404 = AXIS2_PLACEMENT_3D('',#11405,#11406,#11407);
#11405 = CARTESIAN_POINT('',(-510.7999,-107.0001,30.5001));
#11406 = DIRECTION('',(-0.707106781134,-0.707106781239,-0.));
#11407 = DIRECTION('',(-0.707106781239,0.707106781134,0.));
#11408 = ORIENTED_EDGE('',*,*,#11409,.T.);
#11409 = EDGE_CURVE('',#11401,#11410,#11412,.T.);
#11410 = VERTEX_POINT('',#11411);
#11411 = CARTESIAN_POINT('',(-511.8001,-107.0001000002,31.));
#11412 = LINE('',#11413,#11414);
#11413 = CARTESIAN_POINT('',(-510.3,-107.0001,31.));
#11414 = VECTOR('',#11415,1.);
#11415 = DIRECTION('',(-1.,-1.4849244E-10,0.));
#11416 = ORIENTED_EDGE('',*,*,#11417,.F.);
#11417 = EDGE_CURVE('',#9615,#11410,#11418,.T.);
#11418 = ELLIPSE('',#11419,0.706965359883,0.4999);
#11419 = AXIS2_PLACEMENT_3D('',#11420,#11421,#11422);
#11420 = CARTESIAN_POINT('',(-511.8001,-107.0001,30.5001));
#11421 = DIRECTION('',(-0.707106781239,0.707106781134,0.));
#11422 = DIRECTION('',(-0.707106781134,-0.707106781239,0.));
#11423 = ORIENTED_EDGE('',*,*,#9614,.F.);
#11424 = CYLINDRICAL_SURFACE('',#11425,0.4999);
#11425 = AXIS2_PLACEMENT_3D('',#11426,#11427,#11428);
#11426 = CARTESIAN_POINT('',(-510.3,-107.0001,30.5001));
#11427 = DIRECTION('',(-1.,-1.4849244E-10,0.));
#11428 = DIRECTION('',(1.4849244E-10,-1.,0.));
#11429 = ADVANCED_FACE('',(#11430),#11448,.F.);
#11430 = FACE_BOUND('',#11431,.F.);
#11431 = EDGE_LOOP('',(#11432,#11440,#11441,#11442));
#11432 = ORIENTED_EDGE('',*,*,#11433,.F.);
#11433 = EDGE_CURVE('',#9640,#11434,#11436,.T.);
#11434 = VERTEX_POINT('',#11435);
#11435 = CARTESIAN_POINT('',(-506.6,-87.5,30.0001));
#11436 = LINE('',#11437,#11438);
#11437 = CARTESIAN_POINT('',(-506.6,-87.5,24.));
#11438 = VECTOR('',#11439,1.);
#11439 = DIRECTION('',(0.,0.,1.));
#11440 = ORIENTED_EDGE('',*,*,#9671,.F.);
#11441 = ORIENTED_EDGE('',*,*,#9685,.T.);
#11442 = ORIENTED_EDGE('',*,*,#11443,.T.);
#11443 = EDGE_CURVE('',#9686,#11434,#11444,.T.);
#11444 = LINE('',#11445,#11446);
#11445 = CARTESIAN_POINT('',(-506.6,-107.5,30.0001));
#11446 = VECTOR('',#11447,1.);
#11447 = DIRECTION('',(0.,1.,0.));
#11448 = PLANE('',#11449);
#11449 = AXIS2_PLACEMENT_3D('',#11450,#11451,#11452);
#11450 = CARTESIAN_POINT('',(-506.6,-107.5,24.));
#11451 = DIRECTION('',(-1.,0.,0.));
#11452 = DIRECTION('',(0.,1.,0.));
#11453 = ADVANCED_FACE('',(#11454),#11481,.T.);
#11454 = FACE_BOUND('',#11455,.F.);
#11455 = EDGE_LOOP('',(#11456,#11465,#11473,#11480));
#11456 = ORIENTED_EDGE('',*,*,#11457,.T.);
#11457 = EDGE_CURVE('',#9695,#11458,#11460,.T.);
#11458 = VERTEX_POINT('',#11459);
#11459 = CARTESIAN_POINT('',(-507.6001,-106.5001,31.));
#11460 = ELLIPSE('',#11461,1.414072141017,0.9999);
#11461 = AXIS2_PLACEMENT_3D('',#11462,#11463,#11464);
#11462 = CARTESIAN_POINT('',(-507.6001,-106.5001,30.0001));
#11463 = DIRECTION('',(-0.707106781187,0.707106781187,0.));
#11464 = DIRECTION('',(0.707106781187,0.707106781187,0.));
#11465 = ORIENTED_EDGE('',*,*,#11466,.T.);
#11466 = EDGE_CURVE('',#11458,#11467,#11469,.T.);
#11467 = VERTEX_POINT('',#11468);
#11468 = CARTESIAN_POINT('',(-507.5999,-106.5001,31.));
#11469 = LINE('',#11470,#11471);
#11470 = CARTESIAN_POINT('',(-508.6,-106.5001,31.));
#11471 = VECTOR('',#11472,1.);
#11472 = DIRECTION('',(1.,0.,0.));
#11473 = ORIENTED_EDGE('',*,*,#11474,.F.);
#11474 = EDGE_CURVE('',#9686,#11467,#11475,.T.);
#11475 = ELLIPSE('',#11476,1.414072141017,0.9999);
#11476 = AXIS2_PLACEMENT_3D('',#11477,#11478,#11479);
#11477 = CARTESIAN_POINT('',(-507.5999,-106.5001,30.0001));
#11478 = DIRECTION('',(-0.707106781187,-0.707106781187,-0.));
#11479 = DIRECTION('',(-0.707106781187,0.707106781187,0.));
#11480 = ORIENTED_EDGE('',*,*,#9702,.F.);
#11481 = CYLINDRICAL_SURFACE('',#11482,0.9999);
#11482 = AXIS2_PLACEMENT_3D('',#11483,#11484,#11485);
#11483 = CARTESIAN_POINT('',(-508.6,-106.5001,30.0001));
#11484 = DIRECTION('',(1.,0.,0.));
#11485 = DIRECTION('',(0.,-1.,0.));
#11486 = ADVANCED_FACE('',(#11487),#11510,.T.);
#11487 = FACE_BOUND('',#11488,.T.);
#11488 = EDGE_LOOP('',(#11489,#11490,#11509));
#11489 = ORIENTED_EDGE('',*,*,#9770,.T.);
#11490 = ORIENTED_EDGE('',*,*,#11491,.T.);
#11491 = EDGE_CURVE('',#9763,#9727,#11492,.T.);
#11492 = ( BOUNDED_CURVE() B_SPLINE_CURVE(8,(#11493,#11494,#11495,#11496
    ,#11497,#11498,#11499,#11500,#11501,#11502,#11503,#11504,#11505,
    #11506,#11507,#11508),.UNSPECIFIED.,.F.,.F.) 
B_SPLINE_CURVE_WITH_KNOTS((9,7,9),(6.5001,6.977529218685,7.45495843737),
.UNSPECIFIED.) CURVE() GEOMETRIC_REPRESENTATION_ITEM() 
RATIONAL_B_SPLINE_CURVE((1.,1.,1.,1.,1.,1.,1.,1.,1.,1.,1.,1.,1.,1.,1.,1.
)) REPRESENTATION_ITEM('') );
#11493 = CARTESIAN_POINT('',(-514.,-107.1,30.5001));
#11494 = CARTESIAN_POINT('',(-514.,-107.1,30.509907614667));
#11495 = CARTESIAN_POINT('',(-514.0002221511,-107.0971601888,
    30.519782486262));
#11496 = CARTESIAN_POINT('',(-514.0006643271,-107.0912755091,
    30.53044894237));
#11497 = CARTESIAN_POINT('',(-514.0014071016,-107.0841538709,
    30.545016693381));
#11498 = CARTESIAN_POINT('',(-514.0032439355,-107.075670568,
    30.561427446855));
#11499 = CARTESIAN_POINT('',(-514.0054530285,-107.0725746596,
    30.590555705665));
#11500 = CARTESIAN_POINT('',(-514.0149169983,-107.072021938,
    30.632857719408));
#11501 = CARTESIAN_POINT('',(-514.0546013,-107.0711621374,
    30.733642697808));
#11502 = CARTESIAN_POINT('',(-514.0847914644,-107.0709007512,
    30.792190994014));
#11503 = CARTESIAN_POINT('',(-514.1291777507,-107.0679642449,
    30.854150864733));
#11504 = CARTESIAN_POINT('',(-514.188077419,-107.0599488359,
    30.909801921722));
#11505 = CARTESIAN_POINT('',(-514.258457847,-107.0476066472,
    30.953963713378));
#11506 = CARTESIAN_POINT('',(-514.3362468764,-107.0328400398,
    30.984743764111));
#11507 = CARTESIAN_POINT('',(-514.4180935185,-107.0164482046,31.));
#11508 = CARTESIAN_POINT('',(-514.4999,-107.0001,31.));
#11509 = ORIENTED_EDGE('',*,*,#9734,.F.);
#11510 = ( BOUNDED_SURFACE() B_SPLINE_SURFACE(2,8,(
    (#11511,#11512,#11513,#11514,#11515,#11516,#11517,#11518,#11519
      ,#11520,#11521,#11522,#11523,#11524,#11525,#11526)
    ,(#11527,#11528,#11529,#11530,#11531,#11532,#11533,#11534,#11535
      ,#11536,#11537,#11538,#11539,#11540,#11541,#11542)
    ,(#11543,#11544,#11545,#11546,#11547,#11548,#11549,#11550,#11551
      ,#11552,#11553,#11554,#11555,#11556,#11557,#11558
)),.UNSPECIFIED.,.F.,.F.,.F.) B_SPLINE_SURFACE_WITH_KNOTS((3,3),(9,7,9),
  (0.,0.95485843737),(6.5001,6.977529218685,7.45495843737),
.UNSPECIFIED.) GEOMETRIC_REPRESENTATION_ITEM() RATIONAL_B_SPLINE_SURFACE
((
    (1.,1.,1.,1.,1.,1.,1.,1.,1.,1.,1.,1.,1.,1.,1.,1.)
    ,(0.707106781187,0.707106781187,0.702567909995,0.692448262626
      ,0.682180618163,0.666736059067,0.665937288614,0.684906951562
      ,0.751410440052,0.799088973871,0.856490193915,0.910356855827
      ,0.953865293504,0.984770033708,1.,1.)
    ,(1.,1.,1.,1.,1.,1.,1.,1.,1.,1.,1.,1.,1.,1.,1.,1.
))) REPRESENTATION_ITEM('') SURFACE() );
#11511 = CARTESIAN_POINT('',(-514.4,-107.5,30.5001));
#11512 = CARTESIAN_POINT('',(-514.4,-107.5,30.509907614667));
#11513 = CARTESIAN_POINT('',(-514.4028398111,-107.4997778488,
    30.519782486262));
#11514 = CARTESIAN_POINT('',(-514.4087244908,-107.4993356728,
    30.53044894237));
#11515 = CARTESIAN_POINT('',(-514.415846129,-107.4985928983,
    30.545016693381));
#11516 = CARTESIAN_POINT('',(-514.4243294319,-107.4967560644,
    30.561427446855));
#11517 = CARTESIAN_POINT('',(-514.4274253403,-107.4945469714,
    30.590555705666));
#11518 = CARTESIAN_POINT('',(-514.4279780619,-107.4850830016,
    30.632857719408));
#11519 = CARTESIAN_POINT('',(-514.4288378625,-107.4453986999,
    30.733642697808));
#11520 = CARTESIAN_POINT('',(-514.4290992487,-107.4152085355,
    30.792190994014));
#11521 = CARTESIAN_POINT('',(-514.432035755,-107.3708222492,
    30.854150864733));
#11522 = CARTESIAN_POINT('',(-514.440051164,-107.3119225809,
    30.909801921722));
#11523 = CARTESIAN_POINT('',(-514.4523933527,-107.2415421529,
    30.953963713378));
#11524 = CARTESIAN_POINT('',(-514.4671599601,-107.1637531235,
    30.984743764111));
#11525 = CARTESIAN_POINT('',(-514.4835517953,-107.0819064814,31.));
#11526 = CARTESIAN_POINT('',(-514.4999,-107.0001,31.));
#11527 = CARTESIAN_POINT('',(-514.,-107.5,30.5001));
#11528 = CARTESIAN_POINT('',(-514.,-107.5,30.549177343065));
#11529 = CARTESIAN_POINT('',(-514.0020458446,-107.4979541553,
    30.598861739759));
#11530 = CARTESIAN_POINT('',(-514.0058225,-107.4941774999,
    30.651358404293));
#11531 = CARTESIAN_POINT('',(-514.0136692502,-107.4863307497,
    30.706303710558));
#11532 = CARTESIAN_POINT('',(-514.0240812384,-107.4759187615,
    30.768408127654));
#11533 = CARTESIAN_POINT('',(-514.0453607401,-107.4546392598,
    30.823993846259));
#11534 = CARTESIAN_POINT('',(-514.0789977976,-107.4210022023,
    30.868986567836));
#11535 = CARTESIAN_POINT('',(-514.1601875331,-107.3398124668,
    30.934906816806));
#11536 = CARTESIAN_POINT('',(-514.2037025499,-107.29629745,
    30.955345030018));
#11537 = CARTESIAN_POINT('',(-514.2499005936,-107.2500994063,
    30.96848438649));
#11538 = CARTESIAN_POINT('',(-514.2984348434,-107.2015651565,
    30.980404342731));
#11539 = CARTESIAN_POINT('',(-514.3489991528,-107.1510008471,
    30.99060391563));
#11540 = CARTESIAN_POINT('',(-514.400212187,-107.0997878129,
    30.996822690572));
#11541 = CARTESIAN_POINT('',(-514.4508226569,-107.049177343,31.));
#11542 = CARTESIAN_POINT('',(-514.4999,-107.0001,31.));
#11543 = CARTESIAN_POINT('',(-514.,-107.1,30.5001));
#11544 = CARTESIAN_POINT('',(-514.,-107.1,30.509907614667));
#11545 = CARTESIAN_POINT('',(-514.0002221511,-107.0971601888,
    30.519782486262));
#11546 = CARTESIAN_POINT('',(-514.0006643271,-107.0912755091,
    30.53044894237));
#11547 = CARTESIAN_POINT('',(-514.0014071016,-107.0841538709,
    30.545016693381));
#11548 = CARTESIAN_POINT('',(-514.0032439355,-107.075670568,
    30.561427446855));
#11549 = CARTESIAN_POINT('',(-514.0054530285,-107.0725746596,
    30.590555705665));
#11550 = CARTESIAN_POINT('',(-514.0149169983,-107.072021938,
    30.632857719408));
#11551 = CARTESIAN_POINT('',(-514.0546013,-107.0711621374,
    30.733642697808));
#11552 = CARTESIAN_POINT('',(-514.0847914644,-107.0709007512,
    30.792190994014));
#11553 = CARTESIAN_POINT('',(-514.1291777507,-107.0679642449,
    30.854150864733));
#11554 = CARTESIAN_POINT('',(-514.188077419,-107.0599488359,
    30.909801921722));
#11555 = CARTESIAN_POINT('',(-514.258457847,-107.0476066472,
    30.953963713378));
#11556 = CARTESIAN_POINT('',(-514.3362468764,-107.0328400398,
    30.984743764111));
#11557 = CARTESIAN_POINT('',(-514.4180935185,-107.0164482046,31.));
#11558 = CARTESIAN_POINT('',(-514.4999,-107.0001,31.));
#11559 = ADVANCED_FACE('',(#11560),#11579,.T.);
#11560 = FACE_BOUND('',#11561,.T.);
#11561 = EDGE_LOOP('',(#11562,#11571,#11572,#11573));
#11562 = ORIENTED_EDGE('',*,*,#11563,.T.);
#11563 = EDGE_CURVE('',#11564,#9789,#11566,.T.);
#11564 = VERTEX_POINT('',#11565);
#11565 = CARTESIAN_POINT('',(-522.0001,-87.9999,31.));
#11566 = ELLIPSE('',#11567,0.70696535983,0.4999);
#11567 = AXIS2_PLACEMENT_3D('',#11568,#11569,#11570);
#11568 = CARTESIAN_POINT('',(-522.0001,-87.9999,30.5001));
#11569 = DIRECTION('',(-0.707106781187,-0.707106781187,-0.));
#11570 = DIRECTION('',(-0.707106781187,0.707106781187,0.));
#11571 = ORIENTED_EDGE('',*,*,#9796,.T.);
#11572 = ORIENTED_EDGE('',*,*,#9717,.T.);
#11573 = ORIENTED_EDGE('',*,*,#11574,.F.);
#11574 = EDGE_CURVE('',#11564,#9718,#11575,.T.);
#11575 = LINE('',#11576,#11577);
#11576 = CARTESIAN_POINT('',(-522.0001,-87.5,31.));
#11577 = VECTOR('',#11578,1.);
#11578 = DIRECTION('',(0.,-1.,0.));
#11579 = CYLINDRICAL_SURFACE('',#11580,0.4999);
#11580 = AXIS2_PLACEMENT_3D('',#11581,#11582,#11583);
#11581 = CARTESIAN_POINT('',(-522.0001,-87.5,30.5001));
#11582 = DIRECTION('',(0.,-1.,0.));
#11583 = DIRECTION('',(0.,0.,1.));
#11584 = ADVANCED_FACE('',(#11585,#11603),#11614,.T.);
#11585 = FACE_BOUND('',#11586,.T.);
#11586 = EDGE_LOOP('',(#11587,#11595,#11596,#11597));
#11587 = ORIENTED_EDGE('',*,*,#11588,.T.);
#11588 = EDGE_CURVE('',#11589,#11564,#11591,.T.);
#11589 = VERTEX_POINT('',#11590);
#11590 = CARTESIAN_POINT('',(-514.4999,-87.9999,31.));
#11591 = LINE('',#11592,#11593);
#11592 = CARTESIAN_POINT('',(-514.,-87.9999,31.));
#11593 = VECTOR('',#11594,1.);
#11594 = DIRECTION('',(-1.,0.,0.));
#11595 = ORIENTED_EDGE('',*,*,#11574,.T.);
#11596 = ORIENTED_EDGE('',*,*,#9726,.T.);
#11597 = ORIENTED_EDGE('',*,*,#11598,.F.);
#11598 = EDGE_CURVE('',#11589,#9727,#11599,.T.);
#11599 = LINE('',#11600,#11601);
#11600 = CARTESIAN_POINT('',(-514.4999,-87.5,31.));
#11601 = VECTOR('',#11602,1.);
#11602 = DIRECTION('',(0.,-1.,0.));
#11603 = FACE_BOUND('',#11604,.T.);
#11604 = EDGE_LOOP('',(#11605));
#11605 = ORIENTED_EDGE('',*,*,#11606,.T.);
#11606 = EDGE_CURVE('',#11607,#11607,#11609,.T.);
#11607 = VERTEX_POINT('',#11608);
#11608 = CARTESIAN_POINT('',(-516.0501,-97.5,31.));
#11609 = CIRCLE('',#11610,2.1999);
#11610 = AXIS2_PLACEMENT_3D('',#11611,#11612,#11613);
#11611 = CARTESIAN_POINT('',(-518.25,-97.5,31.));
#11612 = DIRECTION('',(0.,0.,-1.));
#11613 = DIRECTION('',(1.,0.,0.));
#11614 = PLANE('',#11615);
#11615 = AXIS2_PLACEMENT_3D('',#11616,#11617,#11618);
#11616 = CARTESIAN_POINT('',(-511.8714285714,-97.35714285724,31.));
#11617 = DIRECTION('',(0.,0.,1.));
#11618 = DIRECTION('',(1.,0.,0.));
#11619 = ADVANCED_FACE('',(#11620),#11638,.T.);
#11620 = FACE_BOUND('',#11621,.T.);
#11621 = EDGE_LOOP('',(#11622,#11630,#11631,#11632));
#11622 = ORIENTED_EDGE('',*,*,#11623,.T.);
#11623 = EDGE_CURVE('',#11624,#9763,#11626,.T.);
#11624 = VERTEX_POINT('',#11625);
#11625 = CARTESIAN_POINT('',(-514.,-87.9,30.5001));
#11626 = LINE('',#11627,#11628);
#11627 = CARTESIAN_POINT('',(-514.,-87.5,30.5001));
#11628 = VECTOR('',#11629,1.);
#11629 = DIRECTION('',(0.,-1.,0.));
#11630 = ORIENTED_EDGE('',*,*,#9762,.F.);
#11631 = ORIENTED_EDGE('',*,*,#9810,.F.);
#11632 = ORIENTED_EDGE('',*,*,#11633,.T.);
#11633 = EDGE_CURVE('',#9811,#11624,#11634,.T.);
#11634 = LINE('',#11635,#11636);
#11635 = CARTESIAN_POINT('',(-514.,-87.9,29.5));
#11636 = VECTOR('',#11637,1.);
#11637 = DIRECTION('',(0.,0.,1.));
#11638 = PLANE('',#11639);
#11639 = AXIS2_PLACEMENT_3D('',#11640,#11641,#11642);
#11640 = CARTESIAN_POINT('',(-514.,-87.5,29.5));
#11641 = DIRECTION('',(1.,0.,0.));
#11642 = DIRECTION('',(0.,-1.,2.2E-16));
#11643 = ADVANCED_FACE('',(#11644),#11662,.F.);
#11644 = FACE_BOUND('',#11645,.F.);
#11645 = EDGE_LOOP('',(#11646,#11654,#11655,#11656));
#11646 = ORIENTED_EDGE('',*,*,#11647,.T.);
#11647 = EDGE_CURVE('',#11648,#9789,#11650,.T.);
#11648 = VERTEX_POINT('',#11649);
#11649 = CARTESIAN_POINT('',(-514.4,-87.5,30.5001));
#11650 = LINE('',#11651,#11652);
#11651 = CARTESIAN_POINT('',(-514.,-87.5,30.5001));
#11652 = VECTOR('',#11653,1.);
#11653 = DIRECTION('',(-1.,0.,0.));
#11654 = ORIENTED_EDGE('',*,*,#9788,.F.);
#11655 = ORIENTED_EDGE('',*,*,#9834,.F.);
#11656 = ORIENTED_EDGE('',*,*,#11657,.T.);
#11657 = EDGE_CURVE('',#9835,#11648,#11658,.T.);
#11658 = LINE('',#11659,#11660);
#11659 = CARTESIAN_POINT('',(-514.4,-87.5,29.5));
#11660 = VECTOR('',#11661,1.);
#11661 = DIRECTION('',(0.,0.,1.));
#11662 = PLANE('',#11663);
#11663 = AXIS2_PLACEMENT_3D('',#11664,#11665,#11666);
#11664 = CARTESIAN_POINT('',(-514.,-87.5,29.5));
#11665 = DIRECTION('',(0.,-1.,0.));
#11666 = DIRECTION('',(-1.,0.,0.));
#11667 = ADVANCED_FACE('',(#11668),#11674,.F.);
#11668 = FACE_BOUND('',#11669,.F.);
#11669 = EDGE_LOOP('',(#11670,#11671,#11672,#11673));
#11670 = ORIENTED_EDGE('',*,*,#11265,.T.);
#11671 = ORIENTED_EDGE('',*,*,#11386,.T.);
#11672 = ORIENTED_EDGE('',*,*,#11357,.F.);
#11673 = ORIENTED_EDGE('',*,*,#9844,.F.);
#11674 = PLANE('',#11675);
#11675 = AXIS2_PLACEMENT_3D('',#11676,#11677,#11678);
#11676 = CARTESIAN_POINT('',(-502.5,-87.5,23.5));
#11677 = DIRECTION('',(0.,-1.,0.));
#11678 = DIRECTION('',(0.,0.,1.));
#11679 = ADVANCED_FACE('',(#11680),#11691,.F.);
#11680 = FACE_BOUND('',#11681,.F.);
#11681 = EDGE_LOOP('',(#11682,#11683,#11684,#11685));
#11682 = ORIENTED_EDGE('',*,*,#9962,.F.);
#11683 = ORIENTED_EDGE('',*,*,#9851,.F.);
#11684 = ORIENTED_EDGE('',*,*,#11433,.T.);
#11685 = ORIENTED_EDGE('',*,*,#11686,.T.);
#11686 = EDGE_CURVE('',#11434,#9963,#11687,.T.);
#11687 = LINE('',#11688,#11689);
#11688 = CARTESIAN_POINT('',(-506.6,-87.5,30.0001));
#11689 = VECTOR('',#11690,1.);
#11690 = DIRECTION('',(-1.,0.,0.));
#11691 = PLANE('',#11692);
#11692 = AXIS2_PLACEMENT_3D('',#11693,#11694,#11695);
#11693 = CARTESIAN_POINT('',(-506.6,-87.5,24.));
#11694 = DIRECTION('',(0.,-1.,0.));
#11695 = DIRECTION('',(-1.,0.,0.));
#11696 = ADVANCED_FACE('',(#11697),#11736,.T.);
#11697 = FACE_BOUND('',#11698,.T.);
#11698 = EDGE_LOOP('',(#11699,#11700,#11709,#11717));
#11699 = ORIENTED_EDGE('',*,*,#9880,.F.);
#11700 = ORIENTED_EDGE('',*,*,#11701,.T.);
#11701 = EDGE_CURVE('',#9881,#11702,#11704,.T.);
#11702 = VERTEX_POINT('',#11703);
#11703 = CARTESIAN_POINT('',(-510.7999,-87.9999,31.));
#11704 = ELLIPSE('',#11705,0.70696535983,0.4999);
#11705 = AXIS2_PLACEMENT_3D('',#11706,#11707,#11708);
#11706 = CARTESIAN_POINT('',(-510.7999,-87.9999,30.5001));
#11707 = DIRECTION('',(0.707106781187,-0.707106781187,0.));
#11708 = DIRECTION('',(0.707106781187,0.707106781187,0.));
#11709 = ORIENTED_EDGE('',*,*,#11710,.T.);
#11710 = EDGE_CURVE('',#11702,#11711,#11713,.T.);
#11711 = VERTEX_POINT('',#11712);
#11712 = CARTESIAN_POINT('',(-510.7999,-95.00010000024,31.));
#11713 = LINE('',#11714,#11715);
#11714 = CARTESIAN_POINT('',(-510.7999,-87.5,31.));
#11715 = VECTOR('',#11716,1.);
#11716 = DIRECTION('',(0.,-1.,0.));
#11717 = ORIENTED_EDGE('',*,*,#11718,.F.);
#11718 = EDGE_CURVE('',#9883,#11711,#11719,.T.);
#11719 = ( BOUNDED_CURVE() B_SPLINE_CURVE(8,(#11720,#11721,#11722,#11723
    ,#11724,#11725,#11726,#11727,#11728,#11729,#11730,#11731,#11732,
    #11733,#11734,#11735),.UNSPECIFIED.,.F.,.F.) 
B_SPLINE_CURVE_WITH_KNOTS((9,7,9),(6.5001,6.977529218685,7.45495843737),
.UNSPECIFIED.) CURVE() GEOMETRIC_REPRESENTATION_ITEM() 
RATIONAL_B_SPLINE_CURVE((1.,1.,1.,1.,1.,1.,1.,1.,1.,1.,1.,1.,1.,1.,1.,1.
)) REPRESENTATION_ITEM('') );
#11720 = CARTESIAN_POINT('',(-510.3,-95.10000000024,30.5001));
#11721 = CARTESIAN_POINT('',(-510.3,-95.10000000024,30.509907614667));
#11722 = CARTESIAN_POINT('',(-510.3002221511,-95.09716018911,
    30.519782486262));
#11723 = CARTESIAN_POINT('',(-510.3006643271,-95.09127550937,
    30.53044894237));
#11724 = CARTESIAN_POINT('',(-510.3014071016,-95.08415387118,
    30.545016693381));
#11725 = CARTESIAN_POINT('',(-510.3032439355,-95.07567056827,
    30.561427446855));
#11726 = CARTESIAN_POINT('',(-510.3054530285,-95.07257465985,
    30.590555705666));
#11727 = CARTESIAN_POINT('',(-510.3149169983,-95.07202193826,
    30.632857719408));
#11728 = CARTESIAN_POINT('',(-510.3546013,-95.07116213765,
    30.733642697808));
#11729 = CARTESIAN_POINT('',(-510.3847914644,-95.07090075144,
    30.792190994014));
#11730 = CARTESIAN_POINT('',(-510.4291777507,-95.0679642452,
    30.854150864733));
#11731 = CARTESIAN_POINT('',(-510.488077419,-95.05994883616,
    30.909801921722));
#11732 = CARTESIAN_POINT('',(-510.558457847,-95.04760664752,
    30.953963713378));
#11733 = CARTESIAN_POINT('',(-510.6362468764,-95.03284004011,
    30.984743764111));
#11734 = CARTESIAN_POINT('',(-510.7180935185,-95.01644820488,31.));
#11735 = CARTESIAN_POINT('',(-510.7999,-95.00010000024,31.));
#11736 = CYLINDRICAL_SURFACE('',#11737,0.4999);
#11737 = AXIS2_PLACEMENT_3D('',#11738,#11739,#11740);
#11738 = CARTESIAN_POINT('',(-510.7999,-87.5,30.5001));
#11739 = DIRECTION('',(0.,-1.,0.));
#11740 = DIRECTION('',(1.,0.,0.));
#11741 = ADVANCED_FACE('',(#11742),#11765,.F.);
#11742 = FACE_BOUND('',#11743,.F.);
#11743 = EDGE_LOOP('',(#11744,#11745,#11764));
#11744 = ORIENTED_EDGE('',*,*,#9920,.T.);
#11745 = ORIENTED_EDGE('',*,*,#11746,.T.);
#11746 = EDGE_CURVE('',#9913,#11711,#11747,.T.);
#11747 = ( BOUNDED_CURVE() B_SPLINE_CURVE(8,(#11748,#11749,#11750,#11751
    ,#11752,#11753,#11754,#11755,#11756,#11757,#11758,#11759,#11760,
    #11761,#11762,#11763),.UNSPECIFIED.,.F.,.F.) 
B_SPLINE_CURVE_WITH_KNOTS((9,7,9),(6.5001,6.977529218685,7.45495843737),
.UNSPECIFIED.) CURVE() GEOMETRIC_REPRESENTATION_ITEM() 
RATIONAL_B_SPLINE_CURVE((1.,1.,1.,1.,1.,1.,1.,1.,1.,1.,1.,1.,1.,1.,1.,1.
)) REPRESENTATION_ITEM('') );
#11748 = CARTESIAN_POINT('',(-510.7,-95.50000000024,30.5001));
#11749 = CARTESIAN_POINT('',(-510.7,-95.50000000024,30.509907614667));
#11750 = CARTESIAN_POINT('',(-510.7028398111,-95.49977784906,
    30.519782486262));
#11751 = CARTESIAN_POINT('',(-510.7087244908,-95.49933567306,
    30.53044894237));
#11752 = CARTESIAN_POINT('',(-510.715846129,-95.49859289859,
    30.545016693381));
#11753 = CARTESIAN_POINT('',(-510.7243294319,-95.49675606469,
    30.561427446855));
#11754 = CARTESIAN_POINT('',(-510.7274253403,-95.49454697166,
    30.590555705666));
#11755 = CARTESIAN_POINT('',(-510.7279780619,-95.48508300185,
    30.632857719408));
#11756 = CARTESIAN_POINT('',(-510.7288378625,-95.44539870023,
    30.733642697808));
#11757 = CARTESIAN_POINT('',(-510.7290992487,-95.41520853577,
    30.792190994014));
#11758 = CARTESIAN_POINT('',(-510.732035755,-95.3708222495,
    30.854150864733));
#11759 = CARTESIAN_POINT('',(-510.740051164,-95.3119225812,
    30.909801921722));
#11760 = CARTESIAN_POINT('',(-510.7523933527,-95.24154215315,
    30.953963713378));
#11761 = CARTESIAN_POINT('',(-510.7671599601,-95.16375312381,
    30.984743764111));
#11762 = CARTESIAN_POINT('',(-510.7835517953,-95.08190648172,31.));
#11763 = CARTESIAN_POINT('',(-510.7999,-95.00010000024,31.));
#11764 = ORIENTED_EDGE('',*,*,#11718,.F.);
#11765 = ( BOUNDED_SURFACE() B_SPLINE_SURFACE(2,8,(
    (#11766,#11767,#11768,#11769,#11770,#11771,#11772,#11773,#11774
      ,#11775,#11776,#11777,#11778,#11779,#11780,#11781)
    ,(#11782,#11783,#11784,#11785,#11786,#11787,#11788,#11789,#11790
      ,#11791,#11792,#11793,#11794,#11795,#11796,#11797)
    ,(#11798,#11799,#11800,#11801,#11802,#11803,#11804,#11805,#11806
      ,#11807,#11808,#11809,#11810,#11811,#11812,#11813
)),.UNSPECIFIED.,.F.,.F.,.F.) B_SPLINE_SURFACE_WITH_KNOTS((3,3),(9,7,9),
  (0.,0.95485843737),(6.5001,6.977529218685,7.45495843737),
.UNSPECIFIED.) GEOMETRIC_REPRESENTATION_ITEM() RATIONAL_B_SPLINE_SURFACE
((
    (1.,1.,1.,1.,1.,1.,1.,1.,1.,1.,1.,1.,1.,1.,1.,1.)
    ,(0.707106781187,0.707106781187,0.702567909995,0.692448262626
      ,0.682180618163,0.666736059067,0.665937288614,0.684906951562
      ,0.751410440052,0.799088973871,0.856490193915,0.910356855827
      ,0.953865293504,0.984770033708,1.,1.)
    ,(1.,1.,1.,1.,1.,1.,1.,1.,1.,1.,1.,1.,1.,1.,1.,1.
))) REPRESENTATION_ITEM('') SURFACE() );
#11766 = CARTESIAN_POINT('',(-510.3,-95.10000000024,30.5001));
#11767 = CARTESIAN_POINT('',(-510.3,-95.10000000024,30.509907614667));
#11768 = CARTESIAN_POINT('',(-510.3002221511,-95.09716018911,
    30.519782486262));
#11769 = CARTESIAN_POINT('',(-510.3006643271,-95.09127550937,
    30.53044894237));
#11770 = CARTESIAN_POINT('',(-510.3014071016,-95.08415387118,
    30.545016693381));
#11771 = CARTESIAN_POINT('',(-510.3032439355,-95.07567056827,
    30.561427446855));
#11772 = CARTESIAN_POINT('',(-510.3054530285,-95.07257465985,
    30.590555705666));
#11773 = CARTESIAN_POINT('',(-510.3149169983,-95.07202193826,
    30.632857719408));
#11774 = CARTESIAN_POINT('',(-510.3546013,-95.07116213765,
    30.733642697808));
#11775 = CARTESIAN_POINT('',(-510.3847914644,-95.07090075144,
    30.792190994014));
#11776 = CARTESIAN_POINT('',(-510.4291777507,-95.0679642452,
    30.854150864733));
#11777 = CARTESIAN_POINT('',(-510.488077419,-95.05994883616,
    30.909801921722));
#11778 = CARTESIAN_POINT('',(-510.558457847,-95.04760664752,
    30.953963713378));
#11779 = CARTESIAN_POINT('',(-510.6362468764,-95.03284004011,
    30.984743764111));
#11780 = CARTESIAN_POINT('',(-510.7180935185,-95.01644820488,31.));
#11781 = CARTESIAN_POINT('',(-510.7999,-95.00010000024,31.));
#11782 = CARTESIAN_POINT('',(-510.3,-95.50000000024,30.5001));
#11783 = CARTESIAN_POINT('',(-510.3,-95.50000000024,30.549177343065));
#11784 = CARTESIAN_POINT('',(-510.3020458446,-95.49795415563,
    30.598861739759));
#11785 = CARTESIAN_POINT('',(-510.3058225,-95.49417750022,
    30.651358404293));
#11786 = CARTESIAN_POINT('',(-510.3136692502,-95.48633075002,
    30.706303710558));
#11787 = CARTESIAN_POINT('',(-510.3240812384,-95.47591876174,
    30.768408127654));
#11788 = CARTESIAN_POINT('',(-510.3453607401,-95.45463926007,
    30.823993846259));
#11789 = CARTESIAN_POINT('',(-510.3789977976,-95.42100220258,
    30.868986567836));
#11790 = CARTESIAN_POINT('',(-510.4601875331,-95.33981246706,
    30.934906816806));
#11791 = CARTESIAN_POINT('',(-510.5037025499,-95.2962974503,
    30.955345030018));
#11792 = CARTESIAN_POINT('',(-510.5499005936,-95.25009940656,
    30.96848438649));
#11793 = CARTESIAN_POINT('',(-510.5984348434,-95.20156515676,
    30.980404342731));
#11794 = CARTESIAN_POINT('',(-510.6489991528,-95.15100084742,
    30.99060391563));
#11795 = CARTESIAN_POINT('',(-510.700212187,-95.09978781323,
    30.996822690572));
#11796 = CARTESIAN_POINT('',(-510.7508226569,-95.0491773433,31.));
#11797 = CARTESIAN_POINT('',(-510.7999,-95.00010000024,31.));
#11798 = CARTESIAN_POINT('',(-510.7,-95.50000000024,30.5001));
#11799 = CARTESIAN_POINT('',(-510.7,-95.50000000024,30.509907614667));
#11800 = CARTESIAN_POINT('',(-510.7028398111,-95.49977784906,
    30.519782486262));
#11801 = CARTESIAN_POINT('',(-510.7087244908,-95.49933567306,
    30.53044894237));
#11802 = CARTESIAN_POINT('',(-510.715846129,-95.49859289859,
    30.545016693381));
#11803 = CARTESIAN_POINT('',(-510.7243294319,-95.49675606469,
    30.561427446855));
#11804 = CARTESIAN_POINT('',(-510.7274253403,-95.49454697166,
    30.590555705666));
#11805 = CARTESIAN_POINT('',(-510.7279780619,-95.48508300185,
    30.632857719408));
#11806 = CARTESIAN_POINT('',(-510.7288378625,-95.44539870023,
    30.733642697808));
#11807 = CARTESIAN_POINT('',(-510.7290992487,-95.41520853577,
    30.792190994014));
#11808 = CARTESIAN_POINT('',(-510.732035755,-95.3708222495,
    30.854150864733));
#11809 = CARTESIAN_POINT('',(-510.740051164,-95.3119225812,
    30.909801921722));
#11810 = CARTESIAN_POINT('',(-510.7523933527,-95.24154215315,
    30.953963713378));
#11811 = CARTESIAN_POINT('',(-510.7671599601,-95.16375312381,
    30.984743764111));
#11812 = CARTESIAN_POINT('',(-510.7835517953,-95.08190648172,31.));
#11813 = CARTESIAN_POINT('',(-510.7999,-95.00010000024,31.));
#11814 = ADVANCED_FACE('',(#11815),#11846,.T.);
#11815 = FACE_BOUND('',#11816,.T.);
#11816 = EDGE_LOOP('',(#11817,#11818,#11819,#11827));
#11817 = ORIENTED_EDGE('',*,*,#9936,.F.);
#11818 = ORIENTED_EDGE('',*,*,#11746,.T.);
#11819 = ORIENTED_EDGE('',*,*,#11820,.T.);
#11820 = EDGE_CURVE('',#11711,#11821,#11823,.T.);
#11821 = VERTEX_POINT('',#11822);
#11822 = CARTESIAN_POINT('',(-511.8001,-95.00010000024,31.));
#11823 = LINE('',#11824,#11825);
#11824 = CARTESIAN_POINT('',(-510.3,-95.00010000024,31.));
#11825 = VECTOR('',#11826,1.);
#11826 = DIRECTION('',(-1.,0.,0.));
#11827 = ORIENTED_EDGE('',*,*,#11828,.F.);
#11828 = EDGE_CURVE('',#9937,#11821,#11829,.T.);
#11829 = ( BOUNDED_CURVE() B_SPLINE_CURVE(8,(#11830,#11831,#11832,#11833
    ,#11834,#11835,#11836,#11837,#11838,#11839,#11840,#11841,#11842,
    #11843,#11844,#11845),.UNSPECIFIED.,.F.,.F.) 
B_SPLINE_CURVE_WITH_KNOTS((9,7,9),(6.5001,6.977529218685,7.45495843737),
.UNSPECIFIED.) CURVE() GEOMETRIC_REPRESENTATION_ITEM() 
RATIONAL_B_SPLINE_CURVE((1.,1.,1.,1.,1.,1.,1.,1.,1.,1.,1.,1.,1.,1.,1.,1.
)) REPRESENTATION_ITEM('') );
#11830 = CARTESIAN_POINT('',(-511.9,-95.50000000024,30.5001));
#11831 = CARTESIAN_POINT('',(-511.9,-95.50000000024,30.509907614667));
#11832 = CARTESIAN_POINT('',(-511.8971601888,-95.49977784906,
    30.519782486262));
#11833 = CARTESIAN_POINT('',(-511.8912755091,-95.49933567306,
    30.53044894237));
#11834 = CARTESIAN_POINT('',(-511.8841538709,-95.49859289859,
    30.545016693381));
#11835 = CARTESIAN_POINT('',(-511.875670568,-95.49675606469,
    30.561427446855));
#11836 = CARTESIAN_POINT('',(-511.8725746596,-95.49454697166,
    30.590555705666));
#11837 = CARTESIAN_POINT('',(-511.872021938,-95.48508300185,
    30.632857719408));
#11838 = CARTESIAN_POINT('',(-511.8711621374,-95.44539870023,
    30.733642697808));
#11839 = CARTESIAN_POINT('',(-511.8709007512,-95.41520853577,
    30.792190994014));
#11840 = CARTESIAN_POINT('',(-511.8679642449,-95.3708222495,
    30.854150864733));
#11841 = CARTESIAN_POINT('',(-511.8599488359,-95.3119225812,
    30.909801921722));
#11842 = CARTESIAN_POINT('',(-511.8476066472,-95.24154215315,
    30.953963713378));
#11843 = CARTESIAN_POINT('',(-511.8328400398,-95.16375312381,
    30.984743764111));
#11844 = CARTESIAN_POINT('',(-511.8164482046,-95.08190648172,31.));
#11845 = CARTESIAN_POINT('',(-511.8001,-95.00010000024,31.));
#11846 = CYLINDRICAL_SURFACE('',#11847,0.4999);
#11847 = AXIS2_PLACEMENT_3D('',#11848,#11849,#11850);
#11848 = CARTESIAN_POINT('',(-510.3,-95.00010000024,30.5001));
#11849 = DIRECTION('',(-1.,0.,0.));
#11850 = DIRECTION('',(0.,-1.,0.));
#11851 = ADVANCED_FACE('',(#11852),#11871,.T.);
#11852 = FACE_BOUND('',#11853,.F.);
#11853 = EDGE_LOOP('',(#11854,#11863,#11869,#11870));
#11854 = ORIENTED_EDGE('',*,*,#11855,.F.);
#11855 = EDGE_CURVE('',#11856,#9963,#11858,.T.);
#11856 = VERTEX_POINT('',#11857);
#11857 = CARTESIAN_POINT('',(-507.6001,-88.4999,31.));
#11858 = ELLIPSE('',#11859,1.414072141017,0.9999);
#11859 = AXIS2_PLACEMENT_3D('',#11860,#11861,#11862);
#11860 = CARTESIAN_POINT('',(-507.6001,-88.4999,30.0001));
#11861 = DIRECTION('',(-0.707106781187,-0.707106781187,-0.));
#11862 = DIRECTION('',(-0.707106781187,0.707106781187,0.));
#11863 = ORIENTED_EDGE('',*,*,#11864,.T.);
#11864 = EDGE_CURVE('',#11856,#11458,#11865,.T.);
#11865 = LINE('',#11866,#11867);
#11866 = CARTESIAN_POINT('',(-507.6001,-87.5,31.));
#11867 = VECTOR('',#11868,1.);
#11868 = DIRECTION('',(0.,-1.,0.));
#11869 = ORIENTED_EDGE('',*,*,#11457,.F.);
#11870 = ORIENTED_EDGE('',*,*,#9970,.F.);
#11871 = CYLINDRICAL_SURFACE('',#11872,0.9999);
#11872 = AXIS2_PLACEMENT_3D('',#11873,#11874,#11875);
#11873 = CARTESIAN_POINT('',(-507.6001,-87.5,30.0001));
#11874 = DIRECTION('',(0.,-1.,0.));
#11875 = DIRECTION('',(-1.,0.,0.));
#11876 = ADVANCED_FACE('',(#11877),#11900,.F.);
#11877 = FACE_BOUND('',#11878,.F.);
#11878 = EDGE_LOOP('',(#11879,#11880,#11899));
#11879 = ORIENTED_EDGE('',*,*,#9993,.T.);
#11880 = ORIENTED_EDGE('',*,*,#11881,.T.);
#11881 = EDGE_CURVE('',#9986,#11821,#11882,.T.);
#11882 = ( BOUNDED_CURVE() B_SPLINE_CURVE(8,(#11883,#11884,#11885,#11886
    ,#11887,#11888,#11889,#11890,#11891,#11892,#11893,#11894,#11895,
    #11896,#11897,#11898),.UNSPECIFIED.,.F.,.F.) 
B_SPLINE_CURVE_WITH_KNOTS((9,7,9),(6.5001,6.977529218685,7.45495843737),
.UNSPECIFIED.) CURVE() GEOMETRIC_REPRESENTATION_ITEM() 
RATIONAL_B_SPLINE_CURVE((1.,1.,1.,1.,1.,1.,1.,1.,1.,1.,1.,1.,1.,1.,1.,1.
)) REPRESENTATION_ITEM('') );
#11883 = CARTESIAN_POINT('',(-512.3,-95.10000000024,30.5001));
#11884 = CARTESIAN_POINT('',(-512.3,-95.10000000024,30.509907614667));
#11885 = CARTESIAN_POINT('',(-512.2997778488,-95.09716018911,
    30.519782486262));
#11886 = CARTESIAN_POINT('',(-512.2993356728,-95.09127550937,
    30.53044894237));
#11887 = CARTESIAN_POINT('',(-512.2985928983,-95.08415387118,
    30.545016693381));
#11888 = CARTESIAN_POINT('',(-512.2967560644,-95.07567056827,
    30.561427446855));
#11889 = CARTESIAN_POINT('',(-512.2945469714,-95.07257465985,
    30.590555705666));
#11890 = CARTESIAN_POINT('',(-512.2850830016,-95.07202193826,
    30.632857719408));
#11891 = CARTESIAN_POINT('',(-512.2453986999,-95.07116213765,
    30.733642697808));
#11892 = CARTESIAN_POINT('',(-512.2152085355,-95.07090075144,
    30.792190994014));
#11893 = CARTESIAN_POINT('',(-512.1708222492,-95.0679642452,
    30.854150864733));
#11894 = CARTESIAN_POINT('',(-512.1119225809,-95.05994883616,
    30.909801921722));
#11895 = CARTESIAN_POINT('',(-512.0415421529,-95.04760664752,
    30.953963713378));
#11896 = CARTESIAN_POINT('',(-511.9637531235,-95.03284004011,
    30.984743764111));
#11897 = CARTESIAN_POINT('',(-511.8819064814,-95.01644820488,31.));
#11898 = CARTESIAN_POINT('',(-511.8001,-95.00010000024,31.));
#11899 = ORIENTED_EDGE('',*,*,#11828,.F.);
#11900 = ( BOUNDED_SURFACE() B_SPLINE_SURFACE(2,8,(
    (#11901,#11902,#11903,#11904,#11905,#11906,#11907,#11908,#11909
      ,#11910,#11911,#11912,#11913,#11914,#11915,#11916)
    ,(#11917,#11918,#11919,#11920,#11921,#11922,#11923,#11924,#11925
      ,#11926,#11927,#11928,#11929,#11930,#11931,#11932)
    ,(#11933,#11934,#11935,#11936,#11937,#11938,#11939,#11940,#11941
      ,#11942,#11943,#11944,#11945,#11946,#11947,#11948
)),.UNSPECIFIED.,.F.,.F.,.F.) B_SPLINE_SURFACE_WITH_KNOTS((3,3),(9,7,9),
  (0.,0.95485843737),(6.5001,6.977529218685,7.45495843737),
.UNSPECIFIED.) GEOMETRIC_REPRESENTATION_ITEM() RATIONAL_B_SPLINE_SURFACE
((
    (1.,1.,1.,1.,1.,1.,1.,1.,1.,1.,1.,1.,1.,1.,1.,1.)
    ,(0.707106781187,0.707106781187,0.702567909995,0.692448262626
      ,0.682180618163,0.666736059067,0.665937288614,0.684906951562
      ,0.751410440052,0.799088973871,0.856490193915,0.910356855827
      ,0.953865293504,0.984770033708,1.,1.)
    ,(1.,1.,1.,1.,1.,1.,1.,1.,1.,1.,1.,1.,1.,1.,1.,1.
))) REPRESENTATION_ITEM('') SURFACE() );
#11901 = CARTESIAN_POINT('',(-511.9,-95.50000000024,30.5001));
#11902 = CARTESIAN_POINT('',(-511.9,-95.50000000024,30.509907614667));
#11903 = CARTESIAN_POINT('',(-511.8971601888,-95.49977784906,
    30.519782486262));
#11904 = CARTESIAN_POINT('',(-511.8912755091,-95.49933567306,
    30.53044894237));
#11905 = CARTESIAN_POINT('',(-511.8841538709,-95.49859289859,
    30.545016693381));
#11906 = CARTESIAN_POINT('',(-511.875670568,-95.49675606469,
    30.561427446855));
#11907 = CARTESIAN_POINT('',(-511.8725746596,-95.49454697166,
    30.590555705666));
#11908 = CARTESIAN_POINT('',(-511.872021938,-95.48508300185,
    30.632857719408));
#11909 = CARTESIAN_POINT('',(-511.8711621374,-95.44539870023,
    30.733642697808));
#11910 = CARTESIAN_POINT('',(-511.8709007512,-95.41520853577,
    30.792190994014));
#11911 = CARTESIAN_POINT('',(-511.8679642449,-95.3708222495,
    30.854150864733));
#11912 = CARTESIAN_POINT('',(-511.8599488359,-95.3119225812,
    30.909801921722));
#11913 = CARTESIAN_POINT('',(-511.8476066472,-95.24154215315,
    30.953963713378));
#11914 = CARTESIAN_POINT('',(-511.8328400398,-95.16375312381,
    30.984743764111));
#11915 = CARTESIAN_POINT('',(-511.8164482046,-95.08190648172,31.));
#11916 = CARTESIAN_POINT('',(-511.8001,-95.00010000024,31.));
#11917 = CARTESIAN_POINT('',(-512.3,-95.50000000024,30.5001));
#11918 = CARTESIAN_POINT('',(-512.3,-95.50000000024,30.549177343065));
#11919 = CARTESIAN_POINT('',(-512.2979541553,-95.49795415563,
    30.598861739759));
#11920 = CARTESIAN_POINT('',(-512.2941774999,-95.49417750022,
    30.651358404293));
#11921 = CARTESIAN_POINT('',(-512.2863307497,-95.48633075002,
    30.706303710558));
#11922 = CARTESIAN_POINT('',(-512.2759187615,-95.47591876175,
    30.768408127654));
#11923 = CARTESIAN_POINT('',(-512.2546392598,-95.45463926007,
    30.823993846259));
#11924 = CARTESIAN_POINT('',(-512.2210022023,-95.42100220258,
    30.868986567836));
#11925 = CARTESIAN_POINT('',(-512.1398124668,-95.33981246706,
    30.934906816806));
#11926 = CARTESIAN_POINT('',(-512.09629745,-95.2962974503,
    30.955345030019));
#11927 = CARTESIAN_POINT('',(-512.0500994063,-95.25009940656,
    30.96848438649));
#11928 = CARTESIAN_POINT('',(-512.0015651565,-95.20156515676,
    30.980404342731));
#11929 = CARTESIAN_POINT('',(-511.9510008471,-95.15100084742,
    30.99060391563));
#11930 = CARTESIAN_POINT('',(-511.8997878129,-95.09978781323,
    30.996822690572));
#11931 = CARTESIAN_POINT('',(-511.849177343,-95.0491773433,31.));
#11932 = CARTESIAN_POINT('',(-511.8001,-95.00010000024,31.));
#11933 = CARTESIAN_POINT('',(-512.3,-95.10000000024,30.5001));
#11934 = CARTESIAN_POINT('',(-512.3,-95.10000000024,30.509907614667));
#11935 = CARTESIAN_POINT('',(-512.2997778488,-95.09716018911,
    30.519782486262));
#11936 = CARTESIAN_POINT('',(-512.2993356728,-95.09127550937,
    30.53044894237));
#11937 = CARTESIAN_POINT('',(-512.2985928983,-95.08415387118,
    30.545016693381));
#11938 = CARTESIAN_POINT('',(-512.2967560644,-95.07567056827,
    30.561427446855));
#11939 = CARTESIAN_POINT('',(-512.2945469714,-95.07257465985,
    30.590555705666));
#11940 = CARTESIAN_POINT('',(-512.2850830016,-95.07202193826,
    30.632857719408));
#11941 = CARTESIAN_POINT('',(-512.2453986999,-95.07116213765,
    30.733642697808));
#11942 = CARTESIAN_POINT('',(-512.2152085355,-95.07090075144,
    30.792190994014));
#11943 = CARTESIAN_POINT('',(-512.1708222492,-95.0679642452,
    30.854150864733));
#11944 = CARTESIAN_POINT('',(-512.1119225809,-95.05994883616,
    30.909801921722));
#11945 = CARTESIAN_POINT('',(-512.0415421529,-95.04760664752,
    30.953963713378));
#11946 = CARTESIAN_POINT('',(-511.9637531235,-95.03284004011,
    30.984743764111));
#11947 = CARTESIAN_POINT('',(-511.8819064814,-95.01644820488,31.));
#11948 = CARTESIAN_POINT('',(-511.8001,-95.00010000024,31.));
#11949 = ADVANCED_FACE('',(#11950),#11969,.T.);
#11950 = FACE_BOUND('',#11951,.F.);
#11951 = EDGE_LOOP('',(#11952,#11953,#11962,#11968));
#11952 = ORIENTED_EDGE('',*,*,#10009,.F.);
#11953 = ORIENTED_EDGE('',*,*,#11954,.T.);
#11954 = EDGE_CURVE('',#10010,#11955,#11957,.T.);
#11955 = VERTEX_POINT('',#11956);
#11956 = CARTESIAN_POINT('',(-511.8001,-94.00010000023,31.));
#11957 = ELLIPSE('',#11958,0.70696535983,0.4999);
#11958 = AXIS2_PLACEMENT_3D('',#11959,#11960,#11961);
#11959 = CARTESIAN_POINT('',(-511.8001,-94.00010000023,30.5001));
#11960 = DIRECTION('',(-0.707106781187,0.707106781187,0.));
#11961 = DIRECTION('',(0.707106781187,0.707106781187,0.));
#11962 = ORIENTED_EDGE('',*,*,#11963,.T.);
#11963 = EDGE_CURVE('',#11955,#11821,#11964,.T.);
#11964 = LINE('',#11965,#11966);
#11965 = CARTESIAN_POINT('',(-511.8001,-94.50000000023,31.));
#11966 = VECTOR('',#11967,1.);
#11967 = DIRECTION('',(0.,-1.,0.));
#11968 = ORIENTED_EDGE('',*,*,#11881,.F.);
#11969 = CYLINDRICAL_SURFACE('',#11970,0.4999);
#11970 = AXIS2_PLACEMENT_3D('',#11971,#11972,#11973);
#11971 = CARTESIAN_POINT('',(-511.8001,-94.50000000023,30.5001));
#11972 = DIRECTION('',(0.,-1.,0.));
#11973 = DIRECTION('',(-1.,0.,0.));
#11974 = ADVANCED_FACE('',(#11975),#12006,.T.);
#11975 = FACE_BOUND('',#11976,.T.);
#11976 = EDGE_LOOP('',(#11977,#11978,#11999,#12005));
#11977 = ORIENTED_EDGE('',*,*,#10033,.F.);
#11978 = ORIENTED_EDGE('',*,*,#11979,.T.);
#11979 = EDGE_CURVE('',#10034,#11980,#11982,.T.);
#11980 = VERTEX_POINT('',#11981);
#11981 = CARTESIAN_POINT('',(-510.7999,-99.99990000032,31.));
#11982 = ( BOUNDED_CURVE() B_SPLINE_CURVE(8,(#11983,#11984,#11985,#11986
    ,#11987,#11988,#11989,#11990,#11991,#11992,#11993,#11994,#11995,
    #11996,#11997,#11998),.UNSPECIFIED.,.F.,.F.) 
B_SPLINE_CURVE_WITH_KNOTS((9,7,9),(6.5001,6.977529218685,7.45495843737),
.UNSPECIFIED.) CURVE() GEOMETRIC_REPRESENTATION_ITEM() 
RATIONAL_B_SPLINE_CURVE((1.,1.,1.,1.,1.,1.,1.,1.,1.,1.,1.,1.,1.,1.,1.,1.
)) REPRESENTATION_ITEM('') );
#11983 = CARTESIAN_POINT('',(-510.3,-99.90000000032,30.5001));
#11984 = CARTESIAN_POINT('',(-510.3,-99.90000000032,30.509907614667));
#11985 = CARTESIAN_POINT('',(-510.3002221511,-99.90283981145,
    30.519782486262));
#11986 = CARTESIAN_POINT('',(-510.3006643271,-99.90872449119,
    30.53044894237));
#11987 = CARTESIAN_POINT('',(-510.3014071016,-99.91584612938,
    30.545016693381));
#11988 = CARTESIAN_POINT('',(-510.3032439355,-99.92432943228,
    30.561427446855));
#11989 = CARTESIAN_POINT('',(-510.3054530285,-99.9274253407,
    30.590555705666));
#11990 = CARTESIAN_POINT('',(-510.3149169983,-99.9279780623,
    30.632857719408));
#11991 = CARTESIAN_POINT('',(-510.3546013,-99.92883786291,
    30.733642697808));
#11992 = CARTESIAN_POINT('',(-510.3847914644,-99.92909924912,
    30.792190994014));
#11993 = CARTESIAN_POINT('',(-510.4291777507,-99.93203575536,
    30.854150864733));
#11994 = CARTESIAN_POINT('',(-510.488077419,-99.9400511644,
    30.909801921722));
#11995 = CARTESIAN_POINT('',(-510.558457847,-99.95239335303,
    30.953963713378));
#11996 = CARTESIAN_POINT('',(-510.6362468764,-99.96715996044,
    30.984743764111));
#11997 = CARTESIAN_POINT('',(-510.7180935185,-99.98355179568,31.));
#11998 = CARTESIAN_POINT('',(-510.7999,-99.99990000032,31.));
#11999 = ORIENTED_EDGE('',*,*,#12000,.T.);
#12000 = EDGE_CURVE('',#11980,#11401,#12001,.T.);
#12001 = LINE('',#12002,#12003);
#12002 = CARTESIAN_POINT('',(-510.7999,-99.50000000032,31.));
#12003 = VECTOR('',#12004,1.);
#12004 = DIRECTION('',(0.,-1.,0.));
#12005 = ORIENTED_EDGE('',*,*,#11400,.F.);
#12006 = CYLINDRICAL_SURFACE('',#12007,0.4999);
#12007 = AXIS2_PLACEMENT_3D('',#12008,#12009,#12010);
#12008 = CARTESIAN_POINT('',(-510.7999,-99.50000000032,30.5001));
#12009 = DIRECTION('',(0.,-1.,0.));
#12010 = DIRECTION('',(1.,0.,0.));
#12011 = ADVANCED_FACE('',(#12012),#12043,.T.);
#12012 = FACE_BOUND('',#12013,.F.);
#12013 = EDGE_LOOP('',(#12014,#12015,#12036,#12042));
#12014 = ORIENTED_EDGE('',*,*,#10057,.F.);
#12015 = ORIENTED_EDGE('',*,*,#12016,.T.);
#12016 = EDGE_CURVE('',#10058,#12017,#12019,.T.);
#12017 = VERTEX_POINT('',#12018);
#12018 = CARTESIAN_POINT('',(-512.8001,-94.00010000023,31.));
#12019 = ( BOUNDED_CURVE() B_SPLINE_CURVE(8,(#12020,#12021,#12022,#12023
    ,#12024,#12025,#12026,#12027,#12028,#12029,#12030,#12031,#12032,
    #12033,#12034,#12035),.UNSPECIFIED.,.F.,.F.) 
B_SPLINE_CURVE_WITH_KNOTS((9,7,9),(6.5001,6.977529218685,7.45495843737),
.UNSPECIFIED.) CURVE() GEOMETRIC_REPRESENTATION_ITEM() 
RATIONAL_B_SPLINE_CURVE((1.,1.,1.,1.,1.,1.,1.,1.,1.,1.,1.,1.,1.,1.,1.,1.
)) REPRESENTATION_ITEM('') );
#12020 = CARTESIAN_POINT('',(-512.9,-94.50000000023,30.5001));
#12021 = CARTESIAN_POINT('',(-512.9,-94.50000000023,30.509907614667));
#12022 = CARTESIAN_POINT('',(-512.8971601888,-94.49977784906,
    30.519782486262));
#12023 = CARTESIAN_POINT('',(-512.8912755091,-94.49933567306,
    30.53044894237));
#12024 = CARTESIAN_POINT('',(-512.8841538709,-94.49859289858,
    30.545016693381));
#12025 = CARTESIAN_POINT('',(-512.875670568,-94.49675606468,
    30.561427446855));
#12026 = CARTESIAN_POINT('',(-512.8725746596,-94.49454697165,
    30.590555705666));
#12027 = CARTESIAN_POINT('',(-512.872021938,-94.48508300184,
    30.632857719408));
#12028 = CARTESIAN_POINT('',(-512.8711621374,-94.44539870022,
    30.733642697808));
#12029 = CARTESIAN_POINT('',(-512.8709007512,-94.41520853577,
    30.792190994014));
#12030 = CARTESIAN_POINT('',(-512.8679642449,-94.37082224949,
    30.854150864733));
#12031 = CARTESIAN_POINT('',(-512.8599488359,-94.3119225812,
    30.909801921722));
#12032 = CARTESIAN_POINT('',(-512.8476066472,-94.24154215315,
    30.953963713378));
#12033 = CARTESIAN_POINT('',(-512.8328400398,-94.1637531238,
    30.984743764111));
#12034 = CARTESIAN_POINT('',(-512.8164482046,-94.08190648172,31.));
#12035 = CARTESIAN_POINT('',(-512.8001,-94.00010000023,31.));
#12036 = ORIENTED_EDGE('',*,*,#12037,.T.);
#12037 = EDGE_CURVE('',#12017,#11955,#12038,.T.);
#12038 = LINE('',#12039,#12040);
#12039 = CARTESIAN_POINT('',(-513.3,-94.00010000023,31.));
#12040 = VECTOR('',#12041,1.);
#12041 = DIRECTION('',(1.,0.,0.));
#12042 = ORIENTED_EDGE('',*,*,#11954,.F.);
#12043 = CYLINDRICAL_SURFACE('',#12044,0.4999);
#12044 = AXIS2_PLACEMENT_3D('',#12045,#12046,#12047);
#12045 = CARTESIAN_POINT('',(-513.3,-94.00010000023,30.5001));
#12046 = DIRECTION('',(1.,0.,0.));
#12047 = DIRECTION('',(0.,-1.,0.));
#12048 = ADVANCED_FACE('',(#12049),#12072,.F.);
#12049 = FACE_BOUND('',#12050,.F.);
#12050 = EDGE_LOOP('',(#12051,#12052,#12053));
#12051 = ORIENTED_EDGE('',*,*,#10083,.T.);
#12052 = ORIENTED_EDGE('',*,*,#11979,.T.);
#12053 = ORIENTED_EDGE('',*,*,#12054,.F.);
#12054 = EDGE_CURVE('',#10084,#11980,#12055,.T.);
#12055 = ( BOUNDED_CURVE() B_SPLINE_CURVE(8,(#12056,#12057,#12058,#12059
    ,#12060,#12061,#12062,#12063,#12064,#12065,#12066,#12067,#12068,
    #12069,#12070,#12071),.UNSPECIFIED.,.F.,.F.) 
B_SPLINE_CURVE_WITH_KNOTS((9,7,9),(6.5001,6.977529218685,7.45495843737),
.UNSPECIFIED.) CURVE() GEOMETRIC_REPRESENTATION_ITEM() 
RATIONAL_B_SPLINE_CURVE((1.,1.,1.,1.,1.,1.,1.,1.,1.,1.,1.,1.,1.,1.,1.,1.
)) REPRESENTATION_ITEM('') );
#12056 = CARTESIAN_POINT('',(-510.7,-99.50000000032,30.5001));
#12057 = CARTESIAN_POINT('',(-510.7,-99.50000000032,30.509907614667));
#12058 = CARTESIAN_POINT('',(-510.7028398111,-99.50022215149,
    30.519782486262));
#12059 = CARTESIAN_POINT('',(-510.7087244908,-99.50066432749,
    30.53044894237));
#12060 = CARTESIAN_POINT('',(-510.715846129,-99.50140710197,
    30.545016693381));
#12061 = CARTESIAN_POINT('',(-510.7243294319,-99.50324393587,
    30.561427446855));
#12062 = CARTESIAN_POINT('',(-510.7274253403,-99.5054530289,
    30.590555705666));
#12063 = CARTESIAN_POINT('',(-510.7279780619,-99.51491699871,
    30.632857719408));
#12064 = CARTESIAN_POINT('',(-510.7288378625,-99.55460130033,
    30.733642697808));
#12065 = CARTESIAN_POINT('',(-510.7290992487,-99.58479146478,
    30.792190994014));
#12066 = CARTESIAN_POINT('',(-510.732035755,-99.62917775106,
    30.854150864733));
#12067 = CARTESIAN_POINT('',(-510.740051164,-99.68807741935,
    30.909801921722));
#12068 = CARTESIAN_POINT('',(-510.7523933527,-99.7584578474,
    30.953963713378));
#12069 = CARTESIAN_POINT('',(-510.7671599601,-99.83624687675,
    30.984743764111));
#12070 = CARTESIAN_POINT('',(-510.7835517953,-99.91809351883,31.));
#12071 = CARTESIAN_POINT('',(-510.7999,-99.99990000032,31.));
#12072 = ( BOUNDED_SURFACE() B_SPLINE_SURFACE(2,8,(
    (#12073,#12074,#12075,#12076,#12077,#12078,#12079,#12080,#12081
      ,#12082,#12083,#12084,#12085,#12086,#12087,#12088)
    ,(#12089,#12090,#12091,#12092,#12093,#12094,#12095,#12096,#12097
      ,#12098,#12099,#12100,#12101,#12102,#12103,#12104)
    ,(#12105,#12106,#12107,#12108,#12109,#12110,#12111,#12112,#12113
      ,#12114,#12115,#12116,#12117,#12118,#12119,#12120
)),.UNSPECIFIED.,.F.,.F.,.F.) B_SPLINE_SURFACE_WITH_KNOTS((3,3),(9,7,9),
  (0.,0.95485843737),(6.5001,6.977529218685,7.45495843737),
.UNSPECIFIED.) GEOMETRIC_REPRESENTATION_ITEM() RATIONAL_B_SPLINE_SURFACE
((
    (1.,1.,1.,1.,1.,1.,1.,1.,1.,1.,1.,1.,1.,1.,1.,1.)
    ,(0.707106781187,0.707106781187,0.702567909995,0.692448262626
      ,0.682180618163,0.666736059067,0.665937288614,0.684906951562
      ,0.751410440052,0.799088973871,0.856490193915,0.910356855827
      ,0.953865293504,0.984770033708,1.,1.)
    ,(1.,1.,1.,1.,1.,1.,1.,1.,1.,1.,1.,1.,1.,1.,1.,1.
))) REPRESENTATION_ITEM('') SURFACE() );
#12073 = CARTESIAN_POINT('',(-510.7,-99.50000000032,30.5001));
#12074 = CARTESIAN_POINT('',(-510.7,-99.50000000032,30.509907614667));
#12075 = CARTESIAN_POINT('',(-510.7028398111,-99.50022215149,
    30.519782486262));
#12076 = CARTESIAN_POINT('',(-510.7087244908,-99.50066432749,
    30.53044894237));
#12077 = CARTESIAN_POINT('',(-510.715846129,-99.50140710197,
    30.545016693381));
#12078 = CARTESIAN_POINT('',(-510.7243294319,-99.50324393587,
    30.561427446855));
#12079 = CARTESIAN_POINT('',(-510.7274253403,-99.5054530289,
    30.590555705666));
#12080 = CARTESIAN_POINT('',(-510.7279780619,-99.51491699871,
    30.632857719408));
#12081 = CARTESIAN_POINT('',(-510.7288378625,-99.55460130033,
    30.733642697808));
#12082 = CARTESIAN_POINT('',(-510.7290992487,-99.58479146478,
    30.792190994014));
#12083 = CARTESIAN_POINT('',(-510.732035755,-99.62917775106,
    30.854150864733));
#12084 = CARTESIAN_POINT('',(-510.740051164,-99.68807741935,
    30.909801921722));
#12085 = CARTESIAN_POINT('',(-510.7523933527,-99.7584578474,
    30.953963713378));
#12086 = CARTESIAN_POINT('',(-510.7671599601,-99.83624687675,
    30.984743764111));
#12087 = CARTESIAN_POINT('',(-510.7835517953,-99.91809351883,31.));
#12088 = CARTESIAN_POINT('',(-510.7999,-99.99990000032,31.));
#12089 = CARTESIAN_POINT('',(-510.3,-99.50000000032,30.5001));
#12090 = CARTESIAN_POINT('',(-510.3,-99.50000000032,30.549177343065));
#12091 = CARTESIAN_POINT('',(-510.3020458446,-99.50204584493,
    30.598861739759));
#12092 = CARTESIAN_POINT('',(-510.3058225,-99.50582250034,
    30.651358404293));
#12093 = CARTESIAN_POINT('',(-510.3136692502,-99.51366925053,
    30.706303710558));
#12094 = CARTESIAN_POINT('',(-510.3240812384,-99.52408123881,
    30.768408127654));
#12095 = CARTESIAN_POINT('',(-510.3453607401,-99.54536074049,
    30.823993846259));
#12096 = CARTESIAN_POINT('',(-510.3789977976,-99.57899779798,
    30.868986567836));
#12097 = CARTESIAN_POINT('',(-510.4601875331,-99.66018753349,
    30.934906816806));
#12098 = CARTESIAN_POINT('',(-510.5037025499,-99.70370255026,
    30.955345030019));
#12099 = CARTESIAN_POINT('',(-510.5499005936,-99.749900594,
    30.96848438649));
#12100 = CARTESIAN_POINT('',(-510.5984348434,-99.7984348438,
    30.980404342731));
#12101 = CARTESIAN_POINT('',(-510.6489991528,-99.84899915314,
    30.99060391563));
#12102 = CARTESIAN_POINT('',(-510.700212187,-99.90021218733,
    30.996822690572));
#12103 = CARTESIAN_POINT('',(-510.7508226569,-99.95082265726,31.));
#12104 = CARTESIAN_POINT('',(-510.7999,-99.99990000032,31.));
#12105 = CARTESIAN_POINT('',(-510.3,-99.90000000032,30.5001));
#12106 = CARTESIAN_POINT('',(-510.3,-99.90000000032,30.509907614667));
#12107 = CARTESIAN_POINT('',(-510.3002221511,-99.90283981145,
    30.519782486262));
#12108 = CARTESIAN_POINT('',(-510.3006643271,-99.90872449119,
    30.53044894237));
#12109 = CARTESIAN_POINT('',(-510.3014071016,-99.91584612938,
    30.545016693381));
#12110 = CARTESIAN_POINT('',(-510.3032439355,-99.92432943228,
    30.561427446855));
#12111 = CARTESIAN_POINT('',(-510.3054530285,-99.9274253407,
    30.590555705666));
#12112 = CARTESIAN_POINT('',(-510.3149169983,-99.9279780623,
    30.632857719408));
#12113 = CARTESIAN_POINT('',(-510.3546013,-99.92883786291,
    30.733642697808));
#12114 = CARTESIAN_POINT('',(-510.3847914644,-99.92909924912,
    30.792190994014));
#12115 = CARTESIAN_POINT('',(-510.4291777507,-99.93203575536,
    30.854150864733));
#12116 = CARTESIAN_POINT('',(-510.488077419,-99.9400511644,
    30.909801921722));
#12117 = CARTESIAN_POINT('',(-510.558457847,-99.95239335303,
    30.953963713378));
#12118 = CARTESIAN_POINT('',(-510.6362468764,-99.96715996044,
    30.984743764111));
#12119 = CARTESIAN_POINT('',(-510.7180935185,-99.98355179568,31.));
#12120 = CARTESIAN_POINT('',(-510.7999,-99.99990000032,31.));
#12121 = ADVANCED_FACE('',(#12122),#12145,.F.);
#12122 = FACE_BOUND('',#12123,.F.);
#12123 = EDGE_LOOP('',(#12124,#12125,#12144));
#12124 = ORIENTED_EDGE('',*,*,#10115,.T.);
#12125 = ORIENTED_EDGE('',*,*,#12126,.T.);
#12126 = EDGE_CURVE('',#10108,#12017,#12127,.T.);
#12127 = ( BOUNDED_CURVE() B_SPLINE_CURVE(8,(#12128,#12129,#12130,#12131
    ,#12132,#12133,#12134,#12135,#12136,#12137,#12138,#12139,#12140,
    #12141,#12142,#12143),.UNSPECIFIED.,.F.,.F.) 
B_SPLINE_CURVE_WITH_KNOTS((9,7,9),(6.5001,6.977529218685,7.45495843737),
.UNSPECIFIED.) CURVE() GEOMETRIC_REPRESENTATION_ITEM() 
RATIONAL_B_SPLINE_CURVE((1.,1.,1.,1.,1.,1.,1.,1.,1.,1.,1.,1.,1.,1.,1.,1.
)) REPRESENTATION_ITEM('') );
#12128 = CARTESIAN_POINT('',(-513.3,-94.10000000023,30.5001));
#12129 = CARTESIAN_POINT('',(-513.3,-94.10000000023,30.509907614667));
#12130 = CARTESIAN_POINT('',(-513.2997778488,-94.0971601891,
    30.519782486262));
#12131 = CARTESIAN_POINT('',(-513.2993356728,-94.09127550936,
    30.53044894237));
#12132 = CARTESIAN_POINT('',(-513.2985928983,-94.08415387117,
    30.545016693381));
#12133 = CARTESIAN_POINT('',(-513.2967560644,-94.07567056827,
    30.561427446855));
#12134 = CARTESIAN_POINT('',(-513.2945469714,-94.07257465984,
    30.590555705666));
#12135 = CARTESIAN_POINT('',(-513.2850830016,-94.07202193825,
    30.632857719408));
#12136 = CARTESIAN_POINT('',(-513.2453986999,-94.07116213764,
    30.733642697808));
#12137 = CARTESIAN_POINT('',(-513.2152085355,-94.07090075143,
    30.792190994014));
#12138 = CARTESIAN_POINT('',(-513.1708222492,-94.06796424519,
    30.854150864733));
#12139 = CARTESIAN_POINT('',(-513.1119225809,-94.05994883615,
    30.909801921722));
#12140 = CARTESIAN_POINT('',(-513.0415421529,-94.04760664752,
    30.953963713378));
#12141 = CARTESIAN_POINT('',(-512.9637531235,-94.03284004011,
    30.984743764111));
#12142 = CARTESIAN_POINT('',(-512.8819064814,-94.01644820487,31.));
#12143 = CARTESIAN_POINT('',(-512.8001,-94.00010000023,31.));
#12144 = ORIENTED_EDGE('',*,*,#12016,.F.);
#12145 = ( BOUNDED_SURFACE() B_SPLINE_SURFACE(2,8,(
    (#12146,#12147,#12148,#12149,#12150,#12151,#12152,#12153,#12154
      ,#12155,#12156,#12157,#12158,#12159,#12160,#12161)
    ,(#12162,#12163,#12164,#12165,#12166,#12167,#12168,#12169,#12170
      ,#12171,#12172,#12173,#12174,#12175,#12176,#12177)
    ,(#12178,#12179,#12180,#12181,#12182,#12183,#12184,#12185,#12186
      ,#12187,#12188,#12189,#12190,#12191,#12192,#12193
)),.UNSPECIFIED.,.F.,.F.,.F.) B_SPLINE_SURFACE_WITH_KNOTS((3,3),(9,7,9),
  (0.,0.95485843737),(6.5001,6.977529218685,7.45495843737),
.UNSPECIFIED.) GEOMETRIC_REPRESENTATION_ITEM() RATIONAL_B_SPLINE_SURFACE
((
    (1.,1.,1.,1.,1.,1.,1.,1.,1.,1.,1.,1.,1.,1.,1.,1.)
    ,(0.707106781187,0.707106781187,0.702567909995,0.692448262626
      ,0.682180618163,0.666736059067,0.665937288614,0.684906951562
      ,0.751410440052,0.799088973871,0.856490193915,0.910356855827
      ,0.953865293504,0.984770033708,1.,1.)
    ,(1.,1.,1.,1.,1.,1.,1.,1.,1.,1.,1.,1.,1.,1.,1.,1.
))) REPRESENTATION_ITEM('') SURFACE() );
#12146 = CARTESIAN_POINT('',(-512.9,-94.50000000023,30.5001));
#12147 = CARTESIAN_POINT('',(-512.9,-94.50000000023,30.509907614667));
#12148 = CARTESIAN_POINT('',(-512.8971601888,-94.49977784906,
    30.519782486262));
#12149 = CARTESIAN_POINT('',(-512.8912755091,-94.49933567306,
    30.53044894237));
#12150 = CARTESIAN_POINT('',(-512.8841538709,-94.49859289858,
    30.545016693381));
#12151 = CARTESIAN_POINT('',(-512.875670568,-94.49675606468,
    30.561427446855));
#12152 = CARTESIAN_POINT('',(-512.8725746596,-94.49454697165,
    30.590555705666));
#12153 = CARTESIAN_POINT('',(-512.872021938,-94.48508300184,
    30.632857719408));
#12154 = CARTESIAN_POINT('',(-512.8711621374,-94.44539870022,
    30.733642697808));
#12155 = CARTESIAN_POINT('',(-512.8709007512,-94.41520853577,
    30.792190994014));
#12156 = CARTESIAN_POINT('',(-512.8679642449,-94.37082224949,
    30.854150864733));
#12157 = CARTESIAN_POINT('',(-512.8599488359,-94.3119225812,
    30.909801921722));
#12158 = CARTESIAN_POINT('',(-512.8476066472,-94.24154215315,
    30.953963713378));
#12159 = CARTESIAN_POINT('',(-512.8328400398,-94.1637531238,
    30.984743764111));
#12160 = CARTESIAN_POINT('',(-512.8164482046,-94.08190648172,31.));
#12161 = CARTESIAN_POINT('',(-512.8001,-94.00010000023,31.));
#12162 = CARTESIAN_POINT('',(-513.3,-94.50000000023,30.5001));
#12163 = CARTESIAN_POINT('',(-513.3,-94.50000000023,30.549177343065));
#12164 = CARTESIAN_POINT('',(-513.2979541553,-94.49795415562,
    30.598861739759));
#12165 = CARTESIAN_POINT('',(-513.2941774999,-94.49417750021,
    30.651358404293));
#12166 = CARTESIAN_POINT('',(-513.2863307497,-94.48633075002,
    30.706303710558));
#12167 = CARTESIAN_POINT('',(-513.2759187615,-94.47591876174,
    30.768408127654));
#12168 = CARTESIAN_POINT('',(-513.2546392598,-94.45463926006,
    30.823993846259));
#12169 = CARTESIAN_POINT('',(-513.2210022023,-94.42100220257,
    30.868986567836));
#12170 = CARTESIAN_POINT('',(-513.1398124668,-94.33981246706,
    30.934906816806));
#12171 = CARTESIAN_POINT('',(-513.09629745,-94.29629745029,
    30.955345030018));
#12172 = CARTESIAN_POINT('',(-513.0500994063,-94.25009940655,
    30.96848438649));
#12173 = CARTESIAN_POINT('',(-513.0015651565,-94.20156515675,
    30.980404342731));
#12174 = CARTESIAN_POINT('',(-512.9510008471,-94.15100084741,
    30.99060391563));
#12175 = CARTESIAN_POINT('',(-512.8997878129,-94.09978781322,
    30.996822690572));
#12176 = CARTESIAN_POINT('',(-512.849177343,-94.04917734329,31.));
#12177 = CARTESIAN_POINT('',(-512.8001,-94.00010000023,31.));
#12178 = CARTESIAN_POINT('',(-513.3,-94.10000000023,30.5001));
#12179 = CARTESIAN_POINT('',(-513.3,-94.10000000023,30.509907614667));
#12180 = CARTESIAN_POINT('',(-513.2997778488,-94.0971601891,
    30.519782486262));
#12181 = CARTESIAN_POINT('',(-513.2993356728,-94.09127550936,
    30.53044894237));
#12182 = CARTESIAN_POINT('',(-513.2985928983,-94.08415387117,
    30.545016693381));
#12183 = CARTESIAN_POINT('',(-513.2967560644,-94.07567056827,
    30.561427446855));
#12184 = CARTESIAN_POINT('',(-513.2945469714,-94.07257465984,
    30.590555705666));
#12185 = CARTESIAN_POINT('',(-513.2850830016,-94.07202193825,
    30.632857719408));
#12186 = CARTESIAN_POINT('',(-513.2453986999,-94.07116213764,
    30.733642697808));
#12187 = CARTESIAN_POINT('',(-513.2152085355,-94.07090075143,
    30.792190994014));
#12188 = CARTESIAN_POINT('',(-513.1708222492,-94.06796424519,
    30.854150864733));
#12189 = CARTESIAN_POINT('',(-513.1119225809,-94.05994883615,
    30.909801921722));
#12190 = CARTESIAN_POINT('',(-513.0415421529,-94.04760664752,
    30.953963713378));
#12191 = CARTESIAN_POINT('',(-512.9637531235,-94.03284004011,
    30.984743764111));
#12192 = CARTESIAN_POINT('',(-512.8819064814,-94.01644820487,31.));
#12193 = CARTESIAN_POINT('',(-512.8001,-94.00010000023,31.));
#12194 = ADVANCED_FACE('',(#12195),#12214,.T.);
#12195 = FACE_BOUND('',#12196,.F.);
#12196 = EDGE_LOOP('',(#12197,#12198,#12199,#12207));
#12197 = ORIENTED_EDGE('',*,*,#10131,.F.);
#12198 = ORIENTED_EDGE('',*,*,#12054,.T.);
#12199 = ORIENTED_EDGE('',*,*,#12200,.T.);
#12200 = EDGE_CURVE('',#11980,#12201,#12203,.T.);
#12201 = VERTEX_POINT('',#12202);
#12202 = CARTESIAN_POINT('',(-512.3,-99.99990000032,31.));
#12203 = LINE('',#12204,#12205);
#12204 = CARTESIAN_POINT('',(-510.3,-99.99990000032,31.));
#12205 = VECTOR('',#12206,1.);
#12206 = DIRECTION('',(-1.,-0.,-0.));
#12207 = ORIENTED_EDGE('',*,*,#12208,.F.);
#12208 = EDGE_CURVE('',#10132,#12201,#12209,.T.);
#12209 = CIRCLE('',#12210,0.4999);
#12210 = AXIS2_PLACEMENT_3D('',#12211,#12212,#12213);
#12211 = CARTESIAN_POINT('',(-512.3,-99.99990000032,30.5001));
#12212 = DIRECTION('',(1.,0.,0.));
#12213 = DIRECTION('',(0.,1.,0.));
#12214 = CYLINDRICAL_SURFACE('',#12215,0.4999);
#12215 = AXIS2_PLACEMENT_3D('',#12216,#12217,#12218);
#12216 = CARTESIAN_POINT('',(-510.3,-99.99990000032,30.5001));
#12217 = DIRECTION('',(-1.,-0.,-0.));
#12218 = DIRECTION('',(0.,1.,0.));
#12219 = ADVANCED_FACE('',(#12220),#12251,.T.);
#12220 = FACE_BOUND('',#12221,.F.);
#12221 = EDGE_LOOP('',(#12222,#12223,#12244,#12250));
#12222 = ORIENTED_EDGE('',*,*,#10155,.F.);
#12223 = ORIENTED_EDGE('',*,*,#12224,.T.);
#12224 = EDGE_CURVE('',#10156,#12225,#12227,.T.);
#12225 = VERTEX_POINT('',#12226);
#12226 = CARTESIAN_POINT('',(-512.8001,-93.99990000021,31.));
#12227 = ( BOUNDED_CURVE() B_SPLINE_CURVE(8,(#12228,#12229,#12230,#12231
    ,#12232,#12233,#12234,#12235,#12236,#12237,#12238,#12239,#12240,
    #12241,#12242,#12243),.UNSPECIFIED.,.F.,.F.) 
B_SPLINE_CURVE_WITH_KNOTS((9,7,9),(6.5001,6.977529218685,7.45495843737),
.UNSPECIFIED.) CURVE() GEOMETRIC_REPRESENTATION_ITEM() 
RATIONAL_B_SPLINE_CURVE((1.,1.,1.,1.,1.,1.,1.,1.,1.,1.,1.,1.,1.,1.,1.,1.
)) REPRESENTATION_ITEM('') );
#12228 = CARTESIAN_POINT('',(-513.3,-93.90000000021,30.5001));
#12229 = CARTESIAN_POINT('',(-513.3,-93.90000000021,30.509907614667));
#12230 = CARTESIAN_POINT('',(-513.2997778488,-93.90283981134,
    30.519782486262));
#12231 = CARTESIAN_POINT('',(-513.2993356728,-93.90872449109,
    30.53044894237));
#12232 = CARTESIAN_POINT('',(-513.2985928983,-93.91584612927,
    30.545016693381));
#12233 = CARTESIAN_POINT('',(-513.2967560644,-93.92432943218,
    30.561427446855));
#12234 = CARTESIAN_POINT('',(-513.2945469714,-93.9274253406,
    30.590555705666));
#12235 = CARTESIAN_POINT('',(-513.2850830016,-93.92797806219,
    30.632857719408));
#12236 = CARTESIAN_POINT('',(-513.2453986999,-93.9288378628,
    30.733642697808));
#12237 = CARTESIAN_POINT('',(-513.2152085355,-93.92909924901,
    30.792190994014));
#12238 = CARTESIAN_POINT('',(-513.1708222492,-93.93203575525,
    30.854150864733));
#12239 = CARTESIAN_POINT('',(-513.1119225809,-93.94005116429,
    30.909801921722));
#12240 = CARTESIAN_POINT('',(-513.0415421529,-93.95239335293,
    30.953963713378));
#12241 = CARTESIAN_POINT('',(-512.9637531235,-93.96715996034,
    30.984743764111));
#12242 = CARTESIAN_POINT('',(-512.8819064814,-93.98355179557,31.));
#12243 = CARTESIAN_POINT('',(-512.8001,-93.99990000021,31.));
#12244 = ORIENTED_EDGE('',*,*,#12245,.T.);
#12245 = EDGE_CURVE('',#12225,#12017,#12246,.T.);
#12246 = LINE('',#12247,#12248);
#12247 = CARTESIAN_POINT('',(-512.8001,-93.50000000021,31.));
#12248 = VECTOR('',#12249,1.);
#12249 = DIRECTION('',(0.,-1.,0.));
#12250 = ORIENTED_EDGE('',*,*,#12126,.F.);
#12251 = CYLINDRICAL_SURFACE('',#12252,0.4999);
#12252 = AXIS2_PLACEMENT_3D('',#12253,#12254,#12255);
#12253 = CARTESIAN_POINT('',(-512.8001,-93.50000000021,30.5001));
#12254 = DIRECTION('',(0.,-1.,0.));
#12255 = DIRECTION('',(-1.,0.,0.));
#12256 = ADVANCED_FACE('',(#12257),#12288,.T.);
#12257 = FACE_BOUND('',#12258,.F.);
#12258 = EDGE_LOOP('',(#12259,#12260,#12261,#12269));
#12259 = ORIENTED_EDGE('',*,*,#10179,.F.);
#12260 = ORIENTED_EDGE('',*,*,#12208,.T.);
#12261 = ORIENTED_EDGE('',*,*,#12262,.T.);
#12262 = EDGE_CURVE('',#12201,#12263,#12265,.T.);
#12263 = VERTEX_POINT('',#12264);
#12264 = CARTESIAN_POINT('',(-512.8001,-99.99990000032,31.));
#12265 = LINE('',#12266,#12267);
#12266 = CARTESIAN_POINT('',(-512.3,-99.99990000032,31.));
#12267 = VECTOR('',#12268,1.);
#12268 = DIRECTION('',(-1.,0.,0.));
#12269 = ORIENTED_EDGE('',*,*,#12270,.F.);
#12270 = EDGE_CURVE('',#10180,#12263,#12271,.T.);
#12271 = ( BOUNDED_CURVE() B_SPLINE_CURVE(8,(#12272,#12273,#12274,#12275
    ,#12276,#12277,#12278,#12279,#12280,#12281,#12282,#12283,#12284,
    #12285,#12286,#12287),.UNSPECIFIED.,.F.,.F.) 
B_SPLINE_CURVE_WITH_KNOTS((9,7,9),(6.5001,6.977529218685,7.45495843737),
.UNSPECIFIED.) CURVE() GEOMETRIC_REPRESENTATION_ITEM() 
RATIONAL_B_SPLINE_CURVE((1.,1.,1.,1.,1.,1.,1.,1.,1.,1.,1.,1.,1.,1.,1.,1.
)) REPRESENTATION_ITEM('') );
#12272 = CARTESIAN_POINT('',(-512.9,-99.50000000032,30.5001));
#12273 = CARTESIAN_POINT('',(-512.9,-99.50000000032,30.509907614667));
#12274 = CARTESIAN_POINT('',(-512.8971601888,-99.50022215149,
    30.519782486262));
#12275 = CARTESIAN_POINT('',(-512.8912755091,-99.50066432749,
    30.53044894237));
#12276 = CARTESIAN_POINT('',(-512.8841538709,-99.50140710197,
    30.545016693381));
#12277 = CARTESIAN_POINT('',(-512.875670568,-99.50324393587,
    30.561427446855));
#12278 = CARTESIAN_POINT('',(-512.8725746596,-99.5054530289,
    30.590555705666));
#12279 = CARTESIAN_POINT('',(-512.872021938,-99.51491699871,
    30.632857719408));
#12280 = CARTESIAN_POINT('',(-512.8711621374,-99.55460130033,
    30.733642697808));
#12281 = CARTESIAN_POINT('',(-512.8709007512,-99.58479146478,
    30.792190994014));
#12282 = CARTESIAN_POINT('',(-512.8679642449,-99.62917775106,
    30.854150864733));
#12283 = CARTESIAN_POINT('',(-512.8599488359,-99.68807741935,
    30.909801921722));
#12284 = CARTESIAN_POINT('',(-512.8476066472,-99.7584578474,
    30.953963713378));
#12285 = CARTESIAN_POINT('',(-512.8328400398,-99.83624687675,
    30.984743764111));
#12286 = CARTESIAN_POINT('',(-512.8164482046,-99.91809351883,31.));
#12287 = CARTESIAN_POINT('',(-512.8001,-99.99990000032,31.));
#12288 = CYLINDRICAL_SURFACE('',#12289,0.4999);
#12289 = AXIS2_PLACEMENT_3D('',#12290,#12291,#12292);
#12290 = CARTESIAN_POINT('',(-512.3,-99.99990000032,30.5001));
#12291 = DIRECTION('',(-1.,0.,0.));
#12292 = DIRECTION('',(0.,1.,0.));
#12293 = ADVANCED_FACE('',(#12294),#12317,.F.);
#12294 = FACE_BOUND('',#12295,.F.);
#12295 = EDGE_LOOP('',(#12296,#12297,#12316));
#12296 = ORIENTED_EDGE('',*,*,#10212,.T.);
#12297 = ORIENTED_EDGE('',*,*,#12298,.T.);
#12298 = EDGE_CURVE('',#10205,#12225,#12299,.T.);
#12299 = ( BOUNDED_CURVE() B_SPLINE_CURVE(8,(#12300,#12301,#12302,#12303
    ,#12304,#12305,#12306,#12307,#12308,#12309,#12310,#12311,#12312,
    #12313,#12314,#12315),.UNSPECIFIED.,.F.,.F.) 
B_SPLINE_CURVE_WITH_KNOTS((9,7,9),(6.5001,6.977529218685,7.45495843737),
.UNSPECIFIED.) CURVE() GEOMETRIC_REPRESENTATION_ITEM() 
RATIONAL_B_SPLINE_CURVE((1.,1.,1.,1.,1.,1.,1.,1.,1.,1.,1.,1.,1.,1.,1.,1.
)) REPRESENTATION_ITEM('') );
#12300 = CARTESIAN_POINT('',(-512.9,-93.50000000021,30.5001));
#12301 = CARTESIAN_POINT('',(-512.9,-93.50000000021,30.509907614667));
#12302 = CARTESIAN_POINT('',(-512.8971601888,-93.50022215139,
    30.519782486262));
#12303 = CARTESIAN_POINT('',(-512.8912755091,-93.50066432739,
    30.53044894237));
#12304 = CARTESIAN_POINT('',(-512.8841538709,-93.50140710186,
    30.545016693381));
#12305 = CARTESIAN_POINT('',(-512.875670568,-93.50324393577,
    30.561427446855));
#12306 = CARTESIAN_POINT('',(-512.8725746596,-93.50545302879,
    30.590555705666));
#12307 = CARTESIAN_POINT('',(-512.872021938,-93.5149169986,
    30.632857719408));
#12308 = CARTESIAN_POINT('',(-512.8711621374,-93.55460130022,
    30.733642697808));
#12309 = CARTESIAN_POINT('',(-512.8709007512,-93.58479146468,
    30.792190994014));
#12310 = CARTESIAN_POINT('',(-512.8679642449,-93.62917775096,
    30.854150864733));
#12311 = CARTESIAN_POINT('',(-512.8599488359,-93.68807741925,
    30.909801921722));
#12312 = CARTESIAN_POINT('',(-512.8476066472,-93.7584578473,
    30.953963713378));
#12313 = CARTESIAN_POINT('',(-512.8328400398,-93.83624687664,
    30.984743764111));
#12314 = CARTESIAN_POINT('',(-512.8164482046,-93.91809351873,31.));
#12315 = CARTESIAN_POINT('',(-512.8001,-93.99990000021,31.));
#12316 = ORIENTED_EDGE('',*,*,#12224,.F.);
#12317 = ( BOUNDED_SURFACE() B_SPLINE_SURFACE(2,8,(
    (#12318,#12319,#12320,#12321,#12322,#12323,#12324,#12325,#12326
      ,#12327,#12328,#12329,#12330,#12331,#12332,#12333)
    ,(#12334,#12335,#12336,#12337,#12338,#12339,#12340,#12341,#12342
      ,#12343,#12344,#12345,#12346,#12347,#12348,#12349)
    ,(#12350,#12351,#12352,#12353,#12354,#12355,#12356,#12357,#12358
      ,#12359,#12360,#12361,#12362,#12363,#12364,#12365
)),.UNSPECIFIED.,.F.,.F.,.F.) B_SPLINE_SURFACE_WITH_KNOTS((3,3),(9,7,9),
  (0.,0.95485843737),(6.5001,6.977529218685,7.45495843737),
.UNSPECIFIED.) GEOMETRIC_REPRESENTATION_ITEM() RATIONAL_B_SPLINE_SURFACE
((
    (1.,1.,1.,1.,1.,1.,1.,1.,1.,1.,1.,1.,1.,1.,1.,1.)
    ,(0.707106781187,0.707106781187,0.702567909995,0.692448262626
      ,0.682180618163,0.666736059067,0.665937288614,0.684906951562
      ,0.751410440052,0.799088973871,0.856490193915,0.910356855827
      ,0.953865293504,0.984770033708,1.,1.)
    ,(1.,1.,1.,1.,1.,1.,1.,1.,1.,1.,1.,1.,1.,1.,1.,1.
))) REPRESENTATION_ITEM('') SURFACE() );
#12318 = CARTESIAN_POINT('',(-513.3,-93.90000000021,30.5001));
#12319 = CARTESIAN_POINT('',(-513.3,-93.90000000021,30.509907614667));
#12320 = CARTESIAN_POINT('',(-513.2997778488,-93.90283981134,
    30.519782486262));
#12321 = CARTESIAN_POINT('',(-513.2993356728,-93.90872449109,
    30.53044894237));
#12322 = CARTESIAN_POINT('',(-513.2985928983,-93.91584612927,
    30.545016693381));
#12323 = CARTESIAN_POINT('',(-513.2967560644,-93.92432943218,
    30.561427446855));
#12324 = CARTESIAN_POINT('',(-513.2945469714,-93.9274253406,
    30.590555705666));
#12325 = CARTESIAN_POINT('',(-513.2850830016,-93.92797806219,
    30.632857719408));
#12326 = CARTESIAN_POINT('',(-513.2453986999,-93.9288378628,
    30.733642697808));
#12327 = CARTESIAN_POINT('',(-513.2152085355,-93.92909924901,
    30.792190994014));
#12328 = CARTESIAN_POINT('',(-513.1708222492,-93.93203575525,
    30.854150864733));
#12329 = CARTESIAN_POINT('',(-513.1119225809,-93.94005116429,
    30.909801921722));
#12330 = CARTESIAN_POINT('',(-513.0415421529,-93.95239335293,
    30.953963713378));
#12331 = CARTESIAN_POINT('',(-512.9637531235,-93.96715996034,
    30.984743764111));
#12332 = CARTESIAN_POINT('',(-512.8819064814,-93.98355179557,31.));
#12333 = CARTESIAN_POINT('',(-512.8001,-93.99990000021,31.));
#12334 = CARTESIAN_POINT('',(-513.3,-93.50000000021,30.5001));
#12335 = CARTESIAN_POINT('',(-513.3,-93.50000000021,30.549177343065));
#12336 = CARTESIAN_POINT('',(-513.2979541553,-93.50204584482,
    30.598861739759));
#12337 = CARTESIAN_POINT('',(-513.2941774999,-93.50582250023,
    30.651358404293));
#12338 = CARTESIAN_POINT('',(-513.2863307497,-93.51366925043,
    30.706303710558));
#12339 = CARTESIAN_POINT('',(-513.2759187615,-93.52408123871,
    30.768408127654));
#12340 = CARTESIAN_POINT('',(-513.2546392598,-93.54536074038,
    30.823993846259));
#12341 = CARTESIAN_POINT('',(-513.2210022023,-93.57899779787,
    30.868986567836));
#12342 = CARTESIAN_POINT('',(-513.1398124668,-93.66018753339,
    30.934906816806));
#12343 = CARTESIAN_POINT('',(-513.09629745,-93.70370255015,
    30.955345030018));
#12344 = CARTESIAN_POINT('',(-513.0500994063,-93.74990059389,
    30.96848438649));
#12345 = CARTESIAN_POINT('',(-513.0015651565,-93.79843484369,
    30.980404342731));
#12346 = CARTESIAN_POINT('',(-512.9510008471,-93.84899915303,
    30.99060391563));
#12347 = CARTESIAN_POINT('',(-512.8997878129,-93.90021218722,
    30.996822690572));
#12348 = CARTESIAN_POINT('',(-512.849177343,-93.95082265715,31.));
#12349 = CARTESIAN_POINT('',(-512.8001,-93.99990000021,31.));
#12350 = CARTESIAN_POINT('',(-512.9,-93.50000000021,30.5001));
#12351 = CARTESIAN_POINT('',(-512.9,-93.50000000021,30.509907614667));
#12352 = CARTESIAN_POINT('',(-512.8971601888,-93.50022215139,
    30.519782486262));
#12353 = CARTESIAN_POINT('',(-512.8912755091,-93.50066432739,
    30.53044894237));
#12354 = CARTESIAN_POINT('',(-512.8841538709,-93.50140710186,
    30.545016693381));
#12355 = CARTESIAN_POINT('',(-512.875670568,-93.50324393577,
    30.561427446855));
#12356 = CARTESIAN_POINT('',(-512.8725746596,-93.50545302879,
    30.590555705666));
#12357 = CARTESIAN_POINT('',(-512.872021938,-93.5149169986,
    30.632857719408));
#12358 = CARTESIAN_POINT('',(-512.8711621374,-93.55460130022,
    30.733642697808));
#12359 = CARTESIAN_POINT('',(-512.8709007512,-93.58479146468,
    30.792190994014));
#12360 = CARTESIAN_POINT('',(-512.8679642449,-93.62917775096,
    30.854150864733));
#12361 = CARTESIAN_POINT('',(-512.8599488359,-93.68807741925,
    30.909801921722));
#12362 = CARTESIAN_POINT('',(-512.8476066472,-93.7584578473,
    30.953963713378));
#12363 = CARTESIAN_POINT('',(-512.8328400398,-93.83624687664,
    30.984743764111));
#12364 = CARTESIAN_POINT('',(-512.8164482046,-93.91809351873,31.));
#12365 = CARTESIAN_POINT('',(-512.8001,-93.99990000021,31.));
#12366 = ADVANCED_FACE('',(#12367),#12390,.F.);
#12367 = FACE_BOUND('',#12368,.F.);
#12368 = EDGE_LOOP('',(#12369,#12370,#12371));
#12369 = ORIENTED_EDGE('',*,*,#10230,.T.);
#12370 = ORIENTED_EDGE('',*,*,#12270,.T.);
#12371 = ORIENTED_EDGE('',*,*,#12372,.F.);
#12372 = EDGE_CURVE('',#10231,#12263,#12373,.T.);
#12373 = ( BOUNDED_CURVE() B_SPLINE_CURVE(8,(#12374,#12375,#12376,#12377
    ,#12378,#12379,#12380,#12381,#12382,#12383,#12384,#12385,#12386,
    #12387,#12388,#12389),.UNSPECIFIED.,.F.,.F.) 
B_SPLINE_CURVE_WITH_KNOTS((9,7,9),(6.5001,6.977529218685,7.45495843737),
.UNSPECIFIED.) CURVE() GEOMETRIC_REPRESENTATION_ITEM() 
RATIONAL_B_SPLINE_CURVE((1.,1.,1.,1.,1.,1.,1.,1.,1.,1.,1.,1.,1.,1.,1.,1.
)) REPRESENTATION_ITEM('') );
#12374 = CARTESIAN_POINT('',(-513.3,-99.90000000032,30.5001));
#12375 = CARTESIAN_POINT('',(-513.3,-99.90000000032,30.509907614667));
#12376 = CARTESIAN_POINT('',(-513.2997778488,-99.90283981145,
    30.519782486262));
#12377 = CARTESIAN_POINT('',(-513.2993356728,-99.90872449119,
    30.53044894237));
#12378 = CARTESIAN_POINT('',(-513.2985928983,-99.91584612938,
    30.545016693381));
#12379 = CARTESIAN_POINT('',(-513.2967560644,-99.92432943228,
    30.561427446855));
#12380 = CARTESIAN_POINT('',(-513.2945469714,-99.9274253407,
    30.590555705666));
#12381 = CARTESIAN_POINT('',(-513.2850830016,-99.9279780623,
    30.632857719408));
#12382 = CARTESIAN_POINT('',(-513.2453986999,-99.92883786291,
    30.733642697808));
#12383 = CARTESIAN_POINT('',(-513.2152085355,-99.92909924912,
    30.792190994014));
#12384 = CARTESIAN_POINT('',(-513.1708222492,-99.93203575536,
    30.854150864733));
#12385 = CARTESIAN_POINT('',(-513.1119225809,-99.9400511644,
    30.909801921722));
#12386 = CARTESIAN_POINT('',(-513.0415421529,-99.95239335303,
    30.953963713378));
#12387 = CARTESIAN_POINT('',(-512.9637531235,-99.96715996044,
    30.984743764111));
#12388 = CARTESIAN_POINT('',(-512.8819064814,-99.98355179568,31.));
#12389 = CARTESIAN_POINT('',(-512.8001,-99.99990000032,31.));
#12390 = ( BOUNDED_SURFACE() B_SPLINE_SURFACE(2,8,(
    (#12391,#12392,#12393,#12394,#12395,#12396,#12397,#12398,#12399
      ,#12400,#12401,#12402,#12403,#12404,#12405,#12406)
    ,(#12407,#12408,#12409,#12410,#12411,#12412,#12413,#12414,#12415
      ,#12416,#12417,#12418,#12419,#12420,#12421,#12422)
    ,(#12423,#12424,#12425,#12426,#12427,#12428,#12429,#12430,#12431
      ,#12432,#12433,#12434,#12435,#12436,#12437,#12438
)),.UNSPECIFIED.,.F.,.F.,.F.) B_SPLINE_SURFACE_WITH_KNOTS((3,3),(9,7,9),
  (0.,0.95485843737),(6.5001,6.977529218685,7.45495843737),
.UNSPECIFIED.) GEOMETRIC_REPRESENTATION_ITEM() RATIONAL_B_SPLINE_SURFACE
((
    (1.,1.,1.,1.,1.,1.,1.,1.,1.,1.,1.,1.,1.,1.,1.,1.)
    ,(0.707106781187,0.707106781187,0.702567909995,0.692448262626
      ,0.682180618163,0.666736059067,0.665937288614,0.684906951562
      ,0.751410440052,0.799088973871,0.856490193915,0.910356855827
      ,0.953865293504,0.984770033708,1.,1.)
    ,(1.,1.,1.,1.,1.,1.,1.,1.,1.,1.,1.,1.,1.,1.,1.,1.
))) REPRESENTATION_ITEM('') SURFACE() );
#12391 = CARTESIAN_POINT('',(-513.3,-99.90000000032,30.5001));
#12392 = CARTESIAN_POINT('',(-513.3,-99.90000000032,30.509907614667));
#12393 = CARTESIAN_POINT('',(-513.2997778488,-99.90283981145,
    30.519782486262));
#12394 = CARTESIAN_POINT('',(-513.2993356728,-99.90872449119,
    30.53044894237));
#12395 = CARTESIAN_POINT('',(-513.2985928983,-99.91584612938,
    30.545016693381));
#12396 = CARTESIAN_POINT('',(-513.2967560644,-99.92432943228,
    30.561427446855));
#12397 = CARTESIAN_POINT('',(-513.2945469714,-99.9274253407,
    30.590555705666));
#12398 = CARTESIAN_POINT('',(-513.2850830016,-99.9279780623,
    30.632857719408));
#12399 = CARTESIAN_POINT('',(-513.2453986999,-99.92883786291,
    30.733642697808));
#12400 = CARTESIAN_POINT('',(-513.2152085355,-99.92909924912,
    30.792190994014));
#12401 = CARTESIAN_POINT('',(-513.1708222492,-99.93203575536,
    30.854150864733));
#12402 = CARTESIAN_POINT('',(-513.1119225809,-99.9400511644,
    30.909801921722));
#12403 = CARTESIAN_POINT('',(-513.0415421529,-99.95239335303,
    30.953963713378));
#12404 = CARTESIAN_POINT('',(-512.9637531235,-99.96715996044,
    30.984743764111));
#12405 = CARTESIAN_POINT('',(-512.8819064814,-99.98355179568,31.));
#12406 = CARTESIAN_POINT('',(-512.8001,-99.99990000032,31.));
#12407 = CARTESIAN_POINT('',(-513.3,-99.50000000032,30.5001));
#12408 = CARTESIAN_POINT('',(-513.3,-99.50000000032,30.549177343065));
#12409 = CARTESIAN_POINT('',(-513.2979541553,-99.50204584493,
    30.598861739759));
#12410 = CARTESIAN_POINT('',(-513.2941774999,-99.50582250034,
    30.651358404293));
#12411 = CARTESIAN_POINT('',(-513.2863307497,-99.51366925053,
    30.706303710558));
#12412 = CARTESIAN_POINT('',(-513.2759187615,-99.52408123881,
    30.768408127654));
#12413 = CARTESIAN_POINT('',(-513.2546392598,-99.54536074049,
    30.823993846259));
#12414 = CARTESIAN_POINT('',(-513.2210022023,-99.57899779798,
    30.868986567836));
#12415 = CARTESIAN_POINT('',(-513.1398124668,-99.66018753349,
    30.934906816806));
#12416 = CARTESIAN_POINT('',(-513.09629745,-99.70370255026,
    30.955345030019));
#12417 = CARTESIAN_POINT('',(-513.0500994063,-99.749900594,
    30.96848438649));
#12418 = CARTESIAN_POINT('',(-513.0015651565,-99.7984348438,
    30.980404342731));
#12419 = CARTESIAN_POINT('',(-512.9510008471,-99.84899915314,
    30.99060391563));
#12420 = CARTESIAN_POINT('',(-512.8997878129,-99.90021218733,
    30.996822690572));
#12421 = CARTESIAN_POINT('',(-512.849177343,-99.95082265726,31.));
#12422 = CARTESIAN_POINT('',(-512.8001,-99.99990000032,31.));
#12423 = CARTESIAN_POINT('',(-512.9,-99.50000000032,30.5001));
#12424 = CARTESIAN_POINT('',(-512.9,-99.50000000032,30.509907614667));
#12425 = CARTESIAN_POINT('',(-512.8971601888,-99.50022215149,
    30.519782486262));
#12426 = CARTESIAN_POINT('',(-512.8912755091,-99.50066432749,
    30.53044894237));
#12427 = CARTESIAN_POINT('',(-512.8841538709,-99.50140710197,
    30.545016693381));
#12428 = CARTESIAN_POINT('',(-512.875670568,-99.50324393587,
    30.561427446855));
#12429 = CARTESIAN_POINT('',(-512.8725746596,-99.5054530289,
    30.590555705666));
#12430 = CARTESIAN_POINT('',(-512.872021938,-99.51491699871,
    30.632857719408));
#12431 = CARTESIAN_POINT('',(-512.8711621374,-99.55460130033,
    30.733642697808));
#12432 = CARTESIAN_POINT('',(-512.8709007512,-99.58479146478,
    30.792190994014));
#12433 = CARTESIAN_POINT('',(-512.8679642449,-99.62917775106,
    30.854150864733));
#12434 = CARTESIAN_POINT('',(-512.8599488359,-99.68807741935,
    30.909801921722));
#12435 = CARTESIAN_POINT('',(-512.8476066472,-99.7584578474,
    30.953963713378));
#12436 = CARTESIAN_POINT('',(-512.8328400398,-99.83624687675,
    30.984743764111));
#12437 = CARTESIAN_POINT('',(-512.8164482046,-99.91809351883,31.));
#12438 = CARTESIAN_POINT('',(-512.8001,-99.99990000032,31.));
#12439 = ADVANCED_FACE('',(#12440),#12459,.T.);
#12440 = FACE_BOUND('',#12441,.F.);
#12441 = EDGE_LOOP('',(#12442,#12443,#12452,#12458));
#12442 = ORIENTED_EDGE('',*,*,#10253,.F.);
#12443 = ORIENTED_EDGE('',*,*,#12444,.T.);
#12444 = EDGE_CURVE('',#10254,#12445,#12447,.T.);
#12445 = VERTEX_POINT('',#12446);
#12446 = CARTESIAN_POINT('',(-511.8001,-93.99990000021,31.));
#12447 = ELLIPSE('',#12448,0.70696535983,0.4999);
#12448 = AXIS2_PLACEMENT_3D('',#12449,#12450,#12451);
#12449 = CARTESIAN_POINT('',(-511.8001,-93.99990000021,30.5001));
#12450 = DIRECTION('',(0.707106781187,0.707106781187,0.));
#12451 = DIRECTION('',(0.707106781187,-0.707106781187,0.));
#12452 = ORIENTED_EDGE('',*,*,#12453,.T.);
#12453 = EDGE_CURVE('',#12445,#12225,#12454,.T.);
#12454 = LINE('',#12455,#12456);
#12455 = CARTESIAN_POINT('',(-512.3,-93.99990000021,31.));
#12456 = VECTOR('',#12457,1.);
#12457 = DIRECTION('',(-1.,0.,0.));
#12458 = ORIENTED_EDGE('',*,*,#12298,.F.);
#12459 = CYLINDRICAL_SURFACE('',#12460,0.4999);
#12460 = AXIS2_PLACEMENT_3D('',#12461,#12462,#12463);
#12461 = CARTESIAN_POINT('',(-512.3,-93.99990000021,30.5001));
#12462 = DIRECTION('',(-1.,0.,0.));
#12463 = DIRECTION('',(0.,1.,0.));
#12464 = ADVANCED_FACE('',(#12465),#12496,.T.);
#12465 = FACE_BOUND('',#12466,.F.);
#12466 = EDGE_LOOP('',(#12467,#12468,#12469,#12477));
#12467 = ORIENTED_EDGE('',*,*,#10277,.F.);
#12468 = ORIENTED_EDGE('',*,*,#12372,.T.);
#12469 = ORIENTED_EDGE('',*,*,#12470,.T.);
#12470 = EDGE_CURVE('',#12263,#12471,#12473,.T.);
#12471 = VERTEX_POINT('',#12472);
#12472 = CARTESIAN_POINT('',(-512.8001,-100.0001000003,31.));
#12473 = LINE('',#12474,#12475);
#12474 = CARTESIAN_POINT('',(-512.8001,-99.50000000032,31.));
#12475 = VECTOR('',#12476,1.);
#12476 = DIRECTION('',(0.,-1.,0.));
#12477 = ORIENTED_EDGE('',*,*,#12478,.F.);
#12478 = EDGE_CURVE('',#10278,#12471,#12479,.T.);
#12479 = ( BOUNDED_CURVE() B_SPLINE_CURVE(8,(#12480,#12481,#12482,#12483
    ,#12484,#12485,#12486,#12487,#12488,#12489,#12490,#12491,#12492,
    #12493,#12494,#12495),.UNSPECIFIED.,.F.,.F.) 
B_SPLINE_CURVE_WITH_KNOTS((9,7,9),(6.5001,6.977529218685,7.45495843737),
.UNSPECIFIED.) CURVE() GEOMETRIC_REPRESENTATION_ITEM() 
RATIONAL_B_SPLINE_CURVE((1.,1.,1.,1.,1.,1.,1.,1.,1.,1.,1.,1.,1.,1.,1.,1.
)) REPRESENTATION_ITEM('') );
#12480 = CARTESIAN_POINT('',(-513.3,-100.1000000003,30.5001));
#12481 = CARTESIAN_POINT('',(-513.3,-100.1000000003,30.509907614667));
#12482 = CARTESIAN_POINT('',(-513.2997778488,-100.0971601892,
    30.519782486262));
#12483 = CARTESIAN_POINT('',(-513.2993356728,-100.0912755094,
    30.53044894237));
#12484 = CARTESIAN_POINT('',(-513.2985928983,-100.0841538712,
    30.545016693381));
#12485 = CARTESIAN_POINT('',(-513.2967560644,-100.0756705683,
    30.561427446855));
#12486 = CARTESIAN_POINT('',(-513.2945469714,-100.0725746599,
    30.590555705666));
#12487 = CARTESIAN_POINT('',(-513.2850830016,-100.0720219383,
    30.632857719408));
#12488 = CARTESIAN_POINT('',(-513.2453986999,-100.0711621377,
    30.733642697808));
#12489 = CARTESIAN_POINT('',(-513.2152085355,-100.0709007515,
    30.792190994014));
#12490 = CARTESIAN_POINT('',(-513.1708222492,-100.0679642453,
    30.854150864733));
#12491 = CARTESIAN_POINT('',(-513.1119225809,-100.0599488362,
    30.909801921722));
#12492 = CARTESIAN_POINT('',(-513.0415421529,-100.0476066476,
    30.953963713378));
#12493 = CARTESIAN_POINT('',(-512.9637531235,-100.0328400402,
    30.984743764111));
#12494 = CARTESIAN_POINT('',(-512.8819064814,-100.0164482049,31.));
#12495 = CARTESIAN_POINT('',(-512.8001,-100.0001000003,31.));
#12496 = CYLINDRICAL_SURFACE('',#12497,0.4999);
#12497 = AXIS2_PLACEMENT_3D('',#12498,#12499,#12500);
#12498 = CARTESIAN_POINT('',(-512.8001,-99.50000000032,30.5001));
#12499 = DIRECTION('',(0.,-1.,0.));
#12500 = DIRECTION('',(-1.,0.,0.));
#12501 = ADVANCED_FACE('',(#12502),#12521,.T.);
#12502 = FACE_BOUND('',#12503,.F.);
#12503 = EDGE_LOOP('',(#12504,#12513,#12519,#12520));
#12504 = ORIENTED_EDGE('',*,*,#12505,.T.);
#12505 = EDGE_CURVE('',#10302,#12506,#12508,.T.);
#12506 = VERTEX_POINT('',#12507);
#12507 = CARTESIAN_POINT('',(-511.8001,-92.00010000019,31.));
#12508 = ELLIPSE('',#12509,0.70696535983,0.4999);
#12509 = AXIS2_PLACEMENT_3D('',#12510,#12511,#12512);
#12510 = CARTESIAN_POINT('',(-511.8001,-92.00010000019,30.5001));
#12511 = DIRECTION('',(-0.707106781187,0.707106781187,0.));
#12512 = DIRECTION('',(0.707106781187,0.707106781187,0.));
#12513 = ORIENTED_EDGE('',*,*,#12514,.T.);
#12514 = EDGE_CURVE('',#12506,#12445,#12515,.T.);
#12515 = LINE('',#12516,#12517);
#12516 = CARTESIAN_POINT('',(-511.8001,-92.50000000019,31.));
#12517 = VECTOR('',#12518,1.);
#12518 = DIRECTION('',(0.,-1.,0.));
#12519 = ORIENTED_EDGE('',*,*,#12444,.F.);
#12520 = ORIENTED_EDGE('',*,*,#10309,.F.);
#12521 = CYLINDRICAL_SURFACE('',#12522,0.4999);
#12522 = AXIS2_PLACEMENT_3D('',#12523,#12524,#12525);
#12523 = CARTESIAN_POINT('',(-511.8001,-92.50000000019,30.5001));
#12524 = DIRECTION('',(0.,-1.,0.));
#12525 = DIRECTION('',(-1.,0.,0.));
#12526 = ADVANCED_FACE('',(#12527),#12550,.F.);
#12527 = FACE_BOUND('',#12528,.F.);
#12528 = EDGE_LOOP('',(#12529,#12530,#12531));
#12529 = ORIENTED_EDGE('',*,*,#10327,.T.);
#12530 = ORIENTED_EDGE('',*,*,#12478,.T.);
#12531 = ORIENTED_EDGE('',*,*,#12532,.F.);
#12532 = EDGE_CURVE('',#10328,#12471,#12533,.T.);
#12533 = ( BOUNDED_CURVE() B_SPLINE_CURVE(8,(#12534,#12535,#12536,#12537
    ,#12538,#12539,#12540,#12541,#12542,#12543,#12544,#12545,#12546,
    #12547,#12548,#12549),.UNSPECIFIED.,.F.,.F.) 
B_SPLINE_CURVE_WITH_KNOTS((9,7,9),(6.5001,6.977529218685,7.45495843737),
.UNSPECIFIED.) CURVE() GEOMETRIC_REPRESENTATION_ITEM() 
RATIONAL_B_SPLINE_CURVE((1.,1.,1.,1.,1.,1.,1.,1.,1.,1.,1.,1.,1.,1.,1.,1.
)) REPRESENTATION_ITEM('') );
#12534 = CARTESIAN_POINT('',(-512.9,-100.5000000003,30.5001));
#12535 = CARTESIAN_POINT('',(-512.9,-100.5000000003,30.509907614667));
#12536 = CARTESIAN_POINT('',(-512.8971601888,-100.4997778491,
    30.519782486262));
#12537 = CARTESIAN_POINT('',(-512.8912755091,-100.4993356731,
    30.53044894237));
#12538 = CARTESIAN_POINT('',(-512.8841538709,-100.4985928986,
    30.545016693381));
#12539 = CARTESIAN_POINT('',(-512.875670568,-100.4967560647,
    30.561427446855));
#12540 = CARTESIAN_POINT('',(-512.8725746596,-100.4945469717,
    30.590555705666));
#12541 = CARTESIAN_POINT('',(-512.872021938,-100.4850830019,
    30.632857719408));
#12542 = CARTESIAN_POINT('',(-512.8711621374,-100.4453987003,
    30.733642697808));
#12543 = CARTESIAN_POINT('',(-512.8709007512,-100.4152085358,
    30.792190994014));
#12544 = CARTESIAN_POINT('',(-512.8679642449,-100.3708222495,
    30.854150864733));
#12545 = CARTESIAN_POINT('',(-512.8599488359,-100.3119225813,
    30.909801921722));
#12546 = CARTESIAN_POINT('',(-512.8476066472,-100.2415421532,
    30.953963713378));
#12547 = CARTESIAN_POINT('',(-512.8328400398,-100.1637531239,
    30.984743764111));
#12548 = CARTESIAN_POINT('',(-512.8164482046,-100.0819064818,31.));
#12549 = CARTESIAN_POINT('',(-512.8001,-100.0001000003,31.));
#12550 = ( BOUNDED_SURFACE() B_SPLINE_SURFACE(2,8,(
    (#12551,#12552,#12553,#12554,#12555,#12556,#12557,#12558,#12559
      ,#12560,#12561,#12562,#12563,#12564,#12565,#12566)
    ,(#12567,#12568,#12569,#12570,#12571,#12572,#12573,#12574,#12575
      ,#12576,#12577,#12578,#12579,#12580,#12581,#12582)
    ,(#12583,#12584,#12585,#12586,#12587,#12588,#12589,#12590,#12591
      ,#12592,#12593,#12594,#12595,#12596,#12597,#12598
)),.UNSPECIFIED.,.F.,.F.,.F.) B_SPLINE_SURFACE_WITH_KNOTS((3,3),(9,7,9),
  (0.,0.95485843737),(6.5001,6.977529218685,7.45495843737),
.UNSPECIFIED.) GEOMETRIC_REPRESENTATION_ITEM() RATIONAL_B_SPLINE_SURFACE
((
    (1.,1.,1.,1.,1.,1.,1.,1.,1.,1.,1.,1.,1.,1.,1.,1.)
    ,(0.707106781187,0.707106781187,0.702567909995,0.692448262626
      ,0.682180618163,0.666736059067,0.665937288614,0.684906951562
      ,0.751410440052,0.799088973871,0.856490193915,0.910356855827
      ,0.953865293504,0.984770033708,1.,1.)
    ,(1.,1.,1.,1.,1.,1.,1.,1.,1.,1.,1.,1.,1.,1.,1.,1.
))) REPRESENTATION_ITEM('') SURFACE() );
#12551 = CARTESIAN_POINT('',(-512.9,-100.5000000003,30.5001));
#12552 = CARTESIAN_POINT('',(-512.9,-100.5000000003,30.509907614667));
#12553 = CARTESIAN_POINT('',(-512.8971601888,-100.4997778491,
    30.519782486262));
#12554 = CARTESIAN_POINT('',(-512.8912755091,-100.4993356731,
    30.53044894237));
#12555 = CARTESIAN_POINT('',(-512.8841538709,-100.4985928986,
    30.545016693381));
#12556 = CARTESIAN_POINT('',(-512.875670568,-100.4967560647,
    30.561427446855));
#12557 = CARTESIAN_POINT('',(-512.8725746596,-100.4945469717,
    30.590555705666));
#12558 = CARTESIAN_POINT('',(-512.872021938,-100.4850830019,
    30.632857719408));
#12559 = CARTESIAN_POINT('',(-512.8711621374,-100.4453987003,
    30.733642697808));
#12560 = CARTESIAN_POINT('',(-512.8709007512,-100.4152085358,
    30.792190994014));
#12561 = CARTESIAN_POINT('',(-512.8679642449,-100.3708222495,
    30.854150864733));
#12562 = CARTESIAN_POINT('',(-512.8599488359,-100.3119225813,
    30.909801921722));
#12563 = CARTESIAN_POINT('',(-512.8476066472,-100.2415421532,
    30.953963713378));
#12564 = CARTESIAN_POINT('',(-512.8328400398,-100.1637531239,
    30.984743764111));
#12565 = CARTESIAN_POINT('',(-512.8164482046,-100.0819064818,31.));
#12566 = CARTESIAN_POINT('',(-512.8001,-100.0001000003,31.));
#12567 = CARTESIAN_POINT('',(-513.3,-100.5000000003,30.5001));
#12568 = CARTESIAN_POINT('',(-513.3,-100.5000000003,30.549177343065));
#12569 = CARTESIAN_POINT('',(-513.2979541553,-100.4979541557,
    30.598861739759));
#12570 = CARTESIAN_POINT('',(-513.2941774999,-100.4941775003,
    30.651358404293));
#12571 = CARTESIAN_POINT('',(-513.2863307497,-100.4863307501,
    30.706303710558));
#12572 = CARTESIAN_POINT('',(-513.2759187615,-100.4759187618,
    30.768408127654));
#12573 = CARTESIAN_POINT('',(-513.2546392598,-100.4546392601,
    30.823993846259));
#12574 = CARTESIAN_POINT('',(-513.2210022023,-100.4210022026,
    30.868986567836));
#12575 = CARTESIAN_POINT('',(-513.1398124668,-100.3398124671,
    30.934906816806));
#12576 = CARTESIAN_POINT('',(-513.09629745,-100.2962974504,
    30.955345030018));
#12577 = CARTESIAN_POINT('',(-513.0500994063,-100.2500994066,
    30.96848438649));
#12578 = CARTESIAN_POINT('',(-513.0015651565,-100.2015651568,
    30.980404342731));
#12579 = CARTESIAN_POINT('',(-512.9510008471,-100.1510008475,
    30.99060391563));
#12580 = CARTESIAN_POINT('',(-512.8997878129,-100.0997878133,
    30.996822690572));
#12581 = CARTESIAN_POINT('',(-512.849177343,-100.0491773434,31.));
#12582 = CARTESIAN_POINT('',(-512.8001,-100.0001000003,31.));
#12583 = CARTESIAN_POINT('',(-513.3,-100.1000000003,30.5001));
#12584 = CARTESIAN_POINT('',(-513.3,-100.1000000003,30.509907614667));
#12585 = CARTESIAN_POINT('',(-513.2997778488,-100.0971601892,
    30.519782486262));
#12586 = CARTESIAN_POINT('',(-513.2993356728,-100.0912755094,
    30.53044894237));
#12587 = CARTESIAN_POINT('',(-513.2985928983,-100.0841538712,
    30.545016693381));
#12588 = CARTESIAN_POINT('',(-513.2967560644,-100.0756705683,
    30.561427446855));
#12589 = CARTESIAN_POINT('',(-513.2945469714,-100.0725746599,
    30.590555705666));
#12590 = CARTESIAN_POINT('',(-513.2850830016,-100.0720219383,
    30.632857719408));
#12591 = CARTESIAN_POINT('',(-513.2453986999,-100.0711621377,
    30.733642697808));
#12592 = CARTESIAN_POINT('',(-513.2152085355,-100.0709007515,
    30.792190994014));
#12593 = CARTESIAN_POINT('',(-513.1708222492,-100.0679642453,
    30.854150864733));
#12594 = CARTESIAN_POINT('',(-513.1119225809,-100.0599488362,
    30.909801921722));
#12595 = CARTESIAN_POINT('',(-513.0415421529,-100.0476066476,
    30.953963713378));
#12596 = CARTESIAN_POINT('',(-512.9637531235,-100.0328400402,
    30.984743764111));
#12597 = CARTESIAN_POINT('',(-512.8819064814,-100.0164482049,31.));
#12598 = CARTESIAN_POINT('',(-512.8001,-100.0001000003,31.));
#12599 = ADVANCED_FACE('',(#12600),#12631,.T.);
#12600 = FACE_BOUND('',#12601,.F.);
#12601 = EDGE_LOOP('',(#12602,#12603,#12624,#12630));
#12602 = ORIENTED_EDGE('',*,*,#10350,.F.);
#12603 = ORIENTED_EDGE('',*,*,#12604,.T.);
#12604 = EDGE_CURVE('',#10351,#12605,#12607,.T.);
#12605 = VERTEX_POINT('',#12606);
#12606 = CARTESIAN_POINT('',(-512.8001,-92.00010000019,31.));
#12607 = ( BOUNDED_CURVE() B_SPLINE_CURVE(8,(#12608,#12609,#12610,#12611
    ,#12612,#12613,#12614,#12615,#12616,#12617,#12618,#12619,#12620,
    #12621,#12622,#12623),.UNSPECIFIED.,.F.,.F.) 
B_SPLINE_CURVE_WITH_KNOTS((9,7,9),(6.5001,6.977529218685,7.45495843737),
.UNSPECIFIED.) CURVE() GEOMETRIC_REPRESENTATION_ITEM() 
RATIONAL_B_SPLINE_CURVE((1.,1.,1.,1.,1.,1.,1.,1.,1.,1.,1.,1.,1.,1.,1.,1.
)) REPRESENTATION_ITEM('') );
#12608 = CARTESIAN_POINT('',(-512.9,-92.50000000019,30.5001));
#12609 = CARTESIAN_POINT('',(-512.9,-92.50000000019,30.509907614667));
#12610 = CARTESIAN_POINT('',(-512.8971601888,-92.49977784902,
    30.519782486262));
#12611 = CARTESIAN_POINT('',(-512.8912755091,-92.49933567302,
    30.53044894237));
#12612 = CARTESIAN_POINT('',(-512.8841538709,-92.49859289855,
    30.545016693381));
#12613 = CARTESIAN_POINT('',(-512.875670568,-92.49675606464,
    30.561427446855));
#12614 = CARTESIAN_POINT('',(-512.8725746596,-92.49454697162,
    30.590555705666));
#12615 = CARTESIAN_POINT('',(-512.872021938,-92.48508300181,
    30.632857719408));
#12616 = CARTESIAN_POINT('',(-512.8711621374,-92.44539870019,
    30.733642697808));
#12617 = CARTESIAN_POINT('',(-512.8709007512,-92.41520853573,
    30.792190994014));
#12618 = CARTESIAN_POINT('',(-512.8679642449,-92.37082224945,
    30.854150864733));
#12619 = CARTESIAN_POINT('',(-512.8599488359,-92.31192258116,
    30.909801921722));
#12620 = CARTESIAN_POINT('',(-512.8476066472,-92.24154215311,
    30.953963713378));
#12621 = CARTESIAN_POINT('',(-512.8328400398,-92.16375312377,
    30.984743764111));
#12622 = CARTESIAN_POINT('',(-512.8164482046,-92.08190648168,31.));
#12623 = CARTESIAN_POINT('',(-512.8001,-92.00010000019,31.));
#12624 = ORIENTED_EDGE('',*,*,#12625,.T.);
#12625 = EDGE_CURVE('',#12605,#12506,#12626,.T.);
#12626 = LINE('',#12627,#12628);
#12627 = CARTESIAN_POINT('',(-513.3,-92.00010000019,31.));
#12628 = VECTOR('',#12629,1.);
#12629 = DIRECTION('',(1.,0.,0.));
#12630 = ORIENTED_EDGE('',*,*,#12505,.F.);
#12631 = CYLINDRICAL_SURFACE('',#12632,0.4999);
#12632 = AXIS2_PLACEMENT_3D('',#12633,#12634,#12635);
#12633 = CARTESIAN_POINT('',(-513.3,-92.00010000019,30.5001));
#12634 = DIRECTION('',(1.,0.,0.));
#12635 = DIRECTION('',(0.,-1.,0.));
#12636 = ADVANCED_FACE('',(#12637),#12656,.T.);
#12637 = FACE_BOUND('',#12638,.F.);
#12638 = EDGE_LOOP('',(#12639,#12640,#12641,#12649));
#12639 = ORIENTED_EDGE('',*,*,#10374,.F.);
#12640 = ORIENTED_EDGE('',*,*,#12532,.T.);
#12641 = ORIENTED_EDGE('',*,*,#12642,.T.);
#12642 = EDGE_CURVE('',#12471,#12643,#12645,.T.);
#12643 = VERTEX_POINT('',#12644);
#12644 = CARTESIAN_POINT('',(-511.8001,-100.0001000003,31.));
#12645 = LINE('',#12646,#12647);
#12646 = CARTESIAN_POINT('',(-513.3,-100.0001000003,31.));
#12647 = VECTOR('',#12648,1.);
#12648 = DIRECTION('',(1.,0.,0.));
#12649 = ORIENTED_EDGE('',*,*,#12650,.F.);
#12650 = EDGE_CURVE('',#10375,#12643,#12651,.T.);
#12651 = ELLIPSE('',#12652,0.70696535983,0.4999);
#12652 = AXIS2_PLACEMENT_3D('',#12653,#12654,#12655);
#12653 = CARTESIAN_POINT('',(-511.8001,-100.0001000003,30.5001));
#12654 = DIRECTION('',(-0.707106781187,0.707106781187,0.));
#12655 = DIRECTION('',(0.707106781187,0.707106781187,0.));
#12656 = CYLINDRICAL_SURFACE('',#12657,0.4999);
#12657 = AXIS2_PLACEMENT_3D('',#12658,#12659,#12660);
#12658 = CARTESIAN_POINT('',(-513.3,-100.0001000003,30.5001));
#12659 = DIRECTION('',(1.,0.,0.));
#12660 = DIRECTION('',(0.,-1.,0.));
#12661 = ADVANCED_FACE('',(#12662),#12685,.F.);
#12662 = FACE_BOUND('',#12663,.F.);
#12663 = EDGE_LOOP('',(#12664,#12665,#12684));
#12664 = ORIENTED_EDGE('',*,*,#10407,.T.);
#12665 = ORIENTED_EDGE('',*,*,#12666,.T.);
#12666 = EDGE_CURVE('',#10400,#12605,#12667,.T.);
#12667 = ( BOUNDED_CURVE() B_SPLINE_CURVE(8,(#12668,#12669,#12670,#12671
    ,#12672,#12673,#12674,#12675,#12676,#12677,#12678,#12679,#12680,
    #12681,#12682,#12683),.UNSPECIFIED.,.F.,.F.) 
B_SPLINE_CURVE_WITH_KNOTS((9,7,9),(6.5001,6.977529218685,7.45495843737),
.UNSPECIFIED.) CURVE() GEOMETRIC_REPRESENTATION_ITEM() 
RATIONAL_B_SPLINE_CURVE((1.,1.,1.,1.,1.,1.,1.,1.,1.,1.,1.,1.,1.,1.,1.,1.
)) REPRESENTATION_ITEM('') );
#12668 = CARTESIAN_POINT('',(-513.3,-92.10000000019,30.5001));
#12669 = CARTESIAN_POINT('',(-513.3,-92.10000000019,30.509907614667));
#12670 = CARTESIAN_POINT('',(-513.2997778488,-92.09716018907,
    30.519782486262));
#12671 = CARTESIAN_POINT('',(-513.2993356728,-92.09127550932,
    30.53044894237));
#12672 = CARTESIAN_POINT('',(-513.2985928983,-92.08415387114,
    30.545016693381));
#12673 = CARTESIAN_POINT('',(-513.2967560644,-92.07567056823,
    30.561427446855));
#12674 = CARTESIAN_POINT('',(-513.2945469714,-92.07257465981,
    30.590555705666));
#12675 = CARTESIAN_POINT('',(-513.2850830016,-92.07202193822,
    30.632857719408));
#12676 = CARTESIAN_POINT('',(-513.2453986999,-92.07116213761,
    30.733642697808));
#12677 = CARTESIAN_POINT('',(-513.2152085355,-92.0709007514,
    30.792190994014));
#12678 = CARTESIAN_POINT('',(-513.1708222492,-92.06796424516,
    30.854150864733));
#12679 = CARTESIAN_POINT('',(-513.1119225809,-92.05994883611,
    30.909801921722));
#12680 = CARTESIAN_POINT('',(-513.0415421529,-92.04760664748,
    30.953963713378));
#12681 = CARTESIAN_POINT('',(-512.9637531235,-92.03284004007,
    30.984743764111));
#12682 = CARTESIAN_POINT('',(-512.8819064814,-92.01644820484,31.));
#12683 = CARTESIAN_POINT('',(-512.8001,-92.00010000019,31.));
#12684 = ORIENTED_EDGE('',*,*,#12604,.F.);
#12685 = ( BOUNDED_SURFACE() B_SPLINE_SURFACE(2,8,(
    (#12686,#12687,#12688,#12689,#12690,#12691,#12692,#12693,#12694
      ,#12695,#12696,#12697,#12698,#12699,#12700,#12701)
    ,(#12702,#12703,#12704,#12705,#12706,#12707,#12708,#12709,#12710
      ,#12711,#12712,#12713,#12714,#12715,#12716,#12717)
    ,(#12718,#12719,#12720,#12721,#12722,#12723,#12724,#12725,#12726
      ,#12727,#12728,#12729,#12730,#12731,#12732,#12733
)),.UNSPECIFIED.,.F.,.F.,.F.) B_SPLINE_SURFACE_WITH_KNOTS((3,3),(9,7,9),
  (0.,0.95485843737),(6.5001,6.977529218685,7.45495843737),
.UNSPECIFIED.) GEOMETRIC_REPRESENTATION_ITEM() RATIONAL_B_SPLINE_SURFACE
((
    (1.,1.,1.,1.,1.,1.,1.,1.,1.,1.,1.,1.,1.,1.,1.,1.)
    ,(0.707106781187,0.707106781187,0.702567909995,0.692448262626
      ,0.682180618163,0.666736059067,0.665937288614,0.684906951562
      ,0.751410440052,0.799088973871,0.856490193915,0.910356855827
      ,0.953865293504,0.984770033708,1.,1.)
    ,(1.,1.,1.,1.,1.,1.,1.,1.,1.,1.,1.,1.,1.,1.,1.,1.
))) REPRESENTATION_ITEM('') SURFACE() );
#12686 = CARTESIAN_POINT('',(-512.9,-92.50000000019,30.5001));
#12687 = CARTESIAN_POINT('',(-512.9,-92.50000000019,30.509907614667));
#12688 = CARTESIAN_POINT('',(-512.8971601888,-92.49977784902,
    30.519782486262));
#12689 = CARTESIAN_POINT('',(-512.8912755091,-92.49933567302,
    30.53044894237));
#12690 = CARTESIAN_POINT('',(-512.8841538709,-92.49859289855,
    30.545016693381));
#12691 = CARTESIAN_POINT('',(-512.875670568,-92.49675606464,
    30.561427446855));
#12692 = CARTESIAN_POINT('',(-512.8725746596,-92.49454697162,
    30.590555705666));
#12693 = CARTESIAN_POINT('',(-512.872021938,-92.48508300181,
    30.632857719408));
#12694 = CARTESIAN_POINT('',(-512.8711621374,-92.44539870019,
    30.733642697808));
#12695 = CARTESIAN_POINT('',(-512.8709007512,-92.41520853573,
    30.792190994014));
#12696 = CARTESIAN_POINT('',(-512.8679642449,-92.37082224945,
    30.854150864733));
#12697 = CARTESIAN_POINT('',(-512.8599488359,-92.31192258116,
    30.909801921722));
#12698 = CARTESIAN_POINT('',(-512.8476066472,-92.24154215311,
    30.953963713378));
#12699 = CARTESIAN_POINT('',(-512.8328400398,-92.16375312377,
    30.984743764111));
#12700 = CARTESIAN_POINT('',(-512.8164482046,-92.08190648168,31.));
#12701 = CARTESIAN_POINT('',(-512.8001,-92.00010000019,31.));
#12702 = CARTESIAN_POINT('',(-513.3,-92.50000000019,30.5001));
#12703 = CARTESIAN_POINT('',(-513.3,-92.50000000019,30.549177343065));
#12704 = CARTESIAN_POINT('',(-513.2979541553,-92.49795415559,
    30.598861739759));
#12705 = CARTESIAN_POINT('',(-513.2941774999,-92.49417750018,
    30.651358404293));
#12706 = CARTESIAN_POINT('',(-513.2863307497,-92.48633074998,
    30.706303710558));
#12707 = CARTESIAN_POINT('',(-513.2759187615,-92.4759187617,
    30.768408127654));
#12708 = CARTESIAN_POINT('',(-513.2546392598,-92.45463926002,
    30.823993846259));
#12709 = CARTESIAN_POINT('',(-513.2210022023,-92.42100220253,
    30.868986567836));
#12710 = CARTESIAN_POINT('',(-513.1398124668,-92.33981246702,
    30.934906816806));
#12711 = CARTESIAN_POINT('',(-513.09629745,-92.29629745026,
    30.955345030019));
#12712 = CARTESIAN_POINT('',(-513.0500994063,-92.25009940652,
    30.96848438649));
#12713 = CARTESIAN_POINT('',(-513.0015651565,-92.20156515672,
    30.980404342731));
#12714 = CARTESIAN_POINT('',(-512.9510008471,-92.15100084738,
    30.99060391563));
#12715 = CARTESIAN_POINT('',(-512.8997878129,-92.09978781319,
    30.996822690572));
#12716 = CARTESIAN_POINT('',(-512.849177343,-92.04917734326,31.));
#12717 = CARTESIAN_POINT('',(-512.8001,-92.00010000019,31.));
#12718 = CARTESIAN_POINT('',(-513.3,-92.10000000019,30.5001));
#12719 = CARTESIAN_POINT('',(-513.3,-92.10000000019,30.509907614667));
#12720 = CARTESIAN_POINT('',(-513.2997778488,-92.09716018907,
    30.519782486262));
#12721 = CARTESIAN_POINT('',(-513.2993356728,-92.09127550932,
    30.53044894237));
#12722 = CARTESIAN_POINT('',(-513.2985928983,-92.08415387114,
    30.545016693381));
#12723 = CARTESIAN_POINT('',(-513.2967560644,-92.07567056823,
    30.561427446855));
#12724 = CARTESIAN_POINT('',(-513.2945469714,-92.07257465981,
    30.590555705666));
#12725 = CARTESIAN_POINT('',(-513.2850830016,-92.07202193822,
    30.632857719408));
#12726 = CARTESIAN_POINT('',(-513.2453986999,-92.07116213761,
    30.733642697808));
#12727 = CARTESIAN_POINT('',(-513.2152085355,-92.0709007514,
    30.792190994014));
#12728 = CARTESIAN_POINT('',(-513.1708222492,-92.06796424516,
    30.854150864733));
#12729 = CARTESIAN_POINT('',(-513.1119225809,-92.05994883611,
    30.909801921722));
#12730 = CARTESIAN_POINT('',(-513.0415421529,-92.04760664748,
    30.953963713378));
#12731 = CARTESIAN_POINT('',(-512.9637531235,-92.03284004007,
    30.984743764111));
#12732 = CARTESIAN_POINT('',(-512.8819064814,-92.01644820484,31.));
#12733 = CARTESIAN_POINT('',(-512.8001,-92.00010000019,31.));
#12734 = ADVANCED_FACE('',(#12735),#12754,.T.);
#12735 = FACE_BOUND('',#12736,.F.);
#12736 = EDGE_LOOP('',(#12737,#12738,#12746,#12753));
#12737 = ORIENTED_EDGE('',*,*,#12650,.T.);
#12738 = ORIENTED_EDGE('',*,*,#12739,.T.);
#12739 = EDGE_CURVE('',#12643,#12740,#12742,.T.);
#12740 = VERTEX_POINT('',#12741);
#12741 = CARTESIAN_POINT('',(-511.8001,-101.9999000003,31.));
#12742 = LINE('',#12743,#12744);
#12743 = CARTESIAN_POINT('',(-511.8001,-100.5000000003,31.));
#12744 = VECTOR('',#12745,1.);
#12745 = DIRECTION('',(0.,-1.,0.));
#12746 = ORIENTED_EDGE('',*,*,#12747,.F.);
#12747 = EDGE_CURVE('',#10425,#12740,#12748,.T.);
#12748 = ELLIPSE('',#12749,0.70696535983,0.4999);
#12749 = AXIS2_PLACEMENT_3D('',#12750,#12751,#12752);
#12750 = CARTESIAN_POINT('',(-511.8001,-101.9999000003,30.5001));
#12751 = DIRECTION('',(0.707106781187,0.707106781187,0.));
#12752 = DIRECTION('',(0.707106781187,-0.707106781187,0.));
#12753 = ORIENTED_EDGE('',*,*,#10424,.F.);
#12754 = CYLINDRICAL_SURFACE('',#12755,0.4999);
#12755 = AXIS2_PLACEMENT_3D('',#12756,#12757,#12758);
#12756 = CARTESIAN_POINT('',(-511.8001,-100.5000000003,30.5001));
#12757 = DIRECTION('',(0.,-1.,0.));
#12758 = DIRECTION('',(-1.,0.,0.));
#12759 = ADVANCED_FACE('',(#12760),#12791,.T.);
#12760 = FACE_BOUND('',#12761,.F.);
#12761 = EDGE_LOOP('',(#12762,#12763,#12784,#12790));
#12762 = ORIENTED_EDGE('',*,*,#10447,.F.);
#12763 = ORIENTED_EDGE('',*,*,#12764,.T.);
#12764 = EDGE_CURVE('',#10448,#12765,#12767,.T.);
#12765 = VERTEX_POINT('',#12766);
#12766 = CARTESIAN_POINT('',(-512.8001,-91.99990000017,31.));
#12767 = ( BOUNDED_CURVE() B_SPLINE_CURVE(8,(#12768,#12769,#12770,#12771
    ,#12772,#12773,#12774,#12775,#12776,#12777,#12778,#12779,#12780,
    #12781,#12782,#12783),.UNSPECIFIED.,.F.,.F.) 
B_SPLINE_CURVE_WITH_KNOTS((9,7,9),(6.5001,6.977529218685,7.45495843737),
.UNSPECIFIED.) CURVE() GEOMETRIC_REPRESENTATION_ITEM() 
RATIONAL_B_SPLINE_CURVE((1.,1.,1.,1.,1.,1.,1.,1.,1.,1.,1.,1.,1.,1.,1.,1.
)) REPRESENTATION_ITEM('') );
#12768 = CARTESIAN_POINT('',(-513.3,-91.90000000017,30.5001));
#12769 = CARTESIAN_POINT('',(-513.3,-91.90000000017,30.509907614667));
#12770 = CARTESIAN_POINT('',(-513.2997778488,-91.90283981129,
    30.519782486262));
#12771 = CARTESIAN_POINT('',(-513.2993356728,-91.90872449104,
    30.53044894237));
#12772 = CARTESIAN_POINT('',(-513.2985928983,-91.91584612922,
    30.545016693381));
#12773 = CARTESIAN_POINT('',(-513.2967560644,-91.92432943213,
    30.561427446855));
#12774 = CARTESIAN_POINT('',(-513.2945469714,-91.92742534055,
    30.590555705666));
#12775 = CARTESIAN_POINT('',(-513.2850830016,-91.92797806214,
    30.632857719407));
#12776 = CARTESIAN_POINT('',(-513.2453986999,-91.92883786275,
    30.733642697808));
#12777 = CARTESIAN_POINT('',(-513.2152085355,-91.92909924896,
    30.792190994014));
#12778 = CARTESIAN_POINT('',(-513.1708222492,-91.9320357552,
    30.854150864733));
#12779 = CARTESIAN_POINT('',(-513.1119225809,-91.94005116425,
    30.909801921722));
#12780 = CARTESIAN_POINT('',(-513.0415421529,-91.95239335288,
    30.953963713378));
#12781 = CARTESIAN_POINT('',(-512.9637531235,-91.96715996029,
    30.984743764111));
#12782 = CARTESIAN_POINT('',(-512.8819064814,-91.98355179552,31.));
#12783 = CARTESIAN_POINT('',(-512.8001,-91.99990000017,31.));
#12784 = ORIENTED_EDGE('',*,*,#12785,.T.);
#12785 = EDGE_CURVE('',#12765,#12605,#12786,.T.);
#12786 = LINE('',#12787,#12788);
#12787 = CARTESIAN_POINT('',(-512.8001,-91.50000000017,31.));
#12788 = VECTOR('',#12789,1.);
#12789 = DIRECTION('',(0.,-1.,0.));
#12790 = ORIENTED_EDGE('',*,*,#12666,.F.);
#12791 = CYLINDRICAL_SURFACE('',#12792,0.4999);
#12792 = AXIS2_PLACEMENT_3D('',#12793,#12794,#12795);
#12793 = CARTESIAN_POINT('',(-512.8001,-91.50000000017,30.5001));
#12794 = DIRECTION('',(0.,-1.,0.));
#12795 = DIRECTION('',(-1.,0.,0.));
#12796 = ADVANCED_FACE('',(#12797),#12828,.T.);
#12797 = FACE_BOUND('',#12798,.F.);
#12798 = EDGE_LOOP('',(#12799,#12800,#12801,#12809));
#12799 = ORIENTED_EDGE('',*,*,#10471,.F.);
#12800 = ORIENTED_EDGE('',*,*,#12747,.T.);
#12801 = ORIENTED_EDGE('',*,*,#12802,.T.);
#12802 = EDGE_CURVE('',#12740,#12803,#12805,.T.);
#12803 = VERTEX_POINT('',#12804);
#12804 = CARTESIAN_POINT('',(-512.8001,-101.9999000003,31.));
#12805 = LINE('',#12806,#12807);
#12806 = CARTESIAN_POINT('',(-512.3,-101.9999000003,31.));
#12807 = VECTOR('',#12808,1.);
#12808 = DIRECTION('',(-1.,0.,0.));
#12809 = ORIENTED_EDGE('',*,*,#12810,.F.);
#12810 = EDGE_CURVE('',#10472,#12803,#12811,.T.);
#12811 = ( BOUNDED_CURVE() B_SPLINE_CURVE(8,(#12812,#12813,#12814,#12815
    ,#12816,#12817,#12818,#12819,#12820,#12821,#12822,#12823,#12824,
    #12825,#12826,#12827),.UNSPECIFIED.,.F.,.F.) 
B_SPLINE_CURVE_WITH_KNOTS((9,7,9),(6.5001,6.977529218685,7.45495843737),
.UNSPECIFIED.) CURVE() GEOMETRIC_REPRESENTATION_ITEM() 
RATIONAL_B_SPLINE_CURVE((1.,1.,1.,1.,1.,1.,1.,1.,1.,1.,1.,1.,1.,1.,1.,1.
)) REPRESENTATION_ITEM('') );
#12812 = CARTESIAN_POINT('',(-512.9,-101.5000000003,30.5001));
#12813 = CARTESIAN_POINT('',(-512.9,-101.5000000003,30.509907614667));
#12814 = CARTESIAN_POINT('',(-512.8971601888,-101.5002221515,
    30.519782486262));
#12815 = CARTESIAN_POINT('',(-512.8912755091,-101.5006643275,
    30.53044894237));
#12816 = CARTESIAN_POINT('',(-512.8841538709,-101.5014071019,
    30.545016693381));
#12817 = CARTESIAN_POINT('',(-512.875670568,-101.5032439358,
    30.561427446855));
#12818 = CARTESIAN_POINT('',(-512.8725746596,-101.5054530289,
    30.590555705665));
#12819 = CARTESIAN_POINT('',(-512.872021938,-101.5149169987,
    30.632857719408));
#12820 = CARTESIAN_POINT('',(-512.8711621374,-101.5546013003,
    30.733642697808));
#12821 = CARTESIAN_POINT('',(-512.8709007512,-101.5847914648,
    30.792190994014));
#12822 = CARTESIAN_POINT('',(-512.8679642449,-101.629177751,
    30.854150864733));
#12823 = CARTESIAN_POINT('',(-512.8599488359,-101.6880774193,
    30.909801921722));
#12824 = CARTESIAN_POINT('',(-512.8476066472,-101.7584578474,
    30.953963713378));
#12825 = CARTESIAN_POINT('',(-512.8328400398,-101.8362468767,
    30.984743764111));
#12826 = CARTESIAN_POINT('',(-512.8164482046,-101.9180935188,31.));
#12827 = CARTESIAN_POINT('',(-512.8001,-101.9999000003,31.));
#12828 = CYLINDRICAL_SURFACE('',#12829,0.4999);
#12829 = AXIS2_PLACEMENT_3D('',#12830,#12831,#12832);
#12830 = CARTESIAN_POINT('',(-512.3,-101.9999000003,30.5001));
#12831 = DIRECTION('',(-1.,0.,0.));
#12832 = DIRECTION('',(0.,1.,0.));
#12833 = ADVANCED_FACE('',(#12834),#12857,.F.);
#12834 = FACE_BOUND('',#12835,.F.);
#12835 = EDGE_LOOP('',(#12836,#12837,#12856));
#12836 = ORIENTED_EDGE('',*,*,#10504,.T.);
#12837 = ORIENTED_EDGE('',*,*,#12838,.T.);
#12838 = EDGE_CURVE('',#10497,#12765,#12839,.T.);
#12839 = ( BOUNDED_CURVE() B_SPLINE_CURVE(8,(#12840,#12841,#12842,#12843
    ,#12844,#12845,#12846,#12847,#12848,#12849,#12850,#12851,#12852,
    #12853,#12854,#12855),.UNSPECIFIED.,.F.,.F.) 
B_SPLINE_CURVE_WITH_KNOTS((9,7,9),(6.5001,6.977529218685,7.45495843737),
.UNSPECIFIED.) CURVE() GEOMETRIC_REPRESENTATION_ITEM() 
RATIONAL_B_SPLINE_CURVE((1.,1.,1.,1.,1.,1.,1.,1.,1.,1.,1.,1.,1.,1.,1.,1.
)) REPRESENTATION_ITEM('') );
#12840 = CARTESIAN_POINT('',(-512.9,-91.50000000017,30.5001));
#12841 = CARTESIAN_POINT('',(-512.9,-91.50000000017,30.509907614667));
#12842 = CARTESIAN_POINT('',(-512.8971601888,-91.50022215134,
    30.519782486262));
#12843 = CARTESIAN_POINT('',(-512.8912755091,-91.50066432734,
    30.53044894237));
#12844 = CARTESIAN_POINT('',(-512.8841538709,-91.50140710181,
    30.545016693381));
#12845 = CARTESIAN_POINT('',(-512.875670568,-91.50324393572,
    30.561427446855));
#12846 = CARTESIAN_POINT('',(-512.8725746596,-91.50545302874,
    30.590555705666));
#12847 = CARTESIAN_POINT('',(-512.872021938,-91.51491699855,
    30.632857719407));
#12848 = CARTESIAN_POINT('',(-512.8711621374,-91.55460130017,
    30.733642697808));
#12849 = CARTESIAN_POINT('',(-512.8709007512,-91.58479146463,
    30.792190994014));
#12850 = CARTESIAN_POINT('',(-512.8679642449,-91.62917775091,
    30.854150864733));
#12851 = CARTESIAN_POINT('',(-512.8599488359,-91.6880774192,
    30.909801921722));
#12852 = CARTESIAN_POINT('',(-512.8476066472,-91.75845784725,
    30.953963713378));
#12853 = CARTESIAN_POINT('',(-512.8328400398,-91.83624687659,
    30.984743764111));
#12854 = CARTESIAN_POINT('',(-512.8164482046,-91.91809351868,31.));
#12855 = CARTESIAN_POINT('',(-512.8001,-91.99990000017,31.));
#12856 = ORIENTED_EDGE('',*,*,#12764,.F.);
#12857 = ( BOUNDED_SURFACE() B_SPLINE_SURFACE(2,8,(
    (#12858,#12859,#12860,#12861,#12862,#12863,#12864,#12865,#12866
      ,#12867,#12868,#12869,#12870,#12871,#12872,#12873)
    ,(#12874,#12875,#12876,#12877,#12878,#12879,#12880,#12881,#12882
      ,#12883,#12884,#12885,#12886,#12887,#12888,#12889)
    ,(#12890,#12891,#12892,#12893,#12894,#12895,#12896,#12897,#12898
      ,#12899,#12900,#12901,#12902,#12903,#12904,#12905
)),.UNSPECIFIED.,.F.,.F.,.F.) B_SPLINE_SURFACE_WITH_KNOTS((3,3),(9,7,9),
  (0.,0.95485843737),(6.5001,6.977529218685,7.45495843737),
.UNSPECIFIED.) GEOMETRIC_REPRESENTATION_ITEM() RATIONAL_B_SPLINE_SURFACE
((
    (1.,1.,1.,1.,1.,1.,1.,1.,1.,1.,1.,1.,1.,1.,1.,1.)
    ,(0.707106781187,0.707106781187,0.702567909995,0.692448262626
      ,0.682180618163,0.666736059067,0.665937288614,0.684906951562
      ,0.751410440052,0.799088973871,0.856490193915,0.910356855827
      ,0.953865293504,0.984770033708,1.,1.)
    ,(1.,1.,1.,1.,1.,1.,1.,1.,1.,1.,1.,1.,1.,1.,1.,1.
))) REPRESENTATION_ITEM('') SURFACE() );
#12858 = CARTESIAN_POINT('',(-513.3,-91.90000000017,30.5001));
#12859 = CARTESIAN_POINT('',(-513.3,-91.90000000017,30.509907614667));
#12860 = CARTESIAN_POINT('',(-513.2997778488,-91.90283981129,
    30.519782486262));
#12861 = CARTESIAN_POINT('',(-513.2993356728,-91.90872449104,
    30.53044894237));
#12862 = CARTESIAN_POINT('',(-513.2985928983,-91.91584612922,
    30.545016693381));
#12863 = CARTESIAN_POINT('',(-513.2967560644,-91.92432943213,
    30.561427446855));
#12864 = CARTESIAN_POINT('',(-513.2945469714,-91.92742534055,
    30.590555705666));
#12865 = CARTESIAN_POINT('',(-513.2850830016,-91.92797806214,
    30.632857719407));
#12866 = CARTESIAN_POINT('',(-513.2453986999,-91.92883786275,
    30.733642697808));
#12867 = CARTESIAN_POINT('',(-513.2152085355,-91.92909924896,
    30.792190994014));
#12868 = CARTESIAN_POINT('',(-513.1708222492,-91.9320357552,
    30.854150864733));
#12869 = CARTESIAN_POINT('',(-513.1119225809,-91.94005116425,
    30.909801921722));
#12870 = CARTESIAN_POINT('',(-513.0415421529,-91.95239335288,
    30.953963713378));
#12871 = CARTESIAN_POINT('',(-512.9637531235,-91.96715996029,
    30.984743764111));
#12872 = CARTESIAN_POINT('',(-512.8819064814,-91.98355179552,31.));
#12873 = CARTESIAN_POINT('',(-512.8001,-91.99990000017,31.));
#12874 = CARTESIAN_POINT('',(-513.3,-91.50000000017,30.5001));
#12875 = CARTESIAN_POINT('',(-513.3,-91.50000000017,30.549177343065));
#12876 = CARTESIAN_POINT('',(-513.2979541553,-91.50204584477,
    30.598861739759));
#12877 = CARTESIAN_POINT('',(-513.2941774999,-91.50582250018,
    30.651358404293));
#12878 = CARTESIAN_POINT('',(-513.2863307497,-91.51366925038,
    30.706303710558));
#12879 = CARTESIAN_POINT('',(-513.2759187615,-91.52408123866,
    30.768408127654));
#12880 = CARTESIAN_POINT('',(-513.2546392598,-91.54536074033,
    30.823993846259));
#12881 = CARTESIAN_POINT('',(-513.2210022023,-91.57899779783,
    30.868986567836));
#12882 = CARTESIAN_POINT('',(-513.1398124668,-91.66018753334,
    30.934906816806));
#12883 = CARTESIAN_POINT('',(-513.09629745,-91.7037025501,
    30.955345030018));
#12884 = CARTESIAN_POINT('',(-513.0500994063,-91.74990059384,
    30.96848438649));
#12885 = CARTESIAN_POINT('',(-513.0015651565,-91.79843484364,
    30.980404342731));
#12886 = CARTESIAN_POINT('',(-512.9510008471,-91.84899915298,
    30.99060391563));
#12887 = CARTESIAN_POINT('',(-512.8997878129,-91.90021218717,
    30.996822690572));
#12888 = CARTESIAN_POINT('',(-512.849177343,-91.9508226571,31.));
#12889 = CARTESIAN_POINT('',(-512.8001,-91.99990000017,31.));
#12890 = CARTESIAN_POINT('',(-512.9,-91.50000000017,30.5001));
#12891 = CARTESIAN_POINT('',(-512.9,-91.50000000017,30.509907614667));
#12892 = CARTESIAN_POINT('',(-512.8971601888,-91.50022215134,
    30.519782486262));
#12893 = CARTESIAN_POINT('',(-512.8912755091,-91.50066432734,
    30.53044894237));
#12894 = CARTESIAN_POINT('',(-512.8841538709,-91.50140710181,
    30.545016693381));
#12895 = CARTESIAN_POINT('',(-512.875670568,-91.50324393572,
    30.561427446855));
#12896 = CARTESIAN_POINT('',(-512.8725746596,-91.50545302874,
    30.590555705666));
#12897 = CARTESIAN_POINT('',(-512.872021938,-91.51491699855,
    30.632857719407));
#12898 = CARTESIAN_POINT('',(-512.8711621374,-91.55460130017,
    30.733642697808));
#12899 = CARTESIAN_POINT('',(-512.8709007512,-91.58479146463,
    30.792190994014));
#12900 = CARTESIAN_POINT('',(-512.8679642449,-91.62917775091,
    30.854150864733));
#12901 = CARTESIAN_POINT('',(-512.8599488359,-91.6880774192,
    30.909801921722));
#12902 = CARTESIAN_POINT('',(-512.8476066472,-91.75845784725,
    30.953963713378));
#12903 = CARTESIAN_POINT('',(-512.8328400398,-91.83624687659,
    30.984743764111));
#12904 = CARTESIAN_POINT('',(-512.8164482046,-91.91809351868,31.));
#12905 = CARTESIAN_POINT('',(-512.8001,-91.99990000017,31.));
#12906 = ADVANCED_FACE('',(#12907),#12930,.F.);
#12907 = FACE_BOUND('',#12908,.F.);
#12908 = EDGE_LOOP('',(#12909,#12910,#12911));
#12909 = ORIENTED_EDGE('',*,*,#10522,.T.);
#12910 = ORIENTED_EDGE('',*,*,#12810,.T.);
#12911 = ORIENTED_EDGE('',*,*,#12912,.F.);
#12912 = EDGE_CURVE('',#10523,#12803,#12913,.T.);
#12913 = ( BOUNDED_CURVE() B_SPLINE_CURVE(8,(#12914,#12915,#12916,#12917
    ,#12918,#12919,#12920,#12921,#12922,#12923,#12924,#12925,#12926,
    #12927,#12928,#12929),.UNSPECIFIED.,.F.,.F.) 
B_SPLINE_CURVE_WITH_KNOTS((9,7,9),(6.5001,6.977529218685,7.45495843737),
.UNSPECIFIED.) CURVE() GEOMETRIC_REPRESENTATION_ITEM() 
RATIONAL_B_SPLINE_CURVE((1.,1.,1.,1.,1.,1.,1.,1.,1.,1.,1.,1.,1.,1.,1.,1.
)) REPRESENTATION_ITEM('') );
#12914 = CARTESIAN_POINT('',(-513.3,-101.9000000003,30.5001));
#12915 = CARTESIAN_POINT('',(-513.3,-101.9000000003,30.509907614667));
#12916 = CARTESIAN_POINT('',(-513.2997778488,-101.9028398114,
    30.519782486262));
#12917 = CARTESIAN_POINT('',(-513.2993356728,-101.9087244912,
    30.53044894237));
#12918 = CARTESIAN_POINT('',(-513.2985928983,-101.9158461294,
    30.545016693381));
#12919 = CARTESIAN_POINT('',(-513.2967560644,-101.9243294323,
    30.561427446855));
#12920 = CARTESIAN_POINT('',(-513.2945469714,-101.9274253407,
    30.590555705665));
#12921 = CARTESIAN_POINT('',(-513.2850830016,-101.9279780623,
    30.632857719408));
#12922 = CARTESIAN_POINT('',(-513.2453986999,-101.9288378629,
    30.733642697808));
#12923 = CARTESIAN_POINT('',(-513.2152085355,-101.9290992491,
    30.792190994014));
#12924 = CARTESIAN_POINT('',(-513.1708222492,-101.9320357553,
    30.854150864733));
#12925 = CARTESIAN_POINT('',(-513.1119225809,-101.9400511644,
    30.909801921722));
#12926 = CARTESIAN_POINT('',(-513.0415421529,-101.952393353,
    30.953963713378));
#12927 = CARTESIAN_POINT('',(-512.9637531235,-101.9671599604,
    30.984743764111));
#12928 = CARTESIAN_POINT('',(-512.8819064814,-101.9835517957,31.));
#12929 = CARTESIAN_POINT('',(-512.8001,-101.9999000003,31.));
#12930 = ( BOUNDED_SURFACE() B_SPLINE_SURFACE(2,8,(
    (#12931,#12932,#12933,#12934,#12935,#12936,#12937,#12938,#12939
      ,#12940,#12941,#12942,#12943,#12944,#12945,#12946)
    ,(#12947,#12948,#12949,#12950,#12951,#12952,#12953,#12954,#12955
      ,#12956,#12957,#12958,#12959,#12960,#12961,#12962)
    ,(#12963,#12964,#12965,#12966,#12967,#12968,#12969,#12970,#12971
      ,#12972,#12973,#12974,#12975,#12976,#12977,#12978
)),.UNSPECIFIED.,.F.,.F.,.F.) B_SPLINE_SURFACE_WITH_KNOTS((3,3),(9,7,9),
  (0.,0.95485843737),(6.5001,6.977529218685,7.45495843737),
.UNSPECIFIED.) GEOMETRIC_REPRESENTATION_ITEM() RATIONAL_B_SPLINE_SURFACE
((
    (1.,1.,1.,1.,1.,1.,1.,1.,1.,1.,1.,1.,1.,1.,1.,1.)
    ,(0.707106781187,0.707106781187,0.702567909995,0.692448262626
      ,0.682180618163,0.666736059067,0.665937288614,0.684906951562
      ,0.751410440052,0.799088973871,0.856490193915,0.910356855827
      ,0.953865293504,0.984770033708,1.,1.)
    ,(1.,1.,1.,1.,1.,1.,1.,1.,1.,1.,1.,1.,1.,1.,1.,1.
))) REPRESENTATION_ITEM('') SURFACE() );
#12931 = CARTESIAN_POINT('',(-513.3,-101.9000000003,30.5001));
#12932 = CARTESIAN_POINT('',(-513.3,-101.9000000003,30.509907614667));
#12933 = CARTESIAN_POINT('',(-513.2997778488,-101.9028398114,
    30.519782486262));
#12934 = CARTESIAN_POINT('',(-513.2993356728,-101.9087244912,
    30.53044894237));
#12935 = CARTESIAN_POINT('',(-513.2985928983,-101.9158461294,
    30.545016693381));
#12936 = CARTESIAN_POINT('',(-513.2967560644,-101.9243294323,
    30.561427446855));
#12937 = CARTESIAN_POINT('',(-513.2945469714,-101.9274253407,
    30.590555705665));
#12938 = CARTESIAN_POINT('',(-513.2850830016,-101.9279780623,
    30.632857719408));
#12939 = CARTESIAN_POINT('',(-513.2453986999,-101.9288378629,
    30.733642697808));
#12940 = CARTESIAN_POINT('',(-513.2152085355,-101.9290992491,
    30.792190994014));
#12941 = CARTESIAN_POINT('',(-513.1708222492,-101.9320357553,
    30.854150864733));
#12942 = CARTESIAN_POINT('',(-513.1119225809,-101.9400511644,
    30.909801921722));
#12943 = CARTESIAN_POINT('',(-513.0415421529,-101.952393353,
    30.953963713378));
#12944 = CARTESIAN_POINT('',(-512.9637531235,-101.9671599604,
    30.984743764111));
#12945 = CARTESIAN_POINT('',(-512.8819064814,-101.9835517957,31.));
#12946 = CARTESIAN_POINT('',(-512.8001,-101.9999000003,31.));
#12947 = CARTESIAN_POINT('',(-513.3,-101.5000000003,30.5001));
#12948 = CARTESIAN_POINT('',(-513.3,-101.5000000003,30.549177343065));
#12949 = CARTESIAN_POINT('',(-513.2979541553,-101.5020458449,
    30.598861739759));
#12950 = CARTESIAN_POINT('',(-513.2941774999,-101.5058225003,
    30.651358404293));
#12951 = CARTESIAN_POINT('',(-513.2863307497,-101.5136692505,
    30.706303710558));
#12952 = CARTESIAN_POINT('',(-513.2759187615,-101.5240812388,
    30.768408127654));
#12953 = CARTESIAN_POINT('',(-513.2546392598,-101.5453607405,
    30.823993846259));
#12954 = CARTESIAN_POINT('',(-513.2210022023,-101.578997798,
    30.868986567836));
#12955 = CARTESIAN_POINT('',(-513.1398124668,-101.6601875335,
    30.934906816806));
#12956 = CARTESIAN_POINT('',(-513.09629745,-101.7037025502,
    30.955345030019));
#12957 = CARTESIAN_POINT('',(-513.0500994063,-101.749900594,
    30.96848438649));
#12958 = CARTESIAN_POINT('',(-513.0015651565,-101.7984348438,
    30.980404342731));
#12959 = CARTESIAN_POINT('',(-512.9510008471,-101.8489991531,
    30.99060391563));
#12960 = CARTESIAN_POINT('',(-512.8997878129,-101.9002121873,
    30.996822690572));
#12961 = CARTESIAN_POINT('',(-512.849177343,-101.9508226572,31.));
#12962 = CARTESIAN_POINT('',(-512.8001,-101.9999000003,31.));
#12963 = CARTESIAN_POINT('',(-512.9,-101.5000000003,30.5001));
#12964 = CARTESIAN_POINT('',(-512.9,-101.5000000003,30.509907614667));
#12965 = CARTESIAN_POINT('',(-512.8971601888,-101.5002221515,
    30.519782486262));
#12966 = CARTESIAN_POINT('',(-512.8912755091,-101.5006643275,
    30.53044894237));
#12967 = CARTESIAN_POINT('',(-512.8841538709,-101.5014071019,
    30.545016693381));
#12968 = CARTESIAN_POINT('',(-512.875670568,-101.5032439358,
    30.561427446855));
#12969 = CARTESIAN_POINT('',(-512.8725746596,-101.5054530289,
    30.590555705665));
#12970 = CARTESIAN_POINT('',(-512.872021938,-101.5149169987,
    30.632857719408));
#12971 = CARTESIAN_POINT('',(-512.8711621374,-101.5546013003,
    30.733642697808));
#12972 = CARTESIAN_POINT('',(-512.8709007512,-101.5847914648,
    30.792190994014));
#12973 = CARTESIAN_POINT('',(-512.8679642449,-101.629177751,
    30.854150864733));
#12974 = CARTESIAN_POINT('',(-512.8599488359,-101.6880774193,
    30.909801921722));
#12975 = CARTESIAN_POINT('',(-512.8476066472,-101.7584578474,
    30.953963713378));
#12976 = CARTESIAN_POINT('',(-512.8328400398,-101.8362468767,
    30.984743764111));
#12977 = CARTESIAN_POINT('',(-512.8164482046,-101.9180935188,31.));
#12978 = CARTESIAN_POINT('',(-512.8001,-101.9999000003,31.));
#12979 = ADVANCED_FACE('',(#12980),#12999,.T.);
#12980 = FACE_BOUND('',#12981,.F.);
#12981 = EDGE_LOOP('',(#12982,#12983,#12992,#12998));
#12982 = ORIENTED_EDGE('',*,*,#10545,.F.);
#12983 = ORIENTED_EDGE('',*,*,#12984,.T.);
#12984 = EDGE_CURVE('',#10546,#12985,#12987,.T.);
#12985 = VERTEX_POINT('',#12986);
#12986 = CARTESIAN_POINT('',(-511.8001,-91.99990000017,31.));
#12987 = ELLIPSE('',#12988,0.70696535983,0.4999);
#12988 = AXIS2_PLACEMENT_3D('',#12989,#12990,#12991);
#12989 = CARTESIAN_POINT('',(-511.8001,-91.99990000017,30.5001));
#12990 = DIRECTION('',(0.707106781187,0.707106781187,0.));
#12991 = DIRECTION('',(0.707106781187,-0.707106781187,0.));
#12992 = ORIENTED_EDGE('',*,*,#12993,.T.);
#12993 = EDGE_CURVE('',#12985,#12765,#12994,.T.);
#12994 = LINE('',#12995,#12996);
#12995 = CARTESIAN_POINT('',(-512.3,-91.99990000017,31.));
#12996 = VECTOR('',#12997,1.);
#12997 = DIRECTION('',(-1.,0.,0.));
#12998 = ORIENTED_EDGE('',*,*,#12838,.F.);
#12999 = CYLINDRICAL_SURFACE('',#13000,0.4999);
#13000 = AXIS2_PLACEMENT_3D('',#13001,#13002,#13003);
#13001 = CARTESIAN_POINT('',(-512.3,-91.99990000017,30.5001));
#13002 = DIRECTION('',(-1.,0.,0.));
#13003 = DIRECTION('',(0.,1.,0.));
#13004 = ADVANCED_FACE('',(#13005),#13036,.T.);
#13005 = FACE_BOUND('',#13006,.F.);
#13006 = EDGE_LOOP('',(#13007,#13008,#13009,#13017));
#13007 = ORIENTED_EDGE('',*,*,#10569,.F.);
#13008 = ORIENTED_EDGE('',*,*,#12912,.T.);
#13009 = ORIENTED_EDGE('',*,*,#13010,.T.);
#13010 = EDGE_CURVE('',#12803,#13011,#13013,.T.);
#13011 = VERTEX_POINT('',#13012);
#13012 = CARTESIAN_POINT('',(-512.8001,-102.0001000003,31.));
#13013 = LINE('',#13014,#13015);
#13014 = CARTESIAN_POINT('',(-512.8001,-101.5000000003,31.));
#13015 = VECTOR('',#13016,1.);
#13016 = DIRECTION('',(0.,-1.,0.));
#13017 = ORIENTED_EDGE('',*,*,#13018,.F.);
#13018 = EDGE_CURVE('',#10570,#13011,#13019,.T.);
#13019 = ( BOUNDED_CURVE() B_SPLINE_CURVE(8,(#13020,#13021,#13022,#13023
    ,#13024,#13025,#13026,#13027,#13028,#13029,#13030,#13031,#13032,
    #13033,#13034,#13035),.UNSPECIFIED.,.F.,.F.) 
B_SPLINE_CURVE_WITH_KNOTS((9,7,9),(6.5001,6.977529218685,7.45495843737),
.UNSPECIFIED.) CURVE() GEOMETRIC_REPRESENTATION_ITEM() 
RATIONAL_B_SPLINE_CURVE((1.,1.,1.,1.,1.,1.,1.,1.,1.,1.,1.,1.,1.,1.,1.,1.
)) REPRESENTATION_ITEM('') );
#13020 = CARTESIAN_POINT('',(-513.3,-102.1000000003,30.5001));
#13021 = CARTESIAN_POINT('',(-513.3,-102.1000000003,30.509907614667));
#13022 = CARTESIAN_POINT('',(-513.2997778488,-102.0971601892,
    30.519782486262));
#13023 = CARTESIAN_POINT('',(-513.2993356728,-102.0912755094,
    30.53044894237));
#13024 = CARTESIAN_POINT('',(-513.2985928983,-102.0841538712,
    30.545016693381));
#13025 = CARTESIAN_POINT('',(-513.2967560644,-102.0756705683,
    30.561427446855));
#13026 = CARTESIAN_POINT('',(-513.2945469714,-102.0725746599,
    30.590555705666));
#13027 = CARTESIAN_POINT('',(-513.2850830016,-102.0720219383,
    30.632857719408));
#13028 = CARTESIAN_POINT('',(-513.2453986999,-102.0711621377,
    30.733642697808));
#13029 = CARTESIAN_POINT('',(-513.2152085355,-102.0709007515,
    30.792190994014));
#13030 = CARTESIAN_POINT('',(-513.1708222492,-102.0679642453,
    30.854150864733));
#13031 = CARTESIAN_POINT('',(-513.1119225809,-102.0599488362,
    30.909801921722));
#13032 = CARTESIAN_POINT('',(-513.0415421529,-102.0476066476,
    30.953963713378));
#13033 = CARTESIAN_POINT('',(-512.9637531235,-102.0328400402,
    30.984743764111));
#13034 = CARTESIAN_POINT('',(-512.8819064814,-102.0164482049,31.));
#13035 = CARTESIAN_POINT('',(-512.8001,-102.0001000003,31.));
#13036 = CYLINDRICAL_SURFACE('',#13037,0.4999);
#13037 = AXIS2_PLACEMENT_3D('',#13038,#13039,#13040);
#13038 = CARTESIAN_POINT('',(-512.8001,-101.5000000003,30.5001));
#13039 = DIRECTION('',(0.,-1.,0.));
#13040 = DIRECTION('',(-1.,0.,0.));
#13041 = ADVANCED_FACE('',(#13042),#13061,.T.);
#13042 = FACE_BOUND('',#13043,.F.);
#13043 = EDGE_LOOP('',(#13044,#13053,#13059,#13060));
#13044 = ORIENTED_EDGE('',*,*,#13045,.T.);
#13045 = EDGE_CURVE('',#10594,#13046,#13048,.T.);
#13046 = VERTEX_POINT('',#13047);
#13047 = CARTESIAN_POINT('',(-511.8001,-90.00010000013,31.));
#13048 = ELLIPSE('',#13049,0.70696535983,0.4999);
#13049 = AXIS2_PLACEMENT_3D('',#13050,#13051,#13052);
#13050 = CARTESIAN_POINT('',(-511.8001,-90.00010000013,30.5001));
#13051 = DIRECTION('',(-0.707106781187,0.707106781187,0.));
#13052 = DIRECTION('',(0.707106781187,0.707106781187,0.));
#13053 = ORIENTED_EDGE('',*,*,#13054,.T.);
#13054 = EDGE_CURVE('',#13046,#12985,#13055,.T.);
#13055 = LINE('',#13056,#13057);
#13056 = CARTESIAN_POINT('',(-511.8001,-90.50000000013,31.));
#13057 = VECTOR('',#13058,1.);
#13058 = DIRECTION('',(0.,-1.,0.));
#13059 = ORIENTED_EDGE('',*,*,#12984,.F.);
#13060 = ORIENTED_EDGE('',*,*,#10601,.F.);
#13061 = CYLINDRICAL_SURFACE('',#13062,0.4999);
#13062 = AXIS2_PLACEMENT_3D('',#13063,#13064,#13065);
#13063 = CARTESIAN_POINT('',(-511.8001,-90.50000000013,30.5001));
#13064 = DIRECTION('',(0.,-1.,0.));
#13065 = DIRECTION('',(-1.,0.,0.));
#13066 = ADVANCED_FACE('',(#13067),#13090,.F.);
#13067 = FACE_BOUND('',#13068,.F.);
#13068 = EDGE_LOOP('',(#13069,#13070,#13071));
#13069 = ORIENTED_EDGE('',*,*,#10619,.T.);
#13070 = ORIENTED_EDGE('',*,*,#13018,.T.);
#13071 = ORIENTED_EDGE('',*,*,#13072,.F.);
#13072 = EDGE_CURVE('',#10620,#13011,#13073,.T.);
#13073 = ( BOUNDED_CURVE() B_SPLINE_CURVE(8,(#13074,#13075,#13076,#13077
    ,#13078,#13079,#13080,#13081,#13082,#13083,#13084,#13085,#13086,
    #13087,#13088,#13089),.UNSPECIFIED.,.F.,.F.) 
B_SPLINE_CURVE_WITH_KNOTS((9,7,9),(6.5001,6.977529218685,7.45495843737),
.UNSPECIFIED.) CURVE() GEOMETRIC_REPRESENTATION_ITEM() 
RATIONAL_B_SPLINE_CURVE((1.,1.,1.,1.,1.,1.,1.,1.,1.,1.,1.,1.,1.,1.,1.,1.
)) REPRESENTATION_ITEM('') );
#13074 = CARTESIAN_POINT('',(-512.9,-102.5000000003,30.5001));
#13075 = CARTESIAN_POINT('',(-512.9,-102.5000000003,30.509907614667));
#13076 = CARTESIAN_POINT('',(-512.8971601888,-102.4997778491,
    30.519782486262));
#13077 = CARTESIAN_POINT('',(-512.8912755091,-102.4993356731,
    30.53044894237));
#13078 = CARTESIAN_POINT('',(-512.8841538709,-102.4985928986,
    30.545016693381));
#13079 = CARTESIAN_POINT('',(-512.875670568,-102.4967560647,
    30.561427446855));
#13080 = CARTESIAN_POINT('',(-512.8725746596,-102.4945469717,
    30.590555705666));
#13081 = CARTESIAN_POINT('',(-512.872021938,-102.4850830019,
    30.632857719408));
#13082 = CARTESIAN_POINT('',(-512.8711621374,-102.4453987003,
    30.733642697808));
#13083 = CARTESIAN_POINT('',(-512.8709007512,-102.4152085358,
    30.792190994014));
#13084 = CARTESIAN_POINT('',(-512.8679642449,-102.3708222496,
    30.854150864733));
#13085 = CARTESIAN_POINT('',(-512.8599488359,-102.3119225813,
    30.909801921722));
#13086 = CARTESIAN_POINT('',(-512.8476066472,-102.2415421532,
    30.953963713378));
#13087 = CARTESIAN_POINT('',(-512.8328400398,-102.1637531239,
    30.984743764111));
#13088 = CARTESIAN_POINT('',(-512.8164482046,-102.0819064818,31.));
#13089 = CARTESIAN_POINT('',(-512.8001,-102.0001000003,31.));
#13090 = ( BOUNDED_SURFACE() B_SPLINE_SURFACE(2,8,(
    (#13091,#13092,#13093,#13094,#13095,#13096,#13097,#13098,#13099
      ,#13100,#13101,#13102,#13103,#13104,#13105,#13106)
    ,(#13107,#13108,#13109,#13110,#13111,#13112,#13113,#13114,#13115
      ,#13116,#13117,#13118,#13119,#13120,#13121,#13122)
    ,(#13123,#13124,#13125,#13126,#13127,#13128,#13129,#13130,#13131
      ,#13132,#13133,#13134,#13135,#13136,#13137,#13138
)),.UNSPECIFIED.,.F.,.F.,.F.) B_SPLINE_SURFACE_WITH_KNOTS((3,3),(9,7,9),
  (0.,0.95485843737),(6.5001,6.977529218685,7.45495843737),
.UNSPECIFIED.) GEOMETRIC_REPRESENTATION_ITEM() RATIONAL_B_SPLINE_SURFACE
((
    (1.,1.,1.,1.,1.,1.,1.,1.,1.,1.,1.,1.,1.,1.,1.,1.)
    ,(0.707106781187,0.707106781187,0.702567909995,0.692448262626
      ,0.682180618163,0.666736059067,0.665937288614,0.684906951562
      ,0.751410440052,0.799088973871,0.856490193915,0.910356855827
      ,0.953865293504,0.984770033708,1.,1.)
    ,(1.,1.,1.,1.,1.,1.,1.,1.,1.,1.,1.,1.,1.,1.,1.,1.
))) REPRESENTATION_ITEM('') SURFACE() );
#13091 = CARTESIAN_POINT('',(-512.9,-102.5000000003,30.5001));
#13092 = CARTESIAN_POINT('',(-512.9,-102.5000000003,30.509907614667));
#13093 = CARTESIAN_POINT('',(-512.8971601888,-102.4997778491,
    30.519782486262));
#13094 = CARTESIAN_POINT('',(-512.8912755091,-102.4993356731,
    30.53044894237));
#13095 = CARTESIAN_POINT('',(-512.8841538709,-102.4985928986,
    30.545016693381));
#13096 = CARTESIAN_POINT('',(-512.875670568,-102.4967560647,
    30.561427446855));
#13097 = CARTESIAN_POINT('',(-512.8725746596,-102.4945469717,
    30.590555705666));
#13098 = CARTESIAN_POINT('',(-512.872021938,-102.4850830019,
    30.632857719408));
#13099 = CARTESIAN_POINT('',(-512.8711621374,-102.4453987003,
    30.733642697808));
#13100 = CARTESIAN_POINT('',(-512.8709007512,-102.4152085358,
    30.792190994014));
#13101 = CARTESIAN_POINT('',(-512.8679642449,-102.3708222496,
    30.854150864733));
#13102 = CARTESIAN_POINT('',(-512.8599488359,-102.3119225813,
    30.909801921722));
#13103 = CARTESIAN_POINT('',(-512.8476066472,-102.2415421532,
    30.953963713378));
#13104 = CARTESIAN_POINT('',(-512.8328400398,-102.1637531239,
    30.984743764111));
#13105 = CARTESIAN_POINT('',(-512.8164482046,-102.0819064818,31.));
#13106 = CARTESIAN_POINT('',(-512.8001,-102.0001000003,31.));
#13107 = CARTESIAN_POINT('',(-513.3,-102.5000000003,30.5001));
#13108 = CARTESIAN_POINT('',(-513.3,-102.5000000003,30.549177343065));
#13109 = CARTESIAN_POINT('',(-513.2979541553,-102.4979541557,
    30.598861739759));
#13110 = CARTESIAN_POINT('',(-513.2941774999,-102.4941775003,
    30.651358404293));
#13111 = CARTESIAN_POINT('',(-513.2863307497,-102.4863307501,
    30.706303710558));
#13112 = CARTESIAN_POINT('',(-513.2759187615,-102.4759187618,
    30.768408127654));
#13113 = CARTESIAN_POINT('',(-513.2546392598,-102.4546392601,
    30.823993846259));
#13114 = CARTESIAN_POINT('',(-513.2210022023,-102.4210022026,
    30.868986567836));
#13115 = CARTESIAN_POINT('',(-513.1398124668,-102.3398124671,
    30.934906816806));
#13116 = CARTESIAN_POINT('',(-513.09629745,-102.2962974504,
    30.955345030018));
#13117 = CARTESIAN_POINT('',(-513.0500994063,-102.2500994066,
    30.96848438649));
#13118 = CARTESIAN_POINT('',(-513.0015651565,-102.2015651568,
    30.980404342731));
#13119 = CARTESIAN_POINT('',(-512.9510008471,-102.1510008475,
    30.99060391563));
#13120 = CARTESIAN_POINT('',(-512.8997878129,-102.0997878133,
    30.996822690572));
#13121 = CARTESIAN_POINT('',(-512.849177343,-102.0491773434,31.));
#13122 = CARTESIAN_POINT('',(-512.8001,-102.0001000003,31.));
#13123 = CARTESIAN_POINT('',(-513.3,-102.1000000003,30.5001));
#13124 = CARTESIAN_POINT('',(-513.3,-102.1000000003,30.509907614667));
#13125 = CARTESIAN_POINT('',(-513.2997778488,-102.0971601892,
    30.519782486262));
#13126 = CARTESIAN_POINT('',(-513.2993356728,-102.0912755094,
    30.53044894237));
#13127 = CARTESIAN_POINT('',(-513.2985928983,-102.0841538712,
    30.545016693381));
#13128 = CARTESIAN_POINT('',(-513.2967560644,-102.0756705683,
    30.561427446855));
#13129 = CARTESIAN_POINT('',(-513.2945469714,-102.0725746599,
    30.590555705666));
#13130 = CARTESIAN_POINT('',(-513.2850830016,-102.0720219383,
    30.632857719408));
#13131 = CARTESIAN_POINT('',(-513.2453986999,-102.0711621377,
    30.733642697808));
#13132 = CARTESIAN_POINT('',(-513.2152085355,-102.0709007515,
    30.792190994014));
#13133 = CARTESIAN_POINT('',(-513.1708222492,-102.0679642453,
    30.854150864733));
#13134 = CARTESIAN_POINT('',(-513.1119225809,-102.0599488362,
    30.909801921722));
#13135 = CARTESIAN_POINT('',(-513.0415421529,-102.0476066476,
    30.953963713378));
#13136 = CARTESIAN_POINT('',(-512.9637531235,-102.0328400402,
    30.984743764111));
#13137 = CARTESIAN_POINT('',(-512.8819064814,-102.0164482049,31.));
#13138 = CARTESIAN_POINT('',(-512.8001,-102.0001000003,31.));
#13139 = ADVANCED_FACE('',(#13140),#13171,.T.);
#13140 = FACE_BOUND('',#13141,.F.);
#13141 = EDGE_LOOP('',(#13142,#13143,#13164,#13170));
#13142 = ORIENTED_EDGE('',*,*,#10642,.F.);
#13143 = ORIENTED_EDGE('',*,*,#13144,.T.);
#13144 = EDGE_CURVE('',#10643,#13145,#13147,.T.);
#13145 = VERTEX_POINT('',#13146);
#13146 = CARTESIAN_POINT('',(-512.8001,-90.00010000013,31.));
#13147 = ( BOUNDED_CURVE() B_SPLINE_CURVE(8,(#13148,#13149,#13150,#13151
    ,#13152,#13153,#13154,#13155,#13156,#13157,#13158,#13159,#13160,
    #13161,#13162,#13163),.UNSPECIFIED.,.F.,.F.) 
B_SPLINE_CURVE_WITH_KNOTS((9,7,9),(6.5001,6.977529218685,7.45495843737),
.UNSPECIFIED.) CURVE() GEOMETRIC_REPRESENTATION_ITEM() 
RATIONAL_B_SPLINE_CURVE((1.,1.,1.,1.,1.,1.,1.,1.,1.,1.,1.,1.,1.,1.,1.,1.
)) REPRESENTATION_ITEM('') );
#13148 = CARTESIAN_POINT('',(-512.9,-90.50000000013,30.5001));
#13149 = CARTESIAN_POINT('',(-512.9,-90.50000000013,30.509907614667));
#13150 = CARTESIAN_POINT('',(-512.8971601888,-90.49977784896,
    30.519782486262));
#13151 = CARTESIAN_POINT('',(-512.8912755091,-90.49933567296,
    30.53044894237));
#13152 = CARTESIAN_POINT('',(-512.8841538709,-90.49859289848,
    30.545016693381));
#13153 = CARTESIAN_POINT('',(-512.875670568,-90.49675606458,
    30.561427446855));
#13154 = CARTESIAN_POINT('',(-512.8725746596,-90.49454697155,
    30.590555705665));
#13155 = CARTESIAN_POINT('',(-512.872021938,-90.48508300174,
    30.632857719408));
#13156 = CARTESIAN_POINT('',(-512.8711621374,-90.44539870012,
    30.733642697808));
#13157 = CARTESIAN_POINT('',(-512.8709007512,-90.41520853567,
    30.792190994014));
#13158 = CARTESIAN_POINT('',(-512.8679642449,-90.37082224939,
    30.854150864733));
#13159 = CARTESIAN_POINT('',(-512.8599488359,-90.3119225811,
    30.909801921722));
#13160 = CARTESIAN_POINT('',(-512.8476066472,-90.24154215305,
    30.953963713378));
#13161 = CARTESIAN_POINT('',(-512.8328400398,-90.1637531237,
    30.984743764111));
#13162 = CARTESIAN_POINT('',(-512.8164482046,-90.08190648162,31.));
#13163 = CARTESIAN_POINT('',(-512.8001,-90.00010000013,31.));
#13164 = ORIENTED_EDGE('',*,*,#13165,.T.);
#13165 = EDGE_CURVE('',#13145,#13046,#13166,.T.);
#13166 = LINE('',#13167,#13168);
#13167 = CARTESIAN_POINT('',(-513.3,-90.00010000013,31.));
#13168 = VECTOR('',#13169,1.);
#13169 = DIRECTION('',(1.,0.,0.));
#13170 = ORIENTED_EDGE('',*,*,#13045,.F.);
#13171 = CYLINDRICAL_SURFACE('',#13172,0.4999);
#13172 = AXIS2_PLACEMENT_3D('',#13173,#13174,#13175);
#13173 = CARTESIAN_POINT('',(-513.3,-90.00010000013,30.5001));
#13174 = DIRECTION('',(1.,0.,0.));
#13175 = DIRECTION('',(0.,-1.,0.));
#13176 = ADVANCED_FACE('',(#13177),#13196,.T.);
#13177 = FACE_BOUND('',#13178,.F.);
#13178 = EDGE_LOOP('',(#13179,#13180,#13181,#13189));
#13179 = ORIENTED_EDGE('',*,*,#10666,.F.);
#13180 = ORIENTED_EDGE('',*,*,#13072,.T.);
#13181 = ORIENTED_EDGE('',*,*,#13182,.T.);
#13182 = EDGE_CURVE('',#13011,#13183,#13185,.T.);
#13183 = VERTEX_POINT('',#13184);
#13184 = CARTESIAN_POINT('',(-511.8001,-102.0001000003,31.));
#13185 = LINE('',#13186,#13187);
#13186 = CARTESIAN_POINT('',(-513.3,-102.0001000003,31.));
#13187 = VECTOR('',#13188,1.);
#13188 = DIRECTION('',(1.,0.,0.));
#13189 = ORIENTED_EDGE('',*,*,#13190,.F.);
#13190 = EDGE_CURVE('',#10667,#13183,#13191,.T.);
#13191 = ELLIPSE('',#13192,0.70696535983,0.4999);
#13192 = AXIS2_PLACEMENT_3D('',#13193,#13194,#13195);
#13193 = CARTESIAN_POINT('',(-511.8001,-102.0001000003,30.5001));
#13194 = DIRECTION('',(-0.707106781187,0.707106781187,0.));
#13195 = DIRECTION('',(0.707106781187,0.707106781187,0.));
#13196 = CYLINDRICAL_SURFACE('',#13197,0.4999);
#13197 = AXIS2_PLACEMENT_3D('',#13198,#13199,#13200);
#13198 = CARTESIAN_POINT('',(-513.3,-102.0001000003,30.5001));
#13199 = DIRECTION('',(1.,0.,0.));
#13200 = DIRECTION('',(0.,-1.,0.));
#13201 = ADVANCED_FACE('',(#13202),#13225,.F.);
#13202 = FACE_BOUND('',#13203,.F.);
#13203 = EDGE_LOOP('',(#13204,#13205,#13224));
#13204 = ORIENTED_EDGE('',*,*,#10699,.T.);
#13205 = ORIENTED_EDGE('',*,*,#13206,.T.);
#13206 = EDGE_CURVE('',#10692,#13145,#13207,.T.);
#13207 = ( BOUNDED_CURVE() B_SPLINE_CURVE(8,(#13208,#13209,#13210,#13211
    ,#13212,#13213,#13214,#13215,#13216,#13217,#13218,#13219,#13220,
    #13221,#13222,#13223),.UNSPECIFIED.,.F.,.F.) 
B_SPLINE_CURVE_WITH_KNOTS((9,7,9),(6.5001,6.977529218685,7.45495843737),
.UNSPECIFIED.) CURVE() GEOMETRIC_REPRESENTATION_ITEM() 
RATIONAL_B_SPLINE_CURVE((1.,1.,1.,1.,1.,1.,1.,1.,1.,1.,1.,1.,1.,1.,1.,1.
)) REPRESENTATION_ITEM('') );
#13208 = CARTESIAN_POINT('',(-513.3,-90.10000000013,30.5001));
#13209 = CARTESIAN_POINT('',(-513.3,-90.10000000013,30.509907614667));
#13210 = CARTESIAN_POINT('',(-513.2997778488,-90.097160189,
    30.519782486262));
#13211 = CARTESIAN_POINT('',(-513.2993356728,-90.09127550926,
    30.53044894237));
#13212 = CARTESIAN_POINT('',(-513.2985928983,-90.08415387107,
    30.545016693381));
#13213 = CARTESIAN_POINT('',(-513.2967560644,-90.07567056817,
    30.561427446855));
#13214 = CARTESIAN_POINT('',(-513.2945469714,-90.07257465975,
    30.590555705665));
#13215 = CARTESIAN_POINT('',(-513.2850830016,-90.07202193816,
    30.632857719408));
#13216 = CARTESIAN_POINT('',(-513.2453986999,-90.07116213754,
    30.733642697808));
#13217 = CARTESIAN_POINT('',(-513.2152085355,-90.07090075134,
    30.792190994014));
#13218 = CARTESIAN_POINT('',(-513.1708222492,-90.06796424509,
    30.854150864733));
#13219 = CARTESIAN_POINT('',(-513.1119225809,-90.05994883605,
    30.909801921722));
#13220 = CARTESIAN_POINT('',(-513.0415421529,-90.04760664742,
    30.953963713378));
#13221 = CARTESIAN_POINT('',(-512.9637531235,-90.03284004001,
    30.984743764111));
#13222 = CARTESIAN_POINT('',(-512.8819064814,-90.01644820477,31.));
#13223 = CARTESIAN_POINT('',(-512.8001,-90.00010000013,31.));
#13224 = ORIENTED_EDGE('',*,*,#13144,.F.);
#13225 = ( BOUNDED_SURFACE() B_SPLINE_SURFACE(2,8,(
    (#13226,#13227,#13228,#13229,#13230,#13231,#13232,#13233,#13234
      ,#13235,#13236,#13237,#13238,#13239,#13240,#13241)
    ,(#13242,#13243,#13244,#13245,#13246,#13247,#13248,#13249,#13250
      ,#13251,#13252,#13253,#13254,#13255,#13256,#13257)
    ,(#13258,#13259,#13260,#13261,#13262,#13263,#13264,#13265,#13266
      ,#13267,#13268,#13269,#13270,#13271,#13272,#13273
)),.UNSPECIFIED.,.F.,.F.,.F.) B_SPLINE_SURFACE_WITH_KNOTS((3,3),(9,7,9),
  (0.,0.95485843737),(6.5001,6.977529218685,7.45495843737),
.UNSPECIFIED.) GEOMETRIC_REPRESENTATION_ITEM() RATIONAL_B_SPLINE_SURFACE
((
    (1.,1.,1.,1.,1.,1.,1.,1.,1.,1.,1.,1.,1.,1.,1.,1.)
    ,(0.707106781187,0.707106781187,0.702567909995,0.692448262626
      ,0.682180618163,0.666736059067,0.665937288614,0.684906951562
      ,0.751410440052,0.799088973871,0.856490193915,0.910356855827
      ,0.953865293504,0.984770033708,1.,1.)
    ,(1.,1.,1.,1.,1.,1.,1.,1.,1.,1.,1.,1.,1.,1.,1.,1.
))) REPRESENTATION_ITEM('') SURFACE() );
#13226 = CARTESIAN_POINT('',(-512.9,-90.50000000013,30.5001));
#13227 = CARTESIAN_POINT('',(-512.9,-90.50000000013,30.509907614667));
#13228 = CARTESIAN_POINT('',(-512.8971601888,-90.49977784896,
    30.519782486262));
#13229 = CARTESIAN_POINT('',(-512.8912755091,-90.49933567296,
    30.53044894237));
#13230 = CARTESIAN_POINT('',(-512.8841538709,-90.49859289848,
    30.545016693381));
#13231 = CARTESIAN_POINT('',(-512.875670568,-90.49675606458,
    30.561427446855));
#13232 = CARTESIAN_POINT('',(-512.8725746596,-90.49454697155,
    30.590555705665));
#13233 = CARTESIAN_POINT('',(-512.872021938,-90.48508300174,
    30.632857719408));
#13234 = CARTESIAN_POINT('',(-512.8711621374,-90.44539870012,
    30.733642697808));
#13235 = CARTESIAN_POINT('',(-512.8709007512,-90.41520853567,
    30.792190994014));
#13236 = CARTESIAN_POINT('',(-512.8679642449,-90.37082224939,
    30.854150864733));
#13237 = CARTESIAN_POINT('',(-512.8599488359,-90.3119225811,
    30.909801921722));
#13238 = CARTESIAN_POINT('',(-512.8476066472,-90.24154215305,
    30.953963713378));
#13239 = CARTESIAN_POINT('',(-512.8328400398,-90.1637531237,
    30.984743764111));
#13240 = CARTESIAN_POINT('',(-512.8164482046,-90.08190648162,31.));
#13241 = CARTESIAN_POINT('',(-512.8001,-90.00010000013,31.));
#13242 = CARTESIAN_POINT('',(-513.3,-90.50000000013,30.5001));
#13243 = CARTESIAN_POINT('',(-513.3,-90.50000000013,30.549177343065));
#13244 = CARTESIAN_POINT('',(-513.2979541553,-90.49795415552,
    30.598861739759));
#13245 = CARTESIAN_POINT('',(-513.2941774999,-90.49417750011,
    30.651358404293));
#13246 = CARTESIAN_POINT('',(-513.2863307497,-90.48633074992,
    30.706303710558));
#13247 = CARTESIAN_POINT('',(-513.2759187615,-90.47591876164,
    30.768408127654));
#13248 = CARTESIAN_POINT('',(-513.2546392598,-90.45463925996,
    30.823993846259));
#13249 = CARTESIAN_POINT('',(-513.2210022023,-90.42100220247,
    30.868986567836));
#13250 = CARTESIAN_POINT('',(-513.1398124668,-90.33981246696,
    30.934906816806));
#13251 = CARTESIAN_POINT('',(-513.09629745,-90.29629745019,
    30.955345030018));
#13252 = CARTESIAN_POINT('',(-513.0500994063,-90.25009940646,
    30.96848438649));
#13253 = CARTESIAN_POINT('',(-513.0015651565,-90.20156515665,
    30.980404342731));
#13254 = CARTESIAN_POINT('',(-512.9510008471,-90.15100084732,
    30.99060391563));
#13255 = CARTESIAN_POINT('',(-512.8997878129,-90.09978781312,
    30.996822690572));
#13256 = CARTESIAN_POINT('',(-512.849177343,-90.04917734319,31.));
#13257 = CARTESIAN_POINT('',(-512.8001,-90.00010000013,31.));
#13258 = CARTESIAN_POINT('',(-513.3,-90.10000000013,30.5001));
#13259 = CARTESIAN_POINT('',(-513.3,-90.10000000013,30.509907614667));
#13260 = CARTESIAN_POINT('',(-513.2997778488,-90.097160189,
    30.519782486262));
#13261 = CARTESIAN_POINT('',(-513.2993356728,-90.09127550926,
    30.53044894237));
#13262 = CARTESIAN_POINT('',(-513.2985928983,-90.08415387107,
    30.545016693381));
#13263 = CARTESIAN_POINT('',(-513.2967560644,-90.07567056817,
    30.561427446855));
#13264 = CARTESIAN_POINT('',(-513.2945469714,-90.07257465975,
    30.590555705665));
#13265 = CARTESIAN_POINT('',(-513.2850830016,-90.07202193816,
    30.632857719408));
#13266 = CARTESIAN_POINT('',(-513.2453986999,-90.07116213754,
    30.733642697808));
#13267 = CARTESIAN_POINT('',(-513.2152085355,-90.07090075134,
    30.792190994014));
#13268 = CARTESIAN_POINT('',(-513.1708222492,-90.06796424509,
    30.854150864733));
#13269 = CARTESIAN_POINT('',(-513.1119225809,-90.05994883605,
    30.909801921722));
#13270 = CARTESIAN_POINT('',(-513.0415421529,-90.04760664742,
    30.953963713378));
#13271 = CARTESIAN_POINT('',(-512.9637531235,-90.03284004001,
    30.984743764111));
#13272 = CARTESIAN_POINT('',(-512.8819064814,-90.01644820477,31.));
#13273 = CARTESIAN_POINT('',(-512.8001,-90.00010000013,31.));
#13274 = ADVANCED_FACE('',(#13275),#13294,.T.);
#13275 = FACE_BOUND('',#13276,.F.);
#13276 = EDGE_LOOP('',(#13277,#13278,#13286,#13293));
#13277 = ORIENTED_EDGE('',*,*,#13190,.T.);
#13278 = ORIENTED_EDGE('',*,*,#13279,.T.);
#13279 = EDGE_CURVE('',#13183,#13280,#13282,.T.);
#13280 = VERTEX_POINT('',#13281);
#13281 = CARTESIAN_POINT('',(-511.8001,-103.9999000003,31.));
#13282 = LINE('',#13283,#13284);
#13283 = CARTESIAN_POINT('',(-511.8001,-102.5000000003,31.));
#13284 = VECTOR('',#13285,1.);
#13285 = DIRECTION('',(0.,-1.,0.));
#13286 = ORIENTED_EDGE('',*,*,#13287,.F.);
#13287 = EDGE_CURVE('',#10717,#13280,#13288,.T.);
#13288 = ELLIPSE('',#13289,0.70696535983,0.4999);
#13289 = AXIS2_PLACEMENT_3D('',#13290,#13291,#13292);
#13290 = CARTESIAN_POINT('',(-511.8001,-103.9999000003,30.5001));
#13291 = DIRECTION('',(0.707106781187,0.707106781187,0.));
#13292 = DIRECTION('',(0.707106781187,-0.707106781187,0.));
#13293 = ORIENTED_EDGE('',*,*,#10716,.F.);
#13294 = CYLINDRICAL_SURFACE('',#13295,0.4999);
#13295 = AXIS2_PLACEMENT_3D('',#13296,#13297,#13298);
#13296 = CARTESIAN_POINT('',(-511.8001,-102.5000000003,30.5001));
#13297 = DIRECTION('',(0.,-1.,0.));
#13298 = DIRECTION('',(-1.,0.,0.));
#13299 = ADVANCED_FACE('',(#13300),#13331,.T.);
#13300 = FACE_BOUND('',#13301,.F.);
#13301 = EDGE_LOOP('',(#13302,#13303,#13324,#13330));
#13302 = ORIENTED_EDGE('',*,*,#10739,.F.);
#13303 = ORIENTED_EDGE('',*,*,#13304,.T.);
#13304 = EDGE_CURVE('',#10740,#13305,#13307,.T.);
#13305 = VERTEX_POINT('',#13306);
#13306 = CARTESIAN_POINT('',(-512.8001,-89.99990000009,31.));
#13307 = ( BOUNDED_CURVE() B_SPLINE_CURVE(8,(#13308,#13309,#13310,#13311
    ,#13312,#13313,#13314,#13315,#13316,#13317,#13318,#13319,#13320,
    #13321,#13322,#13323),.UNSPECIFIED.,.F.,.F.) 
B_SPLINE_CURVE_WITH_KNOTS((9,7,9),(6.5001,6.977529218685,7.45495843737),
.UNSPECIFIED.) CURVE() GEOMETRIC_REPRESENTATION_ITEM() 
RATIONAL_B_SPLINE_CURVE((1.,1.,1.,1.,1.,1.,1.,1.,1.,1.,1.,1.,1.,1.,1.,1.
)) REPRESENTATION_ITEM('') );
#13308 = CARTESIAN_POINT('',(-513.3,-89.90000000009,30.5001));
#13309 = CARTESIAN_POINT('',(-513.3,-89.90000000009,30.509907614667));
#13310 = CARTESIAN_POINT('',(-513.2997778488,-89.90283981122,
    30.519782486262));
#13311 = CARTESIAN_POINT('',(-513.2993356728,-89.90872449096,
    30.53044894237));
#13312 = CARTESIAN_POINT('',(-513.2985928983,-89.91584612915,
    30.545016693381));
#13313 = CARTESIAN_POINT('',(-513.2967560644,-89.92432943205,
    30.561427446855));
#13314 = CARTESIAN_POINT('',(-513.2945469714,-89.92742534047,
    30.590555705666));
#13315 = CARTESIAN_POINT('',(-513.2850830016,-89.92797806206,
    30.632857719408));
#13316 = CARTESIAN_POINT('',(-513.2453986999,-89.92883786268,
    30.733642697808));
#13317 = CARTESIAN_POINT('',(-513.2152085355,-89.92909924888,
    30.792190994014));
#13318 = CARTESIAN_POINT('',(-513.1708222492,-89.93203575513,
    30.854150864733));
#13319 = CARTESIAN_POINT('',(-513.1119225809,-89.94005116417,
    30.909801921722));
#13320 = CARTESIAN_POINT('',(-513.0415421529,-89.9523933528,
    30.953963713378));
#13321 = CARTESIAN_POINT('',(-512.9637531235,-89.96715996021,
    30.984743764111));
#13322 = CARTESIAN_POINT('',(-512.8819064814,-89.98355179545,31.));
#13323 = CARTESIAN_POINT('',(-512.8001,-89.99990000009,31.));
#13324 = ORIENTED_EDGE('',*,*,#13325,.T.);
#13325 = EDGE_CURVE('',#13305,#13145,#13326,.T.);
#13326 = LINE('',#13327,#13328);
#13327 = CARTESIAN_POINT('',(-512.8001,-89.50000000009,31.));
#13328 = VECTOR('',#13329,1.);
#13329 = DIRECTION('',(0.,-1.,0.));
#13330 = ORIENTED_EDGE('',*,*,#13206,.F.);
#13331 = CYLINDRICAL_SURFACE('',#13332,0.4999);
#13332 = AXIS2_PLACEMENT_3D('',#13333,#13334,#13335);
#13333 = CARTESIAN_POINT('',(-512.8001,-89.50000000009,30.5001));
#13334 = DIRECTION('',(0.,-1.,0.));
#13335 = DIRECTION('',(-1.,0.,0.));
#13336 = ADVANCED_FACE('',(#13337),#13368,.T.);
#13337 = FACE_BOUND('',#13338,.F.);
#13338 = EDGE_LOOP('',(#13339,#13340,#13341,#13349));
#13339 = ORIENTED_EDGE('',*,*,#10763,.F.);
#13340 = ORIENTED_EDGE('',*,*,#13287,.T.);
#13341 = ORIENTED_EDGE('',*,*,#13342,.T.);
#13342 = EDGE_CURVE('',#13280,#13343,#13345,.T.);
#13343 = VERTEX_POINT('',#13344);
#13344 = CARTESIAN_POINT('',(-512.8001,-103.9999000003,31.));
#13345 = LINE('',#13346,#13347);
#13346 = CARTESIAN_POINT('',(-512.3,-103.9999000003,31.));
#13347 = VECTOR('',#13348,1.);
#13348 = DIRECTION('',(-1.,0.,0.));
#13349 = ORIENTED_EDGE('',*,*,#13350,.F.);
#13350 = EDGE_CURVE('',#10764,#13343,#13351,.T.);
#13351 = ( BOUNDED_CURVE() B_SPLINE_CURVE(8,(#13352,#13353,#13354,#13355
    ,#13356,#13357,#13358,#13359,#13360,#13361,#13362,#13363,#13364,
    #13365,#13366,#13367),.UNSPECIFIED.,.F.,.F.) 
B_SPLINE_CURVE_WITH_KNOTS((9,7,9),(6.5001,6.977529218685,7.45495843737),
.UNSPECIFIED.) CURVE() GEOMETRIC_REPRESENTATION_ITEM() 
RATIONAL_B_SPLINE_CURVE((1.,1.,1.,1.,1.,1.,1.,1.,1.,1.,1.,1.,1.,1.,1.,1.
)) REPRESENTATION_ITEM('') );
#13352 = CARTESIAN_POINT('',(-512.9,-103.5000000003,30.5001));
#13353 = CARTESIAN_POINT('',(-512.9,-103.5000000003,30.509907614667));
#13354 = CARTESIAN_POINT('',(-512.8971601888,-103.5002221515,
    30.519782486262));
#13355 = CARTESIAN_POINT('',(-512.8912755091,-103.5006643275,
    30.53044894237));
#13356 = CARTESIAN_POINT('',(-512.8841538709,-103.5014071019,
    30.545016693381));
#13357 = CARTESIAN_POINT('',(-512.875670568,-103.5032439358,
    30.561427446855));
#13358 = CARTESIAN_POINT('',(-512.8725746596,-103.5054530289,
    30.590555705665));
#13359 = CARTESIAN_POINT('',(-512.872021938,-103.5149169987,
    30.632857719408));
#13360 = CARTESIAN_POINT('',(-512.8711621374,-103.5546013003,
    30.733642697808));
#13361 = CARTESIAN_POINT('',(-512.8709007512,-103.5847914648,
    30.792190994014));
#13362 = CARTESIAN_POINT('',(-512.8679642449,-103.629177751,
    30.854150864733));
#13363 = CARTESIAN_POINT('',(-512.8599488359,-103.6880774193,
    30.909801921722));
#13364 = CARTESIAN_POINT('',(-512.8476066472,-103.7584578474,
    30.953963713378));
#13365 = CARTESIAN_POINT('',(-512.8328400398,-103.8362468767,
    30.984743764111));
#13366 = CARTESIAN_POINT('',(-512.8164482046,-103.9180935188,31.));
#13367 = CARTESIAN_POINT('',(-512.8001,-103.9999000003,31.));
#13368 = CYLINDRICAL_SURFACE('',#13369,0.4999);
#13369 = AXIS2_PLACEMENT_3D('',#13370,#13371,#13372);
#13370 = CARTESIAN_POINT('',(-512.3,-103.9999000003,30.5001));
#13371 = DIRECTION('',(-1.,0.,0.));
#13372 = DIRECTION('',(0.,1.,0.));
#13373 = ADVANCED_FACE('',(#13374),#13397,.F.);
#13374 = FACE_BOUND('',#13375,.F.);
#13375 = EDGE_LOOP('',(#13376,#13377,#13396));
#13376 = ORIENTED_EDGE('',*,*,#10796,.T.);
#13377 = ORIENTED_EDGE('',*,*,#13378,.T.);
#13378 = EDGE_CURVE('',#10789,#13305,#13379,.T.);
#13379 = ( BOUNDED_CURVE() B_SPLINE_CURVE(8,(#13380,#13381,#13382,#13383
    ,#13384,#13385,#13386,#13387,#13388,#13389,#13390,#13391,#13392,
    #13393,#13394,#13395),.UNSPECIFIED.,.F.,.F.) 
B_SPLINE_CURVE_WITH_KNOTS((9,7,9),(6.5001,6.977529218685,7.45495843737),
.UNSPECIFIED.) CURVE() GEOMETRIC_REPRESENTATION_ITEM() 
RATIONAL_B_SPLINE_CURVE((1.,1.,1.,1.,1.,1.,1.,1.,1.,1.,1.,1.,1.,1.,1.,1.
)) REPRESENTATION_ITEM('') );
#13380 = CARTESIAN_POINT('',(-512.9,-89.50000000009,30.5001));
#13381 = CARTESIAN_POINT('',(-512.9,-89.50000000009,30.509907614667));
#13382 = CARTESIAN_POINT('',(-512.8971601888,-89.50022215126,
    30.519782486262));
#13383 = CARTESIAN_POINT('',(-512.8912755091,-89.50066432726,
    30.53044894237));
#13384 = CARTESIAN_POINT('',(-512.8841538709,-89.50140710174,
    30.545016693381));
#13385 = CARTESIAN_POINT('',(-512.875670568,-89.50324393564,
    30.561427446855));
#13386 = CARTESIAN_POINT('',(-512.8725746596,-89.50545302866,
    30.590555705666));
#13387 = CARTESIAN_POINT('',(-512.872021938,-89.51491699847,
    30.632857719408));
#13388 = CARTESIAN_POINT('',(-512.8711621374,-89.55460130009,
    30.733642697808));
#13389 = CARTESIAN_POINT('',(-512.8709007512,-89.58479146455,
    30.792190994014));
#13390 = CARTESIAN_POINT('',(-512.8679642449,-89.62917775083,
    30.854150864733));
#13391 = CARTESIAN_POINT('',(-512.8599488359,-89.68807741912,
    30.909801921722));
#13392 = CARTESIAN_POINT('',(-512.8476066472,-89.75845784717,
    30.953963713378));
#13393 = CARTESIAN_POINT('',(-512.8328400398,-89.83624687651,
    30.984743764111));
#13394 = CARTESIAN_POINT('',(-512.8164482046,-89.9180935186,31.));
#13395 = CARTESIAN_POINT('',(-512.8001,-89.99990000009,31.));
#13396 = ORIENTED_EDGE('',*,*,#13304,.F.);
#13397 = ( BOUNDED_SURFACE() B_SPLINE_SURFACE(2,8,(
    (#13398,#13399,#13400,#13401,#13402,#13403,#13404,#13405,#13406
      ,#13407,#13408,#13409,#13410,#13411,#13412,#13413)
    ,(#13414,#13415,#13416,#13417,#13418,#13419,#13420,#13421,#13422
      ,#13423,#13424,#13425,#13426,#13427,#13428,#13429)
    ,(#13430,#13431,#13432,#13433,#13434,#13435,#13436,#13437,#13438
      ,#13439,#13440,#13441,#13442,#13443,#13444,#13445
)),.UNSPECIFIED.,.F.,.F.,.F.) B_SPLINE_SURFACE_WITH_KNOTS((3,3),(9,7,9),
  (0.,0.95485843737),(6.5001,6.977529218685,7.45495843737),
.UNSPECIFIED.) GEOMETRIC_REPRESENTATION_ITEM() RATIONAL_B_SPLINE_SURFACE
((
    (1.,1.,1.,1.,1.,1.,1.,1.,1.,1.,1.,1.,1.,1.,1.,1.)
    ,(0.707106781187,0.707106781187,0.702567909995,0.692448262626
      ,0.682180618163,0.666736059067,0.665937288614,0.684906951562
      ,0.751410440052,0.799088973871,0.856490193915,0.910356855827
      ,0.953865293504,0.984770033708,1.,1.)
    ,(1.,1.,1.,1.,1.,1.,1.,1.,1.,1.,1.,1.,1.,1.,1.,1.
))) REPRESENTATION_ITEM('') SURFACE() );
#13398 = CARTESIAN_POINT('',(-513.3,-89.90000000009,30.5001));
#13399 = CARTESIAN_POINT('',(-513.3,-89.90000000009,30.509907614667));
#13400 = CARTESIAN_POINT('',(-513.2997778488,-89.90283981122,
    30.519782486262));
#13401 = CARTESIAN_POINT('',(-513.2993356728,-89.90872449096,
    30.53044894237));
#13402 = CARTESIAN_POINT('',(-513.2985928983,-89.91584612915,
    30.545016693381));
#13403 = CARTESIAN_POINT('',(-513.2967560644,-89.92432943205,
    30.561427446855));
#13404 = CARTESIAN_POINT('',(-513.2945469714,-89.92742534047,
    30.590555705666));
#13405 = CARTESIAN_POINT('',(-513.2850830016,-89.92797806206,
    30.632857719408));
#13406 = CARTESIAN_POINT('',(-513.2453986999,-89.92883786268,
    30.733642697808));
#13407 = CARTESIAN_POINT('',(-513.2152085355,-89.92909924888,
    30.792190994014));
#13408 = CARTESIAN_POINT('',(-513.1708222492,-89.93203575513,
    30.854150864733));
#13409 = CARTESIAN_POINT('',(-513.1119225809,-89.94005116417,
    30.909801921722));
#13410 = CARTESIAN_POINT('',(-513.0415421529,-89.9523933528,
    30.953963713378));
#13411 = CARTESIAN_POINT('',(-512.9637531235,-89.96715996021,
    30.984743764111));
#13412 = CARTESIAN_POINT('',(-512.8819064814,-89.98355179545,31.));
#13413 = CARTESIAN_POINT('',(-512.8001,-89.99990000009,31.));
#13414 = CARTESIAN_POINT('',(-513.3,-89.50000000009,30.5001));
#13415 = CARTESIAN_POINT('',(-513.3,-89.50000000009,30.549177343065));
#13416 = CARTESIAN_POINT('',(-513.2979541553,-89.5020458447,
    30.598861739759));
#13417 = CARTESIAN_POINT('',(-513.2941774999,-89.5058225001,
    30.651358404293));
#13418 = CARTESIAN_POINT('',(-513.2863307497,-89.5136692503,
    30.706303710558));
#13419 = CARTESIAN_POINT('',(-513.2759187615,-89.52408123858,
    30.768408127654));
#13420 = CARTESIAN_POINT('',(-513.2546392598,-89.54536074026,
    30.823993846259));
#13421 = CARTESIAN_POINT('',(-513.2210022023,-89.57899779775,
    30.868986567836));
#13422 = CARTESIAN_POINT('',(-513.1398124668,-89.66018753326,
    30.934906816806));
#13423 = CARTESIAN_POINT('',(-513.09629745,-89.70370255002,
    30.955345030019));
#13424 = CARTESIAN_POINT('',(-513.0500994063,-89.74990059376,
    30.96848438649));
#13425 = CARTESIAN_POINT('',(-513.0015651565,-89.79843484356,
    30.980404342731));
#13426 = CARTESIAN_POINT('',(-512.9510008471,-89.8489991529,
    30.99060391563));
#13427 = CARTESIAN_POINT('',(-512.8997878129,-89.90021218709,
    30.996822690572));
#13428 = CARTESIAN_POINT('',(-512.849177343,-89.95082265702,31.));
#13429 = CARTESIAN_POINT('',(-512.8001,-89.99990000009,31.));
#13430 = CARTESIAN_POINT('',(-512.9,-89.50000000009,30.5001));
#13431 = CARTESIAN_POINT('',(-512.9,-89.50000000009,30.509907614667));
#13432 = CARTESIAN_POINT('',(-512.8971601888,-89.50022215126,
    30.519782486262));
#13433 = CARTESIAN_POINT('',(-512.8912755091,-89.50066432726,
    30.53044894237));
#13434 = CARTESIAN_POINT('',(-512.8841538709,-89.50140710174,
    30.545016693381));
#13435 = CARTESIAN_POINT('',(-512.875670568,-89.50324393564,
    30.561427446855));
#13436 = CARTESIAN_POINT('',(-512.8725746596,-89.50545302866,
    30.590555705666));
#13437 = CARTESIAN_POINT('',(-512.872021938,-89.51491699847,
    30.632857719408));
#13438 = CARTESIAN_POINT('',(-512.8711621374,-89.55460130009,
    30.733642697808));
#13439 = CARTESIAN_POINT('',(-512.8709007512,-89.58479146455,
    30.792190994014));
#13440 = CARTESIAN_POINT('',(-512.8679642449,-89.62917775083,
    30.854150864733));
#13441 = CARTESIAN_POINT('',(-512.8599488359,-89.68807741912,
    30.909801921722));
#13442 = CARTESIAN_POINT('',(-512.8476066472,-89.75845784717,
    30.953963713378));
#13443 = CARTESIAN_POINT('',(-512.8328400398,-89.83624687651,
    30.984743764111));
#13444 = CARTESIAN_POINT('',(-512.8164482046,-89.9180935186,31.));
#13445 = CARTESIAN_POINT('',(-512.8001,-89.99990000009,31.));
#13446 = ADVANCED_FACE('',(#13447),#13470,.F.);
#13447 = FACE_BOUND('',#13448,.F.);
#13448 = EDGE_LOOP('',(#13449,#13450,#13451));
#13449 = ORIENTED_EDGE('',*,*,#10814,.T.);
#13450 = ORIENTED_EDGE('',*,*,#13350,.T.);
#13451 = ORIENTED_EDGE('',*,*,#13452,.F.);
#13452 = EDGE_CURVE('',#10815,#13343,#13453,.T.);
#13453 = ( BOUNDED_CURVE() B_SPLINE_CURVE(8,(#13454,#13455,#13456,#13457
    ,#13458,#13459,#13460,#13461,#13462,#13463,#13464,#13465,#13466,
    #13467,#13468,#13469),.UNSPECIFIED.,.F.,.F.) 
B_SPLINE_CURVE_WITH_KNOTS((9,7,9),(6.5001,6.977529218685,7.45495843737),
.UNSPECIFIED.) CURVE() GEOMETRIC_REPRESENTATION_ITEM() 
RATIONAL_B_SPLINE_CURVE((1.,1.,1.,1.,1.,1.,1.,1.,1.,1.,1.,1.,1.,1.,1.,1.
)) REPRESENTATION_ITEM('') );
#13454 = CARTESIAN_POINT('',(-513.3,-103.9000000003,30.5001));
#13455 = CARTESIAN_POINT('',(-513.3,-103.9000000003,30.509907614667));
#13456 = CARTESIAN_POINT('',(-513.2997778488,-103.9028398114,
    30.519782486262));
#13457 = CARTESIAN_POINT('',(-513.2993356728,-103.9087244912,
    30.53044894237));
#13458 = CARTESIAN_POINT('',(-513.2985928983,-103.9158461293,
    30.545016693381));
#13459 = CARTESIAN_POINT('',(-513.2967560644,-103.9243294323,
    30.561427446855));
#13460 = CARTESIAN_POINT('',(-513.2945469714,-103.9274253407,
    30.590555705665));
#13461 = CARTESIAN_POINT('',(-513.2850830016,-103.9279780623,
    30.632857719408));
#13462 = CARTESIAN_POINT('',(-513.2453986999,-103.9288378629,
    30.733642697808));
#13463 = CARTESIAN_POINT('',(-513.2152085355,-103.9290992491,
    30.792190994014));
#13464 = CARTESIAN_POINT('',(-513.1708222492,-103.9320357553,
    30.854150864733));
#13465 = CARTESIAN_POINT('',(-513.1119225809,-103.9400511644,
    30.909801921722));
#13466 = CARTESIAN_POINT('',(-513.0415421529,-103.952393353,
    30.953963713378));
#13467 = CARTESIAN_POINT('',(-512.9637531235,-103.9671599604,
    30.984743764111));
#13468 = CARTESIAN_POINT('',(-512.8819064814,-103.9835517956,31.));
#13469 = CARTESIAN_POINT('',(-512.8001,-103.9999000003,31.));
#13470 = ( BOUNDED_SURFACE() B_SPLINE_SURFACE(2,8,(
    (#13471,#13472,#13473,#13474,#13475,#13476,#13477,#13478,#13479
      ,#13480,#13481,#13482,#13483,#13484,#13485,#13486)
    ,(#13487,#13488,#13489,#13490,#13491,#13492,#13493,#13494,#13495
      ,#13496,#13497,#13498,#13499,#13500,#13501,#13502)
    ,(#13503,#13504,#13505,#13506,#13507,#13508,#13509,#13510,#13511
      ,#13512,#13513,#13514,#13515,#13516,#13517,#13518
)),.UNSPECIFIED.,.F.,.F.,.F.) B_SPLINE_SURFACE_WITH_KNOTS((3,3),(9,7,9),
  (0.,0.95485843737),(6.5001,6.977529218685,7.45495843737),
.UNSPECIFIED.) GEOMETRIC_REPRESENTATION_ITEM() RATIONAL_B_SPLINE_SURFACE
((
    (1.,1.,1.,1.,1.,1.,1.,1.,1.,1.,1.,1.,1.,1.,1.,1.)
    ,(0.707106781187,0.707106781187,0.702567909995,0.692448262626
      ,0.682180618163,0.666736059067,0.665937288614,0.684906951562
      ,0.751410440052,0.799088973871,0.856490193915,0.910356855827
      ,0.953865293504,0.984770033708,1.,1.)
    ,(1.,1.,1.,1.,1.,1.,1.,1.,1.,1.,1.,1.,1.,1.,1.,1.
))) REPRESENTATION_ITEM('') SURFACE() );
#13471 = CARTESIAN_POINT('',(-513.3,-103.9000000003,30.5001));
#13472 = CARTESIAN_POINT('',(-513.3,-103.9000000003,30.509907614667));
#13473 = CARTESIAN_POINT('',(-513.2997778488,-103.9028398114,
    30.519782486262));
#13474 = CARTESIAN_POINT('',(-513.2993356728,-103.9087244912,
    30.53044894237));
#13475 = CARTESIAN_POINT('',(-513.2985928983,-103.9158461293,
    30.545016693381));
#13476 = CARTESIAN_POINT('',(-513.2967560644,-103.9243294323,
    30.561427446855));
#13477 = CARTESIAN_POINT('',(-513.2945469714,-103.9274253407,
    30.590555705665));
#13478 = CARTESIAN_POINT('',(-513.2850830016,-103.9279780623,
    30.632857719408));
#13479 = CARTESIAN_POINT('',(-513.2453986999,-103.9288378629,
    30.733642697808));
#13480 = CARTESIAN_POINT('',(-513.2152085355,-103.9290992491,
    30.792190994014));
#13481 = CARTESIAN_POINT('',(-513.1708222492,-103.9320357553,
    30.854150864733));
#13482 = CARTESIAN_POINT('',(-513.1119225809,-103.9400511644,
    30.909801921722));
#13483 = CARTESIAN_POINT('',(-513.0415421529,-103.952393353,
    30.953963713378));
#13484 = CARTESIAN_POINT('',(-512.9637531235,-103.9671599604,
    30.984743764111));
#13485 = CARTESIAN_POINT('',(-512.8819064814,-103.9835517956,31.));
#13486 = CARTESIAN_POINT('',(-512.8001,-103.9999000003,31.));
#13487 = CARTESIAN_POINT('',(-513.3,-103.5000000003,30.5001));
#13488 = CARTESIAN_POINT('',(-513.3,-103.5000000003,30.549177343065));
#13489 = CARTESIAN_POINT('',(-513.2979541553,-103.5020458449,
    30.598861739759));
#13490 = CARTESIAN_POINT('',(-513.2941774999,-103.5058225003,
    30.651358404293));
#13491 = CARTESIAN_POINT('',(-513.2863307497,-103.5136692505,
    30.706303710558));
#13492 = CARTESIAN_POINT('',(-513.2759187615,-103.5240812388,
    30.768408127654));
#13493 = CARTESIAN_POINT('',(-513.2546392598,-103.5453607405,
    30.823993846259));
#13494 = CARTESIAN_POINT('',(-513.2210022023,-103.578997798,
    30.868986567836));
#13495 = CARTESIAN_POINT('',(-513.1398124668,-103.6601875335,
    30.934906816806));
#13496 = CARTESIAN_POINT('',(-513.09629745,-103.7037025502,
    30.955345030019));
#13497 = CARTESIAN_POINT('',(-513.0500994063,-103.749900594,
    30.96848438649));
#13498 = CARTESIAN_POINT('',(-513.0015651565,-103.7984348438,
    30.980404342731));
#13499 = CARTESIAN_POINT('',(-512.9510008471,-103.8489991531,
    30.99060391563));
#13500 = CARTESIAN_POINT('',(-512.8997878129,-103.9002121873,
    30.996822690572));
#13501 = CARTESIAN_POINT('',(-512.849177343,-103.9508226572,31.));
#13502 = CARTESIAN_POINT('',(-512.8001,-103.9999000003,31.));
#13503 = CARTESIAN_POINT('',(-512.9,-103.5000000003,30.5001));
#13504 = CARTESIAN_POINT('',(-512.9,-103.5000000003,30.509907614667));
#13505 = CARTESIAN_POINT('',(-512.8971601888,-103.5002221515,
    30.519782486262));
#13506 = CARTESIAN_POINT('',(-512.8912755091,-103.5006643275,
    30.53044894237));
#13507 = CARTESIAN_POINT('',(-512.8841538709,-103.5014071019,
    30.545016693381));
#13508 = CARTESIAN_POINT('',(-512.875670568,-103.5032439358,
    30.561427446855));
#13509 = CARTESIAN_POINT('',(-512.8725746596,-103.5054530289,
    30.590555705665));
#13510 = CARTESIAN_POINT('',(-512.872021938,-103.5149169987,
    30.632857719408));
#13511 = CARTESIAN_POINT('',(-512.8711621374,-103.5546013003,
    30.733642697808));
#13512 = CARTESIAN_POINT('',(-512.8709007512,-103.5847914648,
    30.792190994014));
#13513 = CARTESIAN_POINT('',(-512.8679642449,-103.629177751,
    30.854150864733));
#13514 = CARTESIAN_POINT('',(-512.8599488359,-103.6880774193,
    30.909801921722));
#13515 = CARTESIAN_POINT('',(-512.8476066472,-103.7584578474,
    30.953963713378));
#13516 = CARTESIAN_POINT('',(-512.8328400398,-103.8362468767,
    30.984743764111));
#13517 = CARTESIAN_POINT('',(-512.8164482046,-103.9180935188,31.));
#13518 = CARTESIAN_POINT('',(-512.8001,-103.9999000003,31.));
#13519 = ADVANCED_FACE('',(#13520),#13539,.T.);
#13520 = FACE_BOUND('',#13521,.F.);
#13521 = EDGE_LOOP('',(#13522,#13523,#13532,#13538));
#13522 = ORIENTED_EDGE('',*,*,#10837,.F.);
#13523 = ORIENTED_EDGE('',*,*,#13524,.T.);
#13524 = EDGE_CURVE('',#10838,#13525,#13527,.T.);
#13525 = VERTEX_POINT('',#13526);
#13526 = CARTESIAN_POINT('',(-511.8001,-89.99990000009,31.));
#13527 = ELLIPSE('',#13528,0.70696535983,0.4999);
#13528 = AXIS2_PLACEMENT_3D('',#13529,#13530,#13531);
#13529 = CARTESIAN_POINT('',(-511.8001,-89.99990000009,30.5001));
#13530 = DIRECTION('',(0.707106781187,0.707106781187,0.));
#13531 = DIRECTION('',(0.707106781187,-0.707106781187,0.));
#13532 = ORIENTED_EDGE('',*,*,#13533,.T.);
#13533 = EDGE_CURVE('',#13525,#13305,#13534,.T.);
#13534 = LINE('',#13535,#13536);
#13535 = CARTESIAN_POINT('',(-512.3,-89.99990000009,31.));
#13536 = VECTOR('',#13537,1.);
#13537 = DIRECTION('',(-1.,0.,0.));
#13538 = ORIENTED_EDGE('',*,*,#13378,.F.);
#13539 = CYLINDRICAL_SURFACE('',#13540,0.4999);
#13540 = AXIS2_PLACEMENT_3D('',#13541,#13542,#13543);
#13541 = CARTESIAN_POINT('',(-512.3,-89.99990000009,30.5001));
#13542 = DIRECTION('',(-1.,0.,0.));
#13543 = DIRECTION('',(0.,1.,0.));
#13544 = ADVANCED_FACE('',(#13545),#13576,.T.);
#13545 = FACE_BOUND('',#13546,.F.);
#13546 = EDGE_LOOP('',(#13547,#13548,#13549,#13557));
#13547 = ORIENTED_EDGE('',*,*,#10861,.F.);
#13548 = ORIENTED_EDGE('',*,*,#13452,.T.);
#13549 = ORIENTED_EDGE('',*,*,#13550,.T.);
#13550 = EDGE_CURVE('',#13343,#13551,#13553,.T.);
#13551 = VERTEX_POINT('',#13552);
#13552 = CARTESIAN_POINT('',(-512.8001,-104.0001000003,31.));
#13553 = LINE('',#13554,#13555);
#13554 = CARTESIAN_POINT('',(-512.8001,-103.5000000003,31.));
#13555 = VECTOR('',#13556,1.);
#13556 = DIRECTION('',(0.,-1.,0.));
#13557 = ORIENTED_EDGE('',*,*,#13558,.F.);
#13558 = EDGE_CURVE('',#10862,#13551,#13559,.T.);
#13559 = ( BOUNDED_CURVE() B_SPLINE_CURVE(8,(#13560,#13561,#13562,#13563
    ,#13564,#13565,#13566,#13567,#13568,#13569,#13570,#13571,#13572,
    #13573,#13574,#13575),.UNSPECIFIED.,.F.,.F.) 
B_SPLINE_CURVE_WITH_KNOTS((9,7,9),(6.5001,6.977529218685,7.45495843737),
.UNSPECIFIED.) CURVE() GEOMETRIC_REPRESENTATION_ITEM() 
RATIONAL_B_SPLINE_CURVE((1.,1.,1.,1.,1.,1.,1.,1.,1.,1.,1.,1.,1.,1.,1.,1.
)) REPRESENTATION_ITEM('') );
#13560 = CARTESIAN_POINT('',(-513.3,-104.1000000003,30.5001));
#13561 = CARTESIAN_POINT('',(-513.3,-104.1000000003,30.509907614667));
#13562 = CARTESIAN_POINT('',(-513.2997778488,-104.0971601892,
    30.519782486262));
#13563 = CARTESIAN_POINT('',(-513.2993356728,-104.0912755094,
    30.53044894237));
#13564 = CARTESIAN_POINT('',(-513.2985928983,-104.0841538712,
    30.545016693381));
#13565 = CARTESIAN_POINT('',(-513.2967560644,-104.0756705683,
    30.561427446855));
#13566 = CARTESIAN_POINT('',(-513.2945469714,-104.0725746599,
    30.590555705665));
#13567 = CARTESIAN_POINT('',(-513.2850830016,-104.0720219383,
    30.632857719408));
#13568 = CARTESIAN_POINT('',(-513.2453986999,-104.0711621377,
    30.733642697808));
#13569 = CARTESIAN_POINT('',(-513.2152085355,-104.0709007515,
    30.792190994014));
#13570 = CARTESIAN_POINT('',(-513.1708222492,-104.0679642453,
    30.854150864733));
#13571 = CARTESIAN_POINT('',(-513.1119225809,-104.0599488362,
    30.909801921722));
#13572 = CARTESIAN_POINT('',(-513.0415421529,-104.0476066476,
    30.953963713378));
#13573 = CARTESIAN_POINT('',(-512.9637531235,-104.0328400402,
    30.984743764111));
#13574 = CARTESIAN_POINT('',(-512.8819064814,-104.0164482049,31.));
#13575 = CARTESIAN_POINT('',(-512.8001,-104.0001000003,31.));
#13576 = CYLINDRICAL_SURFACE('',#13577,0.4999);
#13577 = AXIS2_PLACEMENT_3D('',#13578,#13579,#13580);
#13578 = CARTESIAN_POINT('',(-512.8001,-103.5000000003,30.5001));
#13579 = DIRECTION('',(0.,-1.,0.));
#13580 = DIRECTION('',(-1.,0.,0.));
#13581 = ADVANCED_FACE('',(#13582),#13601,.T.);
#13582 = FACE_BOUND('',#13583,.F.);
#13583 = EDGE_LOOP('',(#13584,#13593,#13599,#13600));
#13584 = ORIENTED_EDGE('',*,*,#13585,.T.);
#13585 = EDGE_CURVE('',#10886,#13586,#13588,.T.);
#13586 = VERTEX_POINT('',#13587);
#13587 = CARTESIAN_POINT('',(-511.8001,-88.00010000004,31.));
#13588 = ELLIPSE('',#13589,0.70696535983,0.4999);
#13589 = AXIS2_PLACEMENT_3D('',#13590,#13591,#13592);
#13590 = CARTESIAN_POINT('',(-511.8001,-88.00010000004,30.5001));
#13591 = DIRECTION('',(-0.707106781187,0.707106781187,0.));
#13592 = DIRECTION('',(0.707106781187,0.707106781187,0.));
#13593 = ORIENTED_EDGE('',*,*,#13594,.T.);
#13594 = EDGE_CURVE('',#13586,#13525,#13595,.T.);
#13595 = LINE('',#13596,#13597);
#13596 = CARTESIAN_POINT('',(-511.8001,-88.50000000004,31.));
#13597 = VECTOR('',#13598,1.);
#13598 = DIRECTION('',(0.,-1.,0.));
#13599 = ORIENTED_EDGE('',*,*,#13524,.F.);
#13600 = ORIENTED_EDGE('',*,*,#10893,.F.);
#13601 = CYLINDRICAL_SURFACE('',#13602,0.4999);
#13602 = AXIS2_PLACEMENT_3D('',#13603,#13604,#13605);
#13603 = CARTESIAN_POINT('',(-511.8001,-88.50000000004,30.5001));
#13604 = DIRECTION('',(0.,-1.,0.));
#13605 = DIRECTION('',(-1.,0.,0.));
#13606 = ADVANCED_FACE('',(#13607),#13630,.F.);
#13607 = FACE_BOUND('',#13608,.F.);
#13608 = EDGE_LOOP('',(#13609,#13610,#13611));
#13609 = ORIENTED_EDGE('',*,*,#10911,.T.);
#13610 = ORIENTED_EDGE('',*,*,#13558,.T.);
#13611 = ORIENTED_EDGE('',*,*,#13612,.F.);
#13612 = EDGE_CURVE('',#10912,#13551,#13613,.T.);
#13613 = ( BOUNDED_CURVE() B_SPLINE_CURVE(8,(#13614,#13615,#13616,#13617
    ,#13618,#13619,#13620,#13621,#13622,#13623,#13624,#13625,#13626,
    #13627,#13628,#13629),.UNSPECIFIED.,.F.,.F.) 
B_SPLINE_CURVE_WITH_KNOTS((9,7,9),(6.5001,6.977529218685,7.45495843737),
.UNSPECIFIED.) CURVE() GEOMETRIC_REPRESENTATION_ITEM() 
RATIONAL_B_SPLINE_CURVE((1.,1.,1.,1.,1.,1.,1.,1.,1.,1.,1.,1.,1.,1.,1.,1.
)) REPRESENTATION_ITEM('') );
#13614 = CARTESIAN_POINT('',(-512.9,-104.5000000003,30.5001));
#13615 = CARTESIAN_POINT('',(-512.9,-104.5000000003,30.509907614667));
#13616 = CARTESIAN_POINT('',(-512.8971601888,-104.4997778491,
    30.519782486262));
#13617 = CARTESIAN_POINT('',(-512.8912755091,-104.4993356731,
    30.53044894237));
#13618 = CARTESIAN_POINT('',(-512.8841538709,-104.4985928986,
    30.545016693381));
#13619 = CARTESIAN_POINT('',(-512.875670568,-104.4967560647,
    30.561427446855));
#13620 = CARTESIAN_POINT('',(-512.8725746596,-104.4945469717,
    30.590555705665));
#13621 = CARTESIAN_POINT('',(-512.872021938,-104.4850830019,
    30.632857719408));
#13622 = CARTESIAN_POINT('',(-512.8711621374,-104.4453987003,
    30.733642697808));
#13623 = CARTESIAN_POINT('',(-512.8709007512,-104.4152085358,
    30.792190994014));
#13624 = CARTESIAN_POINT('',(-512.8679642449,-104.3708222495,
    30.854150864733));
#13625 = CARTESIAN_POINT('',(-512.8599488359,-104.3119225813,
    30.909801921722));
#13626 = CARTESIAN_POINT('',(-512.8476066472,-104.2415421532,
    30.953963713378));
#13627 = CARTESIAN_POINT('',(-512.8328400398,-104.1637531239,
    30.984743764111));
#13628 = CARTESIAN_POINT('',(-512.8164482046,-104.0819064818,31.));
#13629 = CARTESIAN_POINT('',(-512.8001,-104.0001000003,31.));
#13630 = ( BOUNDED_SURFACE() B_SPLINE_SURFACE(2,8,(
    (#13631,#13632,#13633,#13634,#13635,#13636,#13637,#13638,#13639
      ,#13640,#13641,#13642,#13643,#13644,#13645,#13646)
    ,(#13647,#13648,#13649,#13650,#13651,#13652,#13653,#13654,#13655
      ,#13656,#13657,#13658,#13659,#13660,#13661,#13662)
    ,(#13663,#13664,#13665,#13666,#13667,#13668,#13669,#13670,#13671
      ,#13672,#13673,#13674,#13675,#13676,#13677,#13678
)),.UNSPECIFIED.,.F.,.F.,.F.) B_SPLINE_SURFACE_WITH_KNOTS((3,3),(9,7,9),
  (0.,0.95485843737),(6.5001,6.977529218685,7.45495843737),
.UNSPECIFIED.) GEOMETRIC_REPRESENTATION_ITEM() RATIONAL_B_SPLINE_SURFACE
((
    (1.,1.,1.,1.,1.,1.,1.,1.,1.,1.,1.,1.,1.,1.,1.,1.)
    ,(0.707106781187,0.707106781187,0.702567909995,0.692448262626
      ,0.682180618163,0.666736059067,0.665937288614,0.684906951562
      ,0.751410440052,0.799088973871,0.856490193915,0.910356855827
      ,0.953865293504,0.984770033708,1.,1.)
    ,(1.,1.,1.,1.,1.,1.,1.,1.,1.,1.,1.,1.,1.,1.,1.,1.
))) REPRESENTATION_ITEM('') SURFACE() );
#13631 = CARTESIAN_POINT('',(-512.9,-104.5000000003,30.5001));
#13632 = CARTESIAN_POINT('',(-512.9,-104.5000000003,30.509907614667));
#13633 = CARTESIAN_POINT('',(-512.8971601888,-104.4997778491,
    30.519782486262));
#13634 = CARTESIAN_POINT('',(-512.8912755091,-104.4993356731,
    30.53044894237));
#13635 = CARTESIAN_POINT('',(-512.8841538709,-104.4985928986,
    30.545016693381));
#13636 = CARTESIAN_POINT('',(-512.875670568,-104.4967560647,
    30.561427446855));
#13637 = CARTESIAN_POINT('',(-512.8725746596,-104.4945469717,
    30.590555705665));
#13638 = CARTESIAN_POINT('',(-512.872021938,-104.4850830019,
    30.632857719408));
#13639 = CARTESIAN_POINT('',(-512.8711621374,-104.4453987003,
    30.733642697808));
#13640 = CARTESIAN_POINT('',(-512.8709007512,-104.4152085358,
    30.792190994014));
#13641 = CARTESIAN_POINT('',(-512.8679642449,-104.3708222495,
    30.854150864733));
#13642 = CARTESIAN_POINT('',(-512.8599488359,-104.3119225813,
    30.909801921722));
#13643 = CARTESIAN_POINT('',(-512.8476066472,-104.2415421532,
    30.953963713378));
#13644 = CARTESIAN_POINT('',(-512.8328400398,-104.1637531239,
    30.984743764111));
#13645 = CARTESIAN_POINT('',(-512.8164482046,-104.0819064818,31.));
#13646 = CARTESIAN_POINT('',(-512.8001,-104.0001000003,31.));
#13647 = CARTESIAN_POINT('',(-513.3,-104.5000000003,30.5001));
#13648 = CARTESIAN_POINT('',(-513.3,-104.5000000003,30.549177343065));
#13649 = CARTESIAN_POINT('',(-513.2979541553,-104.4979541557,
    30.598861739759));
#13650 = CARTESIAN_POINT('',(-513.2941774999,-104.4941775003,
    30.651358404293));
#13651 = CARTESIAN_POINT('',(-513.2863307497,-104.4863307501,
    30.706303710558));
#13652 = CARTESIAN_POINT('',(-513.2759187615,-104.4759187618,
    30.768408127654));
#13653 = CARTESIAN_POINT('',(-513.2546392598,-104.4546392601,
    30.823993846259));
#13654 = CARTESIAN_POINT('',(-513.2210022023,-104.4210022026,
    30.868986567836));
#13655 = CARTESIAN_POINT('',(-513.1398124668,-104.3398124671,
    30.934906816806));
#13656 = CARTESIAN_POINT('',(-513.09629745,-104.2962974504,
    30.955345030019));
#13657 = CARTESIAN_POINT('',(-513.0500994063,-104.2500994066,
    30.96848438649));
#13658 = CARTESIAN_POINT('',(-513.0015651565,-104.2015651568,
    30.980404342731));
#13659 = CARTESIAN_POINT('',(-512.9510008471,-104.1510008475,
    30.99060391563));
#13660 = CARTESIAN_POINT('',(-512.8997878129,-104.0997878133,
    30.996822690572));
#13661 = CARTESIAN_POINT('',(-512.849177343,-104.0491773434,31.));
#13662 = CARTESIAN_POINT('',(-512.8001,-104.0001000003,31.));
#13663 = CARTESIAN_POINT('',(-513.3,-104.1000000003,30.5001));
#13664 = CARTESIAN_POINT('',(-513.3,-104.1000000003,30.509907614667));
#13665 = CARTESIAN_POINT('',(-513.2997778488,-104.0971601892,
    30.519782486262));
#13666 = CARTESIAN_POINT('',(-513.2993356728,-104.0912755094,
    30.53044894237));
#13667 = CARTESIAN_POINT('',(-513.2985928983,-104.0841538712,
    30.545016693381));
#13668 = CARTESIAN_POINT('',(-513.2967560644,-104.0756705683,
    30.561427446855));
#13669 = CARTESIAN_POINT('',(-513.2945469714,-104.0725746599,
    30.590555705665));
#13670 = CARTESIAN_POINT('',(-513.2850830016,-104.0720219383,
    30.632857719408));
#13671 = CARTESIAN_POINT('',(-513.2453986999,-104.0711621377,
    30.733642697808));
#13672 = CARTESIAN_POINT('',(-513.2152085355,-104.0709007515,
    30.792190994014));
#13673 = CARTESIAN_POINT('',(-513.1708222492,-104.0679642453,
    30.854150864733));
#13674 = CARTESIAN_POINT('',(-513.1119225809,-104.0599488362,
    30.909801921722));
#13675 = CARTESIAN_POINT('',(-513.0415421529,-104.0476066476,
    30.953963713378));
#13676 = CARTESIAN_POINT('',(-512.9637531235,-104.0328400402,
    30.984743764111));
#13677 = CARTESIAN_POINT('',(-512.8819064814,-104.0164482049,31.));
#13678 = CARTESIAN_POINT('',(-512.8001,-104.0001000003,31.));
#13679 = ADVANCED_FACE('',(#13680),#13711,.T.);
#13680 = FACE_BOUND('',#13681,.F.);
#13681 = EDGE_LOOP('',(#13682,#13683,#13704,#13710));
#13682 = ORIENTED_EDGE('',*,*,#10934,.F.);
#13683 = ORIENTED_EDGE('',*,*,#13684,.T.);
#13684 = EDGE_CURVE('',#10935,#13685,#13687,.T.);
#13685 = VERTEX_POINT('',#13686);
#13686 = CARTESIAN_POINT('',(-512.8001,-88.00010000004,31.));
#13687 = ( BOUNDED_CURVE() B_SPLINE_CURVE(8,(#13688,#13689,#13690,#13691
    ,#13692,#13693,#13694,#13695,#13696,#13697,#13698,#13699,#13700,
    #13701,#13702,#13703),.UNSPECIFIED.,.F.,.F.) 
B_SPLINE_CURVE_WITH_KNOTS((9,7,9),(6.5001,6.977529218685,7.45495843737),
.UNSPECIFIED.) CURVE() GEOMETRIC_REPRESENTATION_ITEM() 
RATIONAL_B_SPLINE_CURVE((1.,1.,1.,1.,1.,1.,1.,1.,1.,1.,1.,1.,1.,1.,1.,1.
)) REPRESENTATION_ITEM('') );
#13688 = CARTESIAN_POINT('',(-512.9,-88.50000000004,30.5001));
#13689 = CARTESIAN_POINT('',(-512.9,-88.50000000004,30.509907614667));
#13690 = CARTESIAN_POINT('',(-512.8971601888,-88.49977784887,
    30.519782486262));
#13691 = CARTESIAN_POINT('',(-512.8912755091,-88.49933567287,
    30.53044894237));
#13692 = CARTESIAN_POINT('',(-512.8841538709,-88.49859289839,
    30.545016693381));
#13693 = CARTESIAN_POINT('',(-512.875670568,-88.49675606449,
    30.561427446855));
#13694 = CARTESIAN_POINT('',(-512.8725746596,-88.49454697146,
    30.590555705666));
#13695 = CARTESIAN_POINT('',(-512.872021938,-88.48508300165,
    30.632857719408));
#13696 = CARTESIAN_POINT('',(-512.8711621374,-88.44539870003,
    30.733642697808));
#13697 = CARTESIAN_POINT('',(-512.8709007512,-88.41520853558,
    30.792190994014));
#13698 = CARTESIAN_POINT('',(-512.8679642449,-88.3708222493,
    30.854150864733));
#13699 = CARTESIAN_POINT('',(-512.8599488359,-88.31192258101,
    30.909801921722));
#13700 = CARTESIAN_POINT('',(-512.8476066472,-88.24154215296,
    30.953963713378));
#13701 = CARTESIAN_POINT('',(-512.8328400398,-88.16375312361,
    30.984743764111));
#13702 = CARTESIAN_POINT('',(-512.8164482046,-88.08190648153,31.));
#13703 = CARTESIAN_POINT('',(-512.8001,-88.00010000004,31.));
#13704 = ORIENTED_EDGE('',*,*,#13705,.T.);
#13705 = EDGE_CURVE('',#13685,#13586,#13706,.T.);
#13706 = LINE('',#13707,#13708);
#13707 = CARTESIAN_POINT('',(-513.3,-88.00010000004,31.));
#13708 = VECTOR('',#13709,1.);
#13709 = DIRECTION('',(1.,0.,0.));
#13710 = ORIENTED_EDGE('',*,*,#13585,.F.);
#13711 = CYLINDRICAL_SURFACE('',#13712,0.4999);
#13712 = AXIS2_PLACEMENT_3D('',#13713,#13714,#13715);
#13713 = CARTESIAN_POINT('',(-513.3,-88.00010000004,30.5001));
#13714 = DIRECTION('',(1.,0.,0.));
#13715 = DIRECTION('',(0.,-1.,0.));
#13716 = ADVANCED_FACE('',(#13717),#13736,.T.);
#13717 = FACE_BOUND('',#13718,.F.);
#13718 = EDGE_LOOP('',(#13719,#13720,#13721,#13729));
#13719 = ORIENTED_EDGE('',*,*,#10958,.F.);
#13720 = ORIENTED_EDGE('',*,*,#13612,.T.);
#13721 = ORIENTED_EDGE('',*,*,#13722,.T.);
#13722 = EDGE_CURVE('',#13551,#13723,#13725,.T.);
#13723 = VERTEX_POINT('',#13724);
#13724 = CARTESIAN_POINT('',(-511.8001,-104.0001000003,31.));
#13725 = LINE('',#13726,#13727);
#13726 = CARTESIAN_POINT('',(-513.3,-104.0001000003,31.));
#13727 = VECTOR('',#13728,1.);
#13728 = DIRECTION('',(1.,0.,0.));
#13729 = ORIENTED_EDGE('',*,*,#13730,.F.);
#13730 = EDGE_CURVE('',#10959,#13723,#13731,.T.);
#13731 = ELLIPSE('',#13732,0.70696535983,0.4999);
#13732 = AXIS2_PLACEMENT_3D('',#13733,#13734,#13735);
#13733 = CARTESIAN_POINT('',(-511.8001,-104.0001000003,30.5001));
#13734 = DIRECTION('',(-0.707106781187,0.707106781187,0.));
#13735 = DIRECTION('',(0.707106781187,0.707106781187,0.));
#13736 = CYLINDRICAL_SURFACE('',#13737,0.4999);
#13737 = AXIS2_PLACEMENT_3D('',#13738,#13739,#13740);
#13738 = CARTESIAN_POINT('',(-513.3,-104.0001000003,30.5001));
#13739 = DIRECTION('',(1.,0.,0.));
#13740 = DIRECTION('',(0.,-1.,0.));
#13741 = ADVANCED_FACE('',(#13742),#13765,.F.);
#13742 = FACE_BOUND('',#13743,.F.);
#13743 = EDGE_LOOP('',(#13744,#13745,#13764));
#13744 = ORIENTED_EDGE('',*,*,#10991,.T.);
#13745 = ORIENTED_EDGE('',*,*,#13746,.T.);
#13746 = EDGE_CURVE('',#10984,#13685,#13747,.T.);
#13747 = ( BOUNDED_CURVE() B_SPLINE_CURVE(8,(#13748,#13749,#13750,#13751
    ,#13752,#13753,#13754,#13755,#13756,#13757,#13758,#13759,#13760,
    #13761,#13762,#13763),.UNSPECIFIED.,.F.,.F.) 
B_SPLINE_CURVE_WITH_KNOTS((9,7,9),(6.5001,6.977529218685,7.45495843737),
.UNSPECIFIED.) CURVE() GEOMETRIC_REPRESENTATION_ITEM() 
RATIONAL_B_SPLINE_CURVE((1.,1.,1.,1.,1.,1.,1.,1.,1.,1.,1.,1.,1.,1.,1.,1.
)) REPRESENTATION_ITEM('') );
#13748 = CARTESIAN_POINT('',(-513.3,-88.10000000004,30.5001));
#13749 = CARTESIAN_POINT('',(-513.3,-88.10000000004,30.509907614667));
#13750 = CARTESIAN_POINT('',(-513.2997778488,-88.09716018891,
    30.519782486262));
#13751 = CARTESIAN_POINT('',(-513.2993356728,-88.09127550917,
    30.53044894237));
#13752 = CARTESIAN_POINT('',(-513.2985928983,-88.08415387098,
    30.545016693381));
#13753 = CARTESIAN_POINT('',(-513.2967560644,-88.07567056808,
    30.561427446855));
#13754 = CARTESIAN_POINT('',(-513.2945469714,-88.07257465965,
    30.590555705666));
#13755 = CARTESIAN_POINT('',(-513.2850830016,-88.07202193806,
    30.632857719408));
#13756 = CARTESIAN_POINT('',(-513.2453986999,-88.07116213745,
    30.733642697808));
#13757 = CARTESIAN_POINT('',(-513.2152085355,-88.07090075124,
    30.792190994014));
#13758 = CARTESIAN_POINT('',(-513.1708222492,-88.067964245,
    30.854150864733));
#13759 = CARTESIAN_POINT('',(-513.1119225809,-88.05994883596,
    30.909801921722));
#13760 = CARTESIAN_POINT('',(-513.0415421529,-88.04760664733,
    30.953963713378));
#13761 = CARTESIAN_POINT('',(-512.9637531235,-88.03284003991,
    30.984743764111));
#13762 = CARTESIAN_POINT('',(-512.8819064814,-88.01644820468,31.));
#13763 = CARTESIAN_POINT('',(-512.8001,-88.00010000004,31.));
#13764 = ORIENTED_EDGE('',*,*,#13684,.F.);
#13765 = ( BOUNDED_SURFACE() B_SPLINE_SURFACE(2,8,(
    (#13766,#13767,#13768,#13769,#13770,#13771,#13772,#13773,#13774
      ,#13775,#13776,#13777,#13778,#13779,#13780,#13781)
    ,(#13782,#13783,#13784,#13785,#13786,#13787,#13788,#13789,#13790
      ,#13791,#13792,#13793,#13794,#13795,#13796,#13797)
    ,(#13798,#13799,#13800,#13801,#13802,#13803,#13804,#13805,#13806
      ,#13807,#13808,#13809,#13810,#13811,#13812,#13813
)),.UNSPECIFIED.,.F.,.F.,.F.) B_SPLINE_SURFACE_WITH_KNOTS((3,3),(9,7,9),
  (0.,0.95485843737),(6.5001,6.977529218685,7.45495843737),
.UNSPECIFIED.) GEOMETRIC_REPRESENTATION_ITEM() RATIONAL_B_SPLINE_SURFACE
((
    (1.,1.,1.,1.,1.,1.,1.,1.,1.,1.,1.,1.,1.,1.,1.,1.)
    ,(0.707106781187,0.707106781187,0.702567909995,0.692448262626
      ,0.682180618163,0.666736059067,0.665937288614,0.684906951562
      ,0.751410440052,0.799088973871,0.856490193915,0.910356855827
      ,0.953865293504,0.984770033708,1.,1.)
    ,(1.,1.,1.,1.,1.,1.,1.,1.,1.,1.,1.,1.,1.,1.,1.,1.
))) REPRESENTATION_ITEM('') SURFACE() );
#13766 = CARTESIAN_POINT('',(-512.9,-88.50000000004,30.5001));
#13767 = CARTESIAN_POINT('',(-512.9,-88.50000000004,30.509907614667));
#13768 = CARTESIAN_POINT('',(-512.8971601888,-88.49977784887,
    30.519782486262));
#13769 = CARTESIAN_POINT('',(-512.8912755091,-88.49933567287,
    30.53044894237));
#13770 = CARTESIAN_POINT('',(-512.8841538709,-88.49859289839,
    30.545016693381));
#13771 = CARTESIAN_POINT('',(-512.875670568,-88.49675606449,
    30.561427446855));
#13772 = CARTESIAN_POINT('',(-512.8725746596,-88.49454697146,
    30.590555705666));
#13773 = CARTESIAN_POINT('',(-512.872021938,-88.48508300165,
    30.632857719408));
#13774 = CARTESIAN_POINT('',(-512.8711621374,-88.44539870003,
    30.733642697808));
#13775 = CARTESIAN_POINT('',(-512.8709007512,-88.41520853558,
    30.792190994014));
#13776 = CARTESIAN_POINT('',(-512.8679642449,-88.3708222493,
    30.854150864733));
#13777 = CARTESIAN_POINT('',(-512.8599488359,-88.31192258101,
    30.909801921722));
#13778 = CARTESIAN_POINT('',(-512.8476066472,-88.24154215296,
    30.953963713378));
#13779 = CARTESIAN_POINT('',(-512.8328400398,-88.16375312361,
    30.984743764111));
#13780 = CARTESIAN_POINT('',(-512.8164482046,-88.08190648153,31.));
#13781 = CARTESIAN_POINT('',(-512.8001,-88.00010000004,31.));
#13782 = CARTESIAN_POINT('',(-513.3,-88.50000000004,30.5001));
#13783 = CARTESIAN_POINT('',(-513.3,-88.50000000004,30.549177343065));
#13784 = CARTESIAN_POINT('',(-513.2979541553,-88.49795415543,
    30.598861739759));
#13785 = CARTESIAN_POINT('',(-513.2941774999,-88.49417750002,
    30.651358404293));
#13786 = CARTESIAN_POINT('',(-513.2863307497,-88.48633074982,
    30.706303710558));
#13787 = CARTESIAN_POINT('',(-513.2759187615,-88.47591876155,
    30.768408127654));
#13788 = CARTESIAN_POINT('',(-513.2546392598,-88.45463925987,
    30.823993846259));
#13789 = CARTESIAN_POINT('',(-513.2210022023,-88.42100220238,
    30.868986567836));
#13790 = CARTESIAN_POINT('',(-513.1398124668,-88.33981246686,
    30.934906816806));
#13791 = CARTESIAN_POINT('',(-513.09629745,-88.2962974501,
    30.955345030018));
#13792 = CARTESIAN_POINT('',(-513.0500994063,-88.25009940636,
    30.96848438649));
#13793 = CARTESIAN_POINT('',(-513.0015651565,-88.20156515656,
    30.980404342731));
#13794 = CARTESIAN_POINT('',(-512.9510008471,-88.15100084722,
    30.99060391563));
#13795 = CARTESIAN_POINT('',(-512.8997878129,-88.09978781303,
    30.996822690572));
#13796 = CARTESIAN_POINT('',(-512.849177343,-88.0491773431,31.));
#13797 = CARTESIAN_POINT('',(-512.8001,-88.00010000004,31.));
#13798 = CARTESIAN_POINT('',(-513.3,-88.10000000004,30.5001));
#13799 = CARTESIAN_POINT('',(-513.3,-88.10000000004,30.509907614667));
#13800 = CARTESIAN_POINT('',(-513.2997778488,-88.09716018891,
    30.519782486262));
#13801 = CARTESIAN_POINT('',(-513.2993356728,-88.09127550917,
    30.53044894237));
#13802 = CARTESIAN_POINT('',(-513.2985928983,-88.08415387098,
    30.545016693381));
#13803 = CARTESIAN_POINT('',(-513.2967560644,-88.07567056808,
    30.561427446855));
#13804 = CARTESIAN_POINT('',(-513.2945469714,-88.07257465965,
    30.590555705666));
#13805 = CARTESIAN_POINT('',(-513.2850830016,-88.07202193806,
    30.632857719408));
#13806 = CARTESIAN_POINT('',(-513.2453986999,-88.07116213745,
    30.733642697808));
#13807 = CARTESIAN_POINT('',(-513.2152085355,-88.07090075124,
    30.792190994014));
#13808 = CARTESIAN_POINT('',(-513.1708222492,-88.067964245,
    30.854150864733));
#13809 = CARTESIAN_POINT('',(-513.1119225809,-88.05994883596,
    30.909801921722));
#13810 = CARTESIAN_POINT('',(-513.0415421529,-88.04760664733,
    30.953963713378));
#13811 = CARTESIAN_POINT('',(-512.9637531235,-88.03284003991,
    30.984743764111));
#13812 = CARTESIAN_POINT('',(-512.8819064814,-88.01644820468,31.));
#13813 = CARTESIAN_POINT('',(-512.8001,-88.00010000004,31.));
#13814 = ADVANCED_FACE('',(#13815),#13834,.T.);
#13815 = FACE_BOUND('',#13816,.F.);
#13816 = EDGE_LOOP('',(#13817,#13818,#13826,#13833));
#13817 = ORIENTED_EDGE('',*,*,#13730,.T.);
#13818 = ORIENTED_EDGE('',*,*,#13819,.T.);
#13819 = EDGE_CURVE('',#13723,#13820,#13822,.T.);
#13820 = VERTEX_POINT('',#13821);
#13821 = CARTESIAN_POINT('',(-511.8001,-105.9999000003,31.));
#13822 = LINE('',#13823,#13824);
#13823 = CARTESIAN_POINT('',(-511.8001,-104.5000000003,31.));
#13824 = VECTOR('',#13825,1.);
#13825 = DIRECTION('',(0.,-1.,0.));
#13826 = ORIENTED_EDGE('',*,*,#13827,.F.);
#13827 = EDGE_CURVE('',#11009,#13820,#13828,.T.);
#13828 = ELLIPSE('',#13829,0.70696535983,0.4999);
#13829 = AXIS2_PLACEMENT_3D('',#13830,#13831,#13832);
#13830 = CARTESIAN_POINT('',(-511.8001,-105.9999000003,30.5001));
#13831 = DIRECTION('',(0.707106781187,0.707106781187,0.));
#13832 = DIRECTION('',(0.707106781187,-0.707106781187,0.));
#13833 = ORIENTED_EDGE('',*,*,#11008,.F.);
#13834 = CYLINDRICAL_SURFACE('',#13835,0.4999);
#13835 = AXIS2_PLACEMENT_3D('',#13836,#13837,#13838);
#13836 = CARTESIAN_POINT('',(-511.8001,-104.5000000003,30.5001));
#13837 = DIRECTION('',(0.,-1.,0.));
#13838 = DIRECTION('',(-1.,0.,0.));
#13839 = ADVANCED_FACE('',(#13840),#13871,.T.);
#13840 = FACE_BOUND('',#13841,.F.);
#13841 = EDGE_LOOP('',(#13842,#13843,#13864,#13870));
#13842 = ORIENTED_EDGE('',*,*,#11031,.F.);
#13843 = ORIENTED_EDGE('',*,*,#13844,.T.);
#13844 = EDGE_CURVE('',#11032,#13845,#13847,.T.);
#13845 = VERTEX_POINT('',#13846);
#13846 = CARTESIAN_POINT('',(-512.8001,-87.9999,31.));
#13847 = ( BOUNDED_CURVE() B_SPLINE_CURVE(8,(#13848,#13849,#13850,#13851
    ,#13852,#13853,#13854,#13855,#13856,#13857,#13858,#13859,#13860,
    #13861,#13862,#13863),.UNSPECIFIED.,.F.,.F.) 
B_SPLINE_CURVE_WITH_KNOTS((9,7,9),(6.5001,6.977529218685,7.45495843737),
.UNSPECIFIED.) CURVE() GEOMETRIC_REPRESENTATION_ITEM() 
RATIONAL_B_SPLINE_CURVE((1.,1.,1.,1.,1.,1.,1.,1.,1.,1.,1.,1.,1.,1.,1.,1.
)) REPRESENTATION_ITEM('') );
#13848 = CARTESIAN_POINT('',(-513.3,-87.9,30.5001));
#13849 = CARTESIAN_POINT('',(-513.3,-87.9,30.509907614667));
#13850 = CARTESIAN_POINT('',(-513.2997778488,-87.90283981112,
    30.519782486262));
#13851 = CARTESIAN_POINT('',(-513.2993356728,-87.90872449087,
    30.53044894237));
#13852 = CARTESIAN_POINT('',(-513.2985928983,-87.91584612905,
    30.545016693381));
#13853 = CARTESIAN_POINT('',(-513.2967560644,-87.92432943196,
    30.561427446855));
#13854 = CARTESIAN_POINT('',(-513.2945469714,-87.92742534038,
    30.590555705665));
#13855 = CARTESIAN_POINT('',(-513.2850830016,-87.92797806197,
    30.632857719407));
#13856 = CARTESIAN_POINT('',(-513.2453986999,-87.92883786258,
    30.733642697808));
#13857 = CARTESIAN_POINT('',(-513.2152085355,-87.92909924879,
    30.792190994014));
#13858 = CARTESIAN_POINT('',(-513.1708222492,-87.93203575503,
    30.854150864733));
#13859 = CARTESIAN_POINT('',(-513.1119225809,-87.94005116408,
    30.909801921722));
#13860 = CARTESIAN_POINT('',(-513.0415421529,-87.95239335271,
    30.953963713378));
#13861 = CARTESIAN_POINT('',(-512.9637531235,-87.96715996012,
    30.984743764111));
#13862 = CARTESIAN_POINT('',(-512.8819064814,-87.98355179535,31.));
#13863 = CARTESIAN_POINT('',(-512.8001,-87.9999,31.));
#13864 = ORIENTED_EDGE('',*,*,#13865,.T.);
#13865 = EDGE_CURVE('',#13845,#13685,#13866,.T.);
#13866 = LINE('',#13867,#13868);
#13867 = CARTESIAN_POINT('',(-512.8001,-87.5,31.));
#13868 = VECTOR('',#13869,1.);
#13869 = DIRECTION('',(0.,-1.,0.));
#13870 = ORIENTED_EDGE('',*,*,#13746,.F.);
#13871 = CYLINDRICAL_SURFACE('',#13872,0.4999);
#13872 = AXIS2_PLACEMENT_3D('',#13873,#13874,#13875);
#13873 = CARTESIAN_POINT('',(-512.8001,-87.5,30.5001));
#13874 = DIRECTION('',(0.,-1.,0.));
#13875 = DIRECTION('',(-1.,0.,0.));
#13876 = ADVANCED_FACE('',(#13877),#13908,.T.);
#13877 = FACE_BOUND('',#13878,.F.);
#13878 = EDGE_LOOP('',(#13879,#13880,#13881,#13889));
#13879 = ORIENTED_EDGE('',*,*,#11055,.F.);
#13880 = ORIENTED_EDGE('',*,*,#13827,.T.);
#13881 = ORIENTED_EDGE('',*,*,#13882,.T.);
#13882 = EDGE_CURVE('',#13820,#13883,#13885,.T.);
#13883 = VERTEX_POINT('',#13884);
#13884 = CARTESIAN_POINT('',(-512.8001,-105.9999000003,31.));
#13885 = LINE('',#13886,#13887);
#13886 = CARTESIAN_POINT('',(-512.3,-105.9999000003,31.));
#13887 = VECTOR('',#13888,1.);
#13888 = DIRECTION('',(-1.,0.,0.));
#13889 = ORIENTED_EDGE('',*,*,#13890,.F.);
#13890 = EDGE_CURVE('',#11056,#13883,#13891,.T.);
#13891 = ( BOUNDED_CURVE() B_SPLINE_CURVE(8,(#13892,#13893,#13894,#13895
    ,#13896,#13897,#13898,#13899,#13900,#13901,#13902,#13903,#13904,
    #13905,#13906,#13907),.UNSPECIFIED.,.F.,.F.) 
B_SPLINE_CURVE_WITH_KNOTS((9,7,9),(6.5001,6.977529218685,7.45495843737),
.UNSPECIFIED.) CURVE() GEOMETRIC_REPRESENTATION_ITEM() 
RATIONAL_B_SPLINE_CURVE((1.,1.,1.,1.,1.,1.,1.,1.,1.,1.,1.,1.,1.,1.,1.,1.
)) REPRESENTATION_ITEM('') );
#13892 = CARTESIAN_POINT('',(-512.9,-105.5000000003,30.5001));
#13893 = CARTESIAN_POINT('',(-512.9,-105.5000000003,30.509907614667));
#13894 = CARTESIAN_POINT('',(-512.8971601888,-105.5002221515,
    30.519782486262));
#13895 = CARTESIAN_POINT('',(-512.8912755091,-105.5006643275,
    30.53044894237));
#13896 = CARTESIAN_POINT('',(-512.8841538709,-105.5014071019,
    30.545016693381));
#13897 = CARTESIAN_POINT('',(-512.875670568,-105.5032439358,
    30.561427446855));
#13898 = CARTESIAN_POINT('',(-512.8725746596,-105.5054530289,
    30.590555705665));
#13899 = CARTESIAN_POINT('',(-512.872021938,-105.5149169987,
    30.632857719408));
#13900 = CARTESIAN_POINT('',(-512.8711621374,-105.5546013003,
    30.733642697808));
#13901 = CARTESIAN_POINT('',(-512.8709007512,-105.5847914647,
    30.792190994014));
#13902 = CARTESIAN_POINT('',(-512.8679642449,-105.629177751,
    30.854150864733));
#13903 = CARTESIAN_POINT('',(-512.8599488359,-105.6880774193,
    30.909801921722));
#13904 = CARTESIAN_POINT('',(-512.8476066472,-105.7584578474,
    30.953963713378));
#13905 = CARTESIAN_POINT('',(-512.8328400398,-105.8362468767,
    30.984743764111));
#13906 = CARTESIAN_POINT('',(-512.8164482046,-105.9180935188,31.));
#13907 = CARTESIAN_POINT('',(-512.8001,-105.9999000003,31.));
#13908 = CYLINDRICAL_SURFACE('',#13909,0.4999);
#13909 = AXIS2_PLACEMENT_3D('',#13910,#13911,#13912);
#13910 = CARTESIAN_POINT('',(-512.3,-105.9999000003,30.5001));
#13911 = DIRECTION('',(-1.,0.,0.));
#13912 = DIRECTION('',(0.,1.,0.));
#13913 = ADVANCED_FACE('',(#13914),#13937,.F.);
#13914 = FACE_BOUND('',#13915,.F.);
#13915 = EDGE_LOOP('',(#13916,#13917,#13936));
#13916 = ORIENTED_EDGE('',*,*,#11088,.T.);
#13917 = ORIENTED_EDGE('',*,*,#13918,.T.);
#13918 = EDGE_CURVE('',#11081,#13845,#13919,.T.);
#13919 = ( BOUNDED_CURVE() B_SPLINE_CURVE(8,(#13920,#13921,#13922,#13923
    ,#13924,#13925,#13926,#13927,#13928,#13929,#13930,#13931,#13932,
    #13933,#13934,#13935),.UNSPECIFIED.,.F.,.F.) 
B_SPLINE_CURVE_WITH_KNOTS((9,7,9),(6.5001,6.977529218685,7.45495843737),
.UNSPECIFIED.) CURVE() GEOMETRIC_REPRESENTATION_ITEM() 
RATIONAL_B_SPLINE_CURVE((1.,1.,1.,1.,1.,1.,1.,1.,1.,1.,1.,1.,1.,1.,1.,1.
)) REPRESENTATION_ITEM('') );
#13920 = CARTESIAN_POINT('',(-512.9,-87.5,30.5001));
#13921 = CARTESIAN_POINT('',(-512.9,-87.5,30.509907614667));
#13922 = CARTESIAN_POINT('',(-512.8971601888,-87.50022215117,
    30.519782486262));
#13923 = CARTESIAN_POINT('',(-512.8912755091,-87.50066432717,
    30.53044894237));
#13924 = CARTESIAN_POINT('',(-512.8841538709,-87.50140710164,
    30.545016693381));
#13925 = CARTESIAN_POINT('',(-512.875670568,-87.50324393555,
    30.561427446855));
#13926 = CARTESIAN_POINT('',(-512.8725746596,-87.50545302857,
    30.590555705665));
#13927 = CARTESIAN_POINT('',(-512.872021938,-87.51491699838,
    30.632857719407));
#13928 = CARTESIAN_POINT('',(-512.8711621374,-87.5546013,30.733642697808
    ));
#13929 = CARTESIAN_POINT('',(-512.8709007512,-87.58479146446,
    30.792190994014));
#13930 = CARTESIAN_POINT('',(-512.8679642449,-87.62917775074,
    30.854150864733));
#13931 = CARTESIAN_POINT('',(-512.8599488359,-87.68807741903,
    30.909801921722));
#13932 = CARTESIAN_POINT('',(-512.8476066472,-87.75845784708,
    30.953963713378));
#13933 = CARTESIAN_POINT('',(-512.8328400398,-87.83624687642,
    30.984743764111));
#13934 = CARTESIAN_POINT('',(-512.8164482046,-87.91809351851,31.));
#13935 = CARTESIAN_POINT('',(-512.8001,-87.9999,31.));
#13936 = ORIENTED_EDGE('',*,*,#13844,.F.);
#13937 = ( BOUNDED_SURFACE() B_SPLINE_SURFACE(2,8,(
    (#13938,#13939,#13940,#13941,#13942,#13943,#13944,#13945,#13946
      ,#13947,#13948,#13949,#13950,#13951,#13952,#13953)
    ,(#13954,#13955,#13956,#13957,#13958,#13959,#13960,#13961,#13962
      ,#13963,#13964,#13965,#13966,#13967,#13968,#13969)
    ,(#13970,#13971,#13972,#13973,#13974,#13975,#13976,#13977,#13978
      ,#13979,#13980,#13981,#13982,#13983,#13984,#13985
)),.UNSPECIFIED.,.F.,.F.,.F.) B_SPLINE_SURFACE_WITH_KNOTS((3,3),(9,7,9),
  (0.,0.95485843737),(6.5001,6.977529218685,7.45495843737),
.UNSPECIFIED.) GEOMETRIC_REPRESENTATION_ITEM() RATIONAL_B_SPLINE_SURFACE
((
    (1.,1.,1.,1.,1.,1.,1.,1.,1.,1.,1.,1.,1.,1.,1.,1.)
    ,(0.707106781187,0.707106781187,0.702567909995,0.692448262626
      ,0.682180618163,0.666736059067,0.665937288614,0.684906951562
      ,0.751410440052,0.799088973871,0.856490193915,0.910356855827
      ,0.953865293504,0.984770033708,1.,1.)
    ,(1.,1.,1.,1.,1.,1.,1.,1.,1.,1.,1.,1.,1.,1.,1.,1.
))) REPRESENTATION_ITEM('') SURFACE() );
#13938 = CARTESIAN_POINT('',(-513.3,-87.9,30.5001));
#13939 = CARTESIAN_POINT('',(-513.3,-87.9,30.509907614667));
#13940 = CARTESIAN_POINT('',(-513.2997778488,-87.90283981112,
    30.519782486262));
#13941 = CARTESIAN_POINT('',(-513.2993356728,-87.90872449087,
    30.53044894237));
#13942 = CARTESIAN_POINT('',(-513.2985928983,-87.91584612905,
    30.545016693381));
#13943 = CARTESIAN_POINT('',(-513.2967560644,-87.92432943196,
    30.561427446855));
#13944 = CARTESIAN_POINT('',(-513.2945469714,-87.92742534038,
    30.590555705665));
#13945 = CARTESIAN_POINT('',(-513.2850830016,-87.92797806197,
    30.632857719407));
#13946 = CARTESIAN_POINT('',(-513.2453986999,-87.92883786258,
    30.733642697808));
#13947 = CARTESIAN_POINT('',(-513.2152085355,-87.92909924879,
    30.792190994014));
#13948 = CARTESIAN_POINT('',(-513.1708222492,-87.93203575503,
    30.854150864733));
#13949 = CARTESIAN_POINT('',(-513.1119225809,-87.94005116408,
    30.909801921722));
#13950 = CARTESIAN_POINT('',(-513.0415421529,-87.95239335271,
    30.953963713378));
#13951 = CARTESIAN_POINT('',(-512.9637531235,-87.96715996012,
    30.984743764111));
#13952 = CARTESIAN_POINT('',(-512.8819064814,-87.98355179535,31.));
#13953 = CARTESIAN_POINT('',(-512.8001,-87.9999,31.));
#13954 = CARTESIAN_POINT('',(-513.3,-87.5,30.5001));
#13955 = CARTESIAN_POINT('',(-513.3,-87.5,30.549177343065));
#13956 = CARTESIAN_POINT('',(-513.2979541553,-87.5020458446,
    30.598861739759));
#13957 = CARTESIAN_POINT('',(-513.2941774999,-87.50582250001,
    30.651358404293));
#13958 = CARTESIAN_POINT('',(-513.2863307497,-87.51366925021,
    30.706303710558));
#13959 = CARTESIAN_POINT('',(-513.2759187615,-87.52408123849,
    30.768408127654));
#13960 = CARTESIAN_POINT('',(-513.2546392598,-87.54536074016,
    30.823993846259));
#13961 = CARTESIAN_POINT('',(-513.2210022023,-87.57899779766,
    30.868986567836));
#13962 = CARTESIAN_POINT('',(-513.1398124668,-87.66018753317,
    30.934906816806));
#13963 = CARTESIAN_POINT('',(-513.09629745,-87.70370254993,
    30.955345030018));
#13964 = CARTESIAN_POINT('',(-513.0500994063,-87.74990059367,
    30.96848438649));
#13965 = CARTESIAN_POINT('',(-513.0015651565,-87.79843484347,
    30.980404342731));
#13966 = CARTESIAN_POINT('',(-512.9510008471,-87.84899915281,
    30.99060391563));
#13967 = CARTESIAN_POINT('',(-512.8997878129,-87.900212187,
    30.996822690572));
#13968 = CARTESIAN_POINT('',(-512.849177343,-87.95082265693,31.));
#13969 = CARTESIAN_POINT('',(-512.8001,-87.9999,31.));
#13970 = CARTESIAN_POINT('',(-512.9,-87.5,30.5001));
#13971 = CARTESIAN_POINT('',(-512.9,-87.5,30.509907614667));
#13972 = CARTESIAN_POINT('',(-512.8971601888,-87.50022215117,
    30.519782486262));
#13973 = CARTESIAN_POINT('',(-512.8912755091,-87.50066432717,
    30.53044894237));
#13974 = CARTESIAN_POINT('',(-512.8841538709,-87.50140710164,
    30.545016693381));
#13975 = CARTESIAN_POINT('',(-512.875670568,-87.50324393555,
    30.561427446855));
#13976 = CARTESIAN_POINT('',(-512.8725746596,-87.50545302857,
    30.590555705665));
#13977 = CARTESIAN_POINT('',(-512.872021938,-87.51491699838,
    30.632857719407));
#13978 = CARTESIAN_POINT('',(-512.8711621374,-87.5546013,30.733642697808
    ));
#13979 = CARTESIAN_POINT('',(-512.8709007512,-87.58479146446,
    30.792190994014));
#13980 = CARTESIAN_POINT('',(-512.8679642449,-87.62917775074,
    30.854150864733));
#13981 = CARTESIAN_POINT('',(-512.8599488359,-87.68807741903,
    30.909801921722));
#13982 = CARTESIAN_POINT('',(-512.8476066472,-87.75845784708,
    30.953963713378));
#13983 = CARTESIAN_POINT('',(-512.8328400398,-87.83624687642,
    30.984743764111));
#13984 = CARTESIAN_POINT('',(-512.8164482046,-87.91809351851,31.));
#13985 = CARTESIAN_POINT('',(-512.8001,-87.9999,31.));
#13986 = ADVANCED_FACE('',(#13987),#14010,.F.);
#13987 = FACE_BOUND('',#13988,.F.);
#13988 = EDGE_LOOP('',(#13989,#13990,#13991));
#13989 = ORIENTED_EDGE('',*,*,#11106,.T.);
#13990 = ORIENTED_EDGE('',*,*,#13890,.T.);
#13991 = ORIENTED_EDGE('',*,*,#13992,.F.);
#13992 = EDGE_CURVE('',#11107,#13883,#13993,.T.);
#13993 = ( BOUNDED_CURVE() B_SPLINE_CURVE(8,(#13994,#13995,#13996,#13997
    ,#13998,#13999,#14000,#14001,#14002,#14003,#14004,#14005,#14006,
    #14007,#14008,#14009),.UNSPECIFIED.,.F.,.F.) 
B_SPLINE_CURVE_WITH_KNOTS((9,7,9),(6.5001,6.977529218685,7.45495843737),
.UNSPECIFIED.) CURVE() GEOMETRIC_REPRESENTATION_ITEM() 
RATIONAL_B_SPLINE_CURVE((1.,1.,1.,1.,1.,1.,1.,1.,1.,1.,1.,1.,1.,1.,1.,1.
)) REPRESENTATION_ITEM('') );
#13994 = CARTESIAN_POINT('',(-513.3,-105.9000000003,30.5001));
#13995 = CARTESIAN_POINT('',(-513.3,-105.9000000003,30.509907614667));
#13996 = CARTESIAN_POINT('',(-513.2997778488,-105.9028398114,
    30.519782486262));
#13997 = CARTESIAN_POINT('',(-513.2993356728,-105.9087244912,
    30.53044894237));
#13998 = CARTESIAN_POINT('',(-513.2985928983,-105.9158461293,
    30.545016693381));
#13999 = CARTESIAN_POINT('',(-513.2967560644,-105.9243294322,
    30.561427446855));
#14000 = CARTESIAN_POINT('',(-513.2945469714,-105.9274253407,
    30.590555705665));
#14001 = CARTESIAN_POINT('',(-513.2850830016,-105.9279780623,
    30.632857719408));
#14002 = CARTESIAN_POINT('',(-513.2453986999,-105.9288378629,
    30.733642697808));
#14003 = CARTESIAN_POINT('',(-513.2152085355,-105.9290992491,
    30.792190994014));
#14004 = CARTESIAN_POINT('',(-513.1708222492,-105.9320357553,
    30.854150864733));
#14005 = CARTESIAN_POINT('',(-513.1119225809,-105.9400511644,
    30.909801921722));
#14006 = CARTESIAN_POINT('',(-513.0415421529,-105.952393353,
    30.953963713378));
#14007 = CARTESIAN_POINT('',(-512.9637531235,-105.9671599604,
    30.984743764111));
#14008 = CARTESIAN_POINT('',(-512.8819064814,-105.9835517956,31.));
#14009 = CARTESIAN_POINT('',(-512.8001,-105.9999000003,31.));
#14010 = ( BOUNDED_SURFACE() B_SPLINE_SURFACE(2,8,(
    (#14011,#14012,#14013,#14014,#14015,#14016,#14017,#14018,#14019
      ,#14020,#14021,#14022,#14023,#14024,#14025,#14026)
    ,(#14027,#14028,#14029,#14030,#14031,#14032,#14033,#14034,#14035
      ,#14036,#14037,#14038,#14039,#14040,#14041,#14042)
    ,(#14043,#14044,#14045,#14046,#14047,#14048,#14049,#14050,#14051
      ,#14052,#14053,#14054,#14055,#14056,#14057,#14058
)),.UNSPECIFIED.,.F.,.F.,.F.) B_SPLINE_SURFACE_WITH_KNOTS((3,3),(9,7,9),
  (0.,0.95485843737),(6.5001,6.977529218685,7.45495843737),
.UNSPECIFIED.) GEOMETRIC_REPRESENTATION_ITEM() RATIONAL_B_SPLINE_SURFACE
((
    (1.,1.,1.,1.,1.,1.,1.,1.,1.,1.,1.,1.,1.,1.,1.,1.)
    ,(0.707106781187,0.707106781187,0.702567909995,0.692448262626
      ,0.682180618163,0.666736059067,0.665937288614,0.684906951562
      ,0.751410440052,0.799088973871,0.856490193915,0.910356855827
      ,0.953865293504,0.984770033708,1.,1.)
    ,(1.,1.,1.,1.,1.,1.,1.,1.,1.,1.,1.,1.,1.,1.,1.,1.
))) REPRESENTATION_ITEM('') SURFACE() );
#14011 = CARTESIAN_POINT('',(-513.3,-105.9000000003,30.5001));
#14012 = CARTESIAN_POINT('',(-513.3,-105.9000000003,30.509907614667));
#14013 = CARTESIAN_POINT('',(-513.2997778488,-105.9028398114,
    30.519782486262));
#14014 = CARTESIAN_POINT('',(-513.2993356728,-105.9087244912,
    30.53044894237));
#14015 = CARTESIAN_POINT('',(-513.2985928983,-105.9158461293,
    30.545016693381));
#14016 = CARTESIAN_POINT('',(-513.2967560644,-105.9243294322,
    30.561427446855));
#14017 = CARTESIAN_POINT('',(-513.2945469714,-105.9274253407,
    30.590555705665));
#14018 = CARTESIAN_POINT('',(-513.2850830016,-105.9279780623,
    30.632857719408));
#14019 = CARTESIAN_POINT('',(-513.2453986999,-105.9288378629,
    30.733642697808));
#14020 = CARTESIAN_POINT('',(-513.2152085355,-105.9290992491,
    30.792190994014));
#14021 = CARTESIAN_POINT('',(-513.1708222492,-105.9320357553,
    30.854150864733));
#14022 = CARTESIAN_POINT('',(-513.1119225809,-105.9400511644,
    30.909801921722));
#14023 = CARTESIAN_POINT('',(-513.0415421529,-105.952393353,
    30.953963713378));
#14024 = CARTESIAN_POINT('',(-512.9637531235,-105.9671599604,
    30.984743764111));
#14025 = CARTESIAN_POINT('',(-512.8819064814,-105.9835517956,31.));
#14026 = CARTESIAN_POINT('',(-512.8001,-105.9999000003,31.));
#14027 = CARTESIAN_POINT('',(-513.3,-105.5000000003,30.5001));
#14028 = CARTESIAN_POINT('',(-513.3,-105.5000000003,30.549177343065));
#14029 = CARTESIAN_POINT('',(-513.2979541553,-105.5020458449,
    30.598861739759));
#14030 = CARTESIAN_POINT('',(-513.2941774999,-105.5058225003,
    30.651358404293));
#14031 = CARTESIAN_POINT('',(-513.2863307497,-105.5136692505,
    30.706303710558));
#14032 = CARTESIAN_POINT('',(-513.2759187615,-105.5240812388,
    30.768408127654));
#14033 = CARTESIAN_POINT('',(-513.2546392598,-105.5453607405,
    30.823993846259));
#14034 = CARTESIAN_POINT('',(-513.2210022023,-105.5789977979,
    30.868986567836));
#14035 = CARTESIAN_POINT('',(-513.1398124668,-105.6601875335,
    30.934906816806));
#14036 = CARTESIAN_POINT('',(-513.09629745,-105.7037025502,
    30.955345030018));
#14037 = CARTESIAN_POINT('',(-513.0500994063,-105.749900594,
    30.96848438649));
#14038 = CARTESIAN_POINT('',(-513.0015651565,-105.7984348438,
    30.980404342731));
#14039 = CARTESIAN_POINT('',(-512.9510008471,-105.8489991531,
    30.99060391563));
#14040 = CARTESIAN_POINT('',(-512.8997878129,-105.9002121873,
    30.996822690572));
#14041 = CARTESIAN_POINT('',(-512.849177343,-105.9508226572,31.));
#14042 = CARTESIAN_POINT('',(-512.8001,-105.9999000003,31.));
#14043 = CARTESIAN_POINT('',(-512.9,-105.5000000003,30.5001));
#14044 = CARTESIAN_POINT('',(-512.9,-105.5000000003,30.509907614667));
#14045 = CARTESIAN_POINT('',(-512.8971601888,-105.5002221515,
    30.519782486262));
#14046 = CARTESIAN_POINT('',(-512.8912755091,-105.5006643275,
    30.53044894237));
#14047 = CARTESIAN_POINT('',(-512.8841538709,-105.5014071019,
    30.545016693381));
#14048 = CARTESIAN_POINT('',(-512.875670568,-105.5032439358,
    30.561427446855));
#14049 = CARTESIAN_POINT('',(-512.8725746596,-105.5054530289,
    30.590555705665));
#14050 = CARTESIAN_POINT('',(-512.872021938,-105.5149169987,
    30.632857719408));
#14051 = CARTESIAN_POINT('',(-512.8711621374,-105.5546013003,
    30.733642697808));
#14052 = CARTESIAN_POINT('',(-512.8709007512,-105.5847914647,
    30.792190994014));
#14053 = CARTESIAN_POINT('',(-512.8679642449,-105.629177751,
    30.854150864733));
#14054 = CARTESIAN_POINT('',(-512.8599488359,-105.6880774193,
    30.909801921722));
#14055 = CARTESIAN_POINT('',(-512.8476066472,-105.7584578474,
    30.953963713378));
#14056 = CARTESIAN_POINT('',(-512.8328400398,-105.8362468767,
    30.984743764111));
#14057 = CARTESIAN_POINT('',(-512.8164482046,-105.9180935188,31.));
#14058 = CARTESIAN_POINT('',(-512.8001,-105.9999000003,31.));
#14059 = ADVANCED_FACE('',(#14060),#14071,.T.);
#14060 = FACE_BOUND('',#14061,.T.);
#14061 = EDGE_LOOP('',(#14062,#14063,#14064,#14070));
#14062 = ORIENTED_EDGE('',*,*,#11130,.F.);
#14063 = ORIENTED_EDGE('',*,*,#13918,.T.);
#14064 = ORIENTED_EDGE('',*,*,#14065,.T.);
#14065 = EDGE_CURVE('',#13845,#11702,#14066,.T.);
#14066 = LINE('',#14067,#14068);
#14067 = CARTESIAN_POINT('',(-513.3,-87.9999,31.));
#14068 = VECTOR('',#14069,1.);
#14069 = DIRECTION('',(1.,0.,0.));
#14070 = ORIENTED_EDGE('',*,*,#11701,.F.);
#14071 = CYLINDRICAL_SURFACE('',#14072,0.4999);
#14072 = AXIS2_PLACEMENT_3D('',#14073,#14074,#14075);
#14073 = CARTESIAN_POINT('',(-513.3,-87.9999,30.5001));
#14074 = DIRECTION('',(1.,0.,0.));
#14075 = DIRECTION('',(0.,1.,0.));
#14076 = ADVANCED_FACE('',(#14077),#14108,.T.);
#14077 = FACE_BOUND('',#14078,.F.);
#14078 = EDGE_LOOP('',(#14079,#14080,#14081,#14089));
#14079 = ORIENTED_EDGE('',*,*,#11147,.F.);
#14080 = ORIENTED_EDGE('',*,*,#13992,.T.);
#14081 = ORIENTED_EDGE('',*,*,#14082,.T.);
#14082 = EDGE_CURVE('',#13883,#14083,#14085,.T.);
#14083 = VERTEX_POINT('',#14084);
#14084 = CARTESIAN_POINT('',(-512.8001,-106.0001000003,31.));
#14085 = LINE('',#14086,#14087);
#14086 = CARTESIAN_POINT('',(-512.8001,-105.5000000003,31.));
#14087 = VECTOR('',#14088,1.);
#14088 = DIRECTION('',(0.,-1.,0.));
#14089 = ORIENTED_EDGE('',*,*,#14090,.F.);
#14090 = EDGE_CURVE('',#11148,#14083,#14091,.T.);
#14091 = ( BOUNDED_CURVE() B_SPLINE_CURVE(8,(#14092,#14093,#14094,#14095
    ,#14096,#14097,#14098,#14099,#14100,#14101,#14102,#14103,#14104,
    #14105,#14106,#14107),.UNSPECIFIED.,.F.,.F.) 
B_SPLINE_CURVE_WITH_KNOTS((9,7,9),(6.5001,6.977529218685,7.45495843737),
.UNSPECIFIED.) CURVE() GEOMETRIC_REPRESENTATION_ITEM() 
RATIONAL_B_SPLINE_CURVE((1.,1.,1.,1.,1.,1.,1.,1.,1.,1.,1.,1.,1.,1.,1.,1.
)) REPRESENTATION_ITEM('') );
#14092 = CARTESIAN_POINT('',(-513.3,-106.1000000003,30.5001));
#14093 = CARTESIAN_POINT('',(-513.3,-106.1000000003,30.509907614667));
#14094 = CARTESIAN_POINT('',(-513.2997778488,-106.0971601891,
    30.519782486262));
#14095 = CARTESIAN_POINT('',(-513.2993356728,-106.0912755094,
    30.53044894237));
#14096 = CARTESIAN_POINT('',(-513.2985928983,-106.0841538712,
    30.545016693381));
#14097 = CARTESIAN_POINT('',(-513.2967560644,-106.0756705683,
    30.561427446855));
#14098 = CARTESIAN_POINT('',(-513.2945469714,-106.0725746599,
    30.590555705665));
#14099 = CARTESIAN_POINT('',(-513.2850830016,-106.0720219383,
    30.632857719408));
#14100 = CARTESIAN_POINT('',(-513.2453986999,-106.0711621377,
    30.733642697808));
#14101 = CARTESIAN_POINT('',(-513.2152085355,-106.0709007515,
    30.792190994014));
#14102 = CARTESIAN_POINT('',(-513.1708222492,-106.0679642452,
    30.854150864733));
#14103 = CARTESIAN_POINT('',(-513.1119225809,-106.0599488362,
    30.909801921722));
#14104 = CARTESIAN_POINT('',(-513.0415421529,-106.0476066476,
    30.953963713378));
#14105 = CARTESIAN_POINT('',(-512.9637531235,-106.0328400401,
    30.984743764111));
#14106 = CARTESIAN_POINT('',(-512.8819064814,-106.0164482049,31.));
#14107 = CARTESIAN_POINT('',(-512.8001,-106.0001000003,31.));
#14108 = CYLINDRICAL_SURFACE('',#14109,0.4999);
#14109 = AXIS2_PLACEMENT_3D('',#14110,#14111,#14112);
#14110 = CARTESIAN_POINT('',(-512.8001,-105.5000000003,30.5001));
#14111 = DIRECTION('',(0.,-1.,0.));
#14112 = DIRECTION('',(-1.,0.,0.));
#14113 = ADVANCED_FACE('',(#14114),#14137,.F.);
#14114 = FACE_BOUND('',#14115,.F.);
#14115 = EDGE_LOOP('',(#14116,#14117,#14118));
#14116 = ORIENTED_EDGE('',*,*,#11173,.T.);
#14117 = ORIENTED_EDGE('',*,*,#14090,.T.);
#14118 = ORIENTED_EDGE('',*,*,#14119,.F.);
#14119 = EDGE_CURVE('',#11174,#14083,#14120,.T.);
#14120 = ( BOUNDED_CURVE() B_SPLINE_CURVE(8,(#14121,#14122,#14123,#14124
    ,#14125,#14126,#14127,#14128,#14129,#14130,#14131,#14132,#14133,
    #14134,#14135,#14136),.UNSPECIFIED.,.F.,.F.) 
B_SPLINE_CURVE_WITH_KNOTS((9,7,9),(6.5001,6.977529218685,7.45495843737),
.UNSPECIFIED.) CURVE() GEOMETRIC_REPRESENTATION_ITEM() 
RATIONAL_B_SPLINE_CURVE((1.,1.,1.,1.,1.,1.,1.,1.,1.,1.,1.,1.,1.,1.,1.,1.
)) REPRESENTATION_ITEM('') );
#14121 = CARTESIAN_POINT('',(-512.9,-106.5000000003,30.5001));
#14122 = CARTESIAN_POINT('',(-512.9,-106.5000000003,30.509907614667));
#14123 = CARTESIAN_POINT('',(-512.8971601888,-106.4997778491,
    30.519782486262));
#14124 = CARTESIAN_POINT('',(-512.8912755091,-106.4993356731,
    30.53044894237));
#14125 = CARTESIAN_POINT('',(-512.8841538709,-106.4985928986,
    30.545016693381));
#14126 = CARTESIAN_POINT('',(-512.875670568,-106.4967560647,
    30.561427446855));
#14127 = CARTESIAN_POINT('',(-512.8725746596,-106.4945469717,
    30.590555705665));
#14128 = CARTESIAN_POINT('',(-512.872021938,-106.4850830019,
    30.632857719408));
#14129 = CARTESIAN_POINT('',(-512.8711621374,-106.4453987003,
    30.733642697808));
#14130 = CARTESIAN_POINT('',(-512.8709007512,-106.4152085358,
    30.792190994014));
#14131 = CARTESIAN_POINT('',(-512.8679642449,-106.3708222495,
    30.854150864733));
#14132 = CARTESIAN_POINT('',(-512.8599488359,-106.3119225812,
    30.909801921722));
#14133 = CARTESIAN_POINT('',(-512.8476066472,-106.2415421532,
    30.953963713378));
#14134 = CARTESIAN_POINT('',(-512.8328400398,-106.1637531238,
    30.984743764111));
#14135 = CARTESIAN_POINT('',(-512.8164482046,-106.0819064818,31.));
#14136 = CARTESIAN_POINT('',(-512.8001,-106.0001000003,31.));
#14137 = ( BOUNDED_SURFACE() B_SPLINE_SURFACE(2,8,(
    (#14138,#14139,#14140,#14141,#14142,#14143,#14144,#14145,#14146
      ,#14147,#14148,#14149,#14150,#14151,#14152,#14153)
    ,(#14154,#14155,#14156,#14157,#14158,#14159,#14160,#14161,#14162
      ,#14163,#14164,#14165,#14166,#14167,#14168,#14169)
    ,(#14170,#14171,#14172,#14173,#14174,#14175,#14176,#14177,#14178
      ,#14179,#14180,#14181,#14182,#14183,#14184,#14185
)),.UNSPECIFIED.,.F.,.F.,.F.) B_SPLINE_SURFACE_WITH_KNOTS((3,3),(9,7,9),
  (0.,0.95485843737),(6.5001,6.977529218685,7.45495843737),
.UNSPECIFIED.) GEOMETRIC_REPRESENTATION_ITEM() RATIONAL_B_SPLINE_SURFACE
((
    (1.,1.,1.,1.,1.,1.,1.,1.,1.,1.,1.,1.,1.,1.,1.,1.)
    ,(0.707106781187,0.707106781187,0.702567909995,0.692448262626
      ,0.682180618163,0.666736059067,0.665937288614,0.684906951562
      ,0.751410440052,0.799088973871,0.856490193915,0.910356855827
      ,0.953865293504,0.984770033708,1.,1.)
    ,(1.,1.,1.,1.,1.,1.,1.,1.,1.,1.,1.,1.,1.,1.,1.,1.
))) REPRESENTATION_ITEM('') SURFACE() );
#14138 = CARTESIAN_POINT('',(-512.9,-106.5000000003,30.5001));
#14139 = CARTESIAN_POINT('',(-512.9,-106.5000000003,30.509907614667));
#14140 = CARTESIAN_POINT('',(-512.8971601888,-106.4997778491,
    30.519782486262));
#14141 = CARTESIAN_POINT('',(-512.8912755091,-106.4993356731,
    30.53044894237));
#14142 = CARTESIAN_POINT('',(-512.8841538709,-106.4985928986,
    30.545016693381));
#14143 = CARTESIAN_POINT('',(-512.875670568,-106.4967560647,
    30.561427446855));
#14144 = CARTESIAN_POINT('',(-512.8725746596,-106.4945469717,
    30.590555705665));
#14145 = CARTESIAN_POINT('',(-512.872021938,-106.4850830019,
    30.632857719408));
#14146 = CARTESIAN_POINT('',(-512.8711621374,-106.4453987003,
    30.733642697808));
#14147 = CARTESIAN_POINT('',(-512.8709007512,-106.4152085358,
    30.792190994014));
#14148 = CARTESIAN_POINT('',(-512.8679642449,-106.3708222495,
    30.854150864733));
#14149 = CARTESIAN_POINT('',(-512.8599488359,-106.3119225812,
    30.909801921722));
#14150 = CARTESIAN_POINT('',(-512.8476066472,-106.2415421532,
    30.953963713378));
#14151 = CARTESIAN_POINT('',(-512.8328400398,-106.1637531238,
    30.984743764111));
#14152 = CARTESIAN_POINT('',(-512.8164482046,-106.0819064818,31.));
#14153 = CARTESIAN_POINT('',(-512.8001,-106.0001000003,31.));
#14154 = CARTESIAN_POINT('',(-513.3,-106.5000000003,30.5001));
#14155 = CARTESIAN_POINT('',(-513.3,-106.5000000003,30.549177343065));
#14156 = CARTESIAN_POINT('',(-513.2979541553,-106.4979541557,
    30.598861739759));
#14157 = CARTESIAN_POINT('',(-513.2941774999,-106.4941775003,
    30.651358404293));
#14158 = CARTESIAN_POINT('',(-513.2863307497,-106.4863307501,
    30.706303710558));
#14159 = CARTESIAN_POINT('',(-513.2759187615,-106.4759187618,
    30.768408127654));
#14160 = CARTESIAN_POINT('',(-513.2546392598,-106.4546392601,
    30.823993846259));
#14161 = CARTESIAN_POINT('',(-513.2210022023,-106.4210022026,
    30.868986567836));
#14162 = CARTESIAN_POINT('',(-513.1398124668,-106.3398124671,
    30.934906816806));
#14163 = CARTESIAN_POINT('',(-513.09629745,-106.2962974503,
    30.955345030018));
#14164 = CARTESIAN_POINT('',(-513.0500994063,-106.2500994066,
    30.96848438649));
#14165 = CARTESIAN_POINT('',(-513.0015651565,-106.2015651568,
    30.980404342731));
#14166 = CARTESIAN_POINT('',(-512.9510008471,-106.1510008475,
    30.99060391563));
#14167 = CARTESIAN_POINT('',(-512.8997878129,-106.0997878133,
    30.996822690572));
#14168 = CARTESIAN_POINT('',(-512.849177343,-106.0491773433,31.));
#14169 = CARTESIAN_POINT('',(-512.8001,-106.0001000003,31.));
#14170 = CARTESIAN_POINT('',(-513.3,-106.1000000003,30.5001));
#14171 = CARTESIAN_POINT('',(-513.3,-106.1000000003,30.509907614667));
#14172 = CARTESIAN_POINT('',(-513.2997778488,-106.0971601891,
    30.519782486262));
#14173 = CARTESIAN_POINT('',(-513.2993356728,-106.0912755094,
    30.53044894237));
#14174 = CARTESIAN_POINT('',(-513.2985928983,-106.0841538712,
    30.545016693381));
#14175 = CARTESIAN_POINT('',(-513.2967560644,-106.0756705683,
    30.561427446855));
#14176 = CARTESIAN_POINT('',(-513.2945469714,-106.0725746599,
    30.590555705665));
#14177 = CARTESIAN_POINT('',(-513.2850830016,-106.0720219383,
    30.632857719408));
#14178 = CARTESIAN_POINT('',(-513.2453986999,-106.0711621377,
    30.733642697808));
#14179 = CARTESIAN_POINT('',(-513.2152085355,-106.0709007515,
    30.792190994014));
#14180 = CARTESIAN_POINT('',(-513.1708222492,-106.0679642452,
    30.854150864733));
#14181 = CARTESIAN_POINT('',(-513.1119225809,-106.0599488362,
    30.909801921722));
#14182 = CARTESIAN_POINT('',(-513.0415421529,-106.0476066476,
    30.953963713378));
#14183 = CARTESIAN_POINT('',(-512.9637531235,-106.0328400401,
    30.984743764111));
#14184 = CARTESIAN_POINT('',(-512.8819064814,-106.0164482049,31.));
#14185 = CARTESIAN_POINT('',(-512.8001,-106.0001000003,31.));
#14186 = ADVANCED_FACE('',(#14187),#14206,.T.);
#14187 = FACE_BOUND('',#14188,.F.);
#14188 = EDGE_LOOP('',(#14189,#14190,#14191,#14199));
#14189 = ORIENTED_EDGE('',*,*,#11196,.F.);
#14190 = ORIENTED_EDGE('',*,*,#14119,.T.);
#14191 = ORIENTED_EDGE('',*,*,#14192,.T.);
#14192 = EDGE_CURVE('',#14083,#14193,#14195,.T.);
#14193 = VERTEX_POINT('',#14194);
#14194 = CARTESIAN_POINT('',(-511.8001,-106.0001000003,31.));
#14195 = LINE('',#14196,#14197);
#14196 = CARTESIAN_POINT('',(-513.3,-106.0001000003,31.));
#14197 = VECTOR('',#14198,1.);
#14198 = DIRECTION('',(1.,0.,0.));
#14199 = ORIENTED_EDGE('',*,*,#14200,.F.);
#14200 = EDGE_CURVE('',#11197,#14193,#14201,.T.);
#14201 = ELLIPSE('',#14202,0.70696535983,0.4999);
#14202 = AXIS2_PLACEMENT_3D('',#14203,#14204,#14205);
#14203 = CARTESIAN_POINT('',(-511.8001,-106.0001000003,30.5001));
#14204 = DIRECTION('',(-0.707106781187,0.707106781187,0.));
#14205 = DIRECTION('',(0.707106781187,0.707106781187,0.));
#14206 = CYLINDRICAL_SURFACE('',#14207,0.4999);
#14207 = AXIS2_PLACEMENT_3D('',#14208,#14209,#14210);
#14208 = CARTESIAN_POINT('',(-513.3,-106.0001000003,30.5001));
#14209 = DIRECTION('',(1.,0.,0.));
#14210 = DIRECTION('',(0.,-1.,0.));
#14211 = ADVANCED_FACE('',(#14212),#14224,.T.);
#14212 = FACE_BOUND('',#14213,.T.);
#14213 = EDGE_LOOP('',(#14214,#14215,#14216,#14223));
#14214 = ORIENTED_EDGE('',*,*,#11222,.T.);
#14215 = ORIENTED_EDGE('',*,*,#11657,.T.);
#14216 = ORIENTED_EDGE('',*,*,#14217,.F.);
#14217 = EDGE_CURVE('',#11624,#11648,#14218,.T.);
#14218 = CIRCLE('',#14219,0.4);
#14219 = AXIS2_PLACEMENT_3D('',#14220,#14221,#14222);
#14220 = CARTESIAN_POINT('',(-514.4,-87.9,30.5001));
#14221 = DIRECTION('',(0.,0.,1.));
#14222 = DIRECTION('',(1.,0.,-0.));
#14223 = ORIENTED_EDGE('',*,*,#11633,.F.);
#14224 = CYLINDRICAL_SURFACE('',#14225,0.4);
#14225 = AXIS2_PLACEMENT_3D('',#14226,#14227,#14228);
#14226 = CARTESIAN_POINT('',(-514.4,-87.9,29.5));
#14227 = DIRECTION('',(0.,0.,1.));
#14228 = DIRECTION('',(1.,0.,-0.));
#14229 = ADVANCED_FACE('',(#14230),#14241,.T.);
#14230 = FACE_BOUND('',#14231,.F.);
#14231 = EDGE_LOOP('',(#14232,#14233,#14239,#14240));
#14232 = ORIENTED_EDGE('',*,*,#14200,.T.);
#14233 = ORIENTED_EDGE('',*,*,#14234,.T.);
#14234 = EDGE_CURVE('',#14193,#11410,#14235,.T.);
#14235 = LINE('',#14236,#14237);
#14236 = CARTESIAN_POINT('',(-511.8001,-106.5000000003,31.));
#14237 = VECTOR('',#14238,1.);
#14238 = DIRECTION('',(0.,-1.,0.));
#14239 = ORIENTED_EDGE('',*,*,#11417,.F.);
#14240 = ORIENTED_EDGE('',*,*,#11239,.F.);
#14241 = CYLINDRICAL_SURFACE('',#14242,0.4999);
#14242 = AXIS2_PLACEMENT_3D('',#14243,#14244,#14245);
#14243 = CARTESIAN_POINT('',(-511.8001,-106.5000000003,30.5001));
#14244 = DIRECTION('',(0.,-1.,0.));
#14245 = DIRECTION('',(-1.,0.,0.));
#14246 = ADVANCED_FACE('',(#14247),#14266,.F.);
#14247 = FACE_BOUND('',#14248,.T.);
#14248 = EDGE_LOOP('',(#14249,#14257,#14258,#14259));
#14249 = ORIENTED_EDGE('',*,*,#14250,.F.);
#14250 = EDGE_CURVE('',#11332,#14251,#14253,.T.);
#14251 = VERTEX_POINT('',#14252);
#14252 = CARTESIAN_POINT('',(-516.55,-97.5,30.5001));
#14253 = LINE('',#14254,#14255);
#14254 = CARTESIAN_POINT('',(-516.55,-97.5,29.5));
#14255 = VECTOR('',#14256,1.);
#14256 = DIRECTION('',(0.,0.,1.));
#14257 = ORIENTED_EDGE('',*,*,#11331,.F.);
#14258 = ORIENTED_EDGE('',*,*,#14250,.T.);
#14259 = ORIENTED_EDGE('',*,*,#14260,.F.);
#14260 = EDGE_CURVE('',#14251,#14251,#14261,.T.);
#14261 = CIRCLE('',#14262,1.7);
#14262 = AXIS2_PLACEMENT_3D('',#14263,#14264,#14265);
#14263 = CARTESIAN_POINT('',(-518.25,-97.5,30.5001));
#14264 = DIRECTION('',(0.,0.,-1.));
#14265 = DIRECTION('',(1.,0.,0.));
#14266 = CYLINDRICAL_SURFACE('',#14267,1.7);
#14267 = AXIS2_PLACEMENT_3D('',#14268,#14269,#14270);
#14268 = CARTESIAN_POINT('',(-518.25,-97.5,29.5));
#14269 = DIRECTION('',(-0.,-0.,-1.));
#14270 = DIRECTION('',(1.,0.,0.));
#14271 = ADVANCED_FACE('',(#14272),#14293,.T.);
#14272 = FACE_BOUND('',#14273,.T.);
#14273 = EDGE_LOOP('',(#14274,#14275,#14276,#14277,#14278,#14279,#14280,
    #14281,#14282,#14283,#14284,#14285,#14286,#14287,#14288,#14289,
    #14290,#14291,#14292));
#14274 = ORIENTED_EDGE('',*,*,#12200,.T.);
#14275 = ORIENTED_EDGE('',*,*,#12262,.T.);
#14276 = ORIENTED_EDGE('',*,*,#12470,.T.);
#14277 = ORIENTED_EDGE('',*,*,#12642,.T.);
#14278 = ORIENTED_EDGE('',*,*,#12739,.T.);
#14279 = ORIENTED_EDGE('',*,*,#12802,.T.);
#14280 = ORIENTED_EDGE('',*,*,#13010,.T.);
#14281 = ORIENTED_EDGE('',*,*,#13182,.T.);
#14282 = ORIENTED_EDGE('',*,*,#13279,.T.);
#14283 = ORIENTED_EDGE('',*,*,#13342,.T.);
#14284 = ORIENTED_EDGE('',*,*,#13550,.T.);
#14285 = ORIENTED_EDGE('',*,*,#13722,.T.);
#14286 = ORIENTED_EDGE('',*,*,#13819,.T.);
#14287 = ORIENTED_EDGE('',*,*,#13882,.T.);
#14288 = ORIENTED_EDGE('',*,*,#14082,.T.);
#14289 = ORIENTED_EDGE('',*,*,#14192,.T.);
#14290 = ORIENTED_EDGE('',*,*,#14234,.T.);
#14291 = ORIENTED_EDGE('',*,*,#11409,.F.);
#14292 = ORIENTED_EDGE('',*,*,#12000,.F.);
#14293 = PLANE('',#14294);
#14294 = AXIS2_PLACEMENT_3D('',#14295,#14296,#14297);
#14295 = CARTESIAN_POINT('',(-511.8714285714,-97.35714285724,31.));
#14296 = DIRECTION('',(0.,0.,1.));
#14297 = DIRECTION('',(1.,0.,0.));
#14298 = ADVANCED_FACE('',(#14299),#14318,.T.);
#14299 = FACE_BOUND('',#14300,.F.);
#14300 = EDGE_LOOP('',(#14301,#14302,#14310,#14317));
#14301 = ORIENTED_EDGE('',*,*,#11474,.T.);
#14302 = ORIENTED_EDGE('',*,*,#14303,.T.);
#14303 = EDGE_CURVE('',#11467,#14304,#14306,.T.);
#14304 = VERTEX_POINT('',#14305);
#14305 = CARTESIAN_POINT('',(-507.5999,-88.4999,31.));
#14306 = LINE('',#14307,#14308);
#14307 = CARTESIAN_POINT('',(-507.5999,-107.5,31.));
#14308 = VECTOR('',#14309,1.);
#14309 = DIRECTION('',(0.,1.,0.));
#14310 = ORIENTED_EDGE('',*,*,#14311,.T.);
#14311 = EDGE_CURVE('',#14304,#11434,#14312,.T.);
#14312 = ELLIPSE('',#14313,1.414072141017,0.9999);
#14313 = AXIS2_PLACEMENT_3D('',#14314,#14315,#14316);
#14314 = CARTESIAN_POINT('',(-507.5999,-88.4999,30.0001));
#14315 = DIRECTION('',(-0.707106781187,0.707106781187,0.));
#14316 = DIRECTION('',(-0.707106781187,-0.707106781187,0.));
#14317 = ORIENTED_EDGE('',*,*,#11443,.F.);
#14318 = CYLINDRICAL_SURFACE('',#14319,0.9999);
#14319 = AXIS2_PLACEMENT_3D('',#14320,#14321,#14322);
#14320 = CARTESIAN_POINT('',(-507.5999,-107.5,30.0001));
#14321 = DIRECTION('',(0.,1.,0.));
#14322 = DIRECTION('',(1.,0.,0.));
#14323 = ADVANCED_FACE('',(#14324),#14335,.T.);
#14324 = FACE_BOUND('',#14325,.T.);
#14325 = EDGE_LOOP('',(#14326,#14332,#14333,#14334));
#14326 = ORIENTED_EDGE('',*,*,#14327,.T.);
#14327 = EDGE_CURVE('',#14304,#11856,#14328,.T.);
#14328 = LINE('',#14329,#14330);
#14329 = CARTESIAN_POINT('',(-506.6,-88.4999,31.));
#14330 = VECTOR('',#14331,1.);
#14331 = DIRECTION('',(-1.,0.,0.));
#14332 = ORIENTED_EDGE('',*,*,#11864,.T.);
#14333 = ORIENTED_EDGE('',*,*,#11466,.T.);
#14334 = ORIENTED_EDGE('',*,*,#14303,.T.);
#14335 = PLANE('',#14336);
#14336 = AXIS2_PLACEMENT_3D('',#14337,#14338,#14339);
#14337 = CARTESIAN_POINT('',(-511.8714285714,-97.35714285724,31.));
#14338 = DIRECTION('',(0.,0.,1.));
#14339 = DIRECTION('',(1.,0.,0.));
#14340 = ADVANCED_FACE('',(#14341),#14365,.T.);
#14341 = FACE_BOUND('',#14342,.T.);
#14342 = EDGE_LOOP('',(#14343,#14344,#14363,#14364));
#14343 = ORIENTED_EDGE('',*,*,#11623,.F.);
#14344 = ORIENTED_EDGE('',*,*,#14345,.T.);
#14345 = EDGE_CURVE('',#11624,#11589,#14346,.T.);
#14346 = ( BOUNDED_CURVE() B_SPLINE_CURVE(8,(#14347,#14348,#14349,#14350
    ,#14351,#14352,#14353,#14354,#14355,#14356,#14357,#14358,#14359,
    #14360,#14361,#14362),.UNSPECIFIED.,.F.,.F.) 
B_SPLINE_CURVE_WITH_KNOTS((9,7,9),(6.5001,6.977529218685,7.45495843737),
.UNSPECIFIED.) CURVE() GEOMETRIC_REPRESENTATION_ITEM() 
RATIONAL_B_SPLINE_CURVE((1.,1.,1.,1.,1.,1.,1.,1.,1.,1.,1.,1.,1.,1.,1.,1.
)) REPRESENTATION_ITEM('') );
#14347 = CARTESIAN_POINT('',(-514.,-87.9,30.5001));
#14348 = CARTESIAN_POINT('',(-514.,-87.9,30.509907614667));
#14349 = CARTESIAN_POINT('',(-514.0002221511,-87.90283981112,
    30.519782486262));
#14350 = CARTESIAN_POINT('',(-514.0006643271,-87.90872449087,
    30.53044894237));
#14351 = CARTESIAN_POINT('',(-514.0014071016,-87.91584612905,
    30.545016693381));
#14352 = CARTESIAN_POINT('',(-514.0032439355,-87.92432943196,
    30.561427446855));
#14353 = CARTESIAN_POINT('',(-514.0054530285,-87.92742534038,
    30.590555705666));
#14354 = CARTESIAN_POINT('',(-514.0149169983,-87.92797806197,
    30.632857719407));
#14355 = CARTESIAN_POINT('',(-514.0546013,-87.92883786258,
    30.733642697808));
#14356 = CARTESIAN_POINT('',(-514.0847914644,-87.92909924879,
    30.792190994014));
#14357 = CARTESIAN_POINT('',(-514.1291777507,-87.93203575503,
    30.854150864733));
#14358 = CARTESIAN_POINT('',(-514.188077419,-87.94005116408,
    30.909801921722));
#14359 = CARTESIAN_POINT('',(-514.258457847,-87.95239335271,
    30.953963713378));
#14360 = CARTESIAN_POINT('',(-514.3362468764,-87.96715996012,
    30.984743764111));
#14361 = CARTESIAN_POINT('',(-514.4180935185,-87.98355179535,31.));
#14362 = CARTESIAN_POINT('',(-514.4999,-87.9999,31.));
#14363 = ORIENTED_EDGE('',*,*,#11598,.T.);
#14364 = ORIENTED_EDGE('',*,*,#11491,.F.);
#14365 = CYLINDRICAL_SURFACE('',#14366,0.4999);
#14366 = AXIS2_PLACEMENT_3D('',#14367,#14368,#14369);
#14367 = CARTESIAN_POINT('',(-514.4999,-87.5,30.5001));
#14368 = DIRECTION('',(0.,-1.,0.));
#14369 = DIRECTION('',(1.,0.,0.));
#14370 = ADVANCED_FACE('',(#14371),#14395,.T.);
#14371 = FACE_BOUND('',#14372,.T.);
#14372 = EDGE_LOOP('',(#14373,#14374,#14375,#14376));
#14373 = ORIENTED_EDGE('',*,*,#11647,.T.);
#14374 = ORIENTED_EDGE('',*,*,#11563,.F.);
#14375 = ORIENTED_EDGE('',*,*,#11588,.F.);
#14376 = ORIENTED_EDGE('',*,*,#14377,.F.);
#14377 = EDGE_CURVE('',#11648,#11589,#14378,.T.);
#14378 = ( BOUNDED_CURVE() B_SPLINE_CURVE(8,(#14379,#14380,#14381,#14382
    ,#14383,#14384,#14385,#14386,#14387,#14388,#14389,#14390,#14391,
    #14392,#14393,#14394),.UNSPECIFIED.,.F.,.F.) 
B_SPLINE_CURVE_WITH_KNOTS((9,7,9),(6.5001,6.977529218685,7.45495843737),
.UNSPECIFIED.) CURVE() GEOMETRIC_REPRESENTATION_ITEM() 
RATIONAL_B_SPLINE_CURVE((1.,1.,1.,1.,1.,1.,1.,1.,1.,1.,1.,1.,1.,1.,1.,1.
)) REPRESENTATION_ITEM('') );
#14379 = CARTESIAN_POINT('',(-514.4,-87.5,30.5001));
#14380 = CARTESIAN_POINT('',(-514.4,-87.5,30.509907614667));
#14381 = CARTESIAN_POINT('',(-514.4028398111,-87.50022215117,
    30.519782486262));
#14382 = CARTESIAN_POINT('',(-514.4087244908,-87.50066432717,
    30.53044894237));
#14383 = CARTESIAN_POINT('',(-514.415846129,-87.50140710164,
    30.545016693381));
#14384 = CARTESIAN_POINT('',(-514.4243294319,-87.50324393555,
    30.561427446855));
#14385 = CARTESIAN_POINT('',(-514.4274253403,-87.50545302857,
    30.590555705666));
#14386 = CARTESIAN_POINT('',(-514.4279780619,-87.51491699838,
    30.632857719407));
#14387 = CARTESIAN_POINT('',(-514.4288378625,-87.5546013,30.733642697808
    ));
#14388 = CARTESIAN_POINT('',(-514.4290992487,-87.58479146446,
    30.792190994014));
#14389 = CARTESIAN_POINT('',(-514.432035755,-87.62917775074,
    30.854150864733));
#14390 = CARTESIAN_POINT('',(-514.440051164,-87.68807741903,
    30.909801921722));
#14391 = CARTESIAN_POINT('',(-514.4523933527,-87.75845784708,
    30.953963713378));
#14392 = CARTESIAN_POINT('',(-514.4671599601,-87.83624687642,
    30.984743764111));
#14393 = CARTESIAN_POINT('',(-514.4835517953,-87.91809351851,31.));
#14394 = CARTESIAN_POINT('',(-514.4999,-87.9999,31.));
#14395 = CYLINDRICAL_SURFACE('',#14396,0.4999);
#14396 = AXIS2_PLACEMENT_3D('',#14397,#14398,#14399);
#14397 = CARTESIAN_POINT('',(-514.,-87.9999,30.5001));
#14398 = DIRECTION('',(-1.,0.,0.));
#14399 = DIRECTION('',(0.,0.,1.));
#14400 = ADVANCED_FACE('',(#14401),#14413,.T.);
#14401 = FACE_BOUND('',#14402,.F.);
#14402 = EDGE_LOOP('',(#14403,#14410,#14411,#14412));
#14403 = ORIENTED_EDGE('',*,*,#14404,.F.);
#14404 = EDGE_CURVE('',#11607,#14251,#14405,.T.);
#14405 = CIRCLE('',#14406,0.4999);
#14406 = AXIS2_PLACEMENT_3D('',#14407,#14408,#14409);
#14407 = CARTESIAN_POINT('',(-516.0501,-97.5,30.5001));
#14408 = DIRECTION('',(0.,-1.,0.));
#14409 = DIRECTION('',(1.,0.,0.));
#14410 = ORIENTED_EDGE('',*,*,#11606,.F.);
#14411 = ORIENTED_EDGE('',*,*,#14404,.T.);
#14412 = ORIENTED_EDGE('',*,*,#14260,.T.);
#14413 = TOROIDAL_SURFACE('',#14414,2.1999,0.4999);
#14414 = AXIS2_PLACEMENT_3D('',#14415,#14416,#14417);
#14415 = CARTESIAN_POINT('',(-518.25,-97.5,30.5001));
#14416 = DIRECTION('',(0.,0.,1.));
#14417 = DIRECTION('',(1.,0.,0.));
#14418 = ADVANCED_FACE('',(#14419),#14425,.T.);
#14419 = FACE_BOUND('',#14420,.T.);
#14420 = EDGE_LOOP('',(#14421,#14422,#14423,#14424));
#14421 = ORIENTED_EDGE('',*,*,#14311,.T.);
#14422 = ORIENTED_EDGE('',*,*,#11686,.T.);
#14423 = ORIENTED_EDGE('',*,*,#11855,.F.);
#14424 = ORIENTED_EDGE('',*,*,#14327,.F.);
#14425 = CYLINDRICAL_SURFACE('',#14426,0.9999);
#14426 = AXIS2_PLACEMENT_3D('',#14427,#14428,#14429);
#14427 = CARTESIAN_POINT('',(-506.6,-88.4999,30.0001));
#14428 = DIRECTION('',(-1.,0.,0.));
#14429 = DIRECTION('',(0.,0.,1.));
#14430 = ADVANCED_FACE('',(#14431),#14451,.T.);
#14431 = FACE_BOUND('',#14432,.T.);
#14432 = EDGE_LOOP('',(#14433,#14434,#14435,#14436,#14437,#14438,#14439,
    #14440,#14441,#14442,#14443,#14444,#14445,#14446,#14447,#14448,
    #14449,#14450));
#14433 = ORIENTED_EDGE('',*,*,#14065,.F.);
#14434 = ORIENTED_EDGE('',*,*,#13865,.T.);
#14435 = ORIENTED_EDGE('',*,*,#13705,.T.);
#14436 = ORIENTED_EDGE('',*,*,#13594,.T.);
#14437 = ORIENTED_EDGE('',*,*,#13533,.T.);
#14438 = ORIENTED_EDGE('',*,*,#13325,.T.);
#14439 = ORIENTED_EDGE('',*,*,#13165,.T.);
#14440 = ORIENTED_EDGE('',*,*,#13054,.T.);
#14441 = ORIENTED_EDGE('',*,*,#12993,.T.);
#14442 = ORIENTED_EDGE('',*,*,#12785,.T.);
#14443 = ORIENTED_EDGE('',*,*,#12625,.T.);
#14444 = ORIENTED_EDGE('',*,*,#12514,.T.);
#14445 = ORIENTED_EDGE('',*,*,#12453,.T.);
#14446 = ORIENTED_EDGE('',*,*,#12245,.T.);
#14447 = ORIENTED_EDGE('',*,*,#12037,.T.);
#14448 = ORIENTED_EDGE('',*,*,#11963,.T.);
#14449 = ORIENTED_EDGE('',*,*,#11820,.F.);
#14450 = ORIENTED_EDGE('',*,*,#11710,.F.);
#14451 = PLANE('',#14452);
#14452 = AXIS2_PLACEMENT_3D('',#14453,#14454,#14455);
#14453 = CARTESIAN_POINT('',(-511.8714285714,-97.35714285724,31.));
#14454 = DIRECTION('',(0.,0.,1.));
#14455 = DIRECTION('',(1.,0.,0.));
#14456 = ADVANCED_FACE('',(#14457),#14462,.T.);
#14457 = FACE_BOUND('',#14458,.T.);
#14458 = EDGE_LOOP('',(#14459,#14460,#14461));
#14459 = ORIENTED_EDGE('',*,*,#14217,.T.);
#14460 = ORIENTED_EDGE('',*,*,#14377,.T.);
#14461 = ORIENTED_EDGE('',*,*,#14345,.F.);
#14462 = ( BOUNDED_SURFACE() B_SPLINE_SURFACE(2,8,(
    (#14463,#14464,#14465,#14466,#14467,#14468,#14469,#14470,#14471
      ,#14472,#14473,#14474,#14475,#14476,#14477,#14478)
    ,(#14479,#14480,#14481,#14482,#14483,#14484,#14485,#14486,#14487
      ,#14488,#14489,#14490,#14491,#14492,#14493,#14494)
    ,(#14495,#14496,#14497,#14498,#14499,#14500,#14501,#14502,#14503
      ,#14504,#14505,#14506,#14507,#14508,#14509,#14510
)),.UNSPECIFIED.,.F.,.F.,.F.) B_SPLINE_SURFACE_WITH_KNOTS((3,3),(9,7,9),
  (0.,0.95485843737),(6.5001,6.977529218685,7.45495843737),
.UNSPECIFIED.) GEOMETRIC_REPRESENTATION_ITEM() RATIONAL_B_SPLINE_SURFACE
((
    (1.,1.,1.,1.,1.,1.,1.,1.,1.,1.,1.,1.,1.,1.,1.,1.)
    ,(0.707106781187,0.707106781187,0.702567909995,0.692448262626
      ,0.682180618163,0.666736059067,0.665937288614,0.684906951562
      ,0.751410440052,0.799088973871,0.856490193915,0.910356855827
      ,0.953865293504,0.984770033708,1.,1.)
    ,(1.,1.,1.,1.,1.,1.,1.,1.,1.,1.,1.,1.,1.,1.,1.,1.
))) REPRESENTATION_ITEM('') SURFACE() );
#14463 = CARTESIAN_POINT('',(-514.,-87.9,30.5001));
#14464 = CARTESIAN_POINT('',(-514.,-87.9,30.509907614667));
#14465 = CARTESIAN_POINT('',(-514.0002221511,-87.90283981112,
    30.519782486262));
#14466 = CARTESIAN_POINT('',(-514.0006643271,-87.90872449087,
    30.53044894237));
#14467 = CARTESIAN_POINT('',(-514.0014071016,-87.91584612905,
    30.545016693381));
#14468 = CARTESIAN_POINT('',(-514.0032439355,-87.92432943196,
    30.561427446855));
#14469 = CARTESIAN_POINT('',(-514.0054530285,-87.92742534038,
    30.590555705666));
#14470 = CARTESIAN_POINT('',(-514.0149169983,-87.92797806197,
    30.632857719407));
#14471 = CARTESIAN_POINT('',(-514.0546013,-87.92883786258,
    30.733642697808));
#14472 = CARTESIAN_POINT('',(-514.0847914644,-87.92909924879,
    30.792190994014));
#14473 = CARTESIAN_POINT('',(-514.1291777507,-87.93203575503,
    30.854150864733));
#14474 = CARTESIAN_POINT('',(-514.188077419,-87.94005116408,
    30.909801921722));
#14475 = CARTESIAN_POINT('',(-514.258457847,-87.95239335271,
    30.953963713378));
#14476 = CARTESIAN_POINT('',(-514.3362468764,-87.96715996012,
    30.984743764111));
#14477 = CARTESIAN_POINT('',(-514.4180935185,-87.98355179535,31.));
#14478 = CARTESIAN_POINT('',(-514.4999,-87.9999,31.));
#14479 = CARTESIAN_POINT('',(-514.,-87.5,30.5001));
#14480 = CARTESIAN_POINT('',(-514.,-87.5,30.549177343065));
#14481 = CARTESIAN_POINT('',(-514.0020458446,-87.5020458446,
    30.598861739759));
#14482 = CARTESIAN_POINT('',(-514.0058225,-87.50582250001,
    30.651358404293));
#14483 = CARTESIAN_POINT('',(-514.0136692502,-87.51366925021,
    30.706303710558));
#14484 = CARTESIAN_POINT('',(-514.0240812384,-87.52408123849,
    30.768408127654));
#14485 = CARTESIAN_POINT('',(-514.0453607401,-87.54536074016,
    30.823993846259));
#14486 = CARTESIAN_POINT('',(-514.0789977976,-87.57899779766,
    30.868986567836));
#14487 = CARTESIAN_POINT('',(-514.1601875331,-87.66018753317,
    30.934906816806));
#14488 = CARTESIAN_POINT('',(-514.2037025499,-87.70370254993,
    30.955345030018));
#14489 = CARTESIAN_POINT('',(-514.2499005936,-87.74990059367,
    30.96848438649));
#14490 = CARTESIAN_POINT('',(-514.2984348434,-87.79843484347,
    30.980404342731));
#14491 = CARTESIAN_POINT('',(-514.3489991528,-87.84899915281,
    30.99060391563));
#14492 = CARTESIAN_POINT('',(-514.400212187,-87.900212187,
    30.996822690572));
#14493 = CARTESIAN_POINT('',(-514.4508226569,-87.95082265693,31.));
#14494 = CARTESIAN_POINT('',(-514.4999,-87.9999,31.));
#14495 = CARTESIAN_POINT('',(-514.4,-87.5,30.5001));
#14496 = CARTESIAN_POINT('',(-514.4,-87.5,30.509907614667));
#14497 = CARTESIAN_POINT('',(-514.4028398111,-87.50022215117,
    30.519782486262));
#14498 = CARTESIAN_POINT('',(-514.4087244908,-87.50066432717,
    30.53044894237));
#14499 = CARTESIAN_POINT('',(-514.415846129,-87.50140710164,
    30.545016693381));
#14500 = CARTESIAN_POINT('',(-514.4243294319,-87.50324393555,
    30.561427446855));
#14501 = CARTESIAN_POINT('',(-514.4274253403,-87.50545302857,
    30.590555705666));
#14502 = CARTESIAN_POINT('',(-514.4279780619,-87.51491699838,
    30.632857719407));
#14503 = CARTESIAN_POINT('',(-514.4288378625,-87.5546013,30.733642697808
    ));
#14504 = CARTESIAN_POINT('',(-514.4290992487,-87.58479146446,
    30.792190994014));
#14505 = CARTESIAN_POINT('',(-514.432035755,-87.62917775074,
    30.854150864733));
#14506 = CARTESIAN_POINT('',(-514.440051164,-87.68807741903,
    30.909801921722));
#14507 = CARTESIAN_POINT('',(-514.4523933527,-87.75845784708,
    30.953963713378));
#14508 = CARTESIAN_POINT('',(-514.4671599601,-87.83624687642,
    30.984743764111));
#14509 = CARTESIAN_POINT('',(-514.4835517953,-87.91809351851,31.));
#14510 = CARTESIAN_POINT('',(-514.4999,-87.9999,31.));
#14511 = ( GEOMETRIC_REPRESENTATION_CONTEXT(3) 
GLOBAL_UNCERTAINTY_ASSIGNED_CONTEXT((#14515)) 
GLOBAL_UNIT_ASSIGNED_CONTEXT((#14512,#14513,#14514)) 
REPRESENTATION_CONTEXT('Context #1',
  '3D Context with UNIT and UNCERTAINTY') );
#14512 = ( LENGTH_UNIT() NAMED_UNIT(*) SI_UNIT(.MILLI.,.METRE.) );
#14513 = ( NAMED_UNIT(*) PLANE_ANGLE_UNIT() SI_UNIT($,.RADIAN.) );
#14514 = ( NAMED_UNIT(*) SI_UNIT($,.STERADIAN.) SOLID_ANGLE_UNIT() );
#14515 = UNCERTAINTY_MEASURE_WITH_UNIT(LENGTH_MEASURE(1.E-07),#14512,
  'distance_accuracy_value','confusion accuracy');
#14516 = CONTEXT_DEPENDENT_SHAPE_REPRESENTATION(#14517,#14519);
#14517 = ( REPRESENTATION_RELATIONSHIP('','',#8809,#10) 
REPRESENTATION_RELATIONSHIP_WITH_TRANSFORMATION(#14518) 
SHAPE_REPRESENTATION_RELATIONSHIP() );
#14518 = ITEM_DEFINED_TRANSFORMATION('','',#11,#27);
#14519 = PRODUCT_DEFINITION_SHAPE('Placement','Placement of an item',
  #14520);
#14520 = NEXT_ASSEMBLY_USAGE_OCCURRENCE('4','Body046','',#5,#8804,$);
#14521 = PRODUCT_RELATED_PRODUCT_CATEGORY('part',$,(#8806));
#14522 = MECHANICAL_DESIGN_GEOMETRIC_PRESENTATION_REPRESENTATION('',(
    #14523),#8791);
#14523 = STYLED_ITEM('color',(#14524),#3090);
#14524 = PRESENTATION_STYLE_ASSIGNMENT((#14525,#14531));
#14525 = SURFACE_STYLE_USAGE(.BOTH.,#14526);
#14526 = SURFACE_SIDE_STYLE('',(#14527));
#14527 = SURFACE_STYLE_FILL_AREA(#14528);
#14528 = FILL_AREA_STYLE('',(#14529));
#14529 = FILL_AREA_STYLE_COLOUR('',#14530);
#14530 = COLOUR_RGB('',0.447058818107,0.474509808674,0.501960817233);
#14531 = CURVE_STYLE('',#14532,POSITIVE_LENGTH_MEASURE(0.1),#14533);
#14532 = DRAUGHTING_PRE_DEFINED_CURVE_FONT('continuous');
#14533 = COLOUR_RGB('',9.803921802644E-02,9.803921802644E-02,
  9.803921802644E-02);
#14534 = MECHANICAL_DESIGN_GEOMETRIC_PRESENTATION_REPRESENTATION('',(
    #14535),#1852);
#14535 = STYLED_ITEM('color',(#14536),#45);
#14536 = PRESENTATION_STYLE_ASSIGNMENT((#14537,#14542));
#14537 = SURFACE_STYLE_USAGE(.BOTH.,#14538);
#14538 = SURFACE_SIDE_STYLE('',(#14539));
#14539 = SURFACE_STYLE_FILL_AREA(#14540);
#14540 = FILL_AREA_STYLE('',(#14541));
#14541 = FILL_AREA_STYLE_COLOUR('',#14530);
#14542 = CURVE_STYLE('',#14543,POSITIVE_LENGTH_MEASURE(0.1),#14533);
#14543 = DRAUGHTING_PRE_DEFINED_CURVE_FONT('continuous');
#14544 = MECHANICAL_DESIGN_GEOMETRIC_PRESENTATION_REPRESENTATION('',(
    #14545),#14511);
#14545 = STYLED_ITEM('color',(#14546),#8810);
#14546 = PRESENTATION_STYLE_ASSIGNMENT((#14547,#14553));
#14547 = SURFACE_STYLE_USAGE(.BOTH.,#14548);
#14548 = SURFACE_SIDE_STYLE('',(#14549));
#14549 = SURFACE_STYLE_FILL_AREA(#14550);
#14550 = FILL_AREA_STYLE('',(#14551));
#14551 = FILL_AREA_STYLE_COLOUR('',#14552);
#14552 = COLOUR_RGB('',0.772549044697,0.772549044697,0.380392165758);
#14553 = CURVE_STYLE('',#14554,POSITIVE_LENGTH_MEASURE(0.1),#14533);
#14554 = DRAUGHTING_PRE_DEFINED_CURVE_FONT('continuous');
#14555 = MECHANICAL_DESIGN_GEOMETRIC_PRESENTATION_REPRESENTATION('',(
    #14556),#3071);
#14556 = STYLED_ITEM('color',(#14557),#1871);
#14557 = PRESENTATION_STYLE_ASSIGNMENT((#14558,#14563));
#14558 = SURFACE_STYLE_USAGE(.BOTH.,#14559);
#14559 = SURFACE_SIDE_STYLE('',(#14560));
#14560 = SURFACE_STYLE_FILL_AREA(#14561);
#14561 = FILL_AREA_STYLE('',(#14562));
#14562 = FILL_AREA_STYLE_COLOUR('',#14530);
#14563 = CURVE_STYLE('',#14564,POSITIVE_LENGTH_MEASURE(0.1),#14533);
#14564 = DRAUGHTING_PRE_DEFINED_CURVE_FONT('continuous');
ENDSEC;
END-ISO-10303-21;
